variable,label,x,x_plot,hr,lcl,ucl
hba1c,HbA1c (%),4.5,4.5,1.5628154122673477,1.341317462571914,1.820890341751897
hba1c,HbA1c (%),4.5321608040201005,4.5321608040201005,1.528710739087062,1.321156812813602,1.7688714171811377
hba1c,HbA1c (%),4.564321608040201,4.564321608040201,1.4953503180581207,1.301291089288888,1.718349254922249
hba1c,HbA1c (%),4.596482412060301,4.596482412060301,1.4627179076742103,1.281714850368957,1.669282115920656
hba1c,HbA1c (%),4.628643216080402,4.628643216080402,1.4307976208606794,1.2624225167083671,1.6216296879735557
hba1c,HbA1c (%),4.660804020100502,4.660804020100502,1.3995739172399244,1.2434083112883814,1.5753531097026778
hba1c,HbA1c (%),4.692964824120603,4.692964824120603,1.3690315955655625,1.224666178095089,1.5304150169086033
hba1c,HbA1c (%),4.725125628140703,4.725125628140703,1.3391557863217123,1.2061896698998822,1.486779620810197
hba1c,HbA1c (%),4.757286432160804,4.757286432160804,1.3099319444837758,1.1879717904852185,1.4444128327981511
hba1c,HbA1c (%),4.789447236180904,4.789447236180904,1.2813458424372004,1.1700047682606898,1.403282458730354
hba1c,HbA1c (%),4.821608040201005,4.821608040201005,1.2533936825220953,1.1522869654608996,1.3633719468118093
hba1c,HbA1c (%),4.853768844221106,4.853768844221106,1.2261840198845768,1.134896585878068,1.3248143217005304
hba1c,HbA1c (%),4.8859296482412065,4.8859296482412065,1.1998854099789595,1.1179576892604135,1.2878170711745165
hba1c,HbA1c (%),4.918090452261307,4.918090452261307,1.1746520164779906,1.1015878649466002,1.2525622364973092
hba1c,HbA1c (%),4.950251256281407,4.950251256281407,1.1506238856093858,1.0858982199216678,1.2192075664608273
hba1c,HbA1c (%),4.982412060301508,4.982412060301508,1.1279285973857789,1.0709944399951057,1.1878893795251302
hba1c,HbA1c (%),5.014572864321608,5.014572864321608,1.106683058648,1.0569781206132356,1.1587253968775824
hba1c,HbA1c (%),5.046733668341709,5.046733668341709,1.0869954147534089,1.0439484496413574,1.131817411195786
hba1c,HbA1c (%),5.078894472361809,5.078894472361809,1.0689670639627749,1.0320043692074874,1.1072536298607996
hba1c,HbA1c (%),5.11105527638191,5.11105527638191,1.0526947660518056,1.021247398457563,1.0851104954064805
hba1c,HbA1c (%),5.14321608040201,5.14321608040201,1.0382728443832323,1.011785350479744,1.0654537534789397
hba1c,HbA1c (%),5.175376884422111,5.175376884422111,1.025795488665423,1.0037371862178228,1.0483385481924168
hba1c,HbA1c (%),5.207537688442211,5.207537688442211,1.0153591739954755,0.9972391363097846,1.033808456446816
hba1c,HbA1c (%),5.239698492462312,5.239698492462312,1.0070652207021937,0.9924518734264147,1.0218937420577647
hba1c,HbA1c (%),5.271859296482412,5.271859296482412,1.0010225291984074,0.9895678637467533,1.0126097872345785
hba1c,HbA1c (%),5.3040201005025125,5.3040201005025125,0.9973504123864655,0.9888170958281064,1.0059573699566886
hba1c,HbA1c (%),5.336180904522613,5.336180904522613,0.996093286911946,0.9903758517607453,1.001843728789482
hba1c,HbA1c (%),5.368341708542713,5.368341708542713,0.9970672175272253,0.9941799308014657,0.9999628894802244
hba1c,HbA1c (%),5.400502512562814,5.400502512562814,1.000061288678486,1.0000142929754245,1.0001082865901123
hba1c,HbA1c (%),5.432663316582914,5.432663316582914,1.0048751885705864,1.001737506503529,1.0080226986102314
hba1c,HbA1c (%),5.464824120603015,5.464824120603015,1.0113151885845368,1.0049036700877505,1.0177676140564476
hba1c,HbA1c (%),5.496984924623115,5.496984924623115,1.0191905986162022,1.0093074715552157,1.029170501142799
hba1c,HbA1c (%),5.529145728643217,5.529145728643217,1.0283106482957178,1.0147602170495942,1.0420420229646037
hba1c,HbA1c (%),5.561306532663316,5.561306532663316,1.03848176384664,1.021084158542498,1.0561757959122653
hba1c,HbA1c (%),5.593467336683418,5.593467336683418,1.0495052273714887,1.0281080010282575,1.0713477778389613
hba1c,HbA1c (%),5.625628140703518,5.625628140703518,1.0611752199728683,1.0356634162205403,1.0873154635450293
hba1c,HbA1c (%),5.6577889447236185,5.6577889447236185,1.0732772625195903,1.0435823774372341,1.1038171084015145
hba1c,HbA1c (%),5.689949748743719,5.689949748743719,1.0855870780729382,1.0516951546519884,1.1205712024687529
hba1c,HbA1c (%),5.722110552763819,5.722110552763819,1.0978830474078107,1.0598386062358232,1.1372931488752176
hba1c,HbA1c (%),5.75427135678392,5.75427135678392,1.1100767690577482,1.0679513813534096,1.1538637944735264
hba1c,HbA1c (%),5.78643216080402,5.78643216080402,1.1221645018174309,1.07603461020268,1.170271994227
hba1c,HbA1c (%),5.818592964824121,5.818592964824121,1.13414389588861,1.0840895600353537,1.1865093291180178
hba1c,HbA1c (%),5.850753768844221,5.850753768844221,1.1460127742884376,1.0921170384042895,1.2025682528964405
hba1c,HbA1c (%),5.882914572864322,5.882914572864322,1.1577691341850422,1.1001175705867958,1.2184419228543053
hba1c,HbA1c (%),5.915075376884422,5.915075376884422,1.1694111479904996,1.1080915041049015,1.2341241025479395
hba1c,HbA1c (%),5.947236180904523,5.947236180904523,1.1809371642166548,1.1160390729317704,1.2496091038860384
hba1c,HbA1c (%),5.979396984924623,5.979396984924623,1.1923457080997368,1.1239604383344592,1.264891751644383
hba1c,HbA1c (%),6.011557788944724,6.011557788944724,1.203635482000134,1.1318557156224007,1.2799673611517193
hba1c,HbA1c (%),6.043718592964824,6.043718592964824,1.214805365584129,1.1397249920930916,1.2948317238720792
hba1c,HbA1c (%),6.0758793969849245,6.0758793969849245,1.2258544157947624,1.147568339310285,1.3094810977677263
hba1c,HbA1c (%),6.108040201005025,6.108040201005025,1.2367818666193597,1.155385821634052,1.3239122005453783
hba1c,HbA1c (%),6.140201005025126,6.140201005025126,1.247587128661584,1.1631775022122401,1.3381222046005947
hba1c,HbA1c (%),6.172361809045226,6.172361809045226,1.258269788526168,1.1709434472155518,1.3521087329047055
hba1c,HbA1c (%),6.204522613065327,6.204522613065327,1.2688296080247659,1.1786837288342291,1.3658698553449722
hba1c,HbA1c (%),6.236683417085427,6.236683417085427,1.2792665232115816,1.186398427386866,1.3794040851979348
hba1c,HbA1c (%),6.268844221105528,6.268844221105528,1.2895806432576857,1.1940876327835264,1.3927103755260077
hba1c,HbA1c (%),6.301005025125628,6.301005025125628,1.299772249173072,1.2017514455138019,1.4057881153603522
hba1c,HbA1c (%),6.333165829145729,6.333165829145729,1.3098417923857195,1.2093899772825198,1.4186371255823969
hba1c,HbA1c (%),6.36532663316583,6.36532663316583,1.3197898931870138,1.2170033513831517,1.4312576544501232
hba1c,HbA1c (%),6.39748743718593,6.39748743718593,1.3296173390530364,1.2245917028765496,1.4436503727387218
hba1c,HbA1c (%),6.4296482412060305,6.4296482412060305,1.339325082851284,1.2321551786270442,1.455816368481582
hba1c,HbA1c (%),6.461809045226131,6.461809045226131,1.3489142409424681,1.2396939372371079,1.4677571413091282
hba1c,HbA1c (%),6.493969849246231,6.493969849246231,1.3583860911870795,1.2472081489142366,1.4794745963910454
hba1c,HbA1c (%),6.526130653266332,6.526130653266332,1.3677420708664203,1.2546979952985198,1.4909710379929948
hba1c,HbA1c (%),6.558291457286432,6.558291457286432,1.37698377452782,1.2621636692758698,1.5022491626626413
hba1c,HbA1c (%),6.590452261306533,6.590452261306533,1.3861129517637243,1.269605374799636,1.513312052062128
hba1c,HbA1c (%),6.622613065326633,6.622613065326633,1.395131504934315,1.2770233267420228,1.5241631654654073
hba1c,HbA1c (%),6.654773869346734,6.654773869346734,1.4040414868432716,1.2844177507961096,1.5348063319392702
hba1c,HbA1c (%),6.686934673366834,6.686934673366834,1.4128450983762117,1.2917888834492275,1.5452457422266892
hba1c,HbA1c (%),6.719095477386935,6.719095477386935,1.4215446861112768,1.2991369720487915,1.5554859403503405
hba1c,HbA1c (%),6.751256281407036,6.751256281407036,1.4301427399112225,1.306462274982383,1.565531814952987
hba1c,HbA1c (%),6.783417085427136,6.783417085427136,1.438641890506284,1.3137650619948174,1.575388590389885
hba1c,HbA1c (%),6.815577889447237,6.815577889447237,1.4470449070769589,1.321045614666054,1.585061817586586
hba1c,HbA1c (%),6.8477386934673365,6.8477386934673365,1.4553546948457246,1.3283042270750622,1.5945573646735076
hba1c,HbA1c (%),6.879899497487438,6.879899497487438,1.4635742926865905,1.3355412066760817,1.6038814074065333
hba1c,HbA1c (%),6.9120603015075375,6.9120603015075375,1.4717068707612182,1.3427568754150394,1.6130404193806878
hba1c,HbA1c (%),6.944221105527639,6.944221105527639,1.479755728190229,1.3499515711151895,1.6220411620417694
hba1c,HbA1c (%),6.976381909547738,6.976381909547738,1.4877242907681347,1.3571256491621702,1.630890674498679
hba1c,HbA1c (%),7.00854271356784,7.00854271356784,1.4956161087302116,1.3642794845196795,1.6395962631372645
hba1c,HbA1c (%),7.040703517587939,7.040703517587939,1.5034348545794427,1.3714134741076303,1.6481654910347754
hba1c,HbA1c (%),7.072864321608041,7.072864321608041,1.511184320981536,1.3785280395749937,1.6566061671726997
hba1c,HbA1c (%),7.105025125628141,7.105025125628141,1.518868418735839,1.3856236304993876,1.664926335444831
hba1c,HbA1c (%),7.137185929648242,7.137185929648242,1.5264911748298378,1.392700728044767,1.6731342634571218
hba1c,HbA1c (%),7.169346733668342,7.169346733668342,1.5340567305847672,1.399759849107187,1.6812384311162065
hba1c,HbA1c (%),7.2015075376884425,7.2015075376884425,1.5415693398997086,1.406801550976423,1.6892475190046552
hba1c,HbA1c (%),7.233668341708543,7.233668341708543,1.5490333676014203,1.4138264365381652,1.6971703965431006
hba1c,HbA1c (%),7.2658291457286435,7.2658291457286435,1.556453287906993,1.4208351600373978,1.7050161099424965
hba1c,HbA1c (%),7.297989949748744,7.297989949748744,1.5638336830063044,1.4278284334183822,1.7127938699540244
hba1c,HbA1c (%),7.330150753768844,7.330150753768844,1.5711792417711192,1.4348070332502727,1.7205130394296528
hba1c,HbA1c (%),7.362311557788945,7.362311557788945,1.5784947585975637,1.4417718082397653,1.7281831207131102
hba1c,HbA1c (%),7.394472361809045,7.394472361809045,1.5857851323886063,1.4487236873232747,1.7358137428891265
hba1c,HbA1c (%),7.426633165829147,7.426633165829147,1.5930553656830782,1.4556636883210012,1.7434146489281714
hba1c,HbA1c (%),7.458793969849246,7.458793969849246,1.600310563937683,1.4625929271239009,1.7509956827745514
hba1c,HbA1c (%),7.490954773869348,7.490954773869348,1.607555934968386,1.469512627372191,1.7585667764374768
hba1c,HbA1c (%),7.523115577889447,7.523115577889447,1.614796788557498,1.4764241305707282,1.7661379371574102
hba1c,HbA1c (%),7.5552763819095485,7.5552763819095485,1.622038536232753,1.483328906572704,1.7737192347334165
hba1c,HbA1c (%),7.587437185929648,7.587437185929648,1.629286691224623,1.4902285643488475,1.7813207891110256
hba1c,HbA1c (%),7.6195979899497495,7.6195979899497495,1.6365468686081355,1.4971248629451792,1.788952758343955
hba1c,HbA1c (%),7.651758793969849,7.651758793969849,1.6438247856354293,1.5040197225186456,1.7966253270564183
hba1c,HbA1c (%),7.68391959798995,7.68391959798995,1.6511262622653455,1.5109152353272923,1.8043486955453074
hba1c,HbA1c (%),7.71608040201005,7.71608040201005,1.65845709904597,1.5178136174498253,1.8121328717535352
hba1c,HbA1c (%),7.748241206030151,7.748241206030151,1.6658203606187107,1.5247158926154278,1.8199833079012617
hba1c,HbA1c (%),7.780402010050252,7.780402010050252,1.6732163137943998,1.5316217863311905,1.827900894158694
hba1c,HbA1c (%),7.812562814070352,7.812562814070352,1.6806451037180778,1.5385309796354192,1.8358863110581483
hba1c,HbA1c (%),7.844723618090453,7.844723618090453,1.6881068761792053,1.5454431678635603,1.8439402267654927
hba1c,HbA1c (%),7.876884422110553,7.876884422110553,1.6956017776145214,1.5523580612488483,1.8520632964901014
hba1c,HbA1c (%),7.909045226130654,7.909045226130654,1.7031299551109198,1.5592753854765868,1.8602561619412405
hba1c,HbA1c (%),7.941206030150754,7.941206030150754,1.7106915564083338,1.5661948821891798,1.8685194508337577
hba1c,HbA1c (%),7.973366834170855,7.973366834170855,1.7182867299026379,1.5731163094393887,1.8768537764456117
hba1c,HbA1c (%),8.005527638190955,8.005527638190955,1.7259156246485559,1.5800394420896542,1.8852597372293909
hba1c,HbA1c (%),8.037688442211056,8.037688442211056,1.733578390362591,1.5869640721557297,1.893737916479587
hba1c,HbA1c (%),8.069849246231156,8.069849246231156,1.7412751774259607,1.5938900090932764,1.9022888820569628
hba1c,HbA1c (%),8.102010050251256,8.102010050251256,1.749006136887549,1.6008170800265011,1.9109131861709434
hba1c,HbA1c (%),8.134170854271357,8.134170854271357,1.7567714204668714,1.6077451299183416,1.9196113652205193
hba1c,HbA1c (%),8.166331658291458,8.166331658291458,1.7645711805570508,1.614674021682132,1.9283839396937263
hba1c,HbA1c (%),8.198492462311558,8.198492462311558,1.7724055702278088,1.6216036362351152,1.9372314141253513
hba1c,HbA1c (%),8.23065326633166,8.23065326633166,1.7802747432284718,1.6285338724945608,1.9461542771120879
hba1c,HbA1c (%),8.262814070351759,8.262814070351759,1.7881788539909844,1.6354646473176597,1.9551530013839775
hba1c,HbA1c (%),8.29497487437186,8.29497487437186,1.7961180576329443,1.642395895386734,1.964228043930606
hba1c,HbA1c (%),8.32713567839196,8.32713567839196,1.8040925099606422,1.649327569041645,1.9733798461801548
hba1c,HbA1c (%),8.359296482412061,8.359296482412061,1.8121023674721235,1.6562596380616168,1.982608834229113
hba1c,HbA1c (%),8.39145728643216,8.39145728643216,1.8201477873602565,1.663192089398965,1.9919154191201383
hba1c,HbA1c (%),8.423618090452262,8.423618090452262,1.8282289275158197,1.6701249268674863,2.001299997165328
hba1c,HbA1c (%),8.455778894472363,8.455778894472363,1.8363459465305982,1.67705817078848,2.0107629503119218
hba1c,HbA1c (%),8.487939698492463,8.487939698492463,1.8444990037004974,1.683991857597552,2.0203046465472845
hba1c,HbA1c (%),8.520100502512562,8.520100502512562,1.8526882590286688,1.690926039415502,2.0299254403398788
hba1c,HbA1c (%),8.552261306532664,8.552261306532664,1.8609138732286512,1.697860783586692,2.0396256731128166
hba1c,HbA1c (%),8.584422110552765,8.584422110552765,1.8691760077275223,1.7047961721883729,2.0494056737465187
hba1c,HbA1c (%),8.616582914572865,8.616582914572865,1.8774748246690676,1.7117323015144759,2.0592657591069807
hba1c,HbA1c (%),8.648743718592964,8.648743718592964,1.8858104869169643,1.7186692815373783,2.069206234596132
hba1c,HbA1c (%),8.680904522613066,8.680904522613066,1.8941831580579755,1.7256072353511196,2.079227394720809
hba1c,HbA1c (%),8.713065326633167,8.713065326633167,1.902593002405161,1.73254629859948,2.089329523676933
hba1c,HbA1c (%),8.745226130653267,8.745226130653267,1.9110401850011016,1.7394866188922606,2.099512895945562
hba1c,HbA1c (%),8.777386934673366,8.777386934673366,1.9195248716211393,1.7464283552129731,2.109777776897596
hba1c,HbA1c (%),8.809547738693468,8.809547738693468,1.92804722877663,1.7533716773210275,2.1201244234040537
hba1c,HbA1c (%),8.841708542713569,8.841708542713569,1.9366074237182096,1.760316765151353,2.1305530844489886
hba1c,HbA1c (%),8.873869346733668,8.873869346733668,1.9452056244390794,1.7672638082142265,2.1410640017422664
hba1c,HbA1c (%),8.906030150753768,8.906030150753768,1.9538419996783005,1.7742130049978908,2.151657410329623
hba1c,HbA1c (%),8.93819095477387,8.93819095477387,1.9625167189241068,1.781164562376385,2.1623335391975824
hba1c,HbA1c (%),8.97035175879397,8.97035175879397,1.9712299524172305,1.7881186950247885,2.1730926118710308
hba1c,HbA1c (%),9.002512562814072,9.002512562814072,1.9799818711542416,1.7950756248439075,2.183934847001417
hba1c,HbA1c (%),9.034673366834172,9.034673366834172,1.9887726468909066,1.802035580396226,2.19486045894377
hba1c,HbA1c (%),9.066834170854271,9.066834170854271,1.9976024521455575,1.8089987963547451,2.205869658320891
hba1c,HbA1c (%),9.098994974874373,9.098994974874373,2.0064714602024787,1.8159655129661492,2.2169626525732995
hba1c,HbA1c (%),9.131155778894474,9.131155778894474,2.015379845115305,1.8229359755295391,2.2281396464936756
hba1c,HbA1c (%),9.163316582914574,9.163316582914574,2.0243277817104395,1.8299104338918053,2.2394008427447436
hba1c,HbA1c (%),9.195477386934673,9.195477386934673,2.033315445590484,1.8368891419605236,2.25074644235971
hba1c,HbA1c (%),9.227638190954774,9.227638190954774,2.0423430131376876,1.8438723572350975,2.262176645224525
hba1c,HbA1c (%),9.259798994974876,9.259798994974876,2.051410661517404,1.8508603403567119,2.273691650541402
hba1c,HbA1c (%),9.291959798994975,9.291959798994975,2.060518568681569,1.85785335467752,2.2852916572731883
hba1c,HbA1c (%),9.324120603015075,9.324120603015075,2.069666913372197,1.8648516658493435,2.296976864568301
hba1c,HbA1c (%),9.356281407035176,9.356281407035176,2.0788558751248853,1.871855541432036,2.3087474721660644
hba1c,HbA1c (%),9.388442211055278,9.388442211055278,2.088085634272335,1.878865250521552,2.3206036807824217
hba1c,HbA1c (%),9.420603015075377,9.420603015075377,2.0973563719478974,1.8858810633976593,2.3325456924760952
hba1c,HbA1c (%),9.452763819095477,9.452763819095477,2.106668270089122,1.8929032511911204,2.344573710995332
hba1c,HbA1c (%),9.484924623115578,9.484924623115578,2.1160215114413297,1.899932085570107,2.3566879421055122
hba1c,HbA1c (%),9.51708542713568,9.51708542713568,2.1254162795612004,1.9069678384455244,2.3688885938979207
hba1c,HbA1c (%),9.549246231155779,9.549246231155779,2.1348527588203705,1.9140107816948464,2.3811758770800755
hba1c,HbA1c (%),9.581407035175879,9.581407035175879,2.144331134409057,1.9210611869040384,2.3935500052480743
hba1c,HbA1c (%),9.61356783919598,9.61356783919598,2.1538515923396893,1.9281193251270539,2.4060111951414225
hba1c,HbA1c (%),9.645728643216081,9.645728643216081,2.1634143194505593,1.9351854666623838,2.418559666880896
hba1c,HbA1c (%),9.677889447236183,9.677889447236183,2.173019503409489,1.9422598808460925,2.4311956441900064
hba1c,HbA1c (%),9.710050251256282,9.710050251256282,2.182667332717509,1.9493428358607408,2.443919354600641
hba1c,HbA1c (%),9.742211055276382,9.742211055276382,2.1923579967125684,1.956434598559602,2.4567310296435245
hba1c,HbA1c (%),9.774371859296483,9.774371859296483,2.2020916855732393,1.9635354343055171,2.469630905024083
hba1c,HbA1c (%),9.806532663316585,9.806532663316585,2.2118685903224558,1.9706456068237874,2.4826192207843873
hba1c,HbA1c (%),9.838693467336684,9.838693467336684,2.2216889028312585,1.9777653780684366,2.495696221451787
hba1c,HbA1c (%),9.870854271356784,9.870854271356784,2.231552815822563,1.984895008101226,2.5088621561748856
hba1c,HbA1c (%),9.903015075376885,9.903015075376885,2.2414605228749434,1.9920347549827764,2.522117278847504
hba1c,HbA1c (%),9.935175879396986,9.935175879396986,2.2514122184264265,1.9991848746751644,2.535461848221221
hba1c,HbA1c (%),9.967336683417086,9.967336683417086,2.2614080977783098,2.0063456209553876,2.5488961280071627
hba1c,HbA1c (%),9.999497487437186,9.999497487437186,2.271448357098996,2.0135172453390844,2.5624203869676085
hba1c,HbA1c (%),10.031658291457287,10.031658291457287,2.281533193427843,2.0206999970139146,2.5760348989980266
hba1c,HbA1c (%),10.063819095477388,10.063819095477388,2.2916628046790253,2.0278941227820257,2.5897399432000987
hba1c,HbA1c (%),10.095979899497488,10.095979899497488,2.301837389645426,2.0350998670110525,2.6035358039463197
hba1c,HbA1c (%),10.128140703517587,10.128140703517587,2.31205714800253,2.042317471593094,2.617422770936682
hba1c,HbA1c (%),10.160301507537689,10.160301507537689,2.32232228031235,2.049547175911166,2.631401139247995
hba1c,HbA1c (%),10.19246231155779,10.19246231155779,2.3326329880273593,2.0567892168126107,2.645471209376327
hba1c,HbA1c (%),10.22462311557789,10.22462311557789,2.342989473494442,2.064043828588986,2.659633287273043
hba1c,HbA1c (%),10.25678391959799,10.25678391959799,2.353391939958869,2.0713112429619844,2.6738876843749257
hba1c,HbA1c (%),10.28894472361809,10.28894472361809,2.3638405915682874,2.0785916890749263,2.6882347176288026
hba1c,HbA1c (%),10.321105527638192,10.321105527638192,2.3743356333767203,2.085885393489418,2.702674709511087
hba1c,HbA1c (%),10.353266331658293,10.353266331658293,2.384877271348597,2.093192580186771,2.7172079880426643
hba1c,HbA1c (%),10.385427135678393,10.385427135678393,2.3954657123627943,2.100513470573808,2.7318348867994837
hba1c,HbA1c (%),10.417587939698493,10.417587939698493,2.4061011642166923,2.107848283492691,2.7465557449191995
hba1c,HbA1c (%),10.449748743718594,10.449748743718594,2.416783835630258,2.1151972352344353,2.761370907104244
hba1c,HbA1c (%),10.481909547738695,10.481909547738695,2.4275139362501386,2.1225605395557956,2.776280723621611
hba1c,HbA1c (%),10.514070351758795,10.514070351758795,2.4382916766537734,2.1299384076992,2.7912855502996727
hba1c,HbA1c (%),10.546231155778894,10.546231155778894,2.4491172683535316,2.1373310484154757,2.806385748522322
hba1c,HbA1c (%),10.578391959798996,10.578391959798996,2.4599909238008615,2.144738667989084,2.821581685220689
hba1c,HbA1c (%),10.610552763819097,10.610552763819097,2.4709128563904557,2.152161470265602,2.8368737328626934
hba1c,HbA1c (%),10.642713567839197,10.642713567839197,2.481883280464445,2.159599656681248,2.8522622694406725
hba1c,HbA1c (%),10.674874371859296,10.674874371859296,2.492902411316598,2.1670534262941947,2.8677476784572975
hba1c,HbA1c (%),10.707035175879398,10.707035175879398,2.503970465196557,2.174522975817497,2.883330348909994
hba1c,HbA1c (%),10.739195979899499,10.739195979899499,2.515087659314069,2.1820084996534113,2.8990106752740363
hba1c,HbA1c (%),10.771356783919598,10.771356783919598,2.5262542118432574,2.1895101899289577,2.9147890574845285
hba1c,HbA1c (%),10.803517587939698,10.803517587939698,2.5374703419268996,2.19702823653254,2.9306659009174054
hba1c,HbA1c (%),10.8356783919598,10.8356783919598,2.5487362696807296,2.204562827151475,2.9466416163696385
hba1c,HbA1c (%),10.8678391959799,10.8678391959799,2.56005221619776,2.212114147310288,2.9627166200387607
hba1c,HbA1c (%),10.9,10.9,2.5714184035526095,2.2196823804096413,2.9788913335018568
bmi,BMI (kg/m2),17.9,17.9,1.7467231799087537,1.5541041818912769,1.9632157887366108
bmi,BMI (kg/m2),18.064824120603014,18.064824120603014,1.7205620568112887,1.5357323344534832,1.9276365580934243
bmi,BMI (kg/m2),18.22964824120603,18.22964824120603,1.6947927555946996,1.517576821599862,1.892703185456016
bmi,BMI (kg/m2),18.394472361809044,18.394472361809044,1.6694094078417252,1.4996350310005293,1.8584040205643046
bmi,BMI (kg/m2),18.55929648241206,18.55929648241206,1.6444062330279035,1.4819043744196123,1.8247276314843652
bmi,BMI (kg/m2),18.724120603015074,18.724120603015074,1.619777537205175,1.4643822863844513,1.7916628017348573
bmi,BMI (kg/m2),18.88894472361809,18.88894472361809,1.5955177117052084,1.4470662226691349,1.7591985276731055
bmi,BMI (kg/m2),19.053768844221104,19.053768844221104,1.5716212318621425,1.429953658547742,1.7273240161841321
bmi,BMI (kg/m2),19.21859296482412,19.21859296482412,1.5480826557544602,1.4130420867603293,1.6960286827283093
bmi,BMI (kg/m2),19.383417085427133,19.383417085427133,1.524896622965705,1.3963290151183985,1.6653021498196419
bmi,BMI (kg/m2),19.54824120603015,19.54824120603015,1.5020578533637592,1.3798119636548152,1.635134246028445
bmi,BMI (kg/m2),19.713065326633163,19.713065326633163,1.4795611458984035,1.3634884611938956,1.6055150056314957
bmi,BMI (kg/m2),19.87788944723618,19.87788944723618,1.4574013774168881,1.347356041177573,1.576434669072531
bmi,BMI (kg/m2),20.042713567839193,20.042713567839193,1.435573501497242,1.331412236528888,1.5478836844506771
bmi,BMI (kg/m2),20.20753768844221,20.20753768844221,1.4140739269780758,1.3156555728221602,1.5198545214002503
bmi,BMI (kg/m2),20.372361809045223,20.372361809045223,1.3929156976698212,1.3000966244349226,1.4923614940222651
bmi,BMI (kg/m2),20.53718592964824,20.53718592964824,1.3721218418111476,1.2847534009138883,1.465431690965733
bmi,BMI (kg/m2),20.702010050251253,20.702010050251253,1.3517139738489472,1.2696431427572337,1.439089934460328
bmi,BMI (kg/m2),20.86683417085427,20.86683417085427,1.3317121578981301,1.2547822079156612,1.4133586373045666
bmi,BMI (kg/m2),21.031658291457287,21.031658291457287,1.3121349857551228,1.2401861135430166,1.3882579413213838
bmi,BMI (kg/m2),21.196482412060302,21.196482412060302,1.2929996572391214,1.2258695801045039,1.3638058572902694
bmi,BMI (kg/m2),21.361306532663317,21.361306532663317,1.2743220624192446,1.2118465777763396,1.3400184054223951
bmi,BMI (kg/m2),21.526130653266332,21.526130653266332,1.2561168653292232,1.1981303751144143,1.3169097555129092
bmi,BMI (kg/m2),21.690954773869347,21.690954773869347,1.2383975888147445,1.1847335900200535,1.2944923659640766
bmi,BMI (kg/m2),21.855778894472362,21.855778894472362,1.2211767002018394,1.1716682430897551,1.2727771209222873
bmi,BMI (kg/m2),22.020603015075377,22.020603015075377,1.2044656975175383,1.1589458135046213,1.251773464808866
bmi,BMI (kg/m2),22.185427135678392,22.185427135678392,1.1882751960363014,1.146577297696331,1.2314895335465428
bmi,BMI (kg/m2),22.350251256281407,22.350251256281407,1.1726150149673147,1.1345732711226504,1.2119322817875124
bmi,BMI (kg/m2),22.515075376884422,22.515075376884422,1.1574942641385855,1.1229439535999046,1.1931076054318221
bmi,BMI (kg/m2),22.679899497487437,22.679899497487437,1.142921430573831,1.111699278776333,1.1750204586826452
bmi,BMI (kg/m2),22.844723618090452,22.844723618090452,1.1289044648974322,1.100848968493057,1.157674964813664
bmi,BMI (kg/m2),23.009547738693467,23.009547738693467,1.1154508675412687,1.0904026129729885,1.1410745197190675
bmi,BMI (kg/m2),23.174371859296482,23.174371859296482,1.1025677747651335,1.0803697580064906,1.1252218871747006
bmi,BMI (kg/m2),23.339195979899497,23.339195979899497,1.090262044539751,1.070760000568849,1.1101192845572379
bmi,BMI (kg/m2),23.504020100502512,23.504020100502512,1.0785403423783289,1.0615830946083613,1.0957684575475535
bmi,BMI (kg/m2),23.668844221105527,23.668844221105527,1.0674092272392464,1.052849069078908,1.082170742091517
bmi,BMI (kg/m2),23.83366834170854,23.83366834170854,1.056875237659109,1.0445683606402851,1.0693271116237182
bmi,BMI (kg/m2),23.998492462311557,23.998492462311557,1.0469449783122198,1.0367519637786486,1.0572382073126174
bmi,BMI (kg/m2),24.16331658291457,24.16331658291457,1.037625207229807,1.0294116013452155,1.0459043489229505
bmi,BMI (kg/m2),24.328140703517587,24.328140703517587,1.0289229239504107,1.0225599185691743,1.0353255239184742
bmi,BMI (kg/m2),24.4929648241206,24.4929648241206,1.0208454589119869,1.0162107033080556,1.0255013528088315
bmi,BMI (kg/m2),24.657788944723617,24.657788944723617,1.0134005644369353,1.0103791344210058,1.016431029714016
bmi,BMI (kg/m2),24.82261306532663,24.82261306532663,1.0065965077038113,1.0050820583785136,1.0081132389888152
bmi,BMI (kg/m2),24.987437185929647,24.987437185929647,1.000442166144394,1.0003382912009235,1.0005460518742195
bmi,BMI (kg/m2),25.152261306532665,25.152261306532665,0.994947125752576,0.9937268118370834,0.9961689382349127
bmi,BMI (kg/m2),25.31708542713568,25.31708542713568,0.990121782842787,0.9876520236098638,0.9925977180471278
bmi,BMI (kg/m2),25.481909547738695,25.481909547738695,0.9859774498509912,0.9823172685076729,0.9896512692803898
bmi,BMI (kg/m2),25.64673366834171,25.64673366834171,0.9825264658314095,0.9777171760419274,0.98735941202056
bmi,BMI (kg/m2),25.811557788944725,25.811557788944725,0.9797816622450751,0.9738448288513303,0.9857546882535988
bmi,BMI (kg/m2),25.97638190954774,25.97638190954774,0.9777363492125558,0.9706721098605665,0.9848519998259949
bmi,BMI (kg/m2),26.141206030150755,26.141206030150755,0.9763606845237486,0.9681488126923687,0.9846422097370165
bmi,BMI (kg/m2),26.30603015075377,26.30603015075377,0.9756249482932251,0.9662277382187264,0.9851135525118693
bmi,BMI (kg/m2),26.470854271356785,26.470854271356785,0.975500796477116,0.9648661684659604,0.9862526379595611
bmi,BMI (kg/m2),26.6356783919598,26.6356783919598,0.9759610836223724,0.9640256768019649,0.9880442602993269
bmi,BMI (kg/m2),26.800502512562815,26.800502512562815,0.976979697115846,0.9636718002592463,0.9904713703563747
bmi,BMI (kg/m2),26.96532663316583,26.96532663316583,0.978531401859054,0.9637736180967498,0.99351516418882
bmi,BMI (kg/m2),27.130150753768845,27.130150753768845,0.9805916944312303,0.9643032838123091,0.9971552387398779
bmi,BMI (kg/m2),27.29497487437186,27.29497487437186,0.983136665927959,0.9652355518959586,1.001369771340672
bmi,BMI (kg/m2),27.459798994974875,27.459798994974875,0.9861428727768365,0.9665473295360674,1.0061356912499373
bmi,BMI (kg/m2),27.62462311557789,27.62462311557789,0.9895872149365157,0.9682172714790278,1.011428823687351
bmi,BMI (kg/m2),27.789447236180905,27.789447236180905,0.9934468209822629,0.9702254260544895,1.0172239972448798
bmi,BMI (kg/m2),27.95427135678392,27.95427135678392,0.9976989396707632,0.9725529331049613,1.023495113054929
bmi,BMI (kg/m2),28.119095477386935,28.119095477386935,1.0023208376601411,0.9751817701408236,1.0302151787175517
bmi,BMI (kg/m2),28.28391959798995,28.28391959798995,1.0072897031386865,0.9780945408708794,1.0373563123517804
bmi,BMI (kg/m2),28.448743718592965,28.448743718592965,1.0125825551881527,0.9812742996087823,1.0448897229654825
bmi,BMI (kg/m2),28.61356783919598,28.61356783919598,1.018176158775147,0.9847044053040794,1.0527856732579384
bmi,BMI (kg/m2),28.778391959798995,28.778391959798995,1.0240469453273982,0.9883683996425608,1.0610134304310246
bmi,BMI (kg/m2),28.94321608040201,28.94321608040201,1.0301709389108173,0.9922499045159272,1.0695412098770933
bmi,BMI (kg/m2),29.108040201005025,29.108040201005025,1.0365236880783895,0.996332535011147,1.078336115898901
bmi,BMI (kg/m2),29.27286432160804,29.27286432160804,1.043080203513141,1.0005998248340169,1.0873640829804259
bmi,BMI (kg/m2),29.437688442211055,29.437688442211055,1.0498149016347058,1.0050351617284619,1.0965898205977922
bmi,BMI (kg/m2),29.60251256281407,29.60251256281407,1.0567015543822649,1.0096217309797195,1.1059767641395233
bmi,BMI (kg/m2),29.767336683417085,29.767336683417085,1.0637132454257634,1.0143424655057522,1.1154870341843084
bmi,BMI (kg/m2),29.9321608040201,29.9321608040201,1.0708223330920674,1.01918000136189,1.1250814061466095
bmi,BMI (kg/m2),30.096984924623115,30.096984924623115,1.0780004203228826,1.024116637724141,1.1347192921294322
bmi,BMI (kg/m2),30.26180904522613,30.26180904522613,1.085218598443967,1.0291344714540198,1.144359108625297
bmi,BMI (kg/m2),30.426633165829145,30.426633165829145,1.0924593219808638,1.0342229556793507,1.1539749370569086
bmi,BMI (kg/m2),30.59145728643216,30.59145728643216,1.099721543933497,1.0393820080202543,1.1635639878883755
bmi,BMI (kg/m2),30.756281407035175,30.756281407035175,1.1070054500633202,1.0446121542742504,1.1731254144953822
bmi,BMI (kg/m2),30.92110552763819,30.92110552763819,1.1143112336699572,1.0499137712281064,1.1826585758853618
bmi,BMI (kg/m2),31.085929648241205,31.085929648241205,1.1216390956697968,1.0552871109351805,1.1921630122252438
bmi,BMI (kg/m2),31.25075376884422,31.25075376884422,1.1289892446749141,1.06073231925629,1.2016384260689854
bmi,BMI (kg/m2),31.415577889447235,31.415577889447235,1.13636189707235,1.0662494500898874,1.2110846678598601
bmi,BMI (kg/m2),31.58040201005025,31.58040201005025,1.143757277103784,1.0718384763273783,1.2205017246724554
bmi,BMI (kg/m2),31.745226130653265,31.745226130653265,1.1511756169456344,1.0774992982950087,1.229889711433792
bmi,BMI (kg/m2),31.91005025125628,31.91005025125628,1.1586171567896169,1.083231750248335,1.2392488640584127
bmi,BMI (kg/m2),32.074874371859295,32.074874371859295,1.1660821449238021,1.0890356053446053,1.2485795340730188
bmi,BMI (kg/m2),32.23969849246231,32.23969849246231,1.1735708378142062,1.094910579416043,1.2578821844086001
bmi,BMI (kg/m2),32.404522613065325,32.404522613065325,1.1810835001869489,1.1008563337918897,1.2671573861131664
bmi,BMI (kg/m2),32.56934673366834,32.56934673366834,1.188620405111021,1.106872477361449,1.276405815793839
bmi,BMI (kg/m2),32.734170854271355,32.734170854271355,1.1961818340816988,1.1129585680288683,1.285628253638587
bmi,BMI (kg/m2),32.89899497487437,32.89899497487437,1.2037680771046415,1.1191141136792775,1.2948255818990464
bmi,BMI (kg/m2),33.063819095477385,33.063819095477385,1.211379432780717,1.1253385727523944,1.3039987837393796
bmi,BMI (kg/m2),33.2286432160804,33.2286432160804,1.2190162083915927,1.131631354501954,1.313148942373927
bmi,BMI (kg/m2),33.393467336683415,33.393467336683415,1.2266787199861353,1.1379918190058327,1.32227724042989
bmi,BMI (kg/m2),33.55829145728643,33.55829145728643,1.2343672924676607,1.144419276981556,1.331384959481506
bmi,BMI (kg/m2),33.723115577889445,33.723115577889445,1.2420822596820793,1.1509129894541807,1.3404734797098752
bmi,BMI (kg/m2),33.88793969849246,33.88793969849246,1.24982396450698,1.1574721673178126,1.3495442796483612
bmi,BMI (kg/m2),34.052763819095475,34.052763819095475,1.2575927589416949,1.164095970827778,1.3585989359777317
bmi,BMI (kg/m2),34.21758793969849,34.21758793969849,1.2653890041983977,1.1707835090574374,1.3676391233382659
bmi,BMI (kg/m2),34.382412060301505,34.382412060301505,1.2732130707942737,1.1775338393515042,1.3766666141281738
bmi,BMI (kg/m2),34.54723618090452,34.54723618090452,1.2810653386448172,1.1843459668063716,1.3856832782590698
bmi,BMI (kg/m2),34.712060301507535,34.712060301507535,1.2889461971582978,1.1912188438071363,1.3946910828400418
bmi,BMI (kg/m2),34.87688442211055,34.87688442211055,1.29685604533145,1.1981513696506605,1.4036920917622395
bmi,BMI (kg/m2),35.041708542713565,35.041708542713565,1.3047952918464334,1.2051423902839746,1.412688465155932
bmi,BMI (kg/m2),35.20653266331658,35.20653266331658,1.312764355169116,1.21219069818754,1.4216824586917942
bmi,BMI (kg/m2),35.371356783919595,35.371356783919595,1.3207636636487319,1.2192950324332312,1.4306764226978386
bmi,BMI (kg/m2),35.53618090452261,35.53618090452261,1.3287936556189661,1.2264540789472984,1.4396728010630133
bmi,BMI (kg/m2),35.701005025125625,35.701005025125625,1.3368547795005215,1.2336664710089635,1.4486741298981145
bmi,BMI (kg/m2),35.86582914572864,35.86582914572864,1.344947493905222,1.2409307900155615,1.4576830359243913
bmi,BMI (kg/m2),36.030653266331655,36.030653266331655,1.3530722677417075,1.2482455665452357,1.4667022345601415
bmi,BMI (kg/m2),36.19547738693467,36.19547738693467,1.3612295803227765,1.255609281748001,1.4757345276757885
bmi,BMI (kg/m2),36.36030150753769,36.36030150753769,1.369419921474439,1.2630203690954591,1.4847828009884791
bmi,BMI (kg/m2),36.52512562814071,36.52512562814071,1.3776437916467295,1.2704772165184561,1.4938500210682104
bmi,BMI (kg/m2),36.68994974874372,36.68994974874372,1.3859017020263507,1.2779781689604914,1.5029392319290196
bmi,BMI (kg/m2),36.85477386934674,36.85477386934674,1.3941941746512003,1.285521531372576,1.5120535511808453
bmi,BMI (kg/m2),37.01959798994975,37.01959798994975,1.4025217425268461,1.2931055721724845,1.5211961657204571
bmi,BMI (kg/m2),37.18442211055277,37.18442211055277,1.4108849497450133,1.3007285271878408,1.5303703269433426
bmi,BMI (kg/m2),37.34924623115578,37.34924623115578,1.4192843516041465,1.3083886040982107,1.5395793454627182
bmi,BMI (kg/m2),37.5140703517588,37.5140703517588,1.4277205147321137,1.3160839873862789,1.5488265853269234
bmi,BMI (kg/m2),37.67889447236181,37.67889447236181,1.436194017211116,1.3238128438023018,1.5581154577323624
bmi,BMI (kg/m2),37.84371859296483,37.84371859296483,1.4447054487048734,1.3315733283393087,1.5674494142358641
bmi,BMI (kg/m2),38.00854271356784,38.00854271356784,1.4532554105881534,1.3393635907090824,1.576831939477792
bmi,BMI (kg/m2),38.17336683417086,38.17336683417086,1.4618445160787152,1.347181782300817,1.5862665434353662
bmi,BMI (kg/m2),38.33819095477387,38.33819095477387,1.470473390371737,1.3550260635956812,1.5957567532343386
bmi,BMI (kg/m2),38.50301507537689,38.50301507537689,1.4791426707768036,1.3628946120014358,1.6053061045562569
bmi,BMI (kg/m2),38.6678391959799,38.6678391959799,1.4878530068575246,1.3707856300619676,1.6149181326878255
bmi,BMI (kg/m2),38.83266331658292,38.83266331658292,1.4966050605738592,1.3786973539873442,1.6245963632681675
bmi,BMI (kg/m2),38.99748743718593,38.99748743718593,1.505399506427228,1.3866280624409846,1.6343443027987856
bmi,BMI (kg/m2),39.16231155778895,39.16231155778895,1.5142370316084832,1.3945760855120857,1.6441654289894965
bmi,BMI (kg/m2),39.32713567839196,39.32713567839196,1.5231183361488236,1.4025398137938152,1.6540631810212583
bmi,BMI (kg/m2),39.491959798994976,39.491959798994976,1.5320441330737304,1.4105177074812525,1.6640409498133402
bmi,BMI (kg/m2),39.65678391959799,39.65678391959799,1.5410151485600094,1.418508305397922,1.674102068387443
bmi,BMI (kg/m2),39.821608040201006,39.821608040201006,1.5500321220960211,1.4265102338562543,1.6842498024249002
bmi,BMI (kg/m2),39.98643216080402,39.98643216080402,1.5590958066451885,1.4345222152556343,1.6944873411147852
bmi,BMI (kg/m2),40.151256281407036,40.151256281407036,1.5682069688128655,1.4425430763220015,1.704817788390453
bmi,BMI (kg/m2),40.31608040201005,40.31608040201005,1.577366389016655,1.4505717558953695,1.7152441546496706
bmi,BMI (kg/m2),40.480904522613066,40.480904522613066,1.586574861660273,1.458607312176107,1.7257693490490293
bmi,BMI (kg/m2),40.64572864321608,40.64572864321608,1.5958331953110443,1.4666489293473577,1.7363961724568286
bmi,BMI (kg/m2),40.810552763819096,40.810552763819096,1.6051422128811261,1.4746959234993884,1.7471273111402124
bmi,BMI (kg/m2),40.97537688442211,40.97537688442211,1.6145027518125594,1.4827477477917825,1.7579653312522623
bmi,BMI (kg/m2),41.140201005025126,41.140201005025126,1.62391566426624,1.490803996800917,1.7689126741732393
bmi,BMI (kg/m2),41.30502512562814,41.30502512562814,1.6333818173149133,1.4988644100127746,1.7799716527475828
bmi,BMI (kg/m2),41.469849246231156,41.469849246231156,1.6429020931402936,1.506928874434473,1.7911444484449857
bmi,BMI (kg/m2),41.63467336683417,41.63467336683417,1.652477388312265,1.5149974263348576,1.802433107420848
bmi,BMI (kg/m2),41.79949748743719,41.79949748743719,1.6621084419418406,1.5230702475961293,1.8138391693584506
bmi,BMI (kg/m2),41.96432160804021,41.96432160804021,1.6717956277730854,1.5311476073659664,1.8253632814992105
bmi,BMI (kg/m2),42.12914572864322,42.12914572864322,1.681539272958583,1.5392298076967033,1.837005957371141
bmi,BMI (kg/m2),42.29396984924624,42.29396984924624,1.6913397065576419,1.5473171779432189,1.8487676888464464
bmi,BMI (kg/m2),42.45879396984925,42.45879396984925,1.701197259547413,1.5554100728091287,1.860648948135475
bmi,BMI (kg/m2),42.62361809045227,42.62361809045227,1.711112264834064,1.5635088703927928,1.8726501897811405
bmi,BMI (kg/m2),42.78844221105528,42.78844221105528,1.7210850572640242,1.571613970247719,1.8847718526392427
bmi,BMI (kg/m2),42.9532663316583,42.9532663316583,1.7311159736352912,1.5797257914705443,1.8970143618315043
bmi,BMI (kg/m2),43.11809045226131,43.11809045226131,1.741205352708807,1.5878447708283316,1.909378130659587
bmi,BMI (kg/m2),43.28291457286433,43.28291457286433,1.7513535352198966,1.595971360935467,1.9218635624698115
bmi,BMI (kg/m2),43.44773869346734,43.44773869346734,1.761560863889777,1.6041060284889763,1.9344710524597488
bmi,BMI (kg/m2),43.61256281407036,43.61256281407036,1.77182768343713,1.6122492525696797,1.9472009894192874
bmi,BMI (kg/m2),43.77738693467337,43.77738693467337,1.7821543405897449,1.620401523015222,1.9600537574001233
bmi,BMI (kg/m2),43.94221105527639,43.94221105527639,1.7925411840962266,1.6285633388697371,1.9730297373089247
bmi,BMI (kg/m2),44.1070351758794,44.1070351758794,1.802988564737777,1.636735206913692,1.9861293084206304
bmi,BMI (kg/m2),44.27185929648242,44.27185929648242,1.8134968353400367,1.6449176402763395,1.999352849809446
bmi,BMI (kg/m2),44.43668341708543,44.43668341708543,1.8240663507850035,1.6531111571322,2.0127007416961256
bmi,BMI (kg/m2),44.60150753768845,44.60150753768845,1.8346974680230166,1.6613162794820817,2.0261733667110393
bmi,BMI (kg/m2),44.76633165829146,44.76633165829146,1.8453905460848123,1.6695335320183342,2.03977111107332
bmi,BMI (kg/m2),44.93115577889448,44.93115577889448,1.8561459460936474,1.6777634410733275,2.0534943656871016
bmi,BMI (kg/m2),45.09597989949749,45.09597989949749,1.8669640312774967,1.6860065336495522,2.067343527156472
bmi,BMI (kg/m2),45.26080402010051,45.26080402010051,1.8778451669813172,1.694263336529205,2.0813189987212515
bmi,BMI (kg/m2),45.42562814070352,45.42562814070352,1.8887897206793909,1.7025343754607234,2.095421191116169
bmi,BMI (kg/m2),45.59045226130654,45.59045226130654,1.8997980619877297,1.7108201744193643,2.109650523356303
bmi,BMI (kg/m2),45.75527638190955,45.75527638190955,1.9108705626765619,1.719121254938686,2.1240074234519724
bmi,BMI (kg/m2),45.92010050251257,45.92010050251257,1.922007596682885,1.7274381355095687,2.1384923290564095
bmi,BMI (kg/m2),46.08492462311558,46.08492462311558,1.9332095401230978,1.7357713310432903,2.1531056880497297
bmi,BMI (kg/m2),46.2497487437186,46.2497487437186,1.9444767713056965,1.7441213523950743,2.16784795906275
bmi,BMI (kg/m2),46.41457286432161,46.41457286432161,1.9558096707440578,1.7524887059445167,2.1827196119442975
bmi,BMI (kg/m2),46.57939698492463,46.57939698492463,1.9672086211692834,1.7608738932292674,2.197721128175581
bmi,BMI (kg/m2),46.74422110552764,46.74422110552764,1.978674007543129,1.7692774106284206,2.2128530012352243
bmi,BMI (kg/m2),46.90904522613066,46.90904522613066,1.9902062170710046,1.777699749092106,2.2281157369184372
bmi,BMI (kg/m2),47.07386934673367,47.07386934673367,2.001805639215051,1.7861413939138802,2.243509853613745
bmi,BMI (kg/m2),47.23869346733669,47.23869346733669,2.0134726657072908,1.7946028245426255,2.2590358825405557
bmi,BMI (kg/m2),47.4035175879397,47.4035175879397,2.0252076905628598,1.803084514430794,2.2746943679507567
bmi,BMI (kg/m2),47.56834170854272,47.56834170854272,2.0370111100933137,1.811586930915962,2.2904858672973516
bmi,BMI (kg/m2),47.73316582914573,47.73316582914573,2.048883322920012,1.820110535132813,2.3064109513730324
bmi,BMI (kg/m2),47.89798994974875,47.89798994974875,2.0608247299875777,1.8286557819528184,2.3224702044214194
bmi,BMI (kg/m2),48.06281407035176,48.06281407035176,2.0728357345774424,1.8372231199490392,2.338664224223558
bmi,BMI (kg/m2),48.22763819095478,48.22763819095478,2.08491674232146,1.8458129913836108,2.354993622162088
bmi,BMI (kg/m2),48.39246231155779,48.39246231155779,2.097068161215612,1.8544258322156566,2.3714590232653787
bmi,BMI (kg/m2),48.55728643216081,48.55728643216081,2.1092904016337823,1.8630620721274915,2.3880610662337314
bmi,BMI (kg/m2),48.72211055276382,48.72211055276382,2.1215838763416155,1.8717221345671444,2.404800403449653
bmi,BMI (kg/m2),48.88693467336684,48.88693467336684,2.1339490005104595,1.8804064368053746,2.4216777009740205
bmi,BMI (kg/m2),49.05175879396985,49.05175879396985,2.1463861917313842,1.8891153900054691,2.4386936385298394
bmi,BMI (kg/m2),49.21658291457287,49.21658291457287,2.1588958700292866,1.8978493993042722,2.455848909475174
bmi,BMI (kg/m2),49.38140703517588,49.38140703517588,2.1714784578770736,1.9066088639029874,2.473144220766677
bmi,BMI (kg/m2),49.5462311557789,49.5462311557789,2.1841343802099304,1.9153941771664478,2.4905802929150624
bmi,BMI (kg/m2),49.71105527638191,49.71105527638191,2.1968640644396698,1.9242057267296264,2.508157859933719
bmi,BMI (kg/m2),49.87587939698493,49.87587939698493,2.209667940469172,1.9330438946102977,2.525877669281593
bmi,BMI (kg/m2),50.04070351758794,50.04070351758794,2.222546440706895,1.941909057326824,2.543740481801322
bmi,BMI (kg/m2),50.20552763819096,50.20552763819096,2.235500000081484,1.9508015860201735,2.5617470716535684
bmi,BMI (kg/m2),50.37035175879397,50.37035175879397,2.2485290560564586,1.9597218465793194,2.5798982262483614
bmi,BMI (kg/m2),50.53517587939699,50.53517587939699,2.2616340486449835,1.9686701997692908,2.5981947461742076
bmi,BMI (kg/m2),50.7,50.7,2.2748154204247335,1.97764700136119,2.616637445125655
sbp,Systolic BP (mmHg),92.66666666666667,92.66666666666667,1.470070616620147,1.19568185165612,1.8074269629974085
sbp,Systolic BP (mmHg),93.14572864321609,93.14572864321609,1.4549119239590207,1.1892118180894735,1.7799761777332743
sbp,Systolic BP (mmHg),93.6247906197655,93.6247906197655,1.439909540770784,1.1827738752342176,1.7529466358835153
sbp,Systolic BP (mmHg),94.10385259631491,94.10385259631491,1.4250618552639815,1.1763676568121162,1.7263321373793694
sbp,Systolic BP (mmHg),94.58291457286433,94.58291457286433,1.4103672722672094,1.1699927785073583,1.7001265984052725
sbp,Systolic BP (mmHg),95.06197654941374,95.06197654941374,1.3958242130577387,1.1636488354177017,1.6743240524611431
sbp,Systolic BP (mmHg),95.54103852596316,95.54103852596316,1.381431115191905,1.15733539908936,1.6489186518635146
sbp,Systolic BP (mmHg),96.02010050251256,96.02010050251256,1.3671864323372436,1.1510520140545364,1.6239046697662773
sbp,Systolic BP (mmHg),96.49916247906198,96.49916247906198,1.3530886341063597,1.1447981937721,1.5992765028001863
sbp,Systolic BP (mmHg),96.9782244556114,96.9782244556114,1.3391362058925107,1.1385734158486882,1.5750286744535313
sbp,Systolic BP (mmHg),97.45728643216081,97.45728643216081,1.3253276487068824,1.1323771163880985,1.551155839345761
sbp,Systolic BP (mmHg),97.93634840871022,97.93634840871022,1.3116614790175447,1.1262086832793223,1.5276527885833975
sbp,Systolic BP (mmHg),98.41541038525963,98.41541038525963,1.2981362285900662,1.120067448185459,1.504514456435676
sbp,Systolic BP (mmHg),98.89447236180905,98.89447236180905,1.284750444329775,1.1139526769336243,1.481735928629494
sbp,Systolic BP (mmHg),99.37353433835847,99.37353433835847,1.271502688125644,1.1078635579252314,1.4593124526439647
sbp,Systolic BP (mmHg),99.85259631490788,99.85259631490788,1.2583915366957854,1.1017991880803772,1.4372394504905541
sbp,Systolic BP (mmHg),100.33165829145729,100.33165829145729,1.245416775080766,1.0957592411116113,1.4155143625155049
sbp,Systolic BP (mmHg),100.8107202680067,100.8107202680067,1.2325906833611662,1.0897505066432571,1.3941537842350378
sbp,Systolic BP (mmHg),101.28978224455612,101.28978224455612,1.2199324614931653,1.0837839105827989,1.3731844476307855
sbp,Systolic BP (mmHg),101.76884422110552,101.76884422110552,1.2074605727181376,1.077870177638537,1.3526313881909244
sbp,Systolic BP (mmHg),102.24790619765494,102.24790619765494,1.195192667421855,1.0720197782128706,1.332517870743346
sbp,Systolic BP (mmHg),102.72696817420436,102.72696817420436,1.1831456154986526,1.0662429370844413,1.312865481952379
sbp,Systolic BP (mmHg),103.20603015075378,103.20603015075378,1.171335541114799,1.0605496436698827,1.293694225506496
sbp,Systolic BP (mmHg),103.6850921273032,103.6850921273032,1.1597778596645518,1.0549496640440441,1.2750226191947784
sbp,Systolic BP (mmHg),104.1641541038526,104.1641541038526,1.1484873167286773,1.0494525549672955,1.2568677930635392
sbp,Systolic BP (mmHg),104.64321608040201,104.64321608040201,1.1374780288622304,1.044067680259512,1.2392455878173587
sbp,Systolic BP (mmHg),105.12227805695143,105.12227805695143,1.126763526056016,1.0388042299788645,1.222170652574275
sbp,Systolic BP (mmHg),105.60134003350085,105.60134003350085,1.116356795734297,1.0336712430173953,1.2056565409947988
sbp,Systolic BP (mmHg),106.08040201005025,106.08040201005025,1.1062703281699078,1.0286776339242232,1.1897158046689953
sbp,Systolic BP (mmHg),106.55946398659967,106.55946398659967,1.0965161632169023,1.0238322250225353,1.1743600824534037
sbp,Systolic BP (mmHg),107.03852596314908,107.03852596314908,1.0871059382801957,1.0191437852112497,1.159600184187062
sbp,Systolic BP (mmHg),107.5175879396985,107.5175879396985,1.0780509374612823,1.0146210772497448,1.1454461668699203
sbp,Systolic BP (mmHg),107.99664991624792,107.99664991624792,1.0693621418390629,1.0102729158258434,1.1319074009460597
sbp,Systolic BP (mmHg),108.47571189279732,108.47571189279732,1.0610502808650648,1.0061082393084826,1.1189926237932766
sbp,Systolic BP (mmHg),108.95477386934674,108.95477386934674,1.0531258848729164,1.0021361987782387,1.1067099768888684
sbp,Systolic BP (mmHg),109.43383584589616,109.43383584589616,1.045599338722895,0.9983662686755558,1.0950670224346728
sbp,Systolic BP (mmHg),109.91289782244556,109.91289782244556,1.0384809366237413,0.9948083841269367,1.0840707345640088
sbp,Systolic BP (mmHg),110.39195979899498,110.39195979899498,1.0317809381957996,0.9914731105510673,1.0737274597719633
sbp,Systolic BP (mmHg),110.87102177554439,110.87102177554439,1.025509625862014,0.9883718512556102,1.0640428411630958
sbp,Systolic BP (mmHg),111.35008375209381,111.35008375209381,1.0196773636764394,0.9855170980288397,1.0550217018799068
sbp,Systolic BP (mmHg),111.82914572864323,111.82914572864323,1.0142946577239143,0.9829227276944197,1.0466678851759277
sbp,Systolic BP (mmHg),112.30820770519264,112.30820770519264,1.0093722182494689,0.9806043436409705,1.038984052621002
sbp,Systolic BP (mmHg),112.78726968174205,112.78726968174205,1.0049210237021182,0.9785796549496318,1.031971448385049
sbp,Systolic BP (mmHg),113.26633165829146,113.26633165829146,1.0009523869050954,0.976868876793586,1.0256296465699688
sbp,Systolic BP (mmHg),113.74539363484088,113.74539363484088,0.9974780235935273,0.9754951249570555,1.019956309464746
sbp,Systolic BP (mmHg),114.22445561139028,114.22445561139028,0.9945101235912953,0.9744847665317133,1.0149469954730035
sbp,Systolic BP (mmHg),114.7035175879397,114.7035175879397,0.9920614249316365,0.9738676813246737,1.0105950630774403
sbp,Systolic BP (mmHg),115.18257956448912,115.18257956448912,0.9901452912612141,0.9736773881108265,1.0068917177063623
sbp,Systolic BP (mmHg),115.66164154103853,115.66164154103853,0.98877579290529,0.9739509993140452,1.0038262390244113
sbp,Systolic BP (mmHg),116.14070351758795,116.14070351758795,0.9879676159149257,0.9747287968443091,1.0013862453399216
sbp,Systolic BP (mmHg),116.61976549413735,116.61976549413735,0.987721986408329,0.9760382011400408,0.999545633864425
sbp,Systolic BP (mmHg),117.09882747068677,117.09882747068677,0.9880163518198064,0.9778797209749985,0.9982580582507828
sbp,Systolic BP (mmHg),117.57788944723619,117.57788944723619,0.9888265926878663,0.9802491440509953,0.9974790963508648
sbp,Systolic BP (mmHg),118.05695142378559,118.05695142378559,0.9901293433614157,0.9831400261538045,0.9971683488674676
sbp,Systolic BP (mmHg),118.53601340033501,118.53601340033501,0.9919018696210788,0.9865437118015058,0.9972891288934066
sbp,Systolic BP (mmHg),119.01507537688443,119.01507537688443,0.9941219534881275,0.9904494194667753,0.9978081050712378
sbp,Systolic BP (mmHg),119.49413735343384,119.49413735343384,0.9967677846802225,0.9948443628772508,0.9986949252070171
sbp,Systolic BP (mmHg),119.97319932998326,119.97319932998326,0.9998178582529069,0.9997138854906649,0.9999218418285782
sbp,Systolic BP (mmHg),120.45226130653268,120.45226130653268,1.0032508780394849,1.0014633549930245,1.0050415916556508
sbp,Systolic BP (mmHg),120.93132328308208,120.93132328308208,1.007045665570242,1.0032958819104494,1.0108094639167773
sbp,Systolic BP (mmHg),121.4103852596315,121.4103852596315,1.0111810742154685,1.0053974582937348,1.0169979607734607
sbp,Systolic BP (mmHg),121.88944723618091,121.88944723618091,1.0156359083559094,1.007747472929331,1.0235860927971476
sbp,Systolic BP (mmHg),122.36850921273032,122.36850921273032,1.0203888474394887,1.0103264346834144,1.0305514774590114
sbp,Systolic BP (mmHg),122.84757118927973,122.84757118927973,1.0254183748347216,1.0131157697886812,1.0378703745456486
sbp,Systolic BP (mmHg),123.32663316582915,123.32663316582915,1.0307027114394105,1.0160976465566447,1.0455177048865743
sbp,Systolic BP (mmHg),123.80569514237857,123.80569514237857,1.036219754048163,1.0192548244145911,1.0534670554994374
sbp,Systolic BP (mmHg),124.28475711892798,124.28475711892798,1.0419470185241158,1.0225705242069951,1.061690674345635
sbp,Systolic BP (mmHg),124.7638190954774,124.7638190954774,1.0478615878590196,1.0260283169058717,1.0701594578029159
sbp,Systolic BP (mmHg),125.2428810720268,125.2428810720268,1.0539400652415865,1.029612028159814,1.0788429337861476
sbp,Systolic BP (mmHg),125.72194304857622,125.72194304857622,1.0601585322866285,1.0333056564235872,1.0877092432361553
sbp,Systolic BP (mmHg),126.20100502512562,126.20100502512562,1.0664925126069873,1.037093302716692,1.0967251224815555
sbp,Systolic BP (mmHg),126.68006700167504,126.68006700167504,1.0729169409363999,1.040959110342212,1.1058558887773078
sbp,Systolic BP (mmHg),127.15912897822446,127.15912897822446,1.07940613803413,1.0448872131476867,1.115065431144361
sbp,Systolic BP (mmHg),127.63819095477388,127.63819095477388,1.0859337916212026,1.048861691124602,1.1243162084796834
sbp,Systolic BP (mmHg),128.1172529313233,128.1172529313233,1.0924729436132001,1.0528665323222999,1.133569256774078
sbp,Systolic BP (mmHg),128.5963149078727,128.5963149078727,1.0989959839255523,1.0568856001972986,1.142784207163976
sbp,Systolic BP (mmHg),129.0753768844221,129.0753768844221,1.1054746511338276,1.0609026056322142,1.1519193164495984
sbp,Systolic BP (mmHg),129.55443886097152,129.55443886097152,1.1118805249239738,1.0649013638840046,1.1609322174179078
sbp,Systolic BP (mmHg),130.03350083752093,130.03350083752093,1.1181980475251914,1.0688732781498573,1.1697989827694497
sbp,Systolic BP (mmHg),130.51256281407035,130.51256281407035,1.124426323774836,1.072818206324861,1.1785170592219967
sbp,Systolic BP (mmHg),130.99162479061977,130.99162479061977,1.1305652766067789,1.0767363763675455,1.187085225987252
sbp,Systolic BP (mmHg),131.47068676716918,131.47068676716918,1.1366148877824083,1.0806279619100365,1.1955024751026828
sbp,Systolic BP (mmHg),131.9497487437186,131.9497487437186,1.1425751973595157,1.0844930946599416,1.2037679982005671
sbp,Systolic BP (mmHg),132.42881072026802,132.42881072026802,1.1484463031268974,1.088331873379063,1.21188117653011
sbp,Systolic BP (mmHg),132.90787269681744,132.90787269681744,1.1542283600062477,1.09214437045997,1.2198415732176704
sbp,Systolic BP (mmHg),133.38693467336685,133.38693467336685,1.1599215794229358,1.0959306367876525,1.2276489270841382
sbp,Systolic BP (mmHg),133.86599664991627,133.86599664991627,1.16552622864727,1.0996907053576155,1.2353031475545342
sbp,Systolic BP (mmHg),134.34505862646566,134.34505862646566,1.171042630107855,1.10342459397938,1.2428043103374482
sbp,Systolic BP (mmHg),134.82412060301507,134.82412060301507,1.1764711606786615,1.107132307298692,1.250152653647733
sbp,Systolic BP (mmHg),135.3031825795645,135.3031825795645,1.181812250941421,1.110813838306421,1.257348574811282
sbp,Systolic BP (mmHg),135.7822445561139,135.7822445561139,1.1870663844249678,1.1144691694568565,1.2643926271361208
sbp,Systolic BP (mmHg),136.26130653266333,136.26130653266333,1.192234096823142,1.1180982734862857,1.2712855169659
sbp,Systolic BP (mmHg),136.74036850921274,136.74036850921274,1.1973159751928673,1.1217011140001287,1.278028100854576
sbp,Systolic BP (mmHg),137.21943048576213,137.21943048576213,1.2023126571340046,1.1252776458806366,1.2846213828173454
sbp,Systolic BP (mmHg),137.69849246231155,137.69849246231155,1.207224829952585,1.1288278155553735,1.2910665116247366
sbp,Systolic BP (mmHg),138.17755443886097,138.17755443886097,1.2120532298090005,1.1323515611580806,1.2973647781153559
sbp,Systolic BP (mmHg),138.65661641541038,138.65661641541038,1.2167986408527345,1.1358488126071946,1.3035176125091315
sbp,Systolic BP (mmHg),139.1356783919598,139.1356783919598,1.2214618943451863,1.1393194916226226,1.3095265817075274
sbp,Systolic BP (mmHg),139.61474036850922,139.61474036850922,1.226043867772135,1.142763511697941,1.3153933865705916
sbp,Systolic BP (mmHg),140.09380234505863,140.09380234505863,1.2305454839473722,1.1461807780426636,1.3211198591631839
sbp,Systolic BP (mmHg),140.57286432160805,140.57286432160805,1.2349677101090053,1.1495711875073882,1.3267079599644873
sbp,Systolic BP (mmHg),141.05192629815747,141.05192629815747,1.2393115570099245,1.1529346285033293,1.3321597750361331
sbp,Systolic BP (mmHg),141.53098827470689,141.53098827470689,1.243578078003894,1.1562709809268386,1.3374775131450878
sbp,Systolic BP (mmHg),142.0100502512563,142.0100502512563,1.2477683681287135,1.1595801160989216,1.342663502837931
sbp,Systolic BP (mmHg),142.4891122278057,142.4891122278057,1.2518835631878646,1.1628618967294275,1.3477201894633926
sbp,Systolic BP (mmHg),142.9681742043551,142.9681742043551,1.2559248388320383,1.1661161769154231,1.3526501321400364
sbp,Systolic BP (mmHg),143.44723618090453,143.44723618090453,1.2598934096419083,1.169342802183269,1.3574560006658625
sbp,Systolic BP (mmHg),143.92629815745394,143.92629815745394,1.2637905282134907,1.1725416095840313,1.362140572366333
sbp,Systolic BP (mmHg),144.40536013400336,144.40536013400336,1.2676174842474037,1.1757124278520583,1.3667067288769952
sbp,Systolic BP (mmHg),144.88442211055278,144.88442211055278,1.2713756036433086,1.178855077636825,1.3711574528564379
sbp,Systolic BP (mmHg),145.36348408710217,145.36348408710217,1.2750662476007877,1.1819693718184405,1.3754958246248765
sbp,Systolic BP (mmHg),145.84254606365158,145.84254606365158,1.278690811727888,1.1850551159175513,1.379725018723164
sbp,Systolic BP (mmHg),146.321608040201,146.321608040201,1.2822507251585185,1.188112108610672,1.3838483003865398
sbp,Systolic BP (mmHg),146.80067001675042,146.80067001675042,1.2857474496798762,1.191140142362282,1.3878690219269816
sbp,Systolic BP (mmHg),147.27973199329983,147.27973199329983,1.289182478871027,1.1941390041852609,1.3917906190175846
sbp,Systolic BP (mmHg),147.75879396984925,147.75879396984925,1.2925573372537518,1.1971084765414026,1.3956166068720732
sbp,Systolic BP (mmHg),148.23785594639867,148.23785594639867,1.2958735794567278,1.2000483383938285,1.399350576312275
sbp,Systolic BP (mmHg),148.71691792294808,148.71691792294808,1.2991327893940907,1.2029583664230545,1.402996189716284
sbp,Systolic BP (mmHg),149.1959798994975,149.1959798994975,1.3023365794593904,1.205838336418273,1.406557176840047
sbp,Systolic BP (mmHg),149.67504187604692,149.67504187604692,1.3054865897359187,1.2086880248550125,1.4100373305053278
sbp,Systolic BP (mmHg),150.15410385259634,150.15410385259634,1.3085844872243666,1.2115072106697538,1.4134405021474048
sbp,Systolic BP (mmHg),150.63316582914572,150.63316582914572,1.3116319650887287,1.2142956772412365,1.416770597216532
sbp,Systolic BP (mmHg),151.11222780569514,151.11222780569514,1.3146307419213508,1.217053214587097,1.4200315704280988
sbp,Systolic BP (mmHg),151.59128978224456,151.59128978224456,1.317582561027982,1.2197796217830814,1.4232274208576512
sbp,Systolic BP (mmHg),152.07035175879398,152.07035175879398,1.3204891897336688,1.2224747096103783,1.4263621868784697
sbp,Systolic BP (mmHg),152.5494137353434,152.5494137353434,1.3233524187102952,1.2251383034345678,1.4294399409412637
sbp,Systolic BP (mmHg),153.0284757118928,153.0284757118928,1.326174061326553,1.2277702463173181,1.4324647841977567
sbp,Systolic BP (mmHg),153.5075376884422,153.5075376884422,1.3289559530210906,1.2303704023592177,1.4354408409725055
sbp,Systolic BP (mmHg),153.98659966499162,153.98659966499162,1.3316999506995733,1.2329386602690748,1.4383722530902032
sbp,Systolic BP (mmHg),154.46566164154103,154.46566164154103,1.334407932156349,1.2354749371516158,1.4412631740689572
sbp,Systolic BP (mmHg),154.94472361809045,154.94472361809045,1.3370817955214065,1.237979182501829,1.4441177631935722
sbp,Systolic BP (mmHg),155.42378559463987,155.42378559463987,1.339723458733274,1.2404513823902559,1.4469401794866712
sbp,Systolic BP (mmHg),155.90284757118928,155.90284757118928,1.3423348590384914,1.2428915638193976,1.4497345755994786
sbp,Systolic BP (mmHg),156.3819095477387,156.3819095477387,1.3449179525182675,1.2452997992271344,1.4525050916482278
sbp,Systolic BP (mmHg),156.86097152428812,156.86097152428812,1.3474747136429106,1.2476762111087727,1.4552558490263239
sbp,Systolic BP (mmHg),157.34003350083754,157.34003350083754,1.350007134854605,1.2500209767250772,1.45799094422651
sbp,Systolic BP (mmHg),157.81909547738695,157.81909547738695,1.3525172261790812,1.2523343328595995,1.460714442711235
sbp,Systolic BP (mmHg),158.29815745393637,158.29815745393637,1.3550070148667195,1.2546165805848346,1.463430372873084
sbp,Systolic BP (mmHg),158.7772194304858,158.7772194304858,1.3574785450636013,1.256868089993395,1.4661427201303805
sbp,Systolic BP (mmHg),159.25628140703517,159.25628140703517,1.359933877513017,1.2590893048475815,1.4688554212057818
sbp,Systolic BP (mmHg),159.7353433835846,159.7353433835846,1.362375089287914,1.2612807470986038,1.471572358637731
sbp,Systolic BP (mmHg),160.214405360134,160.214405360134,1.364804273554771,1.263443021225344,1.4742973555759122
sbp,Systolic BP (mmHg),160.69346733668343,160.69346733668343,1.3672235393693575,1.2655768183420937,1.4770341709122463
sbp,Systolic BP (mmHg),161.17252931323281,161.17252931323281,1.3696350115048448,1.2676829200251711,1.4797864947984218
sbp,Systolic BP (mmHg),161.65159128978223,161.65159128978223,1.3720408303127087,1.2697622018098245,1.4825579445994044
sbp,Systolic BP (mmHg),162.13065326633165,162.13065326633165,1.374443151616874,1.2718156363113464,1.4853520613297968
sbp,Systolic BP (mmHg),162.60971524288107,162.60971524288107,1.376844146641534,1.273844295927873,1.4881723066163428
sbp,Systolic BP (mmHg),163.08877721943048,163.08877721943048,1.3792460019730775,1.275849355086833,1.4910220602253221
sbp,Systolic BP (mmHg),163.5678391959799,163.5678391959799,1.3816508761271575,1.2778320659865354,1.4939045546874363
sbp,Systolic BP (mmHg),164.04690117252932,164.04690117252932,1.3840598945247777,1.2797931470306287,1.496821416864559
sbp,Systolic BP (mmHg),164.52596314907873,164.52596314907873,1.3864731132379338,1.2817327150332258,1.4997726680338788
sbp,Systolic BP (mmHg),165.00502512562815,165.00502512562815,1.3888905395902105,1.2836508760021057,1.5027582398191122
sbp,Systolic BP (mmHg),165.48408710217757,165.48408710217757,1.3913121809179618,1.2855477532737276,1.5057780466273525
sbp,Systolic BP (mmHg),165.96314907872699,165.96314907872699,1.3937380445703336,1.287423486819804,1.5088319863428301
sbp,Systolic BP (mmHg),166.4422110552764,166.4422110552764,1.3961681379092854,1.2892782325133951,1.5119199410611541
sbp,Systolic BP (mmHg),166.92127303182582,166.92127303182582,1.398602468309612,1.2911121613603644,1.515041777858192
sbp,Systolic BP (mmHg),167.4003350083752,167.4003350083752,1.4010410431589684,1.2929254587020724,1.5181973495877175
sbp,Systolic BP (mmHg),167.87939698492463,167.87939698492463,1.4034838698578893,1.2947183233951347,1.5213864957019878
sbp,Systolic BP (mmHg),168.35845896147404,168.35845896147404,1.4059309558198134,1.2964909669739813,1.5246090430895247
sbp,Systolic BP (mmHg),168.83752093802346,168.83752093802346,1.408382308471105,1.298243612801776,1.5278648069245366
sbp,Systolic BP (mmHg),169.31658291457285,169.31658291457285,1.4108379352510771,1.299976495215051,1.5311535915226269
sbp,Systolic BP (mmHg),169.79564489112227,169.79564489112227,1.4132978436120134,1.3016898586671408,1.5344751911976995
sbp,Systolic BP (mmHg),170.27470686767168,170.27470686767168,1.415762041019192,1.3033839568752164,1.5378293911152723
sbp,Systolic BP (mmHg),170.7537688442211,170.7537688442211,1.4182305349509061,1.3050590519753704,1.5412159681377338
sbp,Systolic BP (mmHg),171.23283082077052,171.23283082077052,1.4207033328984893,1.306715413689871,1.5446346916574378
sbp,Systolic BP (mmHg),171.71189279731993,171.71189279731993,1.4231804423663357,1.3083533185103167,1.5480853244138943
sbp,Systolic BP (mmHg),172.19095477386935,172.19095477386935,1.4256618708719242,1.3099730489000498,1.5515676232917022
sbp,Systolic BP (mmHg),172.67001675041877,172.67001675041877,1.4281476259458423,1.3115748925188064,1.5550813400962538
sbp,Systolic BP (mmHg),173.14907872696818,173.14907872696818,1.4306377151318057,1.3131591414721802,1.5586262223046137
sbp,Systolic BP (mmHg),173.6281407035176,173.6281407035176,1.4331321459866846,1.3147260915881218,1.5622020137893762
sbp,Systolic BP (mmHg),174.10720268006702,174.10720268006702,1.4356309260805242,1.3162760417223105,1.5658084555136438
sbp,Systolic BP (mmHg),174.58626465661644,174.58626465661644,1.4381340629965698,1.317809293093892,1.5694452861956432
sbp,Systolic BP (mmHg),175.06532663316585,175.06532663316585,1.440641564331288,1.3193261486527361,1.5731122429418216
sbp,Systolic BP (mmHg),175.54438860971524,175.54438860971524,1.4431534376943895,1.3208269124790535,1.5768090618475818
sbp,Systolic BP (mmHg),176.02345058626466,176.02345058626466,1.4456696907088558,1.3223118892159256,1.5805354785651184
sbp,Systolic BP (mmHg),176.50251256281408,176.50251256281408,1.448190331010957,1.323781383535007,1.5842912288380613
sbp,Systolic BP (mmHg),176.9815745393635,176.9815745393635,1.450715366250279,1.3252356996354457,1.5880760490029215
sbp,Systolic BP (mmHg),177.4606365159129,177.4606365159129,1.453244804089745,1.3266751407758124,1.5918896764575188
sbp,Systolic BP (mmHg),177.9396984924623,177.9396984924623,1.4557786522056386,1.3281000088386523,1.5957318500967899
sbp,Systolic BP (mmHg),178.41876046901172,178.41876046901172,1.4583169182876294,1.329510603927088,1.599602310716552
sbp,Systolic BP (mmHg),178.89782244556113,178.89782244556113,1.4608596100387925,1.3309072239927444,1.603500801385933
sbp,Systolic BP (mmHg),179.37688442211055,179.37688442211055,1.4634067351756348,1.332290164494155,1.6074270677893352
sbp,Systolic BP (mmHg),179.85594639865997,179.85594639865997,1.4659583014281174,1.3336597180846754,1.6113808585388851
sbp,Systolic BP (mmHg),180.33500837520938,180.33500837520938,1.46851431653968,1.335016174328856,1.6153619254584266
sbp,Systolic BP (mmHg),180.8140703517588,180.8140703517588,1.4710747882672623,1.3363598194461492,1.6193700238401814
sbp,Systolic BP (mmHg),181.29313232830822,181.29313232830822,1.4736397243813297,1.3376909360807678,1.6234049126752566
sbp,Systolic BP (mmHg),181.77219430485763,181.77219430485763,1.476209132665895,1.339009803096481,1.6274663548592219
sbp,Systolic BP (mmHg),182.25125628140705,182.25125628140705,1.478783020918545,1.3403166953950951,1.6315541173739982
sbp,Systolic BP (mmHg),182.73031825795647,182.73031825795647,1.4813613969504607,1.3416118837573638,1.6356679714473163
sbp,Systolic BP (mmHg),183.2093802345059,183.2093802345059,1.4839442685864421,1.3428956347050673,1.6398076926910132
sbp,Systolic BP (mmHg),183.68844221105527,183.68844221105527,1.4865316436649338,1.344168210383004,1.6439730612194154
sbp,Systolic BP (mmHg),184.1675041876047,184.1675041876047,1.489123530038047,1.3454298684596542,1.6481638617490455
sbp,Systolic BP (mmHg),184.6465661641541,184.6465661641541,1.4917199355715822,1.3466808620453081,1.6523798836808739
sbp,Systolic BP (mmHg),185.12562814070353,185.12562814070353,1.4943208681450568,1.347921439626462,1.6566209211663012
sbp,Systolic BP (mmHg),185.60469011725294,185.60469011725294,1.4969263356517253,1.3491518450153348,1.6608867731580148
sbp,Systolic BP (mmHg),186.08375209380233,186.08375209380233,1.4995363459986049,1.350372317313391,1.6651772434468501
sbp,Systolic BP (mmHg),186.56281407035175,186.56281407035175,1.5021509071064998,1.3515830908877948,1.6694921406857148
sbp,Systolic BP (mmHg),187.04187604690117,187.04187604690117,1.504770026910024,1.3527843953597682,1.6738312784016134
sbp,Systolic BP (mmHg),187.52093802345058,187.52093802345058,1.5073937133576272,1.3539764556038663,1.678194474996754
sbp,Systolic BP (mmHg),188,188,1.5100219744116166,1.3551594917572367,1.6825815537396729
egfr,eGFR (mL/min/1.73m2),30.203512195726386,30.203512195726386,2.311639959889294,2.044029532720038,2.614286740292845
egfr,eGFR (mL/min/1.73m2),30.714826114636228,30.714826114636228,2.286341754931331,2.0241369213781435,2.5825123612603265
egfr,eGFR (mL/min/1.73m2),31.22614003354607,31.22614003354607,2.2613204093395325,2.004418724314676,2.551148585704753
egfr,eGFR (mL/min/1.73m2),31.737453952455912,31.737453952455912,2.236572893210838,1.9848730381738862,2.5201905665702697
egfr,eGFR (mL/min/1.73m2),32.24876787136575,32.24876787136575,2.212096209800944,1.965497971535632,2.4896335240644083
egfr,eGFR (mL/min/1.73m2),32.76008179027559,32.76008179027559,2.1878873951614195,1.9462916448552268,2.4594727447757645
egfr,eGFR (mL/min/1.73m2),33.271395709185434,33.271395709185434,2.163943517780797,1.9272521904275353,2.4297035807787806
egfr,eGFR (mL/min/1.73m2),33.782709628095276,33.782709628095276,2.140261678229583,1.9083777523775738,2.4003214487232256
egfr,eGFR (mL/min/1.73m2),34.29402354700512,34.29402354700512,2.1168390088091606,1.889666486680018,2.3713218289058484
egfr,eGFR (mL/min/1.73m2),34.80533746591496,34.80533746591496,2.0936726732045328,1.8711165612101528,2.3427002643215284
egfr,eGFR (mL/min/1.73m2),35.3166513848248,35.3166513848248,2.070759866140862,1.8527261558289416,2.3144523596911033
egfr,eGFR (mL/min/1.73m2),35.82796530373464,35.82796530373464,2.0480978130437775,1.8344934625050227,2.2865737804629647
egfr,eGFR (mL/min/1.73m2),36.339279222644485,36.339279222644485,2.025683769703387,1.8164166854765496,2.259060251785328
egfr,eGFR (mL/min/1.73m2),36.85059314155433,36.85059314155433,2.00351502194198,1.798494041455927,2.23190755744605
egfr,eGFR (mL/min/1.73m2),37.36190706046417,37.36190706046417,1.9815888852853563,1.7807237598805505,2.205111538776716
egfr,eGFR (mL/min/1.73m2),37.87322097937401,37.87322097937401,1.9599027046377564,1.763104083212756,2.1786680935176914
egfr,eGFR (mL/min/1.73m2),38.38453489828385,38.38453489828385,1.9384538539603497,1.7456332672922157,2.1525731746407635
egfr,eGFR (mL/min/1.73m2),38.895848817193695,38.895848817193695,1.9172397359532405,1.7283095817440284,2.1268227891260154
egfr,eGFR (mL/min/1.73m2),39.40716273610354,39.40716273610354,1.8962577817409514,1.7111313104457253,2.101412996689576
egfr,eGFR (mL/min/1.73m2),39.91847665501338,39.91847665501338,1.8755054505613535,1.6940967520563401,2.0763399084589973
egfr,eGFR (mL/min/1.73m2),40.42979057392322,40.42979057392322,1.8549802294579991,1.6772042206105613,2.051599685593102
egfr,eGFR (mL/min/1.73m2),40.94110449283306,40.94110449283306,1.8346796329758186,1.6604520461807948,2.027188537843374
egfr,eGFR (mL/min/1.73m2),41.452418411742904,41.452418411742904,1.8146012028601508,1.6438385756097171,2.00310272205419
egfr,eGFR (mL/min/1.73m2),41.963732330652746,41.963732330652746,1.7947425077590673,1.6273621733155488,1.9793385405995476
egfr,eGFR (mL/min/1.73m2),42.47504624956259,42.47504624956259,1.7751011429289532,1.6110212221718712,1.9558923397543637
egfr,eGFR (mL/min/1.73m2),42.98636016847243,42.98636016847243,1.7556747299433078,1.59481412446328,1.9327605079989225
egfr,eGFR (mL/min/1.73m2),43.49767408738227,43.49767408738227,1.7364609164047373,1.5787393029175687,1.909939474255693
egfr,eGFR (mL/min/1.73m2),44.008988006292114,44.008988006292114,1.717457375660095,1.5627952018143887,1.8874257060584376
egfr,eGFR (mL/min/1.73m2),44.52030192520195,44.52030192520195,1.6986618065187424,1.5469802881695236,1.8652157076543947
egfr,eGFR (mL/min/1.73m2),45.0316158441118,45.0316158441118,1.6800719329738878,1.5312930529929205,1.8433060180412544
egfr,eGFR (mL/min/1.73m2),45.54292976302163,45.54292976302163,1.6616855039269836,1.5157320126175973,1.8216932089417404
egfr,eGFR (mL/min/1.73m2),46.05424368193148,46.05424368193148,1.6435002929151294,1.5002957100953052,1.8003738827197813
egfr,eGFR (mL/min/1.73m2),46.565557600841316,46.565557600841316,1.6255140978414688,1.4849827166535707,1.7793446702435805
egfr,eGFR (mL/min/1.73m2),47.076871519751165,47.076871519751165,1.6077247407085262,1.4697916332073004,1.7586022287022631
egfr,eGFR (mL/min/1.73m2),47.588185438661,47.588185438661,1.5901300673544718,1.4547210919166744,1.7381432393843157
egfr,eGFR (mL/min/1.73m2),48.09949935757085,48.09949935757085,1.5727279471922648,1.4397697577814612,1.7179644054275496
egfr,eGFR (mL/min/1.73m2),48.610813276480684,48.610813276480684,1.5555162729516574,1.4249363302603029,1.6980624495519772
egfr,eGFR (mL/min/1.73m2),49.12212719539053,49.12212719539053,1.5384929604240172,1.4102195449018688,1.6784341117885746
egfr,eGFR (mL/min/1.73m2),49.63344111430037,49.63344111430037,1.5216559482099468,1.3956181749731835,1.6590761472185633
egfr,eGFR (mL/min/1.73m2),50.14475503321022,50.14475503321022,1.5050031974696618,1.3811310330688527,1.639985323739365
egfr,eGFR (mL/min/1.73m2),50.65606895212005,50.65606895212005,1.4885326916761041,1.3667569726834763,1.6211584198748716
egfr,eGFR (mL/min/1.73m2),51.16738287102989,51.16738287102989,1.4722424363707522,1.3524948897281956,1.6025922226489742
egfr,eGFR (mL/min/1.73m2),51.678696789939735,51.678696789939735,1.4561305016266581,1.3383437664693805,1.5842835681605225
egfr,eGFR (mL/min/1.73m2),52.19001070884958,52.19001070884958,1.4401978537774933,1.324305505067124,1.5662321496731724
egfr,eGFR (mL/min/1.73m2),52.70132462775942,52.70132462775942,1.4244499692344919,1.3103866152750565,1.5484420332134083
egfr,eGFR (mL/min/1.73m2),53.21263854666926,53.21263854666926,1.4088924372940348,1.2965938810443454,1.5309172200207513
egfr,eGFR (mL/min/1.73m2),53.7239524655791,53.7239524655791,1.3935305336820052,1.282933929516748,1.5136612288643223
egfr,eGFR (mL/min/1.73m2),54.235266384488945,54.235266384488945,1.3783692307121285,1.269413231721958,1.4966771171880173
egfr,eGFR (mL/min/1.73m2),54.74658030339879,54.74658030339879,1.3634132075892862,1.2560381026947185,1.47996750308833
egfr,eGFR (mL/min/1.73m2),55.25789422230863,55.25789422230863,1.3486668608327739,1.242814701080115,1.463534588002333
egfr,eGFR (mL/min/1.73m2),55.76920814121847,55.76920814121847,1.3341343147959714,1.2297490283099393,1.4473801799723938
egfr,eGFR (mL/min/1.73m2),56.28052206012831,56.28052206012831,1.3198194322603856,1.2168469274453104,1.431505717345385
egfr,eGFR (mL/min/1.73m2),56.791835979038154,56.791835979038154,1.3057258250835058,1.2041140817904736,1.4159122927578822
egfr,eGFR (mL/min/1.73m2),57.303149897947996,57.303149897947996,1.291856864881389,1.1915560133895629,1.4006006772554045
egfr,eGFR (mL/min/1.73m2),57.81446381685784,57.81446381685784,1.2782156937283446,1.1791780815219028,1.385571344393315
egfr,eGFR (mL/min/1.73m2),58.32577773576768,58.32577773576768,1.2648052348575183,1.1669854813121021,1.3708244941696446
egfr,eGFR (mL/min/1.73m2),58.83709165467752,58.83709165467752,1.251628203347607,1.1549832425688398,1.3563600766456898
egfr,eGFR (mL/min/1.73m2),59.34840557358736,59.34840557358736,1.238687116782314,1.1431762289610379,1.342177815118631
egfr,eGFR (mL/min/1.73m2),59.859719492497206,59.859719492497206,1.2259843058705266,1.1315691376323882,1.3282772287212443
egfr,eGFR (mL/min/1.73m2),60.37103341140704,60.37103341140704,1.2135219250165508,1.1201664993453235,1.3146576543366995
egfr,eGFR (mL/min/1.73m2),60.88234733031689,60.88234733031689,1.2013019628310277,1.1089726792339578,1.3013182677309463
egfr,eGFR (mL/min/1.73m2),61.393661249226724,61.393661249226724,1.1893262525744752,1.0979918782327656,1.2882581038208578
egfr,eGFR (mL/min/1.73m2),61.90497516813657,61.90497516813657,1.1775964825266223,1.0872281352342847,1.2754760760125556
egfr,eGFR (mL/min/1.73m2),62.41628908704641,62.41628908704641,1.1661142062759635,1.0766853300154482,1.2629709945607874
egfr,eGFR (mL/min/1.73m2),62.92760300595626,62.92760300595626,1.1548808529251327,1.066367186958655,1.2507415839163418
egfr,eGFR (mL/min/1.73m2),63.43891692486609,63.43891692486609,1.143897737208895,1.0562772795808524,1.2387864990439488
egfr,eGFR (mL/min/1.73m2),63.95023084377594,63.95023084377594,1.1331660695226715,1.0464190358719525,1.2271043407075284
egfr,eGFR (mL/min/1.73m2),64.46154476268578,64.46154476268578,1.1226869658606569,1.036795744433219,1.2156936697328362
egfr,eGFR (mL/min/1.73m2),64.97285868159562,64.97285868159562,1.1124614576636593,1.0274105613969031,1.2045530202692385
egfr,eGFR (mL/min/1.73m2),65.48417260050546,65.48417260050546,1.1024905015778736,1.0182665181006154,1.193680912082517
egfr,eGFR (mL/min/1.73m2),65.99548651941531,65.99548651941531,1.0927749891268368,1.0093665294836418,1.183075861919108
egfr,eGFR (mL/min/1.73m2),66.50680043832514,66.50680043832514,1.0833157562998461,1.0007134031677387,1.1727363939891133
egfr,eGFR (mL/min/1.73m2),67.01811435723499,67.01811435723499,1.0741135930611123,0.9923098491817327,1.1626610496207617
egfr,eGFR (mL/min/1.73m2),67.52942827614483,67.52942827614483,1.065169252784932,0.9841584902875125,1.152848396142934
egfr,eGFR (mL/min/1.73m2),68.04074219505468,68.04074219505468,1.0564834616231074,0.9762618728645103,1.1432970350549054
egfr,eGFR (mL/min/1.73m2),68.55205611396451,68.55205611396451,1.0480569278118423,0.9686224783105092,1.1340056095438642
egfr,eGFR (mL/min/1.73m2),69.06337003287436,69.06337003287436,1.0398903509262596,0.9612427349183132,1.124972811411089
egfr,eGFR (mL/min/1.73m2),69.5746839517842,69.5746839517842,1.0319844310916664,0.9541250301904449,1.11619738746715
egfr,eGFR (mL/min/1.73m2),70.08599787069404,70.08599787069404,1.0243398781616224,0.9472717235573443,1.107678145455218
egfr,eGFR (mL/min/1.73m2),70.59731178960388,70.59731178960388,1.0169574208738208,0.9406851594684719,1.0994139595597563
egfr,eGFR (mL/min/1.73m2),71.10862570851373,71.10862570851373,1.0098378159957453,0.9343676808300783,1.0914037755555779
egfr,eGFR (mL/min/1.73m2),71.61993962742356,71.61993962742356,1.0029818574730271,0.9283216427681279,1.0836466156496918
egfr,eGFR (mL/min/1.73m2),72.1312535463334,72.1312535463334,0.9963903855943997,0.9225494266998006,1.0761415830655692
egfr,eGFR (mL/min/1.73m2),72.64256746524325,72.64256746524325,0.9900642961881438,0.9170534547021199,1.068887866416604
egfr,eGFR (mL/min/1.73m2),73.15388138415308,73.15388138415308,0.9840045498659288,0.9118362041714257,1.061884743912641
egfr,eGFR (mL/min/1.73m2),73.66519530306293,73.66519530306293,0.9782121813309916,0.9069002227726274,1.0551315874406229
egfr,eGFR (mL/min/1.73m2),74.17650922197276,74.17650922197276,0.9726883087686775,0.9022481436823581,1.0486278665576931
egfr,eGFR (mL/min/1.73m2),74.68782314088261,74.68782314088261,0.967434143338464,0.897882701135276,1.0423731524325466
egfr,eGFR (mL/min/1.73m2),75.19913705979245,75.19913705979245,0.9624509987877523,0.8938067462878079,1.0363671217684762
egfr,eGFR (mL/min/1.73m2),75.7104509787023,75.7104509787023,0.9577403012089054,0.8900232634185727,1.0306095607394699
egfr,eGFR (mL/min/1.73m2),76.22176489761213,76.22176489761213,0.9533035989622753,0.8865353864895669,1.0251003689688833
egfr,eGFR (mL/min/1.73m2),76.73307881652198,76.73307881652198,0.9491425727892754,0.8833464160968951,1.019839563578676
egfr,eGFR (mL/min/1.73m2),77.24439273543182,77.24439273543182,0.94525904614095,0.8804598368444371,1.0148272833360008
egfr,eGFR (mL/min/1.73m2),77.75570665434167,77.75570665434167,0.9416549957489552,0.8778793351782765,1.0100637929230833
egfr,eGFR (mL/min/1.73m2),78.2670205732515,78.2670205732515,0.9383325624674252,0.8756088177240301,1.0055494873558775
egfr,eGFR (mL/min/1.73m2),78.77833449216135,78.77833449216135,0.9352940624158388,0.873652430173319,1.0012848965769847
egfr,eGFR (mL/min/1.73m2),79.28964841107118,79.28964841107118,0.9325419984547603,0.8720145767695199,0.9972706902488503
egfr,eGFR (mL/min/1.73m2),79.80096232998103,79.80096232998103,0.9300790720281954,0.8706999404465106,0.9935076827744096
egfr,eGFR (mL/min/1.73m2),80.31227624889087,80.31227624889087,0.9279081954082926,0.8697135036772774,0.9899968385742903
egfr,eGFR (mL/min/1.73m2),80.82359016780072,80.82359016780072,0.926032504380254,0.8690605700918091,0.9867392776526192
egfr,eGFR (mL/min/1.73m2),81.33490408671055,81.33490408671055,0.9244553714076016,0.8687467869253579,0.9837362814877321
egfr,eGFR (mL/min/1.73m2),81.8462180056204,81.8462180056204,0.9231804193203854,0.8687781683585042,0.9809892992901198
egfr,eGFR (mL/min/1.73m2),82.35753192453024,82.35753192453024,0.9222115355715442,0.8691611198088535,0.9784999546784403
egfr,eGFR (mL/min/1.73m2),82.86884584344008,82.86884584344008,0.9215528871094456,0.8699024632296443,0.9762700528364406
egfr,eGFR (mL/min/1.73m2),83.38015976234992,83.38015976234992,0.9212089359176628,0.8710094634615196,0.9743015882307279
egfr,eGFR (mL/min/1.73m2),83.89147368125977,83.89147368125977,0.921184455276294,0.87248985566782,0.9725967529939509
egfr,eGFR (mL/min/1.73m2),84.4027876001696,84.4027876001696,0.9214845468026477,0.8743518738572175,0.9711579461139753
egfr,eGFR (mL/min/1.73m2),84.91410151907945,84.91410151907945,0.9221146583328854,0.8766042804541844,0.969987783623211
egfr,eGFR (mL/min/1.73m2),85.42541543798929,85.42541543798929,0.9230806027102931,0.879256396807626,0.9690891100635638
egfr,eGFR (mL/min/1.73m2),85.93672935689914,85.93672935689914,0.9243885775502344,0.8823181344140151,0.9684650116285456
egfr,eGFR (mL/min/1.73m2),86.44804327580897,86.44804327580897,0.9260451860565929,0.8858000264442778,0.9681188315843152
egfr,eGFR (mL/min/1.73m2),86.95935719471882,86.95935719471882,0.9280574589696128,0.8897132588514068,0.9680541888979319
egfr,eGFR (mL/min/1.73m2),87.47067111362865,87.47067111362865,0.9304296097137805,0.8940651930228403,0.9682730805179911
egfr,eGFR (mL/min/1.73m2),87.98198503253849,87.98198503253849,0.933153050990071,0.8988455308556945,0.9687700352062794
egfr,eGFR (mL/min/1.73m2),88.49329895144834,88.49329895144834,0.9362161174035739,0.9040396130871112,0.9695378452423686
egfr,eGFR (mL/min/1.73m2),89.00461287035817,89.00461287035817,0.9396073325226436,0.9096329120898681,0.9705694765396689
egfr,eGFR (mL/min/1.73m2),89.51592678926802,89.51592678926802,0.9433153620181997,0.9156109713260034,0.9718580271387968
egfr,eGFR (mL/min/1.73m2),90.02724070817786,90.02724070817786,0.947328968680024,0.9219593487651243,0.9733966862013839
egfr,eGFR (mL/min/1.73m2),90.5385546270877,90.5385546270877,0.9516369691991478,0.9286635646187902,0.975178692962168
egfr,eGFR (mL/min/1.73m2),91.04986854599754,91.04986854599754,0.9562281926234638,0.9357090537714655,0.9771972951233832
egfr,eGFR (mL/min/1.73m2),91.56118246490739,91.56118246490739,0.961091440410973,0.9430811233278334,0.9794457061888874
egfr,eGFR (mL/min/1.73m2),92.07249638381722,92.07249638381722,0.9662154480214794,0.950764915743589,0.9819170612382192
egfr,eGFR (mL/min/1.73m2),92.58381030272707,92.58381030272707,0.9715888480032276,0.9587453780605574,0.9846043706346964
egfr,eGFR (mL/min/1.73m2),93.09512422163691,93.09512422163691,0.9772001345459478,0.9670072378254578,0.9875004711484682
egfr,eGFR (mL/min/1.73m2),93.60643814054676,93.60643814054676,0.9830376294861197,0.9755349863332041,0.9905979739568441
egfr,eGFR (mL/min/1.73m2),94.11775205945659,94.11775205945659,0.9890894497640161,0.9843128698982735,0.9938892089621759
egfr,eGFR (mL/min/1.73m2),94.62906597836644,94.62906597836644,0.9953434763452598,0.9933248899190031,0.9973661648444652
egfr,eGFR (mL/min/1.73m2),95.14037989727629,95.14037989727629,1.0017873246322686,1.0010204242447138,1.0025548125564911
egfr,eGFR (mL/min/1.73m2),95.65169381618612,95.65169381618612,1.0084083164030524,1.004843093459759,1.0119861888980204
egfr,eGFR (mL/min/1.73m2),96.16300773509596,96.16300773509596,1.0151934533263776,1.0088247260251244,1.0216023865091792
egfr,eGFR (mL/min/1.73m2),96.67432165400581,96.67432165400581,1.0221293921133188,1.0129552395760049,1.0313866332921537
egfr,eGFR (mL/min/1.73m2),97.18563557291564,97.18563557291564,1.0292024213756468,1.0172238254165644,1.0413220745510128
egfr,eGFR (mL/min/1.73m2),97.69694949182549,97.69694949182549,1.0363984402713375,1.0216188503053154,1.0513918441068848
egfr,eGFR (mL/min/1.73m2),98.20826341073533,98.20826341073533,1.0437029390266788,1.026127750093071,1.061579150192678
egfr,eGFR (mL/min/1.73m2),98.71957732964518,98.71957732964518,1.0511009814329764,1.0307369150463455,1.0718673766716602
egfr,eGFR (mL/min/1.73m2),99.23089124855501,99.23089124855501,1.0585771894236458,1.0354315669722458,1.082240199847125
egfr,eGFR (mL/min/1.73m2),99.74220516746486,99.74220516746486,1.0661157298444823,1.0401956286521654,1.0926817207399608
egfr,eGFR (mL/min/1.73m2),100.2535190863747,100.2535190863747,1.0737003035360473,1.0450115866129286,1.103176612184692
egfr,eGFR (mL/min/1.73m2),100.76483300528454,100.76483300528454,1.0813141368523431,1.049860348935846,1.1137102794118159
egfr,eGFR (mL/min/1.73m2),101.27614692419438,101.27614692419438,1.0889399757441753,1.05472110064118,1.1242690319297362
egfr,eGFR (mL/min/1.73m2),101.78746084310423,101.78746084310423,1.0965600825387762,1.0595711601915843,1.1348402634892687
egfr,eGFR (mL/min/1.73m2),102.29877476201406,102.29877476201406,1.1041562355492451,1.0643858418184542,1.1454126357218353
egfr,eGFR (mL/min/1.73m2),102.81008868092391,102.81008868092391,1.1117097316481566,1.0691383296479462,1.1559762597307517
egfr,eGFR (mL/min/1.73m2),103.32140259983375,103.32140259983375,1.1192013919391035,1.0737995709104162,1.1665228685614073
egfr,eGFR (mL/min/1.73m2),103.8327165187436,103.8327165187436,1.1266115706579962,1.0783381967359937,1.177045972202749
egfr,eGFR (mL/min/1.73m2),104.34403043765343,104.34403043765343,1.1339205216765609,1.0827207544479514,1.1875414267225577
egfr,eGFR (mL/min/1.73m2),104.85534435656328,104.85534435656328,1.141117959381311,1.0869194418197343,1.1980190500985894
egfr,eGFR (mL/min/1.73m2),105.36665827547311,105.36665827547311,1.148204432344485,1.0909148105754523,1.2085026307050373
egfr,eGFR (mL/min/1.73m2),105.87797219438296,105.87797219438296,1.1551811718346043,1.0946889037000298,1.2190162294061568
egfr,eGFR (mL/min/1.73m2),106.3892861132928,106.3892861132928,1.1620495313237365,1.098225159907421,1.2295831151451213
egfr,eGFR (mL/min/1.73m2),106.90060003220265,106.90060003220265,1.1688109843244743,1.1015086842074375,1.2402254622808557
egfr,eGFR (mL/min/1.73m2),107.41191395111248,107.41191395111248,1.1754671221831556,1.1045264599321603,1.2509641058471475
egfr,eGFR (mL/min/1.73m2),107.92322787002233,107.92322787002233,1.1820196518367545,1.1072674974946362,1.2618183596010868
egfr,eGFR (mL/min/1.73m2),108.43454178893217,108.43454178893217,1.1884703935407681,1.1097229190696334,1.2728058978065662
egfr,eGFR (mL/min/1.73m2),108.94585570784201,108.94585570784201,1.1948212785753587,1.1118859822901797,1.2839426977899255
egfr,eGFR (mL/min/1.73m2),109.45716962675185,109.45716962675185,1.2010743469368823,1.1137520493563506,1.295243036996916
egfr,eGFR (mL/min/1.73m2),109.9684835456617,109.9684835456617,1.2072317450218495,1.115318510289592,1.3067195359378412
egfr,eGFR (mL/min/1.73m2),110.47979746457153,110.47979746457153,1.2132957233102213,1.1165846703044302,1.3183832371633022
egfr,eGFR (mL/min/1.73m2),110.99111138348138,110.99111138348138,1.2192686340548444,1.117551611474925,1.3302437102014075
egfr,eGFR (mL/min/1.73m2),111.50242530239122,111.50242530239122,1.2251529289836698,1.1182220382448143,1.3423091730093843
egfr,eGFR (mL/min/1.73m2),112.01373922130107,112.01373922130107,1.230951157021283,1.1186001151302492,1.3545866216861615
egfr,eGFR (mL/min/1.73m2),112.5250531402109,112.5250531402109,1.2366659620361227,1.1186913034565673,1.3670819616933807
egfr,eGFR (mL/min/1.73m2),113.03636705912074,113.03636705912074,1.2423000806196185,1.118502202380754,1.3798001354155103
egfr,eGFR (mL/min/1.73m2),113.54768097803058,113.54768097803058,1.2478563399033349,1.1180403979447682,1.392745242389597
egfr,eGFR (mL/min/1.73m2),114.05899489694042,114.05899489694042,1.253337655420053,1.1173143225851345,1.405920649848417
egfr,eGFR (mL/min/1.73m2),114.57030881585027,114.57030881585027,1.2587470290145788,1.1163331264405896,1.4193290922979267
egfr,eGFR (mL/min/1.73m2),115.0816227347601,115.0816227347601,1.2640875468098995,1.115106560960909,1.43297275968219
egfr,eGFR (mL/min/1.73m2),115.59293665366995,115.59293665366995,1.2693623772341833,1.1136448747086565,1.4468533742941607
egfr,eGFR (mL/min/1.73m2),116.10425057257979,116.10425057257979,1.2745747691139402,1.111958720829282,1.4609722570009578
egfr,eGFR (mL/min/1.73m2),116.61556449148964,116.61556449148964,1.2797280498385377,1.1100590754062434,1.475330383605218
egfr,eGFR (mL/min/1.73m2),117.12687841039947,117.12687841039947,1.2848256236011049,1.1079571657797098,1.4899284322966186
egfr,eGFR (mL/min/1.73m2),117.63819232930932,117.63819232930932,1.2898709697207298,1.1056644078570215,1.5047668231927434
egfr,eGFR (mL/min/1.73m2),118.14950624821915,118.14950624821915,1.2948676410507065,1.1031923514530806,1.5198457509533698
egfr,eGFR (mL/min/1.73m2),118.660820167129,118.660820167129,1.2998192624774647,1.1005526327476522,1.5351652113987135
egfr,eGFR (mL/min/1.73m2),119.17213408603884,119.17213408603884,1.3047295295146881,1.0977569330179668,1.550725022986266
egfr,eGFR (mL/min/1.73m2),119.68344800494869,119.68344800494869,1.3096022069970024,1.0948169428873218,1.566524843914416
egfr,eGFR (mL/min/1.73m2),120.19476192385852,120.19476192385852,1.3144411278775072,1.0917443314156006,1.5825641855319867
egfr,eGFR (mL/min/1.73m2),120.70607584276837,120.70607584276837,1.3192501921333168,1.0885507194405073,1.598842422646447
egfr,eGFR (mL/min/1.73m2),121.2173897616782,121.2173897616782,1.324033365783179,1.0852476566557463,1.6153588012429378
egfr,eGFR (mL/min/1.73m2),121.72870368058805,121.72870368058805,1.32879468002115,1.0818466019826476,1.6321124440531651
egfr,eGFR (mL/min/1.73m2),122.24001759949789,122.24001759949789,1.3335382304702272,1.078358906854242,1.6491023543481842
egfr,eGFR (mL/min/1.73m2),122.75133151840774,122.75133151840774,1.3382681765597695,1.0747958010854521,1.6663274182722818
egfr,eGFR (mL/min/1.73m2),123.26264543731757,123.26264543731757,1.3429887410304728,1.071168381050338,1.6837864059860217
egfr,eGFR (mL/min/1.73m2),123.77395935622742,123.77395935622742,1.3477042095706264,1.067487599927815,1.7014779718445516
egfr,eGFR (mL/min/1.73m2),124.28527327513726,124.28527327513726,1.3524189305873267,1.0637642598116601,1.7194006538016235
egfr,eGFR (mL/min/1.73m2),124.7965871940471,124.7965871940471,1.3571373151163124,1.0600090055097269,1.7375528721998317
egfr,eGFR (mL/min/1.73m2),125.30790111295694,125.30790111295694,1.3618638368740574,1.0562323198817805,1.7559329280824458
egfr,eGFR (mL/min/1.73m2),125.81921503186679,125.81921503186679,1.366603028679093,1.0524445134419194,1.7745390033789517
egfr,eGFR (mL/min/1.73m2),126.33052895077662,126.33052895077662,1.3713582767849457,1.0486534499360882,1.7933698910933762
egfr,eGFR (mL/min/1.73m2),126.84184286968647,126.84184286968647,1.3761300713085025,1.0448613071789106,1.8124261661794716
egfr,eGFR (mL/min/1.73m2),127.35315678859631,127.35315678859631,1.3809184698248744,1.0410693022298103,1.8317088172892138
egfr,eGFR (mL/min/1.73m2),127.86447070750616,127.86447070750616,1.3857235301095125,1.0372785293578994,1.851218980776396
egfr,eGFR (mL/min/1.73m2),128.375784626416,128.375784626416,1.3905453101389027,1.0334899742538415,1.8709579267523404
egfr,eGFR (mL/min/1.73m2),128.8870985453258,128.8870985453258,1.395383868091267,1.0297045263482223,1.8909270470380384
egfr,eGFR (mL/min/1.73m2),129.39841246423566,129.39841246423566,1.400239262347265,1.0259229895192745,1.9111278447298865
egfr,eGFR (mL/min/1.73m2),129.9097263831455,129.9097263831455,1.4051115514906996,1.0221460914264267,1.9315619251425884
egfr,eGFR (mL/min/1.73m2),130.42104030205536,130.42104030205536,1.4100007943092205,1.0183744916679485,1.9522309879309843
egfr,eGFR (mL/min/1.73m2),130.93235422096518,130.93235422096518,1.4149070497950362,1.0146087889294855,1.9731368202240442
egfr,eGFR (mL/min/1.73m2),131.44366813987503,131.44366813987503,1.4198303771456267,1.0108495272641633,1.9942812906303873
egfr,eGFR (mL/min/1.73m2),131.95498205878488,131.95498205878488,1.4247708357644548,1.0070972016233006,2.0156663439963003
hdl,HDL cholesterol (mg/dL),26,26,1.5623842785589155,1.3470552371709146,1.8121340287535237
hdl,HDL cholesterol (mg/dL),26.381909547738694,26.381909547738694,1.5502487814934958,1.340790679248787,1.7924283944668857
hdl,HDL cholesterol (mg/dL),26.763819095477388,26.763819095477388,1.5382075443941075,1.334527546862984,1.772973855199016
hdl,HDL cholesterol (mg/dL),27.14572864321608,27.14572864321608,1.5262598351159402,1.328264237773048,1.7537693314650231
hdl,HDL cholesterol (mg/dL),27.527638190954775,27.527638190954775,1.5144049272009672,1.3219990290571506,1.7348138940512197
hdl,HDL cholesterol (mg/dL),27.90954773869347,27.90954773869347,1.5026420998337746,1.3157300663192528,1.716106774476478
hdl,HDL cholesterol (mg/dL),28.291457286432163,28.291457286432163,1.490970637797733,1.3094553520000383,1.6976473763535493
hdl,HDL cholesterol (mg/dL),28.673366834170853,28.673366834170853,1.4793898314315104,1.3031727327624574,1.6794352876794654
hdl,HDL cholesterol (mg/dL),29.055276381909547,29.055276381909547,1.4678989765859227,1.2968798859396462,1.6614702940672144
hdl,HDL cholesterol (mg/dL),29.43718592964824,29.43718592964824,1.456497374581119,1.2905743050573453,1.6437523929065294
hdl,HDL cholesterol (mg/dL),29.819095477386934,29.819095477386934,1.4451843321641,1.2842532844769587,1.6262818084076058
hdl,HDL cholesterol (mg/dL),30.201005025125628,30.201005025125628,1.4339591614665659,1.2779139032516986,1.6090590074352595
hdl,HDL cholesterol (mg/dL),30.582914572864322,30.582914572864322,1.422821179963091,1.2715530083500635,1.5920847159792426
hdl,HDL cholesterol (mg/dL),30.964824120603016,30.964824120603016,1.4117697104296256,1.2651671974818872,1.5753599360254382
hdl,HDL cholesterol (mg/dL),31.34673366834171,31.34673366834171,1.400804080902318,1.2587528018665561,1.5588859624882971
hdl,HDL cholesterol (mg/dL),31.7286432160804,31.7286432160804,1.3899236246366562,1.2523058694151894,1.542664399732684
hdl,HDL cholesterol (mg/dL),32.11055276381909,32.11055276381909,1.3791277046585184,1.2458221627378652,1.5266972146143092
hdl,HDL cholesterol (mg/dL),32.49246231155779,32.49246231155779,1.36841774756992,1.239298346341857,1.5109897769102574
hdl,HDL cholesterol (mg/dL),32.87437185929648,32.87437185929648,1.3577986837083729,1.232733180405719,1.4955525614013374
hdl,HDL cholesterol (mg/dL),33.256281407035175,33.256281407035175,1.3472756298064685,1.2261259517955532,1.4803957293394594
hdl,HDL cholesterol (mg/dL),33.63819095477387,33.63819095477387,1.3368535265023935,1.219476356295174,1.465528496797932
hdl,HDL cholesterol (mg/dL),34.02010050251256,34.02010050251256,1.3265371425417327,1.212784582776085,1.4509590701712252
hdl,HDL cholesterol (mg/dL),34.402010050251256,34.402010050251256,1.3163310791476572,1.2060514026968592,1.4366945770764603
hdl,HDL cholesterol (mg/dL),34.78391959798995,34.78391959798995,1.3062397745474452,1.1992782630892982,1.4227409944164997
hdl,HDL cholesterol (mg/dL),35.165829145728644,35.165829145728644,1.2962675086438182,1.192467380516086,1.4091030760425773
hdl,HDL cholesterol (mg/dL),35.54773869346734,35.54773869346734,1.2864184078200986,1.1856218328147725,1.3957842831297922
hdl,HDL cholesterol (mg/dL),35.92964824120603,35.92964824120603,1.2766964498687545,1.1787456448456894,1.3827867209815736
hdl,HDL cholesterol (mg/dL),36.311557788944725,36.311557788944725,1.2671054690334445,1.1718438640207145,1.3701110864254904
hdl,HDL cholesterol (mg/dL),36.69346733668342,36.69346733668342,1.2576491611552432,1.1649226211945656,1.3577566301636048
hdl,HDL cholesterol (mg/dL),37.07537688442211,37.07537688442211,1.2483310889142998,1.157989172630889,1.3457211383155843
hdl,HDL cholesterol (mg/dL),37.4572864321608,37.4572864321608,1.2391546871587549,1.1510519192672397,1.3340009368865084
hdl,HDL cholesterol (mg/dL),37.8391959798995,37.8391959798995,1.2301232683133185,1.1441204004106087,1.3225909219893057
hdl,HDL cholesterol (mg/dL),38.22110552763819,38.22110552763819,1.2212400278605022,1.1372052602600413,1.3114846173923607
hdl,HDL cholesterol (mg/dL),38.60301507537689,38.60301507537689,1.2125080498880667,1.1303181871807284,1.300674259440447
hdl,HDL cholesterol (mg/dL),38.984924623115575,38.984924623115575,1.2039303126968512,1.1234718273021798,1.2901509077543432
hdl,HDL cholesterol (mg/dL),39.36683417085427,39.36683417085427,1.195509694463716,1.116679675610071,1.2799045785228385
hdl,HDL cholesterol (mg/dL),39.74874371859296,39.74874371859296,1.1872489789549339,1.109955949073348,1.2699243958341873
hdl,HDL cholesterol (mg/dL),40.130653266331656,40.130653266331656,1.1791508612859343,1.1033154473483524,1.2601987554991312
hdl,HDL cholesterol (mg/dL),40.51256281407035,40.51256281407035,1.171217953723902,1.0967734071343922,1.2507154952901938
hdl,HDL cholesterol (mg/dL),40.894472361809044,40.894472361809044,1.1634527915303063,1.0903453562894798,1.2414620654928386
hdl,HDL cholesterol (mg/dL),41.27638190954774,41.27638190954774,1.155857838841024,1.084046973385442,1.2324256940987872
hdl,HDL cholesterol (mg/dL),41.65829145728643,41.65829145728643,1.1484354945822999,1.0778939575764355,1.2235935417821153
hdl,HDL cholesterol (mg/dL),42.040201005025125,42.040201005025125,1.1411880984213667,1.0719019125957319,1.2149528428630967
hdl,HDL cholesterol (mg/dL),42.42211055276382,42.42211055276382,1.1341179367511336,1.0660862475145791,1.2064910296510123
hdl,HDL cholesterol (mg/dL),42.80402010050251,42.80402010050251,1.1272272487089232,1.060462095715747,1.1981958387435656
hdl,HDL cholesterol (mg/dL),43.185929648241206,43.185929648241206,1.1205182322298257,1.0550442524495487,1.190055398950665
hdl,HDL cholesterol (mg/dL),43.5678391959799,43.5678391959799,1.1139930501358184,1.0498471304150776,1.182058301440761
hdl,HDL cholesterol (mg/dL),43.949748743718594,43.949748743718594,1.1076538362623791,1.0448847320733177,1.1741936534494948
hdl,HDL cholesterol (mg/dL),44.33165829145729,44.33165829145729,1.1015027016249153,1.0401706368500352,1.166451117444795
hdl,HDL cholesterol (mg/dL),44.713567839195974,44.713567839195974,1.0955417406279138,1.0357180009981444,1.1588209380365782
hdl,HDL cholesterol (mg/dL),45.095477386934675,45.095477386934675,1.0897730234016136,1.031539522887437,1.1512939797106416
hdl,HDL cholesterol (mg/dL),45.47738693467336,45.47738693467336,1.0841969407646264,1.0276420552496068,1.1438642476322738
hdl,HDL cholesterol (mg/dL),45.85929648241206,45.85929648241206,1.0788106813704823,1.0240213028817495,1.1365315184008822
hdl,HDL cholesterol (mg/dL),46.24120603015075,46.24120603015075,1.0736111652009659,1.0206710841586877,1.1292971378671586
hdl,HDL cholesterol (mg/dL),46.62311557788945,46.62311557788945,1.0685954184269522,1.0175846648612323,1.12216330268577
hdl,HDL cholesterol (mg/dL),47.00502512562814,47.00502512562814,1.0637605705831692,1.0147548693522799,1.1151329111135224
hdl,HDL cholesterol (mg/dL),47.38693467336684,47.38693467336684,1.0591038518473623,1.0121741713929202,1.108209437368148
hdl,HDL cholesterol (mg/dL),47.768844221105525,47.768844221105525,1.0546225904202038,1.0098347679978248,1.1013968259676878
hdl,HDL cholesterol (mg/dL),48.150753768844226,48.150753768844226,1.0503142100024367,1.0077286392171096,1.094699402996101
hdl,HDL cholesterol (mg/dL),48.53266331658291,48.53266331658291,1.0461762273658914,1.0058475962821853,1.0881218017033243
hdl,HDL cholesterol (mg/dL),48.914572864321606,48.914572864321606,1.0422062500151377,1.004183320165683,1.0816689002476179
hdl,HDL cholesterol (mg/dL),49.2964824120603,49.2964824120603,1.0384019739366817,1.0027273922763986,1.075345769728781
hdl,HDL cholesterol (mg/dL),49.678391959798994,49.678391959798994,1.0347611814327289,1.0014713187335706,1.0691576309485022
hdl,HDL cholesterol (mg/dL),50.06030150753769,50.06030150753769,1.0312817390366633,1.0004065494343244,1.063109818575118
hdl,HDL cholesterol (mg/dL),50.44221105527638,50.44221105527638,1.0279615955075019,0.9995244929376512,1.0572077515905802
hdl,HDL cholesterol (mg/dL),50.824120603015075,50.824120603015075,1.024798779900704,0.9988165280322353,1.0514569090631605
hdl,HDL cholesterol (mg/dL),51.20603015075377,51.20603015075377,1.0217913997128067,0.9982740127288536,1.0458628104252161
hdl,HDL cholesterol (mg/dL),51.58793969849246,51.58793969849246,1.0189376390974771,0.9978882913169134,1.040430999545433
hdl,HDL cholesterol (mg/dL),51.969849246231156,51.969849246231156,1.0162357571506526,0.9976507000455729,1.035167031972598
hdl,HDL cholesterol (mg/dL),52.35175879396985,52.35175879396985,1.0136840862625505,0.997552571930319,1.0300764647958012
hdl,HDL cholesterol (mg/dL),52.73366834170854,52.73366834170854,1.0112810305344035,0.9975852411440194,1.02516484861576
hdl,HDL cholesterol (mg/dL),53.11557788944724,53.11557788944724,1.0090250642578766,0.9977400474263364,1.0204377211547992
hdl,HDL cholesterol (mg/dL),53.497487437185924,53.497487437185924,1.006914730455198,0.9980083409367191,1.015900602049128
hdl,HDL cholesterol (mg/dL),53.879396984924625,53.879396984924625,1.0049486394781155,0.9983814879846399,1.0115589883658311
hdl,HDL cholesterol (mg/dL),54.26130653266331,54.26130653266331,1.0031254676638708,0.9988508780979618,1.0074183503667813
hdl,HDL cholesterol (mg/dL),54.64321608040201,54.64321608040201,1.001443956046456,0.9994079329392023,1.003484126999606
hdl,HDL cholesterol (mg/dL),55.0251256281407,55.0251256281407,0.9999029091214866,0.9997617205274713,1.000044117654472
hdl,HDL cholesterol (mg/dL),55.4070351758794,55.4070351758794,0.9985011936630935,0.9962564896082083,1.0007509553475618
hdl,HDL cholesterol (mg/dL),55.78894472361809,55.78894472361809,0.997237737591307,0.9929737399899381,1.0015200455213504
hdl,HDL cholesterol (mg/dL),56.17085427135679,56.17085427135679,0.9961115065526202,0.9899185431346809,1.002343213356227
hdl,HDL cholesterol (mg/dL),56.552763819095475,56.552763819095475,0.9951208589290036,0.9870908841216969,1.0032161575038003
hdl,HDL cholesterol (mg/dL),56.93467336683417,56.93467336683417,0.9942634496120892,0.9844850573013536,1.0041389657496147
hdl,HDL cholesterol (mg/dL),57.31658291457286,57.31658291457286,0.9935369522467046,0.9820951872270584,1.0051120179773891
hdl,HDL cholesterol (mg/dL),57.698492462311556,57.698492462311556,0.992939098519116,0.9799155360907182,1.0061357505374624
hdl,HDL cholesterol (mg/dL),58.08040201005025,58.08040201005025,0.9924676753807953,0.9779404911109721,1.0072106591647276
hdl,HDL cholesterol (mg/dL),58.462311557788944,58.462311557788944,0.9921205223544227,0.9761645520539697,1.0083373021543534
hdl,HDL cholesterol (mg/dL),58.84422110552764,58.84422110552764,0.9918955289183893,0.974582318977465,1.0095163036823376
hdl,HDL cholesterol (mg/dL),59.22613065326633,59.22613065326633,0.9917906319662508,0.9731884802265294,1.010748357221667
hdl,HDL cholesterol (mg/dL),59.608040201005025,59.608040201005025,0.9918038133377571,0.9719778006994749,1.0120342290157491
hdl,HDL cholesterol (mg/dL),59.98994974874372,59.98994974874372,0.9919330974182485,0.9709451104059886,1.0133747615684907
hdl,HDL cholesterol (mg/dL),60.37185929648241,60.37185929648241,0.9921765488033734,0.9700852933474422,1.014770877103482
hdl,HDL cholesterol (mg/dL),60.753768844221106,60.753768844221106,0.9925322700262317,0.9693932767595611,1.016223580935526
hdl,HDL cholesterol (mg/dL),61.1356783919598,61.1356783919598,0.9929983993442015,0.96886402076937606,1.0177339646869394
hdl,HDL cholesterol (mg/dL),61.517587939698494,61.517587939698494,0.9935731085828428,0.9684925085313056,1.0193032092690302
hdl,HDL cholesterol (mg/dL),61.89949748743719,61.89949748743719,0.9942546010344097,0.9682737369210475,1.0209325875361406
hdl,HDL cholesterol (mg/dL),62.28140703517588,62.28140703517588,0.9950411094086372,0.9682027078804212,1.0226234665059992
hdl,HDL cholesterol (mg/dL),62.663316582914575,62.663316582914575,0.9959308938335873,0.9682744205209538,1.0243773090262107
hdl,HDL cholesterol (mg/dL),63.04522613065326,63.04522613065326,0.996922239904467,0.9684838641083171,1.0261956747531162
hdl,HDL cholesterol (mg/dL),63.427135678391956,63.427135678391956,0.9980134567784421,0.9688260120629741,1.0280802202966788
hdl,HDL cholesterol (mg/dL),63.80904522613065,63.80904522613065,0.9992028753135879,0.969295817123707,1.0300326983743902
hdl,HDL cholesterol (mg/dL),64.19095477386935,64.19095477386935,1.000488846250222,0.9698882078289798,1.0320549558095076
hdl,HDL cholesterol (mg/dL),64.57286432160804,64.57286432160804,1.0018697384329722,0.9705980864751457,1.034148930205474
hdl,HDL cholesterol (mg/dL),64.95477386934672,64.95477386934672,1.0033439370720332,0.9714203287089554,1.036316645130475
hdl,HDL cholesterol (mg/dL),65.33668341708542,65.33668341708542,1.0049098420421616,0.9723497849032906,1.0385602036551496
hdl,HDL cholesterol (mg/dL),65.71859296482413,65.71859296482413,1.0065658662180574,0.9733812834481513,1.0408817801038772
hdl,HDL cholesterol (mg/dL),66.10050251256281,66.10050251256281,1.0083104338448692,0.9745096360625481,1.0432836099069345
hdl,HDL cholesterol (mg/dL),66.4824120603015,66.4824120603015,1.0101419789426487,0.9757296451962078,1.045767977478006
hdl,HDL cholesterol (mg/dL),66.8643216080402,66.8643216080402,1.012058943743672,0.9770361135426774,1.0483372020893236
hdl,HDL cholesterol (mg/dL),67.2462311557789,67.2462311557789,1.0140597771616218,0.9784238556278843,1.050993621774661
hdl,HDL cholesterol (mg/dL),67.62814070351759,67.62814070351759,1.0161429332917105,0.9798877113717996,1.0537395753572232
hdl,HDL cholesterol (mg/dL),68.01005025125627,68.01005025125627,1.018306869940905,0.98142256144788,1.056577382772866
hdl,HDL cholesterol (mg/dL),68.39195979899498,68.39195979899498,1.0205500471874887,0.9830233441886784,1.0595093239357283
hdl,HDL cholesterol (mg/dL),68.77386934673368,68.77386934673368,1.0228709259692703,0.9846850737106873,1.0625376164690785
hdl,HDL cholesterol (mg/dL),69.15577889447236,69.15577889447236,1.0252679666998281,0.9864028588619714,1.0656643926940321
hdl,HDL cholesterol (mg/dL),69.53768844221105,69.53768844221105,1.0277396279122433,0.988171922537718,1.0688916763275873
hdl,HDL cholesterol (mg/dL),69.91959798994975,69.91959798994975,1.0302843649298525,0.989987620866544,1.0722213593840522
hdl,HDL cholesterol (mg/dL),70.30150753768845,70.30150753768845,1.032900628563612,0.9918454617486446,1.0756551797960199
hdl,HDL cholesterol (mg/dL),70.68341708542714,70.68341708542714,1.0355868638357364,0.993741122228806,1.079194700269443
hdl,HDL cholesterol (mg/dL),71.06532663316582,71.06532663316582,1.0383415087293415,0.9956704642144031,1.082841288860569
hdl,HDL cholesterol (mg/dL),71.44723618090453,71.44723618090453,1.041162992963879,0.9976295481002541,1.0865961017110597
hdl,HDL cholesterol (mg/dL),71.82914572864321,71.82914572864321,1.0440497367962183,0.9996146439360428,1.0904600683040766
hdl,HDL cholesterol (mg/dL),72.2110552763819,72.2110552763819,1.0470001498472923,1.0016222398635282,1.0944338795129107
hdl,HDL cholesterol (mg/dL),72.5929648241206,72.5929648241206,1.0500126299542785,1.003649047654004,1.0985179786107697
hdl,HDL cholesterol (mg/dL),72.9748743718593,72.9748743718593,1.0530855620483506,1.005692005284734,1.1027125553023671
hdl,HDL cholesterol (mg/dL),73.35678391959799,73.35678391959799,1.05621731705809,1.007748276599367,1.1070175427319509
hdl,HDL cholesterol (mg/dL),73.73869346733667,73.73869346733667,1.0594062508387054,1.0098152481952556,1.1114326173247768
hdl,HDL cholesterol (mg/dL),74.12060301507537,74.12060301507537,1.062650703127261,1.0118905237647469,1.115957201235135
hdl,HDL cholesterol (mg/dL),74.50251256281408,74.50251256281408,1.0659489965241649,1.0139719161841192,1.120590467107722
hdl,HDL cholesterol (mg/dL),74.88442211055276,74.88442211055276,1.0692994355012335,1.0160574376907112,1.1253313448125255
hdl,HDL cholesterol (mg/dL),75.26633165829145,75.26633165829145,1.0727003054366808,1.0181452885155322,1.1301785297869047
hdl,HDL cholesterol (mg/dL),75.64824120603015,75.64824120603015,1.0761498716774471,1.0202338443463272,1.1351304926111225
hdl,HDL cholesterol (mg/dL),76.03015075376885,76.03015075376885,1.079646378629323,1.0223216429869253,1.140185489452969
hdl,HDL cholesterol (mg/dL),76.41206030150754,76.41206030150754,1.0831880488753716,1.024407370555813,1.145341573040263
hdl,HDL cholesterol (mg/dL),76.79396984924622,76.79396984924622,1.086773082323205,1.0264898475336472,1.150596603853469
hdl,HDL cholesterol (mg/dL),77.17587939698493,77.17587939698493,1.0903996553817026,1.0285680149293794,1.1559482612709566
hdl,HDL cholesterol (mg/dL),77.55778894472363,77.55778894472363,1.0940659201678185,1.0306409207910179,1.1613940544432988
hdl,HDL cholesterol (mg/dL),77.93969849246231,77.93969849246231,1.0977700037441558,1.0327077072426358,1.1669313327176556
hdl,HDL cholesterol (mg/dL),78.321608040201,78.321608040201,1.1015100073880308,1.0347675981862796,1.1725572954764634
hdl,HDL cholesterol (mg/dL),78.7035175879397,78.7035175879397,1.1052840058927897,1.036819887767633,1.178269001294662
hdl,HDL cholesterol (mg/dL),79.08542713567839,79.08542713567839,1.1090900469021743,1.0388639296687427,1.1840633763554547
hdl,HDL cholesterol (mg/dL),79.46733668341707,79.46733668341707,1.112926150278578,1.0408991272604597,1.189937222095456
hdl,HDL cholesterol (mg/dL),79.84924623115577,79.84924623115577,1.1167903075060586,1.0429249246216639,1.1958872220758594
hdl,HDL cholesterol (mg/dL),80.23115577889448,80.23115577889448,1.1206804811290103,1.0449407984117602,1.201909948097032
hdl,HDL cholesterol (mg/dL),80.61306532663316,80.61306532663316,1.1245946042274355,1.0469462505669918,1.208001865590077
hdl,HDL cholesterol (mg/dL),80.99497487437185,80.99497487437185,1.128530579929774,1.048940801779361,1.2141593383308231
hdl,HDL cholesterol (mg/dL),81.37688442211055,81.37688442211055,1.1324862809642857,1.0509239857088277,1.2203786325300026
hdl,HDL cholesterol (mg/dL),81.75879396984925,81.75879396984925,1.1364595492500014,1.0528953438743804,1.2266559203586034
hdl,HDL cholesterol (mg/dL),82.14070351758794,82.14070351758794,1.1404482145045516,1.0548544328350904,1.2329873103637525
hdl,HDL cholesterol (mg/dL),82.52261306532662,82.52261306532662,1.144450974830067,1.0568013529451479,1.239370133411887
hdl,HDL cholesterol (mg/dL),82.90452261306532,82.90452261306532,1.14846778409706,1.058736936905669,1.245803565674907
hdl,HDL cholesterol (mg/dL),83.28643216080403,83.28643216080403,1.1524986916146922,1.06066201373673,1.2522869839508242
hdl,HDL cholesterol (mg/dL),83.66834170854271,83.66834170854271,1.1565437468651911,1.0625773540739518,1.2588198245375772
hdl,HDL cholesterol (mg/dL),84.0502512562814,84.0502512562814,1.160602999504458,1.0644836746246504,1.2654015787829842
hdl,HDL cholesterol (mg/dL),84.4321608040201,84.4321608040201,1.1646764993626775,1.0663816423004677,1.2720317889582502
hdl,HDL cholesterol (mg/dL),84.8140703517588,84.8140703517588,1.1687642964449279,1.068271878041251,1.278710044440259
hdl,HDL cholesterol (mg/dL),85.19597989949749,85.19597989949749,1.1728664409317962,1.0701549603467762,1.2854359781860563
hdl,HDL cholesterol (mg/dL),85.57788944723617,85.57788944723617,1.1769829831799945,1.0720314285338948,1.292209263481943
hdl,HDL cholesterol (mg/dL),85.95979899497488,85.95979899497488,1.1811139737229772,1.0739017857370328,1.2990296109492494
hdl,HDL cholesterol (mg/dL),86.34170854271358,86.34170854271358,1.1852594632715618,1.0757665016698632,1.3058967657889715
hdl,HDL cholesterol (mg/dL),86.72361809045226,86.72361809045226,1.1894195027145507,1.0776260151655261,1.3128105052478938
hdl,HDL cholesterol (mg/dL),87.10552763819095,87.10552763819095,1.193594143119357,1.0794807365121146,1.3197706362894819
hdl,HDL cholesterol (mg/dL),87.48743718592965,87.48743718592965,1.1977834357326316,1.0813310495993238,1.3267769934536469
hdl,HDL cholesterol (mg/dL),87.86934673366834,87.86934673366834,1.2019874319808899,1.0831773138912593,1.3338294368903816
hdl,HDL cholesterol (mg/dL),88.25125628140702,88.25125628140702,1.2062061834711464,1.0850198662394621,1.3409278505532243
hdl,HDL cholesterol (mg/dL),88.63316582914572,88.63316582914572,1.2104397419915456,1.086859022549238,1.3480721405394445
hdl,HDL cholesterol (mg/dL),89.01507537688443,89.01507537688443,1.2146881595119992,1.0886950793114427,1.355262233564814
hdl,HDL cholesterol (mg/dL),89.39698492462311,89.39698492462311,1.218951488184823,1.090528315010952,1.3624980755617266
hdl,HDL cholesterol (mg/dL),89.7788944723618,89.7788944723618,1.2232297803453784,1.0923589914221694,1.3697796303903207
hdl,HDL cholesterol (mg/dL),90.1608040201005,90.1608040201005,1.227523088512714,1.0941873548010868,1.377106878653078
hdl,HDL cholesterol (mg/dL),90.5427135678392,90.5427135678392,1.23183146539021,1.0960136369826368,1.3844798166041719
hdl,HDL cholesterol (mg/dL),90.92462311557789,90.92462311557789,1.236154963866226,1.0978380563913444,1.3918984551455542
hdl,HDL cholesterol (mg/dL),91.30653266331657,91.30653266331657,1.2404936370147497,1.0996608189726014,1.3993628189024547
hdl,HDL cholesterol (mg/dL),91.68844221105527,91.68844221105527,1.2448475380960489,1.1014821190512638,1.406872945371592
hdl,HDL cholesterol (mg/dL),92.07035175879396,92.07035175879396,1.2492167205573246,1.1033021401236975,1.4144288841359771
hdl,HDL cholesterol (mg/dL),92.45226130653266,92.45226130653266,1.253601238033368,1.1051210555888586,1.4220306961407208
hdl,HDL cholesterol (mg/dL),92.83417085427135,92.83417085427135,1.2580011443472174,1.1069390294235115,1.429678453024736
hdl,HDL cholesterol (mg/dL),93.21608040201005,93.21608040201005,1.2624164935108213,1.1087562168062417,1.4373722365036898
hdl,HDL cholesterol (mg/dL),93.59798994974874,93.59798994974874,1.266847339725699,1.1105727646945118,1.4451121377999443
hdl,HDL cholesterol (mg/dL),93.97989949748744,93.97989949748744,1.2712937373836075,1.1123888123586374,1.452898257115622
hdl,HDL cholesterol (mg/dL),94.36180904522612,94.36180904522612,1.2757557410672085,1.1142044918762202,1.4607307031452457
hdl,HDL cholesterol (mg/dL),94.74371859296483,94.74371859296483,1.2802334055507387,1.116019928590266,1.4686095926247402
hdl,HDL cholesterol (mg/dL),95.12562814070351,95.12562814070351,1.2847267858006823,1.1178352415339365,1.4765350499138328
hdl,HDL cholesterol (mg/dL),95.50753768844221,95.50753768844221,1.2892359369764452,1.1196505438246207,1.4845072066091758
hdl,HDL cholesterol (mg/dL),95.8894472361809,95.8894472361809,1.2937609144310331,1.1214659430297915,1.492526201185726
hdl,HDL cholesterol (mg/dL),96.2713567839196,96.2713567839196,1.2983017737117304,1.1232815415068818,1.5005921786641399
hdl,HDL cholesterol (mg/dL),96.65326633165829,96.65326633165829,1.3028585705607807,1.1250974367192415,1.5087052903021259
hdl,HDL cholesterol (mg/dL),97.03517587939699,97.03517587939699,1.3074313609160746,1.1269137215300509,1.5168656933078937
hdl,HDL cholesterol (mg/dL),97.41708542713567,97.41708542713567,1.312020200911833,1.1287304844759003,1.5250735505739588
hdl,HDL cholesterol (mg/dL),97.79899497487438,97.79899497487438,1.3166251468792975,1.130547810021618,1.5333290304297564
hdl,HDL cholesterol (mg/dL),98.18090452261306,98.18090452261306,1.3212462553474218,1.132365778797774,1.5416323064116042
hdl,HDL cholesterol (mg/dL),98.56281407035176,98.56281407035176,1.3258835830435667,1.1341844678221926,1.5499835570487155
hdl,HDL cholesterol (mg/dL),98.94472361809045,98.94472361809045,1.3305371868941938,1.1360039507066677,1.558382965664033
hdl,HDL cholesterol (mg/dL),99.32663316582915,99.32663316582915,1.335207124025567,1.137824297850001,1.5668307201887939
hdl,HDL cholesterol (mg/dL),99.70854271356784,99.70854271356784,1.3398934517644523,1.139645576618376,1.5753270129897952
hdl,HDL cholesterol (mg/dL),100.09045226130652,100.09045226130652,1.344596227638823,1.1414678515140038,1.583872040708431
hdl,HDL cholesterol (mg/dL),100.47236180904522,100.47236180904522,1.3493155093785631,1.1432911843328983,1.59246600411064
hdl,HDL cholesterol (mg/dL),100.85427135678391,100.85427135678391,1.3540513549161786,1.145115634312573,1.6011091079469757
hdl,HDL cholesterol (mg/dL),101.23618090452261,101.23618090452261,1.3588038223875087,1.146941258270386,1.609801560822077
hdl,HDL cholesterol (mg/dL),101.6180904522613,101.6180904522613,1.3635729701324366,1.1487681107331953,1.6185435750728545
hdl,HDL cholesterol (mg/dL),102,102,1.368358856695609,1.150596244058953,1.627335366654802
log_acr,Urine ACR (log10 mg/g),1.6101495360661995,0.206866211232259,0.7064949635529457,0.5966492059292348,0.8365638109721675
log_acr,Urine ACR (log10 mg/g),1.66220924845109,0.22068569437435775,0.7076213852242929,0.6007497195065123,0.8335052161789963
log_acr,Urine ACR (log10 mg/g),1.71595216701832,0.2345051775164565,0.7087496028401934,0.6048694567972369,0.8304701020711656
log_acr,Urine ACR (log10 mg/g),1.771432713563986,0.24832466065855524,0.7098796192640656,0.6090075019788778,0.8274595505130126
log_acr,Urine ACR (log10 mg/g),1.8287070694617826,0.262144143800654,0.7110114373638939,0.6131627848005408,0.8244747995048649
log_acr,Urine ACR (log10 mg/g),1.8878332325540546,0.27596362694275267,0.7121450600122348,0.6173340535982028,0.8215172701778618
log_acr,Urine ACR (log10 mg/g),1.948871075882267,0.2897831100848514,0.7132804900862251,0.6215198427166778,0.8185885993821272
log_acr,Urine ACR (log10 mg/g),2.011882408316357,0.30360259322695016,0.7144177304675883,0.6257184330031548,0.8156906792034466
log_acr,Urine ACR (log10 mg/g),2.0769310371443717,0.3174220763690489,0.7155567840426433,0.6299278036837073,0.8128257050970572
log_acr,Urine ACR (log10 mg/g),2.144082832685766,0.3312415595111476,0.7166976537023103,0.6341455734820282,0.8099962347792905
log_acr,Urine ACR (log10 mg/g),2.213405794993792,0.34506104265324633,0.7178403423421189,0.6383689282624575,0.8072052605950041
log_acr,Urine ACR (log10 mg/g),2.2849701227145247,0.3588805257953451,0.7189848528622154,0.6425945317460957,0.804456298812011
log_acr,Urine ACR (log10 mg/g),2.3588482841722533,0.37270000893744376,0.7201311881673694,0.6468184149255749,0.8017535002169317
log_acr,Urine ACR (log10 mg/g),2.435115090753224,0.38651949207954256,0.7212793511669828,0.651035838659588,0.7991017875313736
log_acr,Urine ACR (log10 mg/g),2.513847772662035,0.40033897522164125,0.7224293447750955,0.6552411225462152,0.7965070265493952
log_acr,Urine ACR (log10 mg/g),2.595126057127412,0.41415845836374,0.7235811719103937,0.6594274315794078,0.7939762394918977
log_acr,Urine ACR (log10 mg/g),2.679032249136546,0.42797794150583873,0.7247348448562434,0.6635865155874805,0.7915178850248363
log_acr,Urine ACR (log10 mg/g),2.7656513147797517,0.44179742464793753,0.7258953979615578,0.6677112451872304,0.7891496999335628
log_acr,Urine ACR (log10 mg/g),2.855070967289845,0.4556169077900362,0.7270812051391162,0.6718006287831415,0.7869106639928403
log_acr,Urine ACR (log10 mg/g),2.9473817558633666,0.4694363909321349,0.7283129408768935,0.6758541833937007,0.7848434660642708
log_acr,Urine ACR (log10 mg/g),3.0426771573535873,0.4832558740742337,0.7296114254212342,0.6798708459315479,0.7829911155784471
log_acr,Urine ACR (log10 mg/g),3.141053670928157,0.4970753572163324,0.7309976407921259,0.6838491610659242,0.7813968068787921
log_acr,Urine ACR (log10 mg/g),3.242610915787247,0.5108948403584311,0.7324927528045506,0.6877876330702508,0.7801036353562721
log_acr,Urine ACR (log10 mg/g),3.3474517320411294,0.5247143235005298,0.7341181391940779,0.6916853019558803,0.7791541048650932
log_acr,Urine ACR (log10 mg/g),3.4556822848493622,0.5385338066426285,0.7358954239649347,0.6955426016633938,0.7785893685267161
log_acr,Urine ACR (log10 mg/g),3.56741217192702,0.5523532897847273,0.737846518103904,0.6993625348341409,0.7784481683840376
log_acr,Urine ACR (log10 mg/g),3.68275453452684,0.5661727729268261,0.739993666833733,0.7031521446706963,0.7787654935056542
log_acr,Urine ACR (log10 mg/g),3.801826172009668,0.5799922560689248,0.7423595036155098,0.7069241770678568,0.7795710636097921
log_acr,Urine ACR (log10 mg/g),3.9247476601192264,0.5938117392110235,0.7449671111509548,0.7106987210833157,0.7808878505517092
log_acr,Urine ACR (log10 mg/g),4.05164347308096,0.6076312223531222,0.747840089683112,0.7145045326632347,0.7827309333541227
log_acr,Urine ACR (log10 mg/g),4.182642109648615,0.621450705495221,0.7510026329479236,0.7183797388002747,0.7851069904012414
log_acr,Urine ACR (log10 mg/g),4.31787622322618,0.6352701886373198,0.7544796121901206,0.7223717222398417,0.7880146297055022
log_acr,Urine ACR (log10 mg/g),4.45748275619696,0.6490896717794185,0.7582966687253471,0.726536182138097,0.7914455631208501
log_acr,Urine ACR (log10 mg/g),4.6016030785958115,0.6629091549215171,0.7624803156071631,0.7309355776649581,0.7953864190680932
log_acr,Urine ACR (log10 mg/g),4.750383131264956,0.6767286380636159,0.7670580490433457,0.735637298122283,0.7998208520748213
log_acr,Urine ACR (log10 mg/g),4.903973573638328,0.6905481212057146,0.7720584703017156,0.7407119162753784,0.8047315946555117
log_acr,Urine ACR (log10 mg/g),5.062529936304149,0.7043676043478134,0.7775114189526637,0.7462317897853499,0.8101021892616946
log_acr,Urine ACR (log10 mg/g),5.226212778500153,0.7181870874899121,0.7834481184149616,0.7522701393507332,0.8159182747539235
log_acr,Urine ACR (log10 mg/g),5.395187850701007,0.7320065706320109,0.78990133490483,0.7589006099711089,0.8221684245426895
log_acr,Urine ACR (log10 mg/g),5.569626262462536,0.7458260537741096,0.796898535454295,0.766187538702261,0.8288405171465186
log_acr,Urine ACR (log10 mg/g),5.749704655692724,0.7596455369162084,0.8044329639348368,0.774144949003137,0.8359059815584539
log_acr,Urine ACR (log10 mg/g),5.93560538352495,0.7734650200583071,0.8124867707038211,0.7827670871879093,0.8433348353215228
log_acr,Urine ACR (log10 mg/g),6.127516694974604,0.7872845032004058,0.8210418706747995,0.7920440953629597,0.8511012926524738
log_acr,Urine ACR (log10 mg/g),6.325632925566047,0.8011039863425046,0.83007978578389785,0.8019626196173688,0.8591827523030834
log_acr,Urine ACR (log10 mg/g),6.530154694122965,0.8149234694846033,0.8395814877423841,0.8125062070559006,0.8675590025507558
log_acr,Urine ACR (log10 mg/g),6.741289105921416,0.8287429526267021,0.8495272452032036,0.8236555428571534,0.8762115991341151
log_acr,Urine ACR (log10 mg/g),6.95924996241123,0.8425624357688007,0.8598964753419045,0.8353885654966099,0.8851233771267502
log_acr,Urine ACR (log10 mg/g),7.184257977718197,0.8563819189108995,0.8706675999907617,0.8476804908544914,0.8942780656772225
log_acr,Urine ACR (log10 mg/g),7.416541002146237,0.8702014020529981,0.8818179066003321,0.860503769478317,0.9036599814924879
log_acr,Urine ACR (log10 mg/g),7.656334252905904,0.884020885195097,0.8933234144353273,0.873827996101283,0.9132537825967004
log_acr,Urine ACR (log10 mg/g),7.903880552302831,0.8978403683371957,0.905158746541452,0.8876197865715684,0.9230442683179548
log_acr,Urine ACR (log10 mg/g),8.15943057362737,0.9116598514792944,0.9172970081464276,0.901842634437071,0.9330162148295519
log_acr,Urine ACR (log10 mg/g),8.423243094994369,0.9254793346213932,0.9297096722811826,0.9164567573466263,0.9431542381069071
log_acr,Urine ACR (log10 mg/g),8.695585261390141,0.9392988177634918,0.9423664735253809,0.931418941986315,0.9534426780400502
log_acr,Urine ACR (log10 mg/g),8.976732855192049,0.9531183009055906,0.9552353108939856,0.9466823953168068,0.9638654988121653
log_acr,Urine ACR (log10 mg/g),9.266970575434499,0.9669377840476893,0.9682821609871608,0.9621966092991503,0.9744062016274182
log_acr,Urine ACR (log10 mg/g),9.566592326104326,0.9807572671897881,0.9814710026230128,0.9779072460084974,0.9850477465236531
log_acr,Urine ACR (log10 mg/g),9.875901513757329,0.9945767503318869,0.9947637542597267,0.9937560499830244,0.995772480384708
log_acr,Urine ACR (log10 mg/g),10.195211354757442,1.0083962334739853,1.008120225588694,1.0065620683922323,1.009680794811125
log_acr,Urine ACR (log10 mg/g),10.524845192449662,1.0222157166160843,1.021503274166908,1.0173998102461017,1.02562328852932
log_acr,Urine ACR (log10 mg/g),10.865136824587797,1.036035199758183,1.0349020363600756,1.028281208160915,1.0415654943045771
log_acr,Urine ACR (log10 mg/g),11.216430841348775,1.0498546829002817,1.0483147304723555,1.0392059358706225,1.0575033650136354
log_acr,Urine ACR (log10 mg/g),11.579082974275659,1.0636741660423805,1.0617396379308668,1.0501736732588844,1.073432982999254
log_acr,Urine ACR (log10 mg/g),11.953460456502745,1.0774936491844793,1.0751750989352435,1.0611841030561533,1.0893505566481712
log_acr,Urine ACR (log10 mg/g),12.339942394627595,1.091313132326578,1.0886195143670825,1.0722369103704823,1.1052524265848545
log_acr,Urine ACR (log10 mg/g),12.738920152606475,1.1051326154686767,1.1020713476428654,1.083331782166207,1.1211350717199038
log_acr,Urine ACR (log10 mg/g),13.150797748062002,1.1189520986107753,1.1155291265099647,1.0944684066905805,1.136995115148987
log_acr,Urine ACR (log10 mg/g),13.575992261404293,1.1327715817528743,1.1289914447854685,1.1056464728470963,1.1528293299001475
log_acr,Urine ACR (log10 mg/g),14.014934258179894,1.1465910648949729,1.142456964037704,1.1168656695141481,1.1686346445280489
log_acr,Urine ACR (log10 mg/g),14.468068225076243,1.1604105480370717,1.155924415210465,1.128125684807791,1.1844081485542188
log_acr,Urine ACR (log10 mg/g),14.93585302002306,1.1742300311791702,1.1693926001900885,1.139426205287567,1.2001470977527793
log_acr,Urine ACR (log10 mg/g),15.418762336846564,1.188049514321269,1.1828603933156434,1.1507669151046143,1.2158489192814894
log_acr,Urine ACR (log10 mg/g),15.917285184946934,1.2018689974633678,1.1963267428326387,1.1621474950916053,1.2315112166582072
log_acr,Urine ACR (log10 mg/g),16.431926384484903,1.2156884806054664,1.2097906722907688,1.1735676217944506,1.2471317745830734
log_acr,Urine ACR (log10 mg/g),16.963207077578744,1.2295079637475652,1.223251281886341,1.1850269664461708,1.2627085636068074
log_acr,Urine ACR (log10 mg/g),17.51166525602943,1.243327446889664,1.2367077497501575,1.1965251938839105,1.2782397446455174
log_acr,Urine ACR (log10 mg/g),18.077856306108337,1.2571469300317628,1.2501593331817287,1.2080619614107233,1.2937236733422997
log_acr,Urine ACR (log10 mg/g),18.662353570959073,1.2709664131738614,1.2636053698308196,1.2196369176045347,1.3091589042756486
log_acr,Urine ACR (log10 mg/g),19.265748931183133,1.2847858963159602,1.277045278827442,1.2312497010776062,1.324544195014319
log_acr,Urine ACR (log10 mg/g),19.88865340419704,1.2986053794580588,1.2904785618615038,1.24289993919085,1.3398785100177073
log_acr,Urine ACR (log10 mg/g),20.531697762968147,1.3124248626001578,1.3039048042134467,1.2545872467285706,1.3551610243801064
log_acr,Urine ACR (log10 mg/g),21.195533174755436,1.3262443457422564,1.3173236757372928,1.2663112245405699,1.3703911274162566
log_acr,Urine ACR (log10 mg/g),21.88083186050235,1.3400638288843552,1.3307349317976325,1.2780714581601296,1.3855684260844974
log_acr,Urine ACR (log10 mg/g),22.588287775549155,1.3538833120264537,1.3441384141621708,1.2898675164081388,1.4006927482424623
log_acr,Urine ACR (log10 mg/g),23.318617312354284,1.3677027951685525,1.3575340518515477,1.3016989499956275,1.4157641457286814
log_acr,Urine ACR (log10 mg/g),24.07256002593626,1.3815222783106513,1.370921861948241,1.3135652901391768,1.4307828972616201
log_acr,Urine ACR (log10 mg/g),24.85087938277066,1.3953417614527501,1.3843019503664349,1.3254660472061195,1.445749511145583
log_acr,Urine ACR (log10 mg/g),25.654363533900742,1.4091612445948487,1.3976745125848407,1.3374007094091456,1.4606647277705662
log_acr,Urine ACR (log10 mg/g),26.483826113044312,1.4229807277369475,1.411039834344515,1.349368741572859,1.4755295218905073
log_acr,Urine ACR (log10 mg/g),27.34010706050524,1.436800210879046,1.42439829231381,1.3613695839979985,1.490345104661514
log_acr,Urine ACR (log10 mg/g),28.22407347372384,1.450619694021145,1.437750354722667,1.3734026514524493,1.5051129254185254
log_acr,Urine ACR (log10 mg/g),29.136620485327406,1.4644391771632437,1.451096581968524,1.3854673323217455,1.519834673165526
log_acr,Urine ACR (log10 mg/g),30.078672169570158,1.4782586603053425,1.46443762719619,1.3975629879555331,1.5345122777509062
log_acr,Urine ACR (log10 mg/g),31.051182478080317,1.492078143447441,1.4777742368540974,1.4096889522503167,1.5491479106959283
log_acr,Urine ACR (log10 mg/g),32.05513620586202,1.50589762658954,1.4911072512294012,1.4218445315127166,1.5637439856405393
log_acr,Urine ACR (log10 mg/g),33.09154998853012,1.5197171097316386,1.5044376049644712,1.434029004651317,1.5783031583671219
log_acr,Urine ACR (log10 mg/g),34.161473331788024,1.5335365928737374,1.5177663275573634,1.44624162374887,1.5928283263592289
log_acr,Urine ACR (log10 mg/g),35.265989674190564,1.547356076015836,1.5310945438489263,1.4584816150700184,1.607322627849107
log_acr,Urine ACR (log10 mg/g),36.406217484268566,1.5611755591579348,1.5444234744992382,1.4707481805626528,1.6217894403049984
log_acr,Urine ACR (log10 mg/g),37.5833113931258,1.5749950423000336,1.5577544364561426,1.483040499913325,1.6362323783070085
log_acr,Urine ACR (log10 mg/g),38.79846336365523,1.5888145254421324,1.5710888434186732,1.4953577332186232,1.6506552907589453
log_acr,Urine ACR (log10 mg/g),40.052903897558885,1.602634008584231,1.584428206298236,1.5076990243348478,1.6650622573832103
log_acr,Urine ACR (log10 mg/g),41.34790328139304,1.6164534917263298,1.597774133680439,1.5200635049674471,1.679457584446742
log_acr,Urine ACR (log10 mg/g),42.684772872901036,1.6302729748684286,1.61112833229052,1.5324502995592846,1.6938457996685028
log_acr,Urine ACR (log10 mg/g),44.06486642893597,1.6440924580105274,1.6244926074653603,1.5448585310326233,1.7082316462631986
log_acr,Urine ACR (log10 mg/g),45.48958147631819,1.657911941152626,1.6378688636351209,1.5572873274335641,1.722620076082168
log_acr,Urine ACR (log10 mg/g),46.96036072701556,1.6717314242947248,1.6512591048175749,1.569735829519296,1.7370162418207205
log_acr,Urine ACR (log10 mg/g),48.478693539079686,1.6855509074368233,1.6646654351282542,1.5822031993178636,1.751425488271956
log_acr,Urine ACR (log10 mg/g),50.04611742481747,1.6993703905789221,1.678090059309572,1.5946886296770628,1.7658533426201595
log_acr,Urine ACR (log10 mg/g),51.664219607725116,1.713189873721021,1.6915352832821202,1.6071913548036274,1.780305503782358
log_acr,Urine ACR (log10 mg/g),53.334638629761464,1.7270093568631197,1.7050035147213878,1.6197106617761468,1.7947878308243514
log_acr,Urine ACR (log10 mg/g),55.05906601058787,1.7408288400052185,1.7184972636631834,1.6322459029954302,1.8093063304972603
log_acr,Urine ACR (log10 mg/g),56.83924796045493,1.7546483231473171,1.7320191431410883,1.6447965095146664,1.8238671439620053
log_acr,Urine ACR (log10 mg/g),58.67698714847102,1.768467806289416,1.745571869859318,1.6573620051692637,1.8384765327916204
log_acr,Urine ACR (log10 mg/g),60.57414452804236,1.7822872894315147,1.7591582649043955,1.6699420214033034,1.8531408643642158
log_acr,Urine ACR (log10 mg/g),62.53264122133394,1.7961067725736133,1.7727812544991117,1.6825363126669475,1.8678665967820585
log_acr,Urine ACR (log10 mg/g),64.55446046465936,1.8099262557157119,1.7864438708022738,1.6951447722376942,1.8826602634736578
log_acr,Urine ACR (log10 mg/g),66.64164961676921,1.823745738857811,1.8001492527577982,1.707767448299069,1.8975284576550655
log_acr,Urine ACR (log10 mg/g),68.79632223207155,1.8375652219999095,1.8139006469967627,1.720404560094073,1.912477816842895
log_acr,Urine ACR (log10 mg/g),71.02066020088526,1.851384705142008,1.8277014087960775,1.733056513958411,1.927515007623883
log_acr,Urine ACR (log10 mg/g),73.31691595889156,1.8652041882841068,1.8415550030974954,1.7457239190309422,1.9426467108934116
log_acr,Urine ACR (log10 mg/g),75.68741476802217,1.8790236714262059,1.8554650055907336,1.7584076024366058,1.9578796077776506
log_acr,Urine ACR (log10 mg/g),78.13455707109401,1.8928431545683042,1.8694351038645605,1.7711086237406914,1.9732203664504169
log_acr,Urine ACR (log10 mg/g),80.66082092257443,1.9066626377104032,1.883469098629743,1.78382828848285,1.9886756300463517
log_acr,Urine ACR (log10 mg/g),83.26876449793798,1.920482120852502,1.8975709050178318,1.79656816061465,2.0042520058566993
log_acr,Urine ACR (log10 mg/g),85.96102868415673,1.9343016039946006,1.9117445539598397,1.8093300736852835,2.0199560559732452
log_acr,Urine ACR (log10 mg/g),88.74033975394707,1.9481210871366994,1.9259941936489438,1.8221161406455806,2.035794289520522
log_acr,Urine ACR (log10 mg/g),91.60951212648001,1.961940570278798,1.940324091091411,1.8349287621698196,2.051773156587143
log_acr,Urine ACR (log10 mg/g),94.57145121735255,1.9757600534208968,1.954738633750066,1.8477706334268884,2.06789904393524
log_acr,Urine ACR (log10 mg/g),97.62915638070373,1.9895795365629958,1.9692423312846798,1.8606447492658134,2.084178272533592
log_acr,Urine ACR (log10 mg/g),100.78572394645676,2.0033990197050944,1.9838398173937808,1.8735544078143396,2.1006170969265976
log_acr,Urine ACR (log10 mg/g),104.04435035576181,2.017218502847193,1.9985358517624923,1.8865032125218058,2.1172217064188343
log_acr,Urine ACR (log10 mg/g),107.4083353978138,2.0310379859892915,2.0133353221211006,1.8994950727078455,2.1339982280248497
log_acr,Urine ACR (log10 mg/g),110.88108555132514,2.0448574691313905,2.0282429571393372,1.9125339616931494,2.150952388601476
log_acr,Urine ACR (log10 mg/g),114.46611743403417,2.0586769522734896,2.0432609617528077,1.9256219064980733,2.168086758742525
log_acr,Urine ACR (log10 mg/g),118.16706136374496,2.0724964354155877,2.0583901662902186,1.9387598387108804,2.1854022308908143
log_acr,Urine ACR (log10 mg/g),121.9876650345033,2.0863159185576867,2.0736313941248112,1.95194870298111,2.202899672585105
log_acr,Urine ACR (log10 mg/g),125.93179731163075,2.1001354016997853,2.0889854747264383,1.9651894642616512,2.220579945586877
log_acr,Urine ACR (log10 mg/g),130.00345214946213,2.1139548848418843,2.1044532437067196,1.9784831045444482,2.2384439092632338
log_acr,Urine ACR (log10 mg/g),134.20675263575046,2.127774367983983,2.120035542864506,1.9918306198117386,2.2564924237551938
log_acr,Urine ACR (log10 mg/g),138.54595516683756,2.1415938511260815,2.1357332202317005,2.0052330172090285,2.2747263529252897
log_acr,Urine ACR (log10 mg/g),143.02545375781753,2.1554133342681805,2.1515471301194076,2.0186913124420887,2.293146567082112
log_acr,Urine ACR (log10 mg/g),147.6497844920559,2.169232817410279,2.1674781331644297,2.03220652739699,2.311753945482834
log_acr,Urine ACR (log10 mg/g),152.42363011457286,2.1830523005523776,2.1835270963760993,2.0457796879793553,2.3305493786175244
log_acr,Urine ACR (log10 mg/g),157.3518247739411,2.1968717836944767,2.199694893183471,2.0594118221667057,2.3495337702814063
log_acr,Urine ACR (log10 mg/g),162.4393589174979,2.2106912668365752,2.215982403482852,2.073103958265907,2.3687080394430375
log_acr,Urine ACR (log10 mg/g),167.69138434483273,2.224510749978674,2.2323905136856905,2.0868571233662987,2.3880731219178504
log_acr,Urine ACR (log10 mg/g),173.11321942466304,2.238330233120773,2.248920116766814,2.1006723419780213,2.407629971857542
log_acr,Urine ACR (log10 mg/g),178.7103544803848,2.2521497162628714,2.2655721123130292,2.1145506348443543,2.42737956306652
log_acr,Urine ACR (log10 mg/g),184.48845734974975,2.2659691994049704,2.2823474065720832,2.1284930179164245,2.447322890157044
log_acr,Urine ACR (log10 mg/g),190.45337912429795,2.279788682547069,2.2992469125019754,2.14250050147847,2.467460969554873
log_acr,Urine ACR (log10 mg/g),196.61116007436118,2.2936081656891676,2.316271549820654,2.156574089411887,2.4877948403672407
log_acr,Urine ACR (log10 mg/g),202.96803576563252,2.3074276488312666,2.333422245056059,2.170714778586447,2.508325565124733
log_acr,Urine ACR (log10 mg/g),209.53044337349982,2.321247131973365,2.350699931596557,2.184923558367428,2.529054230408372
log_acr,Urine ACR (log10 mg/g),216.30502820153572,2.3350666151154638,2.368105549741727,2.1992014102278126,2.5499819473727285
log_acr,Urine ACR (log10 mg/g),223.29865041074302,2.3488860982575623,2.3856400467535464,2.213549307455249,2.571109852175418
log_acr,Urine ACR (log10 mg/g),230.51839196637434,2.3627055813996614,2.403304376907935,2.227968214943983,2.5924391063227348
log_acr,Urine ACR (log10 mg/g),237.97156380935505,2.3765250645417604,2.4210995015466916,2.242459089062627,2.613970896940601
log_acr,Urine ACR (log10 mg/g),245.6657132595761,2.3903445476838585,2.4390263891298143,2.2570228775892036,2.6357064369793943
log_acr,Urine ACR (log10 mg/g),253.60863165855199,2.4041640308259575,2.457086015288205,2.271660519705553,2.6576469653605654
log_acr,Urine ACR (log10 mg/g),261.8083622591806,2.4179835139680566,2.4752793628767678,2.286372946043794,2.6797937470723805
log_acr,Urine ACR (log10 mg/g),270.2732083705989,2.431802997110155,2.493607422027895,2.3011610787781374,2.70214807322148
log_acr,Urine ACR (log10 mg/g),279.01174176637954,2.4456224802522537,2.51207119020536,2.3160258317559403,2.7247112610464033
log_acr,Urine ACR (log10 mg/g),288.0328113645809,2.4594419633943523,2.5306716722585936,2.3309681106624294,2.7474846538986286
log_acr,Urine ACR (log10 mg/g),297.34555218844633,2.4732614465364513,2.5494098804773766,2.3459888132140607,2.770469621196195
log_acr,Urine ACR (log10 mg/g),306.9593946168186,2.4870809296785503,2.5682868346469263,2.361088829375978,2.793667558354439
log_acr,Urine ACR (log10 mg/g),316.8840739336435,2.5009004128206485,2.587303562103405,2.3762690415995005,2.8170798866979507
log_acr,Urine ACR (log10 mg/g),327.1296401862303,2.5147198959627475,2.6064610977898197,2.3915303250759754,2.8407080533573783
log_acr,Urine ACR (log10 mg/g),337.7064683622485,2.528539379104846,2.6257604843123517,2.4068735480037753,2.8645535311543595
log_acr,Urine ACR (log10 mg/g),348.6252688957743,2.542358862246945,2.6452027719971,2.422299571865541,2.8886178184774667
log_acr,Urine ACR (log10 mg/g),359.8970985130162,2.5561783453890436,2.6647890189472423,2.4378092517131345,2.9129024391517153
log_acr,Urine ACR (log10 mg/g),371.5333714287099,2.5699978285311422,2.684520291100611,2.4534034364580473,2.937408942303869
log_acr,Urine ACR (log10 mg/g),383.54587090451787,2.5838173116732412,2.7043976622877226,2.469082969165347,2.9621389022255724
log_acr,Urine ACR (log10 mg/g),395.9467611811339,2.59763679481534,2.7244222142901973,2.4848486873493854,2.987093918235937
log_acr,Urine ACR (log10 mg/g),408.74859979618515,2.6114562779574384,2.7445950368996535,2.5007014232698617,3.0122756145451732
log_acr,Urine ACR (log10 mg/g),421.96435030039265,2.6252757610995374,2.764917227976999,2.5166420042268918,3.0376856401204644
log_acr,Urine ACR (log10 mg/g),435.6073953848786,2.639095244241636,2.7853898935121886,2.5326712528540547,3.0633256685552626
log_acr,Urine ACR (log10 mg/g),449.6915504329076,2.652914727383735,2.8060141476844174,2.5487899874084468,3.089197397942907
log_acr,Urine ACR (log10 mg/g),464.2310775097826,2.666734210525833,2.8267911129227556,2.5649990220569663,3.1153025507553593
log_acr,Urine ACR (log10 mg/g),479.24069980507096,2.680553693667932,2.847721919967227,2.5812991671581824,3.1416428737277293
log_acr,Urine ACR (log10 mg/g),494.7356165417735,2.694373176810031,2.8688077079303524,2.597691229539249,3.1682201377491515
log_acr,Urine ACR (log10 mg/g),510.7315183675446,2.7081926599521298,2.8900496243591505,2.6141760127674356,3.1950361377604457
log_acr,Urine ACR (log10 mg/g),527.2446032435446,2.7220121430942283,2.9114488252975828,2.6307543174158954,3.2220926926589244
log_acr,Urine ACR (log10 mg/g),544.2915928470098,2.7358316262363274,2.9330064753494622,2.647426941323439,3.249391645210615
log_acr,Urine ACR (log10 mg/g),561.8897495041589,2.749651109378426,2.9547237477418475,2.664194679848102,3.276934861970142
log_acr,Urine ACR (log10 mg/g),580.0568936705764,2.7634705925205245,2.9766018243888883,2.6810583261143592,3.3047242332083946
log_acr,Urine ACR (log10 mg/g),598.811421976773,2.777290075662623,2.998641895956144,2.698018671253898,3.3327616728480667
log_acr,Urine ACR (log10 mg/g),618.1723258572041,2.791109558804722,3.020845161925389,2.7150765046399226,3.361049118407169
log_acr,Urine ACR (log10 mg/g),638.15921078160045,2.804929041946821,3.0432128306598885,2.732232614114971,3.3895885309504856
log_acr,Urine ACR (log10 mg/g),658.7923161080938,2.8187485250889193,3.06574611947016,2.749487786212275,3.418381895048981
log_acr,Urine ACR (log10 mg/g),680.0925355782397,2.8325680082310183,3.088446254680227,2.766842806370727,3.447431218747114
log_acr,Urine ACR (log10 mg/g),702.0814384746834,2.846387491373117,3.1113144716943553,2.7842984591435296,3.476738533537978
log_acr,Urine ACR (log10 mg/g),724.7812914629092,2.860206974515216,3.1343520150642883,2.801855528400626,3.506305894346187
log_acr,Urine ACR (log10 mg/g),748.215081139173,2.8740264576573145,3.1575601385569807,2.819514797525038,3.536135379518412
log_acr,Urine ACR (log10 mg/g),772.4065373074657,2.887845940799413,3.1809401052228274,2.837277049603223,3.5662290908214302
log_acr,Urine ACR (log10 mg/g),797.3801570090727,2.901665423941512,3.2044931874644065,2.855143067609616,3.596589153447579
log_acr,Urine ACR (log10 mg/g),823.1612293290561,2.9154849070836106,3.2282206671057256,2.8731136345854824,3.6272177160274697
log_acr,Urine ACR (log10 mg/g),849.7758610047953,2.929304390225709,3.2521238354619806,2.8911895338122533,3.6581169506498155
log_acr,Urine ACR (log10 mg/g),877.2510028624979,2.9431238733678082,3.2762039934098373,2.9093715489795002,3.689289052888238
log_acr,Urine ACR (log10 mg/g),905.6144771084709,2.9569433565099073,3.3004624514582206,2.927660464347695,3.7207362418348815
