age,sex,race_eth,smoking,glycemic_status,hypertension,ckd,bmi_cat,cvd_history,cancer,risk_10y_pct
30,male,Non-Hispanic White,never,normal,0,0,normal,0,0,0.92
30,male,Non-Hispanic White,never,normal,0,0,underweight,0,0,1.58
30,male,Non-Hispanic White,never,normal,0,0,overweight,0,0,0.78
30,male,Non-Hispanic White,never,normal,0,0,obese,0,0,0.88
30,male,Non-Hispanic White,never,normal,0,1,normal,0,0,1.48
30,male,Non-Hispanic White,never,normal,0,1,underweight,0,0,2.55
30,male,Non-Hispanic White,never,normal,0,1,overweight,0,0,1.25
30,male,Non-Hispanic White,never,normal,0,1,obese,0,0,1.42
30,male,Non-Hispanic White,never,normal,1,0,normal,0,0,1.14
30,male,Non-Hispanic White,never,normal,1,0,underweight,0,0,1.97
30,male,Non-Hispanic White,never,normal,1,0,overweight,0,0,0.96
30,male,Non-Hispanic White,never,normal,1,0,obese,0,0,1.09
30,male,Non-Hispanic White,never,normal,1,1,normal,0,0,1.85
30,male,Non-Hispanic White,never,normal,1,1,underweight,0,0,3.17
30,male,Non-Hispanic White,never,normal,1,1,overweight,0,0,1.56
30,male,Non-Hispanic White,never,normal,1,1,obese,0,0,1.76
30,male,Non-Hispanic White,never,prediabetes,0,0,normal,0,0,0.92
30,male,Non-Hispanic White,never,prediabetes,0,0,underweight,0,0,1.58
30,male,Non-Hispanic White,never,prediabetes,0,0,overweight,0,0,0.78
30,male,Non-Hispanic White,never,prediabetes,0,0,obese,0,0,0.88
30,male,Non-Hispanic White,never,prediabetes,0,1,normal,0,0,1.49
30,male,Non-Hispanic White,never,prediabetes,0,1,underweight,0,0,2.55
30,male,Non-Hispanic White,never,prediabetes,0,1,overweight,0,0,1.25
30,male,Non-Hispanic White,never,prediabetes,0,1,obese,0,0,1.42
30,male,Non-Hispanic White,never,prediabetes,1,0,normal,0,0,1.14
30,male,Non-Hispanic White,never,prediabetes,1,0,underweight,0,0,1.97
30,male,Non-Hispanic White,never,prediabetes,1,0,overweight,0,0,0.97
30,male,Non-Hispanic White,never,prediabetes,1,0,obese,0,0,1.09
30,male,Non-Hispanic White,never,prediabetes,1,1,normal,0,0,1.85
30,male,Non-Hispanic White,never,prediabetes,1,1,underweight,0,0,3.17
30,male,Non-Hispanic White,never,prediabetes,1,1,overweight,0,0,1.56
30,male,Non-Hispanic White,never,prediabetes,1,1,obese,0,0,1.76
30,male,Non-Hispanic White,never,undiagnosed diabetes,0,0,normal,0,0,1.27
30,male,Non-Hispanic White,never,undiagnosed diabetes,0,0,underweight,0,0,2.18
30,male,Non-Hispanic White,never,undiagnosed diabetes,0,0,overweight,0,0,1.07
30,male,Non-Hispanic White,never,undiagnosed diabetes,0,0,obese,0,0,1.21
30,male,Non-Hispanic White,never,undiagnosed diabetes,0,1,normal,0,0,2.04
30,male,Non-Hispanic White,never,undiagnosed diabetes,0,1,underweight,0,0,3.5
30,male,Non-Hispanic White,never,undiagnosed diabetes,0,1,overweight,0,0,1.73
30,male,Non-Hispanic White,never,undiagnosed diabetes,0,1,obese,0,0,1.95
30,male,Non-Hispanic White,never,undiagnosed diabetes,1,0,normal,0,0,1.57
30,male,Non-Hispanic White,never,undiagnosed diabetes,1,0,underweight,0,0,2.7
30,male,Non-Hispanic White,never,undiagnosed diabetes,1,0,overweight,0,0,1.33
30,male,Non-Hispanic White,never,undiagnosed diabetes,1,0,obese,0,0,1.5
30,male,Non-Hispanic White,never,undiagnosed diabetes,1,1,normal,0,0,2.54
30,male,Non-Hispanic White,never,undiagnosed diabetes,1,1,underweight,0,0,4.34
30,male,Non-Hispanic White,never,undiagnosed diabetes,1,1,overweight,0,0,2.14
30,male,Non-Hispanic White,never,undiagnosed diabetes,1,1,obese,0,0,2.42
30,male,Non-Hispanic White,never,diagnosed diabetes,0,0,normal,0,0,1.41
30,male,Non-Hispanic White,never,diagnosed diabetes,0,0,underweight,0,0,2.42
30,male,Non-Hispanic White,never,diagnosed diabetes,0,0,overweight,0,0,1.19
30,male,Non-Hispanic White,never,diagnosed diabetes,0,0,obese,0,0,1.34
30,male,Non-Hispanic White,never,diagnosed diabetes,0,1,normal,0,0,2.27
30,male,Non-Hispanic White,never,diagnosed diabetes,0,1,underweight,0,0,3.89
30,male,Non-Hispanic White,never,diagnosed diabetes,0,1,overweight,0,0,1.92
30,male,Non-Hispanic White,never,diagnosed diabetes,0,1,obese,0,0,2.17
30,male,Non-Hispanic White,never,diagnosed diabetes,1,0,normal,0,0,1.75
30,male,Non-Hispanic White,never,diagnosed diabetes,1,0,underweight,0,0,3.01
30,male,Non-Hispanic White,never,diagnosed diabetes,1,0,overweight,0,0,1.48
30,male,Non-Hispanic White,never,diagnosed diabetes,1,0,obese,0,0,1.67
30,male,Non-Hispanic White,never,diagnosed diabetes,1,1,normal,0,0,2.82
30,male,Non-Hispanic White,never,diagnosed diabetes,1,1,underweight,0,0,4.82
30,male,Non-Hispanic White,never,diagnosed diabetes,1,1,overweight,0,0,2.38
30,male,Non-Hispanic White,never,diagnosed diabetes,1,1,obese,0,0,2.69
30,male,Non-Hispanic White,former,normal,0,0,normal,0,0,1.13
30,male,Non-Hispanic White,former,normal,0,0,underweight,0,0,1.94
30,male,Non-Hispanic White,former,normal,0,0,overweight,0,0,0.95
30,male,Non-Hispanic White,former,normal,0,0,obese,0,0,1.08
30,male,Non-Hispanic White,former,normal,0,1,normal,0,0,1.82
30,male,Non-Hispanic White,former,normal,0,1,underweight,0,0,3.13
30,male,Non-Hispanic White,former,normal,0,1,overweight,0,0,1.54
30,male,Non-Hispanic White,former,normal,0,1,obese,0,0,1.74
30,male,Non-Hispanic White,former,normal,1,0,normal,0,0,1.4
30,male,Non-Hispanic White,former,normal,1,0,underweight,0,0,2.41
30,male,Non-Hispanic White,former,normal,1,0,overweight,0,0,1.18
30,male,Non-Hispanic White,former,normal,1,0,obese,0,0,1.34
30,male,Non-Hispanic White,former,normal,1,1,normal,0,0,2.26
30,male,Non-Hispanic White,former,normal,1,1,underweight,0,0,3.88
30,male,Non-Hispanic White,former,normal,1,1,overweight,0,0,1.91
30,male,Non-Hispanic White,former,normal,1,1,obese,0,0,2.16
30,male,Non-Hispanic White,former,prediabetes,0,0,normal,0,0,1.13
30,male,Non-Hispanic White,former,prediabetes,0,0,underweight,0,0,1.94
30,male,Non-Hispanic White,former,prediabetes,0,0,overweight,0,0,0.95
30,male,Non-Hispanic White,former,prediabetes,0,0,obese,0,0,1.08
30,male,Non-Hispanic White,former,prediabetes,0,1,normal,0,0,1.82
30,male,Non-Hispanic White,former,prediabetes,0,1,underweight,0,0,3.13
30,male,Non-Hispanic White,former,prediabetes,0,1,overweight,0,0,1.54
30,male,Non-Hispanic White,former,prediabetes,0,1,obese,0,0,1.74
30,male,Non-Hispanic White,former,prediabetes,1,0,normal,0,0,1.4
30,male,Non-Hispanic White,former,prediabetes,1,0,underweight,0,0,2.41
30,male,Non-Hispanic White,former,prediabetes,1,0,overweight,0,0,1.19
30,male,Non-Hispanic White,former,prediabetes,1,0,obese,0,0,1.34
30,male,Non-Hispanic White,former,prediabetes,1,1,normal,0,0,2.26
30,male,Non-Hispanic White,former,prediabetes,1,1,underweight,0,0,3.88
30,male,Non-Hispanic White,former,prediabetes,1,1,overweight,0,0,1.91
30,male,Non-Hispanic White,former,prediabetes,1,1,obese,0,0,2.16
30,male,Non-Hispanic White,former,undiagnosed diabetes,0,0,normal,0,0,1.55
30,male,Non-Hispanic White,former,undiagnosed diabetes,0,0,underweight,0,0,2.67
30,male,Non-Hispanic White,former,undiagnosed diabetes,0,0,overweight,0,0,1.31
30,male,Non-Hispanic White,former,undiagnosed diabetes,0,0,obese,0,0,1.48
30,male,Non-Hispanic White,former,undiagnosed diabetes,0,1,normal,0,0,2.51
30,male,Non-Hispanic White,former,undiagnosed diabetes,0,1,underweight,0,0,4.29
30,male,Non-Hispanic White,former,undiagnosed diabetes,0,1,overweight,0,0,2.12
30,male,Non-Hispanic White,former,undiagnosed diabetes,0,1,obese,0,0,2.39
30,male,Non-Hispanic White,former,undiagnosed diabetes,1,0,normal,0,0,1.93
30,male,Non-Hispanic White,former,undiagnosed diabetes,1,0,underweight,0,0,3.31
30,male,Non-Hispanic White,former,undiagnosed diabetes,1,0,overweight,0,0,1.63
30,male,Non-Hispanic White,former,undiagnosed diabetes,1,0,obese,0,0,1.84
30,male,Non-Hispanic White,former,undiagnosed diabetes,1,1,normal,0,0,3.11
30,male,Non-Hispanic White,former,undiagnosed diabetes,1,1,underweight,0,0,5.31
30,male,Non-Hispanic White,former,undiagnosed diabetes,1,1,overweight,0,0,2.63
30,male,Non-Hispanic White,former,undiagnosed diabetes,1,1,obese,0,0,2.97
30,male,Non-Hispanic White,former,diagnosed diabetes,0,0,normal,0,0,1.73
30,male,Non-Hispanic White,former,diagnosed diabetes,0,0,underweight,0,0,2.97
30,male,Non-Hispanic White,former,diagnosed diabetes,0,0,overweight,0,0,1.46
30,male,Non-Hispanic White,former,diagnosed diabetes,0,0,obese,0,0,1.65
30,male,Non-Hispanic White,former,diagnosed diabetes,0,1,normal,0,0,2.79
30,male,Non-Hispanic White,former,diagnosed diabetes,0,1,underweight,0,0,4.76
30,male,Non-Hispanic White,former,diagnosed diabetes,0,1,overweight,0,0,2.35
30,male,Non-Hispanic White,former,diagnosed diabetes,0,1,obese,0,0,2.66
30,male,Non-Hispanic White,former,diagnosed diabetes,1,0,normal,0,0,2.15
30,male,Non-Hispanic White,former,diagnosed diabetes,1,0,underweight,0,0,3.68
30,male,Non-Hispanic White,former,diagnosed diabetes,1,0,overweight,0,0,1.81
30,male,Non-Hispanic White,former,diagnosed diabetes,1,0,obese,0,0,2.05
30,male,Non-Hispanic White,former,diagnosed diabetes,1,1,normal,0,0,3.46
30,male,Non-Hispanic White,former,diagnosed diabetes,1,1,underweight,0,0,5.9
30,male,Non-Hispanic White,former,diagnosed diabetes,1,1,overweight,0,0,2.92
30,male,Non-Hispanic White,former,diagnosed diabetes,1,1,obese,0,0,3.3
30,male,Non-Hispanic White,current,normal,0,0,normal,0,0,2.34
30,male,Non-Hispanic White,current,normal,0,0,underweight,0,0,4.01
30,male,Non-Hispanic White,current,normal,0,0,overweight,0,0,1.98
30,male,Non-Hispanic White,current,normal,0,0,obese,0,0,2.23
30,male,Non-Hispanic White,current,normal,0,1,normal,0,0,3.76
30,male,Non-Hispanic White,current,normal,0,1,underweight,0,0,6.41
30,male,Non-Hispanic White,current,normal,0,1,overweight,0,0,3.18
30,male,Non-Hispanic White,current,normal,0,1,obese,0,0,3.59
30,male,Non-Hispanic White,current,normal,1,0,normal,0,0,2.91
30,male,Non-Hispanic White,current,normal,1,0,underweight,0,0,4.97
30,male,Non-Hispanic White,current,normal,1,0,overweight,0,0,2.45
30,male,Non-Hispanic White,current,normal,1,0,obese,0,0,2.77
30,male,Non-Hispanic White,current,normal,1,1,normal,0,0,4.66
30,male,Non-Hispanic White,current,normal,1,1,underweight,0,0,7.92
30,male,Non-Hispanic White,current,normal,1,1,overweight,0,0,3.95
30,male,Non-Hispanic White,current,normal,1,1,obese,0,0,4.45
30,male,Non-Hispanic White,current,prediabetes,0,0,normal,0,0,2.34
30,male,Non-Hispanic White,current,prediabetes,0,0,underweight,0,0,4.01
30,male,Non-Hispanic White,current,prediabetes,0,0,overweight,0,0,1.98
30,male,Non-Hispanic White,current,prediabetes,0,0,obese,0,0,2.23
30,male,Non-Hispanic White,current,prediabetes,0,1,normal,0,0,3.77
30,male,Non-Hispanic White,current,prediabetes,0,1,underweight,0,0,6.42
30,male,Non-Hispanic White,current,prediabetes,0,1,overweight,0,0,3.18
30,male,Non-Hispanic White,current,prediabetes,0,1,obese,0,0,3.59
30,male,Non-Hispanic White,current,prediabetes,1,0,normal,0,0,2.91
30,male,Non-Hispanic White,current,prediabetes,1,0,underweight,0,0,4.97
30,male,Non-Hispanic White,current,prediabetes,1,0,overweight,0,0,2.46
30,male,Non-Hispanic White,current,prediabetes,1,0,obese,0,0,2.77
30,male,Non-Hispanic White,current,prediabetes,1,1,normal,0,0,4.67
30,male,Non-Hispanic White,current,prediabetes,1,1,underweight,0,0,7.93
30,male,Non-Hispanic White,current,prediabetes,1,1,overweight,0,0,3.95
30,male,Non-Hispanic White,current,prediabetes,1,1,obese,0,0,4.45
30,male,Non-Hispanic White,current,undiagnosed diabetes,0,0,normal,0,0,3.22
30,male,Non-Hispanic White,current,undiagnosed diabetes,0,0,underweight,0,0,5.49
30,male,Non-Hispanic White,current,undiagnosed diabetes,0,0,overweight,0,0,2.72
30,male,Non-Hispanic White,current,undiagnosed diabetes,0,0,obese,0,0,3.07
30,male,Non-Hispanic White,current,undiagnosed diabetes,0,1,normal,0,0,5.16
30,male,Non-Hispanic White,current,undiagnosed diabetes,0,1,underweight,0,0,8.74
30,male,Non-Hispanic White,current,undiagnosed diabetes,0,1,overweight,0,0,4.36
30,male,Non-Hispanic White,current,undiagnosed diabetes,0,1,obese,0,0,4.92
30,male,Non-Hispanic White,current,undiagnosed diabetes,1,0,normal,0,0,3.99
30,male,Non-Hispanic White,current,undiagnosed diabetes,1,0,underweight,0,0,6.79
30,male,Non-Hispanic White,current,undiagnosed diabetes,1,0,overweight,0,0,3.37
30,male,Non-Hispanic White,current,undiagnosed diabetes,1,0,obese,0,0,3.81
30,male,Non-Hispanic White,current,undiagnosed diabetes,1,1,normal,0,0,6.38
30,male,Non-Hispanic White,current,undiagnosed diabetes,1,1,underweight,0,0,10.76
30,male,Non-Hispanic White,current,undiagnosed diabetes,1,1,overweight,0,0,5.4
30,male,Non-Hispanic White,current,undiagnosed diabetes,1,1,obese,0,0,6.09
30,male,Non-Hispanic White,current,diagnosed diabetes,0,0,normal,0,0,3.57
30,male,Non-Hispanic White,current,diagnosed diabetes,0,0,underweight,0,0,6.09
30,male,Non-Hispanic White,current,diagnosed diabetes,0,0,overweight,0,0,3.02
30,male,Non-Hispanic White,current,diagnosed diabetes,0,0,obese,0,0,3.41
30,male,Non-Hispanic White,current,diagnosed diabetes,0,1,normal,0,0,5.72
30,male,Non-Hispanic White,current,diagnosed diabetes,0,1,underweight,0,0,9.68
30,male,Non-Hispanic White,current,diagnosed diabetes,0,1,overweight,0,0,4.85
30,male,Non-Hispanic White,current,diagnosed diabetes,0,1,obese,0,0,5.46
30,male,Non-Hispanic White,current,diagnosed diabetes,1,0,normal,0,0,4.43
30,male,Non-Hispanic White,current,diagnosed diabetes,1,0,underweight,0,0,7.53
30,male,Non-Hispanic White,current,diagnosed diabetes,1,0,overweight,0,0,3.75
30,male,Non-Hispanic White,current,diagnosed diabetes,1,0,obese,0,0,4.23
30,male,Non-Hispanic White,current,diagnosed diabetes,1,1,normal,0,0,7.07
30,male,Non-Hispanic White,current,diagnosed diabetes,1,1,underweight,0,0,11.91
30,male,Non-Hispanic White,current,diagnosed diabetes,1,1,overweight,0,0,6
30,male,Non-Hispanic White,current,diagnosed diabetes,1,1,obese,0,0,6.76
30,male,Non-Hispanic Black,never,normal,0,0,normal,0,0,1
30,male,Non-Hispanic Black,never,normal,0,0,underweight,0,0,1.72
30,male,Non-Hispanic Black,never,normal,0,0,overweight,0,0,0.84
30,male,Non-Hispanic Black,never,normal,0,0,obese,0,0,0.95
30,male,Non-Hispanic Black,never,normal,0,1,normal,0,0,1.61
30,male,Non-Hispanic Black,never,normal,0,1,underweight,0,0,2.77
30,male,Non-Hispanic Black,never,normal,0,1,overweight,0,0,1.36
30,male,Non-Hispanic Black,never,normal,0,1,obese,0,0,1.54
30,male,Non-Hispanic Black,never,normal,1,0,normal,0,0,1.24
30,male,Non-Hispanic Black,never,normal,1,0,underweight,0,0,2.14
30,male,Non-Hispanic Black,never,normal,1,0,overweight,0,0,1.05
30,male,Non-Hispanic Black,never,normal,1,0,obese,0,0,1.18
30,male,Non-Hispanic Black,never,normal,1,1,normal,0,0,2
30,male,Non-Hispanic Black,never,normal,1,1,underweight,0,0,3.44
30,male,Non-Hispanic Black,never,normal,1,1,overweight,0,0,1.69
30,male,Non-Hispanic Black,never,normal,1,1,obese,0,0,1.91
30,male,Non-Hispanic Black,never,prediabetes,0,0,normal,0,0,1
30,male,Non-Hispanic Black,never,prediabetes,0,0,underweight,0,0,1.72
30,male,Non-Hispanic Black,never,prediabetes,0,0,overweight,0,0,0.84
30,male,Non-Hispanic Black,never,prediabetes,0,0,obese,0,0,0.95
30,male,Non-Hispanic Black,never,prediabetes,0,1,normal,0,0,1.61
30,male,Non-Hispanic Black,never,prediabetes,0,1,underweight,0,0,2.77
30,male,Non-Hispanic Black,never,prediabetes,0,1,overweight,0,0,1.36
30,male,Non-Hispanic Black,never,prediabetes,0,1,obese,0,0,1.54
30,male,Non-Hispanic Black,never,prediabetes,1,0,normal,0,0,1.24
30,male,Non-Hispanic Black,never,prediabetes,1,0,underweight,0,0,2.14
30,male,Non-Hispanic Black,never,prediabetes,1,0,overweight,0,0,1.05
30,male,Non-Hispanic Black,never,prediabetes,1,0,obese,0,0,1.19
30,male,Non-Hispanic Black,never,prediabetes,1,1,normal,0,0,2.01
30,male,Non-Hispanic Black,never,prediabetes,1,1,underweight,0,0,3.44
30,male,Non-Hispanic Black,never,prediabetes,1,1,overweight,0,0,1.69
30,male,Non-Hispanic Black,never,prediabetes,1,1,obese,0,0,1.91
30,male,Non-Hispanic Black,never,undiagnosed diabetes,0,0,normal,0,0,1.38
30,male,Non-Hispanic Black,never,undiagnosed diabetes,0,0,underweight,0,0,2.37
30,male,Non-Hispanic Black,never,undiagnosed diabetes,0,0,overweight,0,0,1.16
30,male,Non-Hispanic Black,never,undiagnosed diabetes,0,0,obese,0,0,1.31
30,male,Non-Hispanic Black,never,undiagnosed diabetes,0,1,normal,0,0,2.22
30,male,Non-Hispanic Black,never,undiagnosed diabetes,0,1,underweight,0,0,3.8
30,male,Non-Hispanic Black,never,undiagnosed diabetes,0,1,overweight,0,0,1.87
30,male,Non-Hispanic Black,never,undiagnosed diabetes,0,1,obese,0,0,2.12
30,male,Non-Hispanic Black,never,undiagnosed diabetes,1,0,normal,0,0,1.71
30,male,Non-Hispanic Black,never,undiagnosed diabetes,1,0,underweight,0,0,2.94
30,male,Non-Hispanic Black,never,undiagnosed diabetes,1,0,overweight,0,0,1.44
30,male,Non-Hispanic Black,never,undiagnosed diabetes,1,0,obese,0,0,1.63
30,male,Non-Hispanic Black,never,undiagnosed diabetes,1,1,normal,0,0,2.76
30,male,Non-Hispanic Black,never,undiagnosed diabetes,1,1,underweight,0,0,4.71
30,male,Non-Hispanic Black,never,undiagnosed diabetes,1,1,overweight,0,0,2.33
30,male,Non-Hispanic Black,never,undiagnosed diabetes,1,1,obese,0,0,2.63
30,male,Non-Hispanic Black,never,diagnosed diabetes,0,0,normal,0,0,1.53
30,male,Non-Hispanic Black,never,diagnosed diabetes,0,0,underweight,0,0,2.63
30,male,Non-Hispanic Black,never,diagnosed diabetes,0,0,overweight,0,0,1.29
30,male,Non-Hispanic Black,never,diagnosed diabetes,0,0,obese,0,0,1.46
30,male,Non-Hispanic Black,never,diagnosed diabetes,0,1,normal,0,0,2.47
30,male,Non-Hispanic Black,never,diagnosed diabetes,0,1,underweight,0,0,4.23
30,male,Non-Hispanic Black,never,diagnosed diabetes,0,1,overweight,0,0,2.08
30,male,Non-Hispanic Black,never,diagnosed diabetes,0,1,obese,0,0,2.35
30,male,Non-Hispanic Black,never,diagnosed diabetes,1,0,normal,0,0,1.9
30,male,Non-Hispanic Black,never,diagnosed diabetes,1,0,underweight,0,0,3.26
30,male,Non-Hispanic Black,never,diagnosed diabetes,1,0,overweight,0,0,1.61
30,male,Non-Hispanic Black,never,diagnosed diabetes,1,0,obese,0,0,1.81
30,male,Non-Hispanic Black,never,diagnosed diabetes,1,1,normal,0,0,3.06
30,male,Non-Hispanic Black,never,diagnosed diabetes,1,1,underweight,0,0,5.23
30,male,Non-Hispanic Black,never,diagnosed diabetes,1,1,overweight,0,0,2.59
30,male,Non-Hispanic Black,never,diagnosed diabetes,1,1,obese,0,0,2.92
30,male,Non-Hispanic Black,former,normal,0,0,normal,0,0,1.23
30,male,Non-Hispanic Black,former,normal,0,0,underweight,0,0,2.11
30,male,Non-Hispanic Black,former,normal,0,0,overweight,0,0,1.03
30,male,Non-Hispanic Black,former,normal,0,0,obese,0,0,1.17
30,male,Non-Hispanic Black,former,normal,0,1,normal,0,0,1.98
30,male,Non-Hispanic Black,former,normal,0,1,underweight,0,0,3.39
30,male,Non-Hispanic Black,former,normal,0,1,overweight,0,0,1.67
30,male,Non-Hispanic Black,former,normal,0,1,obese,0,0,1.89
30,male,Non-Hispanic Black,former,normal,1,0,normal,0,0,1.52
30,male,Non-Hispanic Black,former,normal,1,0,underweight,0,0,2.62
30,male,Non-Hispanic Black,former,normal,1,0,overweight,0,0,1.29
30,male,Non-Hispanic Black,former,normal,1,0,obese,0,0,1.45
30,male,Non-Hispanic Black,former,normal,1,1,normal,0,0,2.46
30,male,Non-Hispanic Black,former,normal,1,1,underweight,0,0,4.21
30,male,Non-Hispanic Black,former,normal,1,1,overweight,0,0,2.08
30,male,Non-Hispanic Black,former,normal,1,1,obese,0,0,2.34
30,male,Non-Hispanic Black,former,prediabetes,0,0,normal,0,0,1.23
30,male,Non-Hispanic Black,former,prediabetes,0,0,underweight,0,0,2.11
30,male,Non-Hispanic Black,former,prediabetes,0,0,overweight,0,0,1.04
30,male,Non-Hispanic Black,former,prediabetes,0,0,obese,0,0,1.17
30,male,Non-Hispanic Black,former,prediabetes,0,1,normal,0,0,1.98
30,male,Non-Hispanic Black,former,prediabetes,0,1,underweight,0,0,3.4
30,male,Non-Hispanic Black,former,prediabetes,0,1,overweight,0,0,1.67
30,male,Non-Hispanic Black,former,prediabetes,0,1,obese,0,0,1.89
30,male,Non-Hispanic Black,former,prediabetes,1,0,normal,0,0,1.53
30,male,Non-Hispanic Black,former,prediabetes,1,0,underweight,0,0,2.62
30,male,Non-Hispanic Black,former,prediabetes,1,0,overweight,0,0,1.29
30,male,Non-Hispanic Black,former,prediabetes,1,0,obese,0,0,1.46
30,male,Non-Hispanic Black,former,prediabetes,1,1,normal,0,0,2.46
30,male,Non-Hispanic Black,former,prediabetes,1,1,underweight,0,0,4.21
30,male,Non-Hispanic Black,former,prediabetes,1,1,overweight,0,0,2.08
30,male,Non-Hispanic Black,former,prediabetes,1,1,obese,0,0,2.35
30,male,Non-Hispanic Black,former,undiagnosed diabetes,0,0,normal,0,0,1.69
30,male,Non-Hispanic Black,former,undiagnosed diabetes,0,0,underweight,0,0,2.9
30,male,Non-Hispanic Black,former,undiagnosed diabetes,0,0,overweight,0,0,1.43
30,male,Non-Hispanic Black,former,undiagnosed diabetes,0,0,obese,0,0,1.61
30,male,Non-Hispanic Black,former,undiagnosed diabetes,0,1,normal,0,0,2.72
30,male,Non-Hispanic Black,former,undiagnosed diabetes,0,1,underweight,0,0,4.66
30,male,Non-Hispanic Black,former,undiagnosed diabetes,0,1,overweight,0,0,2.3
30,male,Non-Hispanic Black,former,undiagnosed diabetes,0,1,obese,0,0,2.6
30,male,Non-Hispanic Black,former,undiagnosed diabetes,1,0,normal,0,0,2.1
30,male,Non-Hispanic Black,former,undiagnosed diabetes,1,0,underweight,0,0,3.6
30,male,Non-Hispanic Black,former,undiagnosed diabetes,1,0,overweight,0,0,1.77
30,male,Non-Hispanic Black,former,undiagnosed diabetes,1,0,obese,0,0,2
30,male,Non-Hispanic Black,former,undiagnosed diabetes,1,1,normal,0,0,3.38
30,male,Non-Hispanic Black,former,undiagnosed diabetes,1,1,underweight,0,0,5.76
30,male,Non-Hispanic Black,former,undiagnosed diabetes,1,1,overweight,0,0,2.85
30,male,Non-Hispanic Black,former,undiagnosed diabetes,1,1,obese,0,0,3.22
30,male,Non-Hispanic Black,former,diagnosed diabetes,0,0,normal,0,0,1.88
30,male,Non-Hispanic Black,former,diagnosed diabetes,0,0,underweight,0,0,3.22
30,male,Non-Hispanic Black,former,diagnosed diabetes,0,0,overweight,0,0,1.59
30,male,Non-Hispanic Black,former,diagnosed diabetes,0,0,obese,0,0,1.79
30,male,Non-Hispanic Black,former,diagnosed diabetes,0,1,normal,0,0,3.02
30,male,Non-Hispanic Black,former,diagnosed diabetes,0,1,underweight,0,0,5.17
30,male,Non-Hispanic Black,former,diagnosed diabetes,0,1,overweight,0,0,2.56
30,male,Non-Hispanic Black,former,diagnosed diabetes,0,1,obese,0,0,2.89
30,male,Non-Hispanic Black,former,diagnosed diabetes,1,0,normal,0,0,2.33
30,male,Non-Hispanic Black,former,diagnosed diabetes,1,0,underweight,0,0,4
30,male,Non-Hispanic Black,former,diagnosed diabetes,1,0,overweight,0,0,1.97
30,male,Non-Hispanic Black,former,diagnosed diabetes,1,0,obese,0,0,2.23
30,male,Non-Hispanic Black,former,diagnosed diabetes,1,1,normal,0,0,3.75
30,male,Non-Hispanic Black,former,diagnosed diabetes,1,1,underweight,0,0,6.39
30,male,Non-Hispanic Black,former,diagnosed diabetes,1,1,overweight,0,0,3.17
30,male,Non-Hispanic Black,former,diagnosed diabetes,1,1,obese,0,0,3.58
30,male,Non-Hispanic Black,current,normal,0,0,normal,0,0,2.54
30,male,Non-Hispanic Black,current,normal,0,0,underweight,0,0,4.35
30,male,Non-Hispanic Black,current,normal,0,0,overweight,0,0,2.15
30,male,Non-Hispanic Black,current,normal,0,0,obese,0,0,2.42
30,male,Non-Hispanic Black,current,normal,0,1,normal,0,0,4.08
30,male,Non-Hispanic Black,current,normal,0,1,underweight,0,0,6.95
30,male,Non-Hispanic Black,current,normal,0,1,overweight,0,0,3.45
30,male,Non-Hispanic Black,current,normal,0,1,obese,0,0,3.9
30,male,Non-Hispanic Black,current,normal,1,0,normal,0,0,3.15
30,male,Non-Hispanic Black,current,normal,1,0,underweight,0,0,5.39
30,male,Non-Hispanic Black,current,normal,1,0,overweight,0,0,2.67
30,male,Non-Hispanic Black,current,normal,1,0,obese,0,0,3.01
30,male,Non-Hispanic Black,current,normal,1,1,normal,0,0,5.06
30,male,Non-Hispanic Black,current,normal,1,1,underweight,0,0,8.58
30,male,Non-Hispanic Black,current,normal,1,1,overweight,0,0,4.28
30,male,Non-Hispanic Black,current,normal,1,1,obese,0,0,4.83
30,male,Non-Hispanic Black,current,prediabetes,0,0,normal,0,0,2.54
30,male,Non-Hispanic Black,current,prediabetes,0,0,underweight,0,0,4.35
30,male,Non-Hispanic Black,current,prediabetes,0,0,overweight,0,0,2.15
30,male,Non-Hispanic Black,current,prediabetes,0,0,obese,0,0,2.43
30,male,Non-Hispanic Black,current,prediabetes,0,1,normal,0,0,4.09
30,male,Non-Hispanic Black,current,prediabetes,0,1,underweight,0,0,6.96
30,male,Non-Hispanic Black,current,prediabetes,0,1,overweight,0,0,3.46
30,male,Non-Hispanic Black,current,prediabetes,0,1,obese,0,0,3.9
30,male,Non-Hispanic Black,current,prediabetes,1,0,normal,0,0,3.16
30,male,Non-Hispanic Black,current,prediabetes,1,0,underweight,0,0,5.39
30,male,Non-Hispanic Black,current,prediabetes,1,0,overweight,0,0,2.67
30,male,Non-Hispanic Black,current,prediabetes,1,0,obese,0,0,3.01
30,male,Non-Hispanic Black,current,prediabetes,1,1,normal,0,0,5.06
30,male,Non-Hispanic Black,current,prediabetes,1,1,underweight,0,0,8.59
30,male,Non-Hispanic Black,current,prediabetes,1,1,overweight,0,0,4.29
30,male,Non-Hispanic Black,current,prediabetes,1,1,obese,0,0,4.83
30,male,Non-Hispanic Black,current,undiagnosed diabetes,0,0,normal,0,0,3.49
30,male,Non-Hispanic Black,current,undiagnosed diabetes,0,0,underweight,0,0,5.95
30,male,Non-Hispanic Black,current,undiagnosed diabetes,0,0,overweight,0,0,2.95
30,male,Non-Hispanic Black,current,undiagnosed diabetes,0,0,obese,0,0,3.33
30,male,Non-Hispanic Black,current,undiagnosed diabetes,0,1,normal,0,0,5.59
30,male,Non-Hispanic Black,current,undiagnosed diabetes,0,1,underweight,0,0,9.47
30,male,Non-Hispanic Black,current,undiagnosed diabetes,0,1,overweight,0,0,4.74
30,male,Non-Hispanic Black,current,undiagnosed diabetes,0,1,obese,0,0,5.34
30,male,Non-Hispanic Black,current,undiagnosed diabetes,1,0,normal,0,0,4.33
30,male,Non-Hispanic Black,current,undiagnosed diabetes,1,0,underweight,0,0,7.36
30,male,Non-Hispanic Black,current,undiagnosed diabetes,1,0,overweight,0,0,3.66
30,male,Non-Hispanic Black,current,undiagnosed diabetes,1,0,obese,0,0,4.13
30,male,Non-Hispanic Black,current,undiagnosed diabetes,1,1,normal,0,0,6.92
30,male,Non-Hispanic Black,current,undiagnosed diabetes,1,1,underweight,0,0,11.64
30,male,Non-Hispanic Black,current,undiagnosed diabetes,1,1,overweight,0,0,5.86
30,male,Non-Hispanic Black,current,undiagnosed diabetes,1,1,obese,0,0,6.6
30,male,Non-Hispanic Black,current,diagnosed diabetes,0,0,normal,0,0,3.88
30,male,Non-Hispanic Black,current,diagnosed diabetes,0,0,underweight,0,0,6.61
30,male,Non-Hispanic Black,current,diagnosed diabetes,0,0,overweight,0,0,3.28
30,male,Non-Hispanic Black,current,diagnosed diabetes,0,0,obese,0,0,3.7
30,male,Non-Hispanic Black,current,diagnosed diabetes,0,1,normal,0,0,6.21
30,male,Non-Hispanic Black,current,diagnosed diabetes,0,1,underweight,0,0,10.48
30,male,Non-Hispanic Black,current,diagnosed diabetes,0,1,overweight,0,0,5.26
30,male,Non-Hispanic Black,current,diagnosed diabetes,0,1,obese,0,0,5.93
30,male,Non-Hispanic Black,current,diagnosed diabetes,1,0,normal,0,0,4.81
30,male,Non-Hispanic Black,current,diagnosed diabetes,1,0,underweight,0,0,8.16
30,male,Non-Hispanic Black,current,diagnosed diabetes,1,0,overweight,0,0,4.07
30,male,Non-Hispanic Black,current,diagnosed diabetes,1,0,obese,0,0,4.59
30,male,Non-Hispanic Black,current,diagnosed diabetes,1,1,normal,0,0,7.67
30,male,Non-Hispanic Black,current,diagnosed diabetes,1,1,underweight,0,0,12.88
30,male,Non-Hispanic Black,current,diagnosed diabetes,1,1,overweight,0,0,6.5
30,male,Non-Hispanic Black,current,diagnosed diabetes,1,1,obese,0,0,7.32
30,male,Mexican American,never,normal,0,0,normal,0,0,0.78
30,male,Mexican American,never,normal,0,0,underweight,0,0,1.34
30,male,Mexican American,never,normal,0,0,overweight,0,0,0.66
30,male,Mexican American,never,normal,0,0,obese,0,0,0.74
30,male,Mexican American,never,normal,0,1,normal,0,0,1.26
30,male,Mexican American,never,normal,0,1,underweight,0,0,2.17
30,male,Mexican American,never,normal,0,1,overweight,0,0,1.06
30,male,Mexican American,never,normal,0,1,obese,0,0,1.2
30,male,Mexican American,never,normal,1,0,normal,0,0,0.97
30,male,Mexican American,never,normal,1,0,underweight,0,0,1.67
30,male,Mexican American,never,normal,1,0,overweight,0,0,0.82
30,male,Mexican American,never,normal,1,0,obese,0,0,0.92
30,male,Mexican American,never,normal,1,1,normal,0,0,1.57
30,male,Mexican American,never,normal,1,1,underweight,0,0,2.69
30,male,Mexican American,never,normal,1,1,overweight,0,0,1.32
30,male,Mexican American,never,normal,1,1,obese,0,0,1.49
30,male,Mexican American,never,prediabetes,0,0,normal,0,0,0.78
30,male,Mexican American,never,prediabetes,0,0,underweight,0,0,1.34
30,male,Mexican American,never,prediabetes,0,0,overweight,0,0,0.66
30,male,Mexican American,never,prediabetes,0,0,obese,0,0,0.74
30,male,Mexican American,never,prediabetes,0,1,normal,0,0,1.26
30,male,Mexican American,never,prediabetes,0,1,underweight,0,0,2.17
30,male,Mexican American,never,prediabetes,0,1,overweight,0,0,1.06
30,male,Mexican American,never,prediabetes,0,1,obese,0,0,1.2
30,male,Mexican American,never,prediabetes,1,0,normal,0,0,0.97
30,male,Mexican American,never,prediabetes,1,0,underweight,0,0,1.67
30,male,Mexican American,never,prediabetes,1,0,overweight,0,0,0.82
30,male,Mexican American,never,prediabetes,1,0,obese,0,0,0.93
30,male,Mexican American,never,prediabetes,1,1,normal,0,0,1.57
30,male,Mexican American,never,prediabetes,1,1,underweight,0,0,2.69
30,male,Mexican American,never,prediabetes,1,1,overweight,0,0,1.32
30,male,Mexican American,never,prediabetes,1,1,obese,0,0,1.49
30,male,Mexican American,never,undiagnosed diabetes,0,0,normal,0,0,1.07
30,male,Mexican American,never,undiagnosed diabetes,0,0,underweight,0,0,1.85
30,male,Mexican American,never,undiagnosed diabetes,0,0,overweight,0,0,0.91
30,male,Mexican American,never,undiagnosed diabetes,0,0,obese,0,0,1.02
30,male,Mexican American,never,undiagnosed diabetes,0,1,normal,0,0,1.73
30,male,Mexican American,never,undiagnosed diabetes,0,1,underweight,0,0,2.98
30,male,Mexican American,never,undiagnosed diabetes,0,1,overweight,0,0,1.46
30,male,Mexican American,never,undiagnosed diabetes,0,1,obese,0,0,1.65
30,male,Mexican American,never,undiagnosed diabetes,1,0,normal,0,0,1.34
30,male,Mexican American,never,undiagnosed diabetes,1,0,underweight,0,0,2.3
30,male,Mexican American,never,undiagnosed diabetes,1,0,overweight,0,0,1.13
30,male,Mexican American,never,undiagnosed diabetes,1,0,obese,0,0,1.27
30,male,Mexican American,never,undiagnosed diabetes,1,1,normal,0,0,2.15
30,male,Mexican American,never,undiagnosed diabetes,1,1,underweight,0,0,3.69
30,male,Mexican American,never,undiagnosed diabetes,1,1,overweight,0,0,1.82
30,male,Mexican American,never,undiagnosed diabetes,1,1,obese,0,0,2.05
30,male,Mexican American,never,diagnosed diabetes,0,0,normal,0,0,1.2
30,male,Mexican American,never,diagnosed diabetes,0,0,underweight,0,0,2.06
30,male,Mexican American,never,diagnosed diabetes,0,0,overweight,0,0,1.01
30,male,Mexican American,never,diagnosed diabetes,0,0,obese,0,0,1.14
30,male,Mexican American,never,diagnosed diabetes,0,1,normal,0,0,1.93
30,male,Mexican American,never,diagnosed diabetes,0,1,underweight,0,0,3.31
30,male,Mexican American,never,diagnosed diabetes,0,1,overweight,0,0,1.63
30,male,Mexican American,never,diagnosed diabetes,0,1,obese,0,0,1.84
30,male,Mexican American,never,diagnosed diabetes,1,0,normal,0,0,1.49
30,male,Mexican American,never,diagnosed diabetes,1,0,underweight,0,0,2.55
30,male,Mexican American,never,diagnosed diabetes,1,0,overweight,0,0,1.25
30,male,Mexican American,never,diagnosed diabetes,1,0,obese,0,0,1.42
30,male,Mexican American,never,diagnosed diabetes,1,1,normal,0,0,2.4
30,male,Mexican American,never,diagnosed diabetes,1,1,underweight,0,0,4.1
30,male,Mexican American,never,diagnosed diabetes,1,1,overweight,0,0,2.02
30,male,Mexican American,never,diagnosed diabetes,1,1,obese,0,0,2.28
30,male,Mexican American,former,normal,0,0,normal,0,0,0.96
30,male,Mexican American,former,normal,0,0,underweight,0,0,1.65
30,male,Mexican American,former,normal,0,0,overweight,0,0,0.81
30,male,Mexican American,former,normal,0,0,obese,0,0,0.91
30,male,Mexican American,former,normal,0,1,normal,0,0,1.55
30,male,Mexican American,former,normal,0,1,underweight,0,0,2.66
30,male,Mexican American,former,normal,0,1,overweight,0,0,1.3
30,male,Mexican American,former,normal,0,1,obese,0,0,1.47
30,male,Mexican American,former,normal,1,0,normal,0,0,1.19
30,male,Mexican American,former,normal,1,0,underweight,0,0,2.05
30,male,Mexican American,former,normal,1,0,overweight,0,0,1
30,male,Mexican American,former,normal,1,0,obese,0,0,1.14
30,male,Mexican American,former,normal,1,1,normal,0,0,1.92
30,male,Mexican American,former,normal,1,1,underweight,0,0,3.3
30,male,Mexican American,former,normal,1,1,overweight,0,0,1.62
30,male,Mexican American,former,normal,1,1,obese,0,0,1.83
30,male,Mexican American,former,prediabetes,0,0,normal,0,0,0.96
30,male,Mexican American,former,prediabetes,0,0,underweight,0,0,1.65
30,male,Mexican American,former,prediabetes,0,0,overweight,0,0,0.81
30,male,Mexican American,former,prediabetes,0,0,obese,0,0,0.91
30,male,Mexican American,former,prediabetes,0,1,normal,0,0,1.55
30,male,Mexican American,former,prediabetes,0,1,underweight,0,0,2.66
30,male,Mexican American,former,prediabetes,0,1,overweight,0,0,1.31
30,male,Mexican American,former,prediabetes,0,1,obese,0,0,1.48
30,male,Mexican American,former,prediabetes,1,0,normal,0,0,1.19
30,male,Mexican American,former,prediabetes,1,0,underweight,0,0,2.05
30,male,Mexican American,former,prediabetes,1,0,overweight,0,0,1
30,male,Mexican American,former,prediabetes,1,0,obese,0,0,1.14
30,male,Mexican American,former,prediabetes,1,1,normal,0,0,1.92
30,male,Mexican American,former,prediabetes,1,1,underweight,0,0,3.3
30,male,Mexican American,former,prediabetes,1,1,overweight,0,0,1.62
30,male,Mexican American,former,prediabetes,1,1,obese,0,0,1.83
30,male,Mexican American,former,undiagnosed diabetes,0,0,normal,0,0,1.32
30,male,Mexican American,former,undiagnosed diabetes,0,0,underweight,0,0,2.27
30,male,Mexican American,former,undiagnosed diabetes,0,0,overweight,0,0,1.11
30,male,Mexican American,former,undiagnosed diabetes,0,0,obese,0,0,1.26
30,male,Mexican American,former,undiagnosed diabetes,0,1,normal,0,0,2.13
30,male,Mexican American,former,undiagnosed diabetes,0,1,underweight,0,0,3.65
30,male,Mexican American,former,undiagnosed diabetes,0,1,overweight,0,0,1.8
30,male,Mexican American,former,undiagnosed diabetes,0,1,obese,0,0,2.03
30,male,Mexican American,former,undiagnosed diabetes,1,0,normal,0,0,1.64
30,male,Mexican American,former,undiagnosed diabetes,1,0,underweight,0,0,2.81
30,male,Mexican American,former,undiagnosed diabetes,1,0,overweight,0,0,1.38
30,male,Mexican American,former,undiagnosed diabetes,1,0,obese,0,0,1.56
30,male,Mexican American,former,undiagnosed diabetes,1,1,normal,0,0,2.64
30,male,Mexican American,former,undiagnosed diabetes,1,1,underweight,0,0,4.52
30,male,Mexican American,former,undiagnosed diabetes,1,1,overweight,0,0,2.23
30,male,Mexican American,former,undiagnosed diabetes,1,1,obese,0,0,2.52
30,male,Mexican American,former,diagnosed diabetes,0,0,normal,0,0,1.47
30,male,Mexican American,former,diagnosed diabetes,0,0,underweight,0,0,2.52
30,male,Mexican American,former,diagnosed diabetes,0,0,overweight,0,0,1.24
30,male,Mexican American,former,diagnosed diabetes,0,0,obese,0,0,1.4
30,male,Mexican American,former,diagnosed diabetes,0,1,normal,0,0,2.36
30,male,Mexican American,former,diagnosed diabetes,0,1,underweight,0,0,4.05
30,male,Mexican American,former,diagnosed diabetes,0,1,overweight,0,0,2
30,male,Mexican American,former,diagnosed diabetes,0,1,obese,0,0,2.26
30,male,Mexican American,former,diagnosed diabetes,1,0,normal,0,0,1.82
30,male,Mexican American,former,diagnosed diabetes,1,0,underweight,0,0,3.13
30,male,Mexican American,former,diagnosed diabetes,1,0,overweight,0,0,1.54
30,male,Mexican American,former,diagnosed diabetes,1,0,obese,0,0,1.74
30,male,Mexican American,former,diagnosed diabetes,1,1,normal,0,0,2.94
30,male,Mexican American,former,diagnosed diabetes,1,1,underweight,0,0,5.02
30,male,Mexican American,former,diagnosed diabetes,1,1,overweight,0,0,2.48
30,male,Mexican American,former,diagnosed diabetes,1,1,obese,0,0,2.8
30,male,Mexican American,current,normal,0,0,normal,0,0,1.99
30,male,Mexican American,current,normal,0,0,underweight,0,0,3.41
30,male,Mexican American,current,normal,0,0,overweight,0,0,1.68
30,male,Mexican American,current,normal,0,0,obese,0,0,1.89
30,male,Mexican American,current,normal,0,1,normal,0,0,3.2
30,male,Mexican American,current,normal,0,1,underweight,0,0,5.46
30,male,Mexican American,current,normal,0,1,overweight,0,0,2.7
30,male,Mexican American,current,normal,0,1,obese,0,0,3.05
30,male,Mexican American,current,normal,1,0,normal,0,0,2.47
30,male,Mexican American,current,normal,1,0,underweight,0,0,4.22
30,male,Mexican American,current,normal,1,0,overweight,0,0,2.08
30,male,Mexican American,current,normal,1,0,obese,0,0,2.35
30,male,Mexican American,current,normal,1,1,normal,0,0,3.96
30,male,Mexican American,current,normal,1,1,underweight,0,0,6.75
30,male,Mexican American,current,normal,1,1,overweight,0,0,3.35
30,male,Mexican American,current,normal,1,1,obese,0,0,3.78
30,male,Mexican American,current,prediabetes,0,0,normal,0,0,1.99
30,male,Mexican American,current,prediabetes,0,0,underweight,0,0,3.41
30,male,Mexican American,current,prediabetes,0,0,overweight,0,0,1.68
30,male,Mexican American,current,prediabetes,0,0,obese,0,0,1.9
30,male,Mexican American,current,prediabetes,0,1,normal,0,0,3.2
30,male,Mexican American,current,prediabetes,0,1,underweight,0,0,5.46
30,male,Mexican American,current,prediabetes,0,1,overweight,0,0,2.7
30,male,Mexican American,current,prediabetes,0,1,obese,0,0,3.05
30,male,Mexican American,current,prediabetes,1,0,normal,0,0,2.47
30,male,Mexican American,current,prediabetes,1,0,underweight,0,0,4.23
30,male,Mexican American,current,prediabetes,1,0,overweight,0,0,2.08
30,male,Mexican American,current,prediabetes,1,0,obese,0,0,2.35
30,male,Mexican American,current,prediabetes,1,1,normal,0,0,3.97
30,male,Mexican American,current,prediabetes,1,1,underweight,0,0,6.76
30,male,Mexican American,current,prediabetes,1,1,overweight,0,0,3.36
30,male,Mexican American,current,prediabetes,1,1,obese,0,0,3.79
30,male,Mexican American,current,undiagnosed diabetes,0,0,normal,0,0,2.73
30,male,Mexican American,current,undiagnosed diabetes,0,0,underweight,0,0,4.67
30,male,Mexican American,current,undiagnosed diabetes,0,0,overweight,0,0,2.31
30,male,Mexican American,current,undiagnosed diabetes,0,0,obese,0,0,2.61
30,male,Mexican American,current,undiagnosed diabetes,0,1,normal,0,0,4.39
30,male,Mexican American,current,undiagnosed diabetes,0,1,underweight,0,0,7.46
30,male,Mexican American,current,undiagnosed diabetes,0,1,overweight,0,0,3.71
30,male,Mexican American,current,undiagnosed diabetes,0,1,obese,0,0,4.19
30,male,Mexican American,current,undiagnosed diabetes,1,0,normal,0,0,3.39
30,male,Mexican American,current,undiagnosed diabetes,1,0,underweight,0,0,5.78
30,male,Mexican American,current,undiagnosed diabetes,1,0,overweight,0,0,2.86
30,male,Mexican American,current,undiagnosed diabetes,1,0,obese,0,0,3.23
30,male,Mexican American,current,undiagnosed diabetes,1,1,normal,0,0,5.43
30,male,Mexican American,current,undiagnosed diabetes,1,1,underweight,0,0,9.2
30,male,Mexican American,current,undiagnosed diabetes,1,1,overweight,0,0,4.6
30,male,Mexican American,current,undiagnosed diabetes,1,1,obese,0,0,5.18
30,male,Mexican American,current,diagnosed diabetes,0,0,normal,0,0,3.04
30,male,Mexican American,current,diagnosed diabetes,0,0,underweight,0,0,5.19
30,male,Mexican American,current,diagnosed diabetes,0,0,overweight,0,0,2.56
30,male,Mexican American,current,diagnosed diabetes,0,0,obese,0,0,2.9
30,male,Mexican American,current,diagnosed diabetes,0,1,normal,0,0,4.87
30,male,Mexican American,current,diagnosed diabetes,0,1,underweight,0,0,8.26
30,male,Mexican American,current,diagnosed diabetes,0,1,overweight,0,0,4.12
30,male,Mexican American,current,diagnosed diabetes,0,1,obese,0,0,4.65
30,male,Mexican American,current,diagnosed diabetes,1,0,normal,0,0,3.77
30,male,Mexican American,current,diagnosed diabetes,1,0,underweight,0,0,6.42
30,male,Mexican American,current,diagnosed diabetes,1,0,overweight,0,0,3.18
30,male,Mexican American,current,diagnosed diabetes,1,0,obese,0,0,3.59
30,male,Mexican American,current,diagnosed diabetes,1,1,normal,0,0,6.03
30,male,Mexican American,current,diagnosed diabetes,1,1,underweight,0,0,10.18
30,male,Mexican American,current,diagnosed diabetes,1,1,overweight,0,0,5.1
30,male,Mexican American,current,diagnosed diabetes,1,1,obese,0,0,5.75
30,male,Other Hispanic,never,normal,0,0,normal,0,0,0.8
30,male,Other Hispanic,never,normal,0,0,underweight,0,0,1.38
30,male,Other Hispanic,never,normal,0,0,overweight,0,0,0.68
30,male,Other Hispanic,never,normal,0,0,obese,0,0,0.77
30,male,Other Hispanic,never,normal,0,1,normal,0,0,1.3
30,male,Other Hispanic,never,normal,0,1,underweight,0,0,2.23
30,male,Other Hispanic,never,normal,0,1,overweight,0,0,1.1
30,male,Other Hispanic,never,normal,0,1,obese,0,0,1.24
30,male,Other Hispanic,never,normal,1,0,normal,0,0,1
30,male,Other Hispanic,never,normal,1,0,underweight,0,0,1.72
30,male,Other Hispanic,never,normal,1,0,overweight,0,0,0.84
30,male,Other Hispanic,never,normal,1,0,obese,0,0,0.95
30,male,Other Hispanic,never,normal,1,1,normal,0,0,1.61
30,male,Other Hispanic,never,normal,1,1,underweight,0,0,2.77
30,male,Other Hispanic,never,normal,1,1,overweight,0,0,1.36
30,male,Other Hispanic,never,normal,1,1,obese,0,0,1.54
30,male,Other Hispanic,never,prediabetes,0,0,normal,0,0,0.8
30,male,Other Hispanic,never,prediabetes,0,0,underweight,0,0,1.39
30,male,Other Hispanic,never,prediabetes,0,0,overweight,0,0,0.68
30,male,Other Hispanic,never,prediabetes,0,0,obese,0,0,0.77
30,male,Other Hispanic,never,prediabetes,0,1,normal,0,0,1.3
30,male,Other Hispanic,never,prediabetes,0,1,underweight,0,0,2.23
30,male,Other Hispanic,never,prediabetes,0,1,overweight,0,0,1.1
30,male,Other Hispanic,never,prediabetes,0,1,obese,0,0,1.24
30,male,Other Hispanic,never,prediabetes,1,0,normal,0,0,1
30,male,Other Hispanic,never,prediabetes,1,0,underweight,0,0,1.72
30,male,Other Hispanic,never,prediabetes,1,0,overweight,0,0,0.84
30,male,Other Hispanic,never,prediabetes,1,0,obese,0,0,0.95
30,male,Other Hispanic,never,prediabetes,1,1,normal,0,0,1.61
30,male,Other Hispanic,never,prediabetes,1,1,underweight,0,0,2.77
30,male,Other Hispanic,never,prediabetes,1,1,overweight,0,0,1.36
30,male,Other Hispanic,never,prediabetes,1,1,obese,0,0,1.54
30,male,Other Hispanic,never,undiagnosed diabetes,0,0,normal,0,0,1.11
30,male,Other Hispanic,never,undiagnosed diabetes,0,0,underweight,0,0,1.91
30,male,Other Hispanic,never,undiagnosed diabetes,0,0,overweight,0,0,0.93
30,male,Other Hispanic,never,undiagnosed diabetes,0,0,obese,0,0,1.06
30,male,Other Hispanic,never,undiagnosed diabetes,0,1,normal,0,0,1.79
30,male,Other Hispanic,never,undiagnosed diabetes,0,1,underweight,0,0,3.07
30,male,Other Hispanic,never,undiagnosed diabetes,0,1,overweight,0,0,1.51
30,male,Other Hispanic,never,undiagnosed diabetes,0,1,obese,0,0,1.7
30,male,Other Hispanic,never,undiagnosed diabetes,1,0,normal,0,0,1.38
30,male,Other Hispanic,never,undiagnosed diabetes,1,0,underweight,0,0,2.37
30,male,Other Hispanic,never,undiagnosed diabetes,1,0,overweight,0,0,1.16
30,male,Other Hispanic,never,undiagnosed diabetes,1,0,obese,0,0,1.31
30,male,Other Hispanic,never,undiagnosed diabetes,1,1,normal,0,0,2.22
30,male,Other Hispanic,never,undiagnosed diabetes,1,1,underweight,0,0,3.8
30,male,Other Hispanic,never,undiagnosed diabetes,1,1,overweight,0,0,1.87
30,male,Other Hispanic,never,undiagnosed diabetes,1,1,obese,0,0,2.12
30,male,Other Hispanic,never,diagnosed diabetes,0,0,normal,0,0,1.23
30,male,Other Hispanic,never,diagnosed diabetes,0,0,underweight,0,0,2.12
30,male,Other Hispanic,never,diagnosed diabetes,0,0,overweight,0,0,1.04
30,male,Other Hispanic,never,diagnosed diabetes,0,0,obese,0,0,1.17
30,male,Other Hispanic,never,diagnosed diabetes,0,1,normal,0,0,1.99
30,male,Other Hispanic,never,diagnosed diabetes,0,1,underweight,0,0,3.41
30,male,Other Hispanic,never,diagnosed diabetes,0,1,overweight,0,0,1.68
30,male,Other Hispanic,never,diagnosed diabetes,0,1,obese,0,0,1.9
30,male,Other Hispanic,never,diagnosed diabetes,1,0,normal,0,0,1.53
30,male,Other Hispanic,never,diagnosed diabetes,1,0,underweight,0,0,2.63
30,male,Other Hispanic,never,diagnosed diabetes,1,0,overweight,0,0,1.29
30,male,Other Hispanic,never,diagnosed diabetes,1,0,obese,0,0,1.46
30,male,Other Hispanic,never,diagnosed diabetes,1,1,normal,0,0,2.47
30,male,Other Hispanic,never,diagnosed diabetes,1,1,underweight,0,0,4.23
30,male,Other Hispanic,never,diagnosed diabetes,1,1,overweight,0,0,2.08
30,male,Other Hispanic,never,diagnosed diabetes,1,1,obese,0,0,2.35
30,male,Other Hispanic,former,normal,0,0,normal,0,0,0.99
30,male,Other Hispanic,former,normal,0,0,underweight,0,0,1.7
30,male,Other Hispanic,former,normal,0,0,overweight,0,0,0.83
30,male,Other Hispanic,former,normal,0,0,obese,0,0,0.94
30,male,Other Hispanic,former,normal,0,1,normal,0,0,1.59
30,male,Other Hispanic,former,normal,0,1,underweight,0,0,2.74
30,male,Other Hispanic,former,normal,0,1,overweight,0,0,1.34
30,male,Other Hispanic,former,normal,0,1,obese,0,0,1.52
30,male,Other Hispanic,former,normal,1,0,normal,0,0,1.23
30,male,Other Hispanic,former,normal,1,0,underweight,0,0,2.11
30,male,Other Hispanic,former,normal,1,0,overweight,0,0,1.04
30,male,Other Hispanic,former,normal,1,0,obese,0,0,1.17
30,male,Other Hispanic,former,normal,1,1,normal,0,0,1.98
30,male,Other Hispanic,former,normal,1,1,underweight,0,0,3.4
30,male,Other Hispanic,former,normal,1,1,overweight,0,0,1.67
30,male,Other Hispanic,former,normal,1,1,obese,0,0,1.89
30,male,Other Hispanic,former,prediabetes,0,0,normal,0,0,0.99
30,male,Other Hispanic,former,prediabetes,0,0,underweight,0,0,1.7
30,male,Other Hispanic,former,prediabetes,0,0,overweight,0,0,0.83
30,male,Other Hispanic,former,prediabetes,0,0,obese,0,0,0.94
30,male,Other Hispanic,former,prediabetes,0,1,normal,0,0,1.59
30,male,Other Hispanic,former,prediabetes,0,1,underweight,0,0,2.74
30,male,Other Hispanic,former,prediabetes,0,1,overweight,0,0,1.35
30,male,Other Hispanic,former,prediabetes,0,1,obese,0,0,1.52
30,male,Other Hispanic,former,prediabetes,1,0,normal,0,0,1.23
30,male,Other Hispanic,former,prediabetes,1,0,underweight,0,0,2.11
30,male,Other Hispanic,former,prediabetes,1,0,overweight,0,0,1.04
30,male,Other Hispanic,former,prediabetes,1,0,obese,0,0,1.17
30,male,Other Hispanic,former,prediabetes,1,1,normal,0,0,1.98
30,male,Other Hispanic,former,prediabetes,1,1,underweight,0,0,3.4
30,male,Other Hispanic,former,prediabetes,1,1,overweight,0,0,1.67
30,male,Other Hispanic,former,prediabetes,1,1,obese,0,0,1.89
30,male,Other Hispanic,former,undiagnosed diabetes,0,0,normal,0,0,1.36
30,male,Other Hispanic,former,undiagnosed diabetes,0,0,underweight,0,0,2.34
30,male,Other Hispanic,former,undiagnosed diabetes,0,0,overweight,0,0,1.15
30,male,Other Hispanic,former,undiagnosed diabetes,0,0,obese,0,0,1.3
30,male,Other Hispanic,former,undiagnosed diabetes,0,1,normal,0,0,2.19
30,male,Other Hispanic,former,undiagnosed diabetes,0,1,underweight,0,0,3.76
30,male,Other Hispanic,former,undiagnosed diabetes,0,1,overweight,0,0,1.85
30,male,Other Hispanic,former,undiagnosed diabetes,0,1,obese,0,0,2.09
30,male,Other Hispanic,former,undiagnosed diabetes,1,0,normal,0,0,1.69
30,male,Other Hispanic,former,undiagnosed diabetes,1,0,underweight,0,0,2.9
30,male,Other Hispanic,former,undiagnosed diabetes,1,0,overweight,0,0,1.43
30,male,Other Hispanic,former,undiagnosed diabetes,1,0,obese,0,0,1.61
30,male,Other Hispanic,former,undiagnosed diabetes,1,1,normal,0,0,2.72
30,male,Other Hispanic,former,undiagnosed diabetes,1,1,underweight,0,0,4.66
30,male,Other Hispanic,former,undiagnosed diabetes,1,1,overweight,0,0,2.3
30,male,Other Hispanic,former,undiagnosed diabetes,1,1,obese,0,0,2.6
30,male,Other Hispanic,former,diagnosed diabetes,0,0,normal,0,0,1.51
30,male,Other Hispanic,former,diagnosed diabetes,0,0,underweight,0,0,2.6
30,male,Other Hispanic,former,diagnosed diabetes,0,0,overweight,0,0,1.28
30,male,Other Hispanic,former,diagnosed diabetes,0,0,obese,0,0,1.44
30,male,Other Hispanic,former,diagnosed diabetes,0,1,normal,0,0,2.44
30,male,Other Hispanic,former,diagnosed diabetes,0,1,underweight,0,0,4.17
30,male,Other Hispanic,former,diagnosed diabetes,0,1,overweight,0,0,2.06
30,male,Other Hispanic,former,diagnosed diabetes,0,1,obese,0,0,2.33
30,male,Other Hispanic,former,diagnosed diabetes,1,0,normal,0,0,1.88
30,male,Other Hispanic,former,diagnosed diabetes,1,0,underweight,0,0,3.22
30,male,Other Hispanic,former,diagnosed diabetes,1,0,overweight,0,0,1.59
30,male,Other Hispanic,former,diagnosed diabetes,1,0,obese,0,0,1.79
30,male,Other Hispanic,former,diagnosed diabetes,1,1,normal,0,0,3.03
30,male,Other Hispanic,former,diagnosed diabetes,1,1,underweight,0,0,5.17
30,male,Other Hispanic,former,diagnosed diabetes,1,1,overweight,0,0,2.56
30,male,Other Hispanic,former,diagnosed diabetes,1,1,obese,0,0,2.89
30,male,Other Hispanic,current,normal,0,0,normal,0,0,2.05
30,male,Other Hispanic,current,normal,0,0,underweight,0,0,3.51
30,male,Other Hispanic,current,normal,0,0,overweight,0,0,1.73
30,male,Other Hispanic,current,normal,0,0,obese,0,0,1.95
30,male,Other Hispanic,current,normal,0,1,normal,0,0,3.29
30,male,Other Hispanic,current,normal,0,1,underweight,0,0,5.62
30,male,Other Hispanic,current,normal,0,1,overweight,0,0,2.78
30,male,Other Hispanic,current,normal,0,1,obese,0,0,3.14
30,male,Other Hispanic,current,normal,1,0,normal,0,0,2.54
30,male,Other Hispanic,current,normal,1,0,underweight,0,0,4.35
30,male,Other Hispanic,current,normal,1,0,overweight,0,0,2.15
30,male,Other Hispanic,current,normal,1,0,obese,0,0,2.43
30,male,Other Hispanic,current,normal,1,1,normal,0,0,4.09
30,male,Other Hispanic,current,normal,1,1,underweight,0,0,6.95
30,male,Other Hispanic,current,normal,1,1,overweight,0,0,3.45
30,male,Other Hispanic,current,normal,1,1,obese,0,0,3.9
30,male,Other Hispanic,current,prediabetes,0,0,normal,0,0,2.05
30,male,Other Hispanic,current,prediabetes,0,0,underweight,0,0,3.51
30,male,Other Hispanic,current,prediabetes,0,0,overweight,0,0,1.73
30,male,Other Hispanic,current,prediabetes,0,0,obese,0,0,1.95
30,male,Other Hispanic,current,prediabetes,0,1,normal,0,0,3.3
30,male,Other Hispanic,current,prediabetes,0,1,underweight,0,0,5.63
30,male,Other Hispanic,current,prediabetes,0,1,overweight,0,0,2.79
30,male,Other Hispanic,current,prediabetes,0,1,obese,0,0,3.15
30,male,Other Hispanic,current,prediabetes,1,0,normal,0,0,2.54
30,male,Other Hispanic,current,prediabetes,1,0,underweight,0,0,4.35
30,male,Other Hispanic,current,prediabetes,1,0,overweight,0,0,2.15
30,male,Other Hispanic,current,prediabetes,1,0,obese,0,0,2.43
30,male,Other Hispanic,current,prediabetes,1,1,normal,0,0,4.09
30,male,Other Hispanic,current,prediabetes,1,1,underweight,0,0,6.96
30,male,Other Hispanic,current,prediabetes,1,1,overweight,0,0,3.46
30,male,Other Hispanic,current,prediabetes,1,1,obese,0,0,3.9
30,male,Other Hispanic,current,undiagnosed diabetes,0,0,normal,0,0,2.81
30,male,Other Hispanic,current,undiagnosed diabetes,0,0,underweight,0,0,4.81
30,male,Other Hispanic,current,undiagnosed diabetes,0,0,overweight,0,0,2.38
30,male,Other Hispanic,current,undiagnosed diabetes,0,0,obese,0,0,2.68
30,male,Other Hispanic,current,undiagnosed diabetes,0,1,normal,0,0,4.52
30,male,Other Hispanic,current,undiagnosed diabetes,0,1,underweight,0,0,7.68
30,male,Other Hispanic,current,undiagnosed diabetes,0,1,overweight,0,0,3.82
30,male,Other Hispanic,current,undiagnosed diabetes,0,1,obese,0,0,4.31
30,male,Other Hispanic,current,undiagnosed diabetes,1,0,normal,0,0,3.49
30,male,Other Hispanic,current,undiagnosed diabetes,1,0,underweight,0,0,5.96
30,male,Other Hispanic,current,undiagnosed diabetes,1,0,overweight,0,0,2.95
30,male,Other Hispanic,current,undiagnosed diabetes,1,0,obese,0,0,3.33
30,male,Other Hispanic,current,undiagnosed diabetes,1,1,normal,0,0,5.59
30,male,Other Hispanic,current,undiagnosed diabetes,1,1,underweight,0,0,9.47
30,male,Other Hispanic,current,undiagnosed diabetes,1,1,overweight,0,0,4.74
30,male,Other Hispanic,current,undiagnosed diabetes,1,1,obese,0,0,5.34
30,male,Other Hispanic,current,diagnosed diabetes,0,0,normal,0,0,3.13
30,male,Other Hispanic,current,diagnosed diabetes,0,0,underweight,0,0,5.34
30,male,Other Hispanic,current,diagnosed diabetes,0,0,overweight,0,0,2.64
30,male,Other Hispanic,current,diagnosed diabetes,0,0,obese,0,0,2.98
30,male,Other Hispanic,current,diagnosed diabetes,0,1,normal,0,0,5.02
30,male,Other Hispanic,current,diagnosed diabetes,0,1,underweight,0,0,8.51
30,male,Other Hispanic,current,diagnosed diabetes,0,1,overweight,0,0,4.25
30,male,Other Hispanic,current,diagnosed diabetes,0,1,obese,0,0,4.79
30,male,Other Hispanic,current,diagnosed diabetes,1,0,normal,0,0,3.88
30,male,Other Hispanic,current,diagnosed diabetes,1,0,underweight,0,0,6.61
30,male,Other Hispanic,current,diagnosed diabetes,1,0,overweight,0,0,3.28
30,male,Other Hispanic,current,diagnosed diabetes,1,0,obese,0,0,3.7
30,male,Other Hispanic,current,diagnosed diabetes,1,1,normal,0,0,6.21
30,male,Other Hispanic,current,diagnosed diabetes,1,1,underweight,0,0,10.48
30,male,Other Hispanic,current,diagnosed diabetes,1,1,overweight,0,0,5.26
30,male,Other Hispanic,current,diagnosed diabetes,1,1,obese,0,0,5.93
30,male,Other/Multiracial,never,normal,0,0,normal,0,0,0.75
30,male,Other/Multiracial,never,normal,0,0,underweight,0,0,1.29
30,male,Other/Multiracial,never,normal,0,0,overweight,0,0,0.63
30,male,Other/Multiracial,never,normal,0,0,obese,0,0,0.71
30,male,Other/Multiracial,never,normal,0,1,normal,0,0,1.21
30,male,Other/Multiracial,never,normal,0,1,underweight,0,0,2.08
30,male,Other/Multiracial,never,normal,0,1,overweight,0,0,1.02
30,male,Other/Multiracial,never,normal,0,1,obese,0,0,1.15
30,male,Other/Multiracial,never,normal,1,0,normal,0,0,0.93
30,male,Other/Multiracial,never,normal,1,0,underweight,0,0,1.6
30,male,Other/Multiracial,never,normal,1,0,overweight,0,0,0.79
30,male,Other/Multiracial,never,normal,1,0,obese,0,0,0.89
30,male,Other/Multiracial,never,normal,1,1,normal,0,0,1.51
30,male,Other/Multiracial,never,normal,1,1,underweight,0,0,2.59
30,male,Other/Multiracial,never,normal,1,1,overweight,0,0,1.27
30,male,Other/Multiracial,never,normal,1,1,obese,0,0,1.44
30,male,Other/Multiracial,never,prediabetes,0,0,normal,0,0,0.75
30,male,Other/Multiracial,never,prediabetes,0,0,underweight,0,0,1.29
30,male,Other/Multiracial,never,prediabetes,0,0,overweight,0,0,0.63
30,male,Other/Multiracial,never,prediabetes,0,0,obese,0,0,0.71
30,male,Other/Multiracial,never,prediabetes,0,1,normal,0,0,1.21
30,male,Other/Multiracial,never,prediabetes,0,1,underweight,0,0,2.08
30,male,Other/Multiracial,never,prediabetes,0,1,overweight,0,0,1.02
30,male,Other/Multiracial,never,prediabetes,0,1,obese,0,0,1.16
30,male,Other/Multiracial,never,prediabetes,1,0,normal,0,0,0.93
30,male,Other/Multiracial,never,prediabetes,1,0,underweight,0,0,1.61
30,male,Other/Multiracial,never,prediabetes,1,0,overweight,0,0,0.79
30,male,Other/Multiracial,never,prediabetes,1,0,obese,0,0,0.89
30,male,Other/Multiracial,never,prediabetes,1,1,normal,0,0,1.51
30,male,Other/Multiracial,never,prediabetes,1,1,underweight,0,0,2.59
30,male,Other/Multiracial,never,prediabetes,1,1,overweight,0,0,1.27
30,male,Other/Multiracial,never,prediabetes,1,1,obese,0,0,1.44
30,male,Other/Multiracial,never,undiagnosed diabetes,0,0,normal,0,0,1.03
30,male,Other/Multiracial,never,undiagnosed diabetes,0,0,underweight,0,0,1.78
30,male,Other/Multiracial,never,undiagnosed diabetes,0,0,overweight,0,0,0.87
30,male,Other/Multiracial,never,undiagnosed diabetes,0,0,obese,0,0,0.98
30,male,Other/Multiracial,never,undiagnosed diabetes,0,1,normal,0,0,1.67
30,male,Other/Multiracial,never,undiagnosed diabetes,0,1,underweight,0,0,2.86
30,male,Other/Multiracial,never,undiagnosed diabetes,0,1,overweight,0,0,1.41
30,male,Other/Multiracial,never,undiagnosed diabetes,0,1,obese,0,0,1.59
30,male,Other/Multiracial,never,undiagnosed diabetes,1,0,normal,0,0,1.28
30,male,Other/Multiracial,never,undiagnosed diabetes,1,0,underweight,0,0,2.21
30,male,Other/Multiracial,never,undiagnosed diabetes,1,0,overweight,0,0,1.08
30,male,Other/Multiracial,never,undiagnosed diabetes,1,0,obese,0,0,1.22
30,male,Other/Multiracial,never,undiagnosed diabetes,1,1,normal,0,0,2.07
30,male,Other/Multiracial,never,undiagnosed diabetes,1,1,underweight,0,0,3.55
30,male,Other/Multiracial,never,undiagnosed diabetes,1,1,overweight,0,0,1.75
30,male,Other/Multiracial,never,undiagnosed diabetes,1,1,obese,0,0,1.98
30,male,Other/Multiracial,never,diagnosed diabetes,0,0,normal,0,0,1.15
30,male,Other/Multiracial,never,diagnosed diabetes,0,0,underweight,0,0,1.98
30,male,Other/Multiracial,never,diagnosed diabetes,0,0,overweight,0,0,0.97
30,male,Other/Multiracial,never,diagnosed diabetes,0,0,obese,0,0,1.1
30,male,Other/Multiracial,never,diagnosed diabetes,0,1,normal,0,0,1.85
30,male,Other/Multiracial,never,diagnosed diabetes,0,1,underweight,0,0,3.18
30,male,Other/Multiracial,never,diagnosed diabetes,0,1,overweight,0,0,1.57
30,male,Other/Multiracial,never,diagnosed diabetes,0,1,obese,0,0,1.77
30,male,Other/Multiracial,never,diagnosed diabetes,1,0,normal,0,0,1.43
30,male,Other/Multiracial,never,diagnosed diabetes,1,0,underweight,0,0,2.45
30,male,Other/Multiracial,never,diagnosed diabetes,1,0,overweight,0,0,1.21
30,male,Other/Multiracial,never,diagnosed diabetes,1,0,obese,0,0,1.36
30,male,Other/Multiracial,never,diagnosed diabetes,1,1,normal,0,0,2.3
30,male,Other/Multiracial,never,diagnosed diabetes,1,1,underweight,0,0,3.95
30,male,Other/Multiracial,never,diagnosed diabetes,1,1,overweight,0,0,1.95
30,male,Other/Multiracial,never,diagnosed diabetes,1,1,obese,0,0,2.2
30,male,Other/Multiracial,former,normal,0,0,normal,0,0,0.92
30,male,Other/Multiracial,former,normal,0,0,underweight,0,0,1.58
30,male,Other/Multiracial,former,normal,0,0,overweight,0,0,0.78
30,male,Other/Multiracial,former,normal,0,0,obese,0,0,0.88
30,male,Other/Multiracial,former,normal,0,1,normal,0,0,1.49
30,male,Other/Multiracial,former,normal,0,1,underweight,0,0,2.55
30,male,Other/Multiracial,former,normal,0,1,overweight,0,0,1.25
30,male,Other/Multiracial,former,normal,0,1,obese,0,0,1.42
30,male,Other/Multiracial,former,normal,1,0,normal,0,0,1.14
30,male,Other/Multiracial,former,normal,1,0,underweight,0,0,1.97
30,male,Other/Multiracial,former,normal,1,0,overweight,0,0,0.97
30,male,Other/Multiracial,former,normal,1,0,obese,0,0,1.09
30,male,Other/Multiracial,former,normal,1,1,normal,0,0,1.85
30,male,Other/Multiracial,former,normal,1,1,underweight,0,0,3.17
30,male,Other/Multiracial,former,normal,1,1,overweight,0,0,1.56
30,male,Other/Multiracial,former,normal,1,1,obese,0,0,1.76
30,male,Other/Multiracial,former,prediabetes,0,0,normal,0,0,0.92
30,male,Other/Multiracial,former,prediabetes,0,0,underweight,0,0,1.59
30,male,Other/Multiracial,former,prediabetes,0,0,overweight,0,0,0.78
30,male,Other/Multiracial,former,prediabetes,0,0,obese,0,0,0.88
30,male,Other/Multiracial,former,prediabetes,0,1,normal,0,0,1.49
30,male,Other/Multiracial,former,prediabetes,0,1,underweight,0,0,2.56
30,male,Other/Multiracial,former,prediabetes,0,1,overweight,0,0,1.25
30,male,Other/Multiracial,former,prediabetes,0,1,obese,0,0,1.42
30,male,Other/Multiracial,former,prediabetes,1,0,normal,0,0,1.15
30,male,Other/Multiracial,former,prediabetes,1,0,underweight,0,0,1.97
30,male,Other/Multiracial,former,prediabetes,1,0,overweight,0,0,0.97
30,male,Other/Multiracial,former,prediabetes,1,0,obese,0,0,1.09
30,male,Other/Multiracial,former,prediabetes,1,1,normal,0,0,1.85
30,male,Other/Multiracial,former,prediabetes,1,1,underweight,0,0,3.17
30,male,Other/Multiracial,former,prediabetes,1,1,overweight,0,0,1.56
30,male,Other/Multiracial,former,prediabetes,1,1,obese,0,0,1.76
30,male,Other/Multiracial,former,undiagnosed diabetes,0,0,normal,0,0,1.27
30,male,Other/Multiracial,former,undiagnosed diabetes,0,0,underweight,0,0,2.18
30,male,Other/Multiracial,former,undiagnosed diabetes,0,0,overweight,0,0,1.07
30,male,Other/Multiracial,former,undiagnosed diabetes,0,0,obese,0,0,1.21
30,male,Other/Multiracial,former,undiagnosed diabetes,0,1,normal,0,0,2.05
30,male,Other/Multiracial,former,undiagnosed diabetes,0,1,underweight,0,0,3.51
30,male,Other/Multiracial,former,undiagnosed diabetes,0,1,overweight,0,0,1.73
30,male,Other/Multiracial,former,undiagnosed diabetes,0,1,obese,0,0,1.95
30,male,Other/Multiracial,former,undiagnosed diabetes,1,0,normal,0,0,1.58
30,male,Other/Multiracial,former,undiagnosed diabetes,1,0,underweight,0,0,2.71
30,male,Other/Multiracial,former,undiagnosed diabetes,1,0,overweight,0,0,1.33
30,male,Other/Multiracial,former,undiagnosed diabetes,1,0,obese,0,0,1.5
30,male,Other/Multiracial,former,undiagnosed diabetes,1,1,normal,0,0,2.54
30,male,Other/Multiracial,former,undiagnosed diabetes,1,1,underweight,0,0,4.35
30,male,Other/Multiracial,former,undiagnosed diabetes,1,1,overweight,0,0,2.15
30,male,Other/Multiracial,former,undiagnosed diabetes,1,1,obese,0,0,2.42
30,male,Other/Multiracial,former,diagnosed diabetes,0,0,normal,0,0,1.41
30,male,Other/Multiracial,former,diagnosed diabetes,0,0,underweight,0,0,2.42
30,male,Other/Multiracial,former,diagnosed diabetes,0,0,overweight,0,0,1.19
30,male,Other/Multiracial,former,diagnosed diabetes,0,0,obese,0,0,1.34
30,male,Other/Multiracial,former,diagnosed diabetes,0,1,normal,0,0,2.27
30,male,Other/Multiracial,former,diagnosed diabetes,0,1,underweight,0,0,3.9
30,male,Other/Multiracial,former,diagnosed diabetes,0,1,overweight,0,0,1.92
30,male,Other/Multiracial,former,diagnosed diabetes,0,1,obese,0,0,2.17
30,male,Other/Multiracial,former,diagnosed diabetes,1,0,normal,0,0,1.75
30,male,Other/Multiracial,former,diagnosed diabetes,1,0,underweight,0,0,3.01
30,male,Other/Multiracial,former,diagnosed diabetes,1,0,overweight,0,0,1.48
30,male,Other/Multiracial,former,diagnosed diabetes,1,0,obese,0,0,1.67
30,male,Other/Multiracial,former,diagnosed diabetes,1,1,normal,0,0,2.82
30,male,Other/Multiracial,former,diagnosed diabetes,1,1,underweight,0,0,4.83
30,male,Other/Multiracial,former,diagnosed diabetes,1,1,overweight,0,0,2.39
30,male,Other/Multiracial,former,diagnosed diabetes,1,1,obese,0,0,2.69
30,male,Other/Multiracial,current,normal,0,0,normal,0,0,1.91
30,male,Other/Multiracial,current,normal,0,0,underweight,0,0,3.28
30,male,Other/Multiracial,current,normal,0,0,overweight,0,0,1.61
30,male,Other/Multiracial,current,normal,0,0,obese,0,0,1.82
30,male,Other/Multiracial,current,normal,0,1,normal,0,0,3.07
30,male,Other/Multiracial,current,normal,0,1,underweight,0,0,5.25
30,male,Other/Multiracial,current,normal,0,1,overweight,0,0,2.6
30,male,Other/Multiracial,current,normal,0,1,obese,0,0,2.93
30,male,Other/Multiracial,current,normal,1,0,normal,0,0,2.37
30,male,Other/Multiracial,current,normal,1,0,underweight,0,0,4.06
30,male,Other/Multiracial,current,normal,1,0,overweight,0,0,2
30,male,Other/Multiracial,current,normal,1,0,obese,0,0,2.26
30,male,Other/Multiracial,current,normal,1,1,normal,0,0,3.81
30,male,Other/Multiracial,current,normal,1,1,underweight,0,0,6.5
30,male,Other/Multiracial,current,normal,1,1,overweight,0,0,3.22
30,male,Other/Multiracial,current,normal,1,1,obese,0,0,3.64
30,male,Other/Multiracial,current,prediabetes,0,0,normal,0,0,1.91
30,male,Other/Multiracial,current,prediabetes,0,0,underweight,0,0,3.28
30,male,Other/Multiracial,current,prediabetes,0,0,overweight,0,0,1.61
30,male,Other/Multiracial,current,prediabetes,0,0,obese,0,0,1.82
30,male,Other/Multiracial,current,prediabetes,0,1,normal,0,0,3.08
30,male,Other/Multiracial,current,prediabetes,0,1,underweight,0,0,5.26
30,male,Other/Multiracial,current,prediabetes,0,1,overweight,0,0,2.6
30,male,Other/Multiracial,current,prediabetes,0,1,obese,0,0,2.94
30,male,Other/Multiracial,current,prediabetes,1,0,normal,0,0,2.37
30,male,Other/Multiracial,current,prediabetes,1,0,underweight,0,0,4.07
30,male,Other/Multiracial,current,prediabetes,1,0,overweight,0,0,2
30,male,Other/Multiracial,current,prediabetes,1,0,obese,0,0,2.26
30,male,Other/Multiracial,current,prediabetes,1,1,normal,0,0,3.82
30,male,Other/Multiracial,current,prediabetes,1,1,underweight,0,0,6.5
30,male,Other/Multiracial,current,prediabetes,1,1,overweight,0,0,3.23
30,male,Other/Multiracial,current,prediabetes,1,1,obese,0,0,3.64
30,male,Other/Multiracial,current,undiagnosed diabetes,0,0,normal,0,0,2.63
30,male,Other/Multiracial,current,undiagnosed diabetes,0,0,underweight,0,0,4.49
30,male,Other/Multiracial,current,undiagnosed diabetes,0,0,overweight,0,0,2.22
30,male,Other/Multiracial,current,undiagnosed diabetes,0,0,obese,0,0,2.51
30,male,Other/Multiracial,current,undiagnosed diabetes,0,1,normal,0,0,4.22
30,male,Other/Multiracial,current,undiagnosed diabetes,0,1,underweight,0,0,7.18
30,male,Other/Multiracial,current,undiagnosed diabetes,0,1,overweight,0,0,3.57
30,male,Other/Multiracial,current,undiagnosed diabetes,0,1,obese,0,0,4.03
30,male,Other/Multiracial,current,undiagnosed diabetes,1,0,normal,0,0,3.26
30,male,Other/Multiracial,current,undiagnosed diabetes,1,0,underweight,0,0,5.56
30,male,Other/Multiracial,current,undiagnosed diabetes,1,0,overweight,0,0,2.75
30,male,Other/Multiracial,current,undiagnosed diabetes,1,0,obese,0,0,3.11
30,male,Other/Multiracial,current,undiagnosed diabetes,1,1,normal,0,0,5.23
30,male,Other/Multiracial,current,undiagnosed diabetes,1,1,underweight,0,0,8.86
30,male,Other/Multiracial,current,undiagnosed diabetes,1,1,overweight,0,0,4.42
30,male,Other/Multiracial,current,undiagnosed diabetes,1,1,obese,0,0,4.99
30,male,Other/Multiracial,current,diagnosed diabetes,0,0,normal,0,0,2.92
30,male,Other/Multiracial,current,diagnosed diabetes,0,0,underweight,0,0,4.99
30,male,Other/Multiracial,current,diagnosed diabetes,0,0,overweight,0,0,2.47
30,male,Other/Multiracial,current,diagnosed diabetes,0,0,obese,0,0,2.79
30,male,Other/Multiracial,current,diagnosed diabetes,0,1,normal,0,0,4.69
30,male,Other/Multiracial,current,diagnosed diabetes,0,1,underweight,0,0,7.96
30,male,Other/Multiracial,current,diagnosed diabetes,0,1,overweight,0,0,3.96
30,male,Other/Multiracial,current,diagnosed diabetes,0,1,obese,0,0,4.47
30,male,Other/Multiracial,current,diagnosed diabetes,1,0,normal,0,0,3.62
30,male,Other/Multiracial,current,diagnosed diabetes,1,0,underweight,0,0,6.17
30,male,Other/Multiracial,current,diagnosed diabetes,1,0,overweight,0,0,3.06
30,male,Other/Multiracial,current,diagnosed diabetes,1,0,obese,0,0,3.46
30,male,Other/Multiracial,current,diagnosed diabetes,1,1,normal,0,0,5.8
30,male,Other/Multiracial,current,diagnosed diabetes,1,1,underweight,0,0,9.81
30,male,Other/Multiracial,current,diagnosed diabetes,1,1,overweight,0,0,4.91
30,male,Other/Multiracial,current,diagnosed diabetes,1,1,obese,0,0,5.54
30,female,Non-Hispanic White,never,normal,0,0,normal,0,0,0.67
30,female,Non-Hispanic White,never,normal,0,0,underweight,0,0,1.15
30,female,Non-Hispanic White,never,normal,0,0,overweight,0,0,0.56
30,female,Non-Hispanic White,never,normal,0,0,obese,0,0,0.64
30,female,Non-Hispanic White,never,normal,0,1,normal,0,0,1.08
30,female,Non-Hispanic White,never,normal,0,1,underweight,0,0,1.86
30,female,Non-Hispanic White,never,normal,0,1,overweight,0,0,0.91
30,female,Non-Hispanic White,never,normal,0,1,obese,0,0,1.03
30,female,Non-Hispanic White,never,normal,1,0,normal,0,0,0.83
30,female,Non-Hispanic White,never,normal,1,0,underweight,0,0,1.43
30,female,Non-Hispanic White,never,normal,1,0,overweight,0,0,0.7
30,female,Non-Hispanic White,never,normal,1,0,obese,0,0,0.79
30,female,Non-Hispanic White,never,normal,1,1,normal,0,0,1.35
30,female,Non-Hispanic White,never,normal,1,1,underweight,0,0,2.31
30,female,Non-Hispanic White,never,normal,1,1,overweight,0,0,1.14
30,female,Non-Hispanic White,never,normal,1,1,obese,0,0,1.28
30,female,Non-Hispanic White,never,prediabetes,0,0,normal,0,0,0.67
30,female,Non-Hispanic White,never,prediabetes,0,0,underweight,0,0,1.15
30,female,Non-Hispanic White,never,prediabetes,0,0,overweight,0,0,0.57
30,female,Non-Hispanic White,never,prediabetes,0,0,obese,0,0,0.64
30,female,Non-Hispanic White,never,prediabetes,0,1,normal,0,0,1.08
30,female,Non-Hispanic White,never,prediabetes,0,1,underweight,0,0,1.86
30,female,Non-Hispanic White,never,prediabetes,0,1,overweight,0,0,0.91
30,female,Non-Hispanic White,never,prediabetes,0,1,obese,0,0,1.03
30,female,Non-Hispanic White,never,prediabetes,1,0,normal,0,0,0.83
30,female,Non-Hispanic White,never,prediabetes,1,0,underweight,0,0,1.44
30,female,Non-Hispanic White,never,prediabetes,1,0,overweight,0,0,0.7
30,female,Non-Hispanic White,never,prediabetes,1,0,obese,0,0,0.79
30,female,Non-Hispanic White,never,prediabetes,1,1,normal,0,0,1.35
30,female,Non-Hispanic White,never,prediabetes,1,1,underweight,0,0,2.31
30,female,Non-Hispanic White,never,prediabetes,1,1,overweight,0,0,1.14
30,female,Non-Hispanic White,never,prediabetes,1,1,obese,0,0,1.28
30,female,Non-Hispanic White,never,undiagnosed diabetes,0,0,normal,0,0,0.92
30,female,Non-Hispanic White,never,undiagnosed diabetes,0,0,underweight,0,0,1.59
30,female,Non-Hispanic White,never,undiagnosed diabetes,0,0,overweight,0,0,0.78
30,female,Non-Hispanic White,never,undiagnosed diabetes,0,0,obese,0,0,0.88
30,female,Non-Hispanic White,never,undiagnosed diabetes,0,1,normal,0,0,1.49
30,female,Non-Hispanic White,never,undiagnosed diabetes,0,1,underweight,0,0,2.56
30,female,Non-Hispanic White,never,undiagnosed diabetes,0,1,overweight,0,0,1.26
30,female,Non-Hispanic White,never,undiagnosed diabetes,0,1,obese,0,0,1.42
30,female,Non-Hispanic White,never,undiagnosed diabetes,1,0,normal,0,0,1.15
30,female,Non-Hispanic White,never,undiagnosed diabetes,1,0,underweight,0,0,1.97
30,female,Non-Hispanic White,never,undiagnosed diabetes,1,0,overweight,0,0,0.97
30,female,Non-Hispanic White,never,undiagnosed diabetes,1,0,obese,0,0,1.09
30,female,Non-Hispanic White,never,undiagnosed diabetes,1,1,normal,0,0,1.85
30,female,Non-Hispanic White,never,undiagnosed diabetes,1,1,underweight,0,0,3.18
30,female,Non-Hispanic White,never,undiagnosed diabetes,1,1,overweight,0,0,1.56
30,female,Non-Hispanic White,never,undiagnosed diabetes,1,1,obese,0,0,1.77
30,female,Non-Hispanic White,never,diagnosed diabetes,0,0,normal,0,0,1.03
30,female,Non-Hispanic White,never,diagnosed diabetes,0,0,underweight,0,0,1.77
30,female,Non-Hispanic White,never,diagnosed diabetes,0,0,overweight,0,0,0.87
30,female,Non-Hispanic White,never,diagnosed diabetes,0,0,obese,0,0,0.98
30,female,Non-Hispanic White,never,diagnosed diabetes,0,1,normal,0,0,1.66
30,female,Non-Hispanic White,never,diagnosed diabetes,0,1,underweight,0,0,2.85
30,female,Non-Hispanic White,never,diagnosed diabetes,0,1,overweight,0,0,1.4
30,female,Non-Hispanic White,never,diagnosed diabetes,0,1,obese,0,0,1.58
30,female,Non-Hispanic White,never,diagnosed diabetes,1,0,normal,0,0,1.28
30,female,Non-Hispanic White,never,diagnosed diabetes,1,0,underweight,0,0,2.2
30,female,Non-Hispanic White,never,diagnosed diabetes,1,0,overweight,0,0,1.08
30,female,Non-Hispanic White,never,diagnosed diabetes,1,0,obese,0,0,1.22
30,female,Non-Hispanic White,never,diagnosed diabetes,1,1,normal,0,0,2.06
30,female,Non-Hispanic White,never,diagnosed diabetes,1,1,underweight,0,0,3.53
30,female,Non-Hispanic White,never,diagnosed diabetes,1,1,overweight,0,0,1.74
30,female,Non-Hispanic White,never,diagnosed diabetes,1,1,obese,0,0,1.96
30,female,Non-Hispanic White,former,normal,0,0,normal,0,0,0.82
30,female,Non-Hispanic White,former,normal,0,0,underweight,0,0,1.42
30,female,Non-Hispanic White,former,normal,0,0,overweight,0,0,0.69
30,female,Non-Hispanic White,former,normal,0,0,obese,0,0,0.78
30,female,Non-Hispanic White,former,normal,0,1,normal,0,0,1.33
30,female,Non-Hispanic White,former,normal,0,1,underweight,0,0,2.28
30,female,Non-Hispanic White,former,normal,0,1,overweight,0,0,1.12
30,female,Non-Hispanic White,former,normal,0,1,obese,0,0,1.27
30,female,Non-Hispanic White,former,normal,1,0,normal,0,0,1.02
30,female,Non-Hispanic White,former,normal,1,0,underweight,0,0,1.76
30,female,Non-Hispanic White,former,normal,1,0,overweight,0,0,0.86
30,female,Non-Hispanic White,former,normal,1,0,obese,0,0,0.98
30,female,Non-Hispanic White,former,normal,1,1,normal,0,0,1.65
30,female,Non-Hispanic White,former,normal,1,1,underweight,0,0,2.84
30,female,Non-Hispanic White,former,normal,1,1,overweight,0,0,1.39
30,female,Non-Hispanic White,former,normal,1,1,obese,0,0,1.57
30,female,Non-Hispanic White,former,prediabetes,0,0,normal,0,0,0.82
30,female,Non-Hispanic White,former,prediabetes,0,0,underweight,0,0,1.42
30,female,Non-Hispanic White,former,prediabetes,0,0,overweight,0,0,0.69
30,female,Non-Hispanic White,former,prediabetes,0,0,obese,0,0,0.78
30,female,Non-Hispanic White,former,prediabetes,0,1,normal,0,0,1.33
30,female,Non-Hispanic White,former,prediabetes,0,1,underweight,0,0,2.29
30,female,Non-Hispanic White,former,prediabetes,0,1,overweight,0,0,1.12
30,female,Non-Hispanic White,former,prediabetes,0,1,obese,0,0,1.27
30,female,Non-Hispanic White,former,prediabetes,1,0,normal,0,0,1.02
30,female,Non-Hispanic White,former,prediabetes,1,0,underweight,0,0,1.76
30,female,Non-Hispanic White,former,prediabetes,1,0,overweight,0,0,0.86
30,female,Non-Hispanic White,former,prediabetes,1,0,obese,0,0,0.98
30,female,Non-Hispanic White,former,prediabetes,1,1,normal,0,0,1.65
30,female,Non-Hispanic White,former,prediabetes,1,1,underweight,0,0,2.84
30,female,Non-Hispanic White,former,prediabetes,1,1,overweight,0,0,1.39
30,female,Non-Hispanic White,former,prediabetes,1,1,obese,0,0,1.58
30,female,Non-Hispanic White,former,undiagnosed diabetes,0,0,normal,0,0,1.13
30,female,Non-Hispanic White,former,undiagnosed diabetes,0,0,underweight,0,0,1.95
30,female,Non-Hispanic White,former,undiagnosed diabetes,0,0,overweight,0,0,0.96
30,female,Non-Hispanic White,former,undiagnosed diabetes,0,0,obese,0,0,1.08
30,female,Non-Hispanic White,former,undiagnosed diabetes,0,1,normal,0,0,1.83
30,female,Non-Hispanic White,former,undiagnosed diabetes,0,1,underweight,0,0,3.14
30,female,Non-Hispanic White,former,undiagnosed diabetes,0,1,overweight,0,0,1.54
30,female,Non-Hispanic White,former,undiagnosed diabetes,0,1,obese,0,0,1.74
30,female,Non-Hispanic White,former,undiagnosed diabetes,1,0,normal,0,0,1.41
30,female,Non-Hispanic White,former,undiagnosed diabetes,1,0,underweight,0,0,2.42
30,female,Non-Hispanic White,former,undiagnosed diabetes,1,0,overweight,0,0,1.19
30,female,Non-Hispanic White,former,undiagnosed diabetes,1,0,obese,0,0,1.34
30,female,Non-Hispanic White,former,undiagnosed diabetes,1,1,normal,0,0,2.27
30,female,Non-Hispanic White,former,undiagnosed diabetes,1,1,underweight,0,0,3.89
30,female,Non-Hispanic White,former,undiagnosed diabetes,1,1,overweight,0,0,1.92
30,female,Non-Hispanic White,former,undiagnosed diabetes,1,1,obese,0,0,2.17
30,female,Non-Hispanic White,former,diagnosed diabetes,0,0,normal,0,0,1.26
30,female,Non-Hispanic White,former,diagnosed diabetes,0,0,underweight,0,0,2.17
30,female,Non-Hispanic White,former,diagnosed diabetes,0,0,overweight,0,0,1.06
30,female,Non-Hispanic White,former,diagnosed diabetes,0,0,obese,0,0,1.2
30,female,Non-Hispanic White,former,diagnosed diabetes,0,1,normal,0,0,2.03
30,female,Non-Hispanic White,former,diagnosed diabetes,0,1,underweight,0,0,3.49
30,female,Non-Hispanic White,former,diagnosed diabetes,0,1,overweight,0,0,1.72
30,female,Non-Hispanic White,former,diagnosed diabetes,0,1,obese,0,0,1.94
30,female,Non-Hispanic White,former,diagnosed diabetes,1,0,normal,0,0,1.57
30,female,Non-Hispanic White,former,diagnosed diabetes,1,0,underweight,0,0,2.69
30,female,Non-Hispanic White,former,diagnosed diabetes,1,0,overweight,0,0,1.32
30,female,Non-Hispanic White,former,diagnosed diabetes,1,0,obese,0,0,1.49
30,female,Non-Hispanic White,former,diagnosed diabetes,1,1,normal,0,0,2.53
30,female,Non-Hispanic White,former,diagnosed diabetes,1,1,underweight,0,0,4.32
30,female,Non-Hispanic White,former,diagnosed diabetes,1,1,overweight,0,0,2.13
30,female,Non-Hispanic White,former,diagnosed diabetes,1,1,obese,0,0,2.41
30,female,Non-Hispanic White,current,normal,0,0,normal,0,0,1.71
30,female,Non-Hispanic White,current,normal,0,0,underweight,0,0,2.93
30,female,Non-Hispanic White,current,normal,0,0,overweight,0,0,1.44
30,female,Non-Hispanic White,current,normal,0,0,obese,0,0,1.63
30,female,Non-Hispanic White,current,normal,0,1,normal,0,0,2.75
30,female,Non-Hispanic White,current,normal,0,1,underweight,0,0,4.71
30,female,Non-Hispanic White,current,normal,0,1,overweight,0,0,2.32
30,female,Non-Hispanic White,current,normal,0,1,obese,0,0,2.62
30,female,Non-Hispanic White,current,normal,1,0,normal,0,0,2.12
30,female,Non-Hispanic White,current,normal,1,0,underweight,0,0,3.64
30,female,Non-Hispanic White,current,normal,1,0,overweight,0,0,1.79
30,female,Non-Hispanic White,current,normal,1,0,obese,0,0,2.02
30,female,Non-Hispanic White,current,normal,1,1,normal,0,0,3.41
30,female,Non-Hispanic White,current,normal,1,1,underweight,0,0,5.82
30,female,Non-Hispanic White,current,normal,1,1,overweight,0,0,2.89
30,female,Non-Hispanic White,current,normal,1,1,obese,0,0,3.26
30,female,Non-Hispanic White,current,prediabetes,0,0,normal,0,0,1.71
30,female,Non-Hispanic White,current,prediabetes,0,0,underweight,0,0,2.93
30,female,Non-Hispanic White,current,prediabetes,0,0,overweight,0,0,1.44
30,female,Non-Hispanic White,current,prediabetes,0,0,obese,0,0,1.63
30,female,Non-Hispanic White,current,prediabetes,0,1,normal,0,0,2.75
30,female,Non-Hispanic White,current,prediabetes,0,1,underweight,0,0,4.71
30,female,Non-Hispanic White,current,prediabetes,0,1,overweight,0,0,2.33
30,female,Non-Hispanic White,current,prediabetes,0,1,obese,0,0,2.63
30,female,Non-Hispanic White,current,prediabetes,1,0,normal,0,0,2.12
30,female,Non-Hispanic White,current,prediabetes,1,0,underweight,0,0,3.64
30,female,Non-Hispanic White,current,prediabetes,1,0,overweight,0,0,1.79
30,female,Non-Hispanic White,current,prediabetes,1,0,obese,0,0,2.03
30,female,Non-Hispanic White,current,prediabetes,1,1,normal,0,0,3.42
30,female,Non-Hispanic White,current,prediabetes,1,1,underweight,0,0,5.83
30,female,Non-Hispanic White,current,prediabetes,1,1,overweight,0,0,2.89
30,female,Non-Hispanic White,current,prediabetes,1,1,obese,0,0,3.26
30,female,Non-Hispanic White,current,undiagnosed diabetes,0,0,normal,0,0,2.35
30,female,Non-Hispanic White,current,undiagnosed diabetes,0,0,underweight,0,0,4.02
30,female,Non-Hispanic White,current,undiagnosed diabetes,0,0,overweight,0,0,1.98
30,female,Non-Hispanic White,current,undiagnosed diabetes,0,0,obese,0,0,2.24
30,female,Non-Hispanic White,current,undiagnosed diabetes,0,1,normal,0,0,3.78
30,female,Non-Hispanic White,current,undiagnosed diabetes,0,1,underweight,0,0,6.44
30,female,Non-Hispanic White,current,undiagnosed diabetes,0,1,overweight,0,0,3.19
30,female,Non-Hispanic White,current,undiagnosed diabetes,0,1,obese,0,0,3.6
30,female,Non-Hispanic White,current,undiagnosed diabetes,1,0,normal,0,0,2.92
30,female,Non-Hispanic White,current,undiagnosed diabetes,1,0,underweight,0,0,4.98
30,female,Non-Hispanic White,current,undiagnosed diabetes,1,0,overweight,0,0,2.46
30,female,Non-Hispanic White,current,undiagnosed diabetes,1,0,obese,0,0,2.78
30,female,Non-Hispanic White,current,undiagnosed diabetes,1,1,normal,0,0,4.68
30,female,Non-Hispanic White,current,undiagnosed diabetes,1,1,underweight,0,0,7.95
30,female,Non-Hispanic White,current,undiagnosed diabetes,1,1,overweight,0,0,3.96
30,female,Non-Hispanic White,current,undiagnosed diabetes,1,1,obese,0,0,4.47
30,female,Non-Hispanic White,current,diagnosed diabetes,0,0,normal,0,0,2.61
30,female,Non-Hispanic White,current,diagnosed diabetes,0,0,underweight,0,0,4.47
30,female,Non-Hispanic White,current,diagnosed diabetes,0,0,overweight,0,0,2.21
30,female,Non-Hispanic White,current,diagnosed diabetes,0,0,obese,0,0,2.49
30,female,Non-Hispanic White,current,diagnosed diabetes,0,1,normal,0,0,4.2
30,female,Non-Hispanic White,current,diagnosed diabetes,0,1,underweight,0,0,7.14
30,female,Non-Hispanic White,current,diagnosed diabetes,0,1,overweight,0,0,3.55
30,female,Non-Hispanic White,current,diagnosed diabetes,0,1,obese,0,0,4
30,female,Non-Hispanic White,current,diagnosed diabetes,1,0,normal,0,0,3.24
30,female,Non-Hispanic White,current,diagnosed diabetes,1,0,underweight,0,0,5.53
30,female,Non-Hispanic White,current,diagnosed diabetes,1,0,overweight,0,0,2.74
30,female,Non-Hispanic White,current,diagnosed diabetes,1,0,obese,0,0,3.09
30,female,Non-Hispanic White,current,diagnosed diabetes,1,1,normal,0,0,5.2
30,female,Non-Hispanic White,current,diagnosed diabetes,1,1,underweight,0,0,8.81
30,female,Non-Hispanic White,current,diagnosed diabetes,1,1,overweight,0,0,4.4
30,female,Non-Hispanic White,current,diagnosed diabetes,1,1,obese,0,0,4.96
30,female,Non-Hispanic Black,never,normal,0,0,normal,0,0,0.73
30,female,Non-Hispanic Black,never,normal,0,0,underweight,0,0,1.25
30,female,Non-Hispanic Black,never,normal,0,0,overweight,0,0,0.61
30,female,Non-Hispanic Black,never,normal,0,0,obese,0,0,0.69
30,female,Non-Hispanic Black,never,normal,0,1,normal,0,0,1.18
30,female,Non-Hispanic Black,never,normal,0,1,underweight,0,0,2.02
30,female,Non-Hispanic Black,never,normal,0,1,overweight,0,0,0.99
30,female,Non-Hispanic Black,never,normal,0,1,obese,0,0,1.12
30,female,Non-Hispanic Black,never,normal,1,0,normal,0,0,0.91
30,female,Non-Hispanic Black,never,normal,1,0,underweight,0,0,1.56
30,female,Non-Hispanic Black,never,normal,1,0,overweight,0,0,0.76
30,female,Non-Hispanic Black,never,normal,1,0,obese,0,0,0.86
30,female,Non-Hispanic Black,never,normal,1,1,normal,0,0,1.46
30,female,Non-Hispanic Black,never,normal,1,1,underweight,0,0,2.51
30,female,Non-Hispanic Black,never,normal,1,1,overweight,0,0,1.23
30,female,Non-Hispanic Black,never,normal,1,1,obese,0,0,1.39
30,female,Non-Hispanic Black,never,prediabetes,0,0,normal,0,0,0.73
30,female,Non-Hispanic Black,never,prediabetes,0,0,underweight,0,0,1.25
30,female,Non-Hispanic Black,never,prediabetes,0,0,overweight,0,0,0.61
30,female,Non-Hispanic Black,never,prediabetes,0,0,obese,0,0,0.69
30,female,Non-Hispanic Black,never,prediabetes,0,1,normal,0,0,1.18
30,female,Non-Hispanic Black,never,prediabetes,0,1,underweight,0,0,2.02
30,female,Non-Hispanic Black,never,prediabetes,0,1,overweight,0,0,0.99
30,female,Non-Hispanic Black,never,prediabetes,0,1,obese,0,0,1.12
30,female,Non-Hispanic Black,never,prediabetes,1,0,normal,0,0,0.91
30,female,Non-Hispanic Black,never,prediabetes,1,0,underweight,0,0,1.56
30,female,Non-Hispanic Black,never,prediabetes,1,0,overweight,0,0,0.76
30,female,Non-Hispanic Black,never,prediabetes,1,0,obese,0,0,0.86
30,female,Non-Hispanic Black,never,prediabetes,1,1,normal,0,0,1.46
30,female,Non-Hispanic Black,never,prediabetes,1,1,underweight,0,0,2.51
30,female,Non-Hispanic Black,never,prediabetes,1,1,overweight,0,0,1.23
30,female,Non-Hispanic Black,never,prediabetes,1,1,obese,0,0,1.4
30,female,Non-Hispanic Black,never,undiagnosed diabetes,0,0,normal,0,0,1
30,female,Non-Hispanic Black,never,undiagnosed diabetes,0,0,underweight,0,0,1.73
30,female,Non-Hispanic Black,never,undiagnosed diabetes,0,0,overweight,0,0,0.85
30,female,Non-Hispanic Black,never,undiagnosed diabetes,0,0,obese,0,0,0.96
30,female,Non-Hispanic Black,never,undiagnosed diabetes,0,1,normal,0,0,1.62
30,female,Non-Hispanic Black,never,undiagnosed diabetes,0,1,underweight,0,0,2.78
30,female,Non-Hispanic Black,never,undiagnosed diabetes,0,1,overweight,0,0,1.37
30,female,Non-Hispanic Black,never,undiagnosed diabetes,0,1,obese,0,0,1.54
30,female,Non-Hispanic Black,never,undiagnosed diabetes,1,0,normal,0,0,1.25
30,female,Non-Hispanic Black,never,undiagnosed diabetes,1,0,underweight,0,0,2.14
30,female,Non-Hispanic Black,never,undiagnosed diabetes,1,0,overweight,0,0,1.05
30,female,Non-Hispanic Black,never,undiagnosed diabetes,1,0,obese,0,0,1.19
30,female,Non-Hispanic Black,never,undiagnosed diabetes,1,1,normal,0,0,2.01
30,female,Non-Hispanic Black,never,undiagnosed diabetes,1,1,underweight,0,0,3.45
30,female,Non-Hispanic Black,never,undiagnosed diabetes,1,1,overweight,0,0,1.7
30,female,Non-Hispanic Black,never,undiagnosed diabetes,1,1,obese,0,0,1.92
30,female,Non-Hispanic Black,never,diagnosed diabetes,0,0,normal,0,0,1.12
30,female,Non-Hispanic Black,never,diagnosed diabetes,0,0,underweight,0,0,1.92
30,female,Non-Hispanic Black,never,diagnosed diabetes,0,0,overweight,0,0,0.94
30,female,Non-Hispanic Black,never,diagnosed diabetes,0,0,obese,0,0,1.06
30,female,Non-Hispanic Black,never,diagnosed diabetes,0,1,normal,0,0,1.8
30,female,Non-Hispanic Black,never,diagnosed diabetes,0,1,underweight,0,0,3.09
30,female,Non-Hispanic Black,never,diagnosed diabetes,0,1,overweight,0,0,1.52
30,female,Non-Hispanic Black,never,diagnosed diabetes,0,1,obese,0,0,1.72
30,female,Non-Hispanic Black,never,diagnosed diabetes,1,0,normal,0,0,1.39
30,female,Non-Hispanic Black,never,diagnosed diabetes,1,0,underweight,0,0,2.38
30,female,Non-Hispanic Black,never,diagnosed diabetes,1,0,overweight,0,0,1.17
30,female,Non-Hispanic Black,never,diagnosed diabetes,1,0,obese,0,0,1.32
30,female,Non-Hispanic Black,never,diagnosed diabetes,1,1,normal,0,0,2.24
30,female,Non-Hispanic Black,never,diagnosed diabetes,1,1,underweight,0,0,3.83
30,female,Non-Hispanic Black,never,diagnosed diabetes,1,1,overweight,0,0,1.89
30,female,Non-Hispanic Black,never,diagnosed diabetes,1,1,obese,0,0,2.13
30,female,Non-Hispanic Black,former,normal,0,0,normal,0,0,0.89
30,female,Non-Hispanic Black,former,normal,0,0,underweight,0,0,1.54
30,female,Non-Hispanic Black,former,normal,0,0,overweight,0,0,0.75
30,female,Non-Hispanic Black,former,normal,0,0,obese,0,0,0.85
30,female,Non-Hispanic Black,former,normal,0,1,normal,0,0,1.44
30,female,Non-Hispanic Black,former,normal,0,1,underweight,0,0,2.48
30,female,Non-Hispanic Black,former,normal,0,1,overweight,0,0,1.22
30,female,Non-Hispanic Black,former,normal,0,1,obese,0,0,1.38
30,female,Non-Hispanic Black,former,normal,1,0,normal,0,0,1.11
30,female,Non-Hispanic Black,former,normal,1,0,underweight,0,0,1.91
30,female,Non-Hispanic Black,former,normal,1,0,overweight,0,0,0.94
30,female,Non-Hispanic Black,former,normal,1,0,obese,0,0,1.06
30,female,Non-Hispanic Black,former,normal,1,1,normal,0,0,1.79
30,female,Non-Hispanic Black,former,normal,1,1,underweight,0,0,3.08
30,female,Non-Hispanic Black,former,normal,1,1,overweight,0,0,1.51
30,female,Non-Hispanic Black,former,normal,1,1,obese,0,0,1.71
30,female,Non-Hispanic Black,former,prediabetes,0,0,normal,0,0,0.89
30,female,Non-Hispanic Black,former,prediabetes,0,0,underweight,0,0,1.54
30,female,Non-Hispanic Black,former,prediabetes,0,0,overweight,0,0,0.75
30,female,Non-Hispanic Black,former,prediabetes,0,0,obese,0,0,0.85
30,female,Non-Hispanic Black,former,prediabetes,0,1,normal,0,0,1.44
30,female,Non-Hispanic Black,former,prediabetes,0,1,underweight,0,0,2.48
30,female,Non-Hispanic Black,former,prediabetes,0,1,overweight,0,0,1.22
30,female,Non-Hispanic Black,former,prediabetes,0,1,obese,0,0,1.38
30,female,Non-Hispanic Black,former,prediabetes,1,0,normal,0,0,1.11
30,female,Non-Hispanic Black,former,prediabetes,1,0,underweight,0,0,1.91
30,female,Non-Hispanic Black,former,prediabetes,1,0,overweight,0,0,0.94
30,female,Non-Hispanic Black,former,prediabetes,1,0,obese,0,0,1.06
30,female,Non-Hispanic Black,former,prediabetes,1,1,normal,0,0,1.8
30,female,Non-Hispanic Black,former,prediabetes,1,1,underweight,0,0,3.08
30,female,Non-Hispanic Black,former,prediabetes,1,1,overweight,0,0,1.52
30,female,Non-Hispanic Black,former,prediabetes,1,1,obese,0,0,1.71
30,female,Non-Hispanic Black,former,undiagnosed diabetes,0,0,normal,0,0,1.23
30,female,Non-Hispanic Black,former,undiagnosed diabetes,0,0,underweight,0,0,2.12
30,female,Non-Hispanic Black,former,undiagnosed diabetes,0,0,overweight,0,0,1.04
30,female,Non-Hispanic Black,former,undiagnosed diabetes,0,0,obese,0,0,1.17
30,female,Non-Hispanic Black,former,undiagnosed diabetes,0,1,normal,0,0,1.99
30,female,Non-Hispanic Black,former,undiagnosed diabetes,0,1,underweight,0,0,3.41
30,female,Non-Hispanic Black,former,undiagnosed diabetes,0,1,overweight,0,0,1.68
30,female,Non-Hispanic Black,former,undiagnosed diabetes,0,1,obese,0,0,1.89
30,female,Non-Hispanic Black,former,undiagnosed diabetes,1,0,normal,0,0,1.53
30,female,Non-Hispanic Black,former,undiagnosed diabetes,1,0,underweight,0,0,2.63
30,female,Non-Hispanic Black,former,undiagnosed diabetes,1,0,overweight,0,0,1.29
30,female,Non-Hispanic Black,former,undiagnosed diabetes,1,0,obese,0,0,1.46
30,female,Non-Hispanic Black,former,undiagnosed diabetes,1,1,normal,0,0,2.47
30,female,Non-Hispanic Black,former,undiagnosed diabetes,1,1,underweight,0,0,4.22
30,female,Non-Hispanic Black,former,undiagnosed diabetes,1,1,overweight,0,0,2.08
30,female,Non-Hispanic Black,former,undiagnosed diabetes,1,1,obese,0,0,2.35
30,female,Non-Hispanic Black,former,diagnosed diabetes,0,0,normal,0,0,1.37
30,female,Non-Hispanic Black,former,diagnosed diabetes,0,0,underweight,0,0,2.35
30,female,Non-Hispanic Black,former,diagnosed diabetes,0,0,overweight,0,0,1.16
30,female,Non-Hispanic Black,former,diagnosed diabetes,0,0,obese,0,0,1.31
30,female,Non-Hispanic Black,former,diagnosed diabetes,0,1,normal,0,0,2.21
30,female,Non-Hispanic Black,former,diagnosed diabetes,0,1,underweight,0,0,3.79
30,female,Non-Hispanic Black,former,diagnosed diabetes,0,1,overweight,0,0,1.87
30,female,Non-Hispanic Black,former,diagnosed diabetes,0,1,obese,0,0,2.11
30,female,Non-Hispanic Black,former,diagnosed diabetes,1,0,normal,0,0,1.7
30,female,Non-Hispanic Black,former,diagnosed diabetes,1,0,underweight,0,0,2.92
30,female,Non-Hispanic Black,former,diagnosed diabetes,1,0,overweight,0,0,1.44
30,female,Non-Hispanic Black,former,diagnosed diabetes,1,0,obese,0,0,1.62
30,female,Non-Hispanic Black,former,diagnosed diabetes,1,1,normal,0,0,2.74
30,female,Non-Hispanic Black,former,diagnosed diabetes,1,1,underweight,0,0,4.69
30,female,Non-Hispanic Black,former,diagnosed diabetes,1,1,overweight,0,0,2.32
30,female,Non-Hispanic Black,former,diagnosed diabetes,1,1,obese,0,0,2.62
30,female,Non-Hispanic Black,current,normal,0,0,normal,0,0,1.85
30,female,Non-Hispanic Black,current,normal,0,0,underweight,0,0,3.18
30,female,Non-Hispanic Black,current,normal,0,0,overweight,0,0,1.57
30,female,Non-Hispanic Black,current,normal,0,0,obese,0,0,1.77
30,female,Non-Hispanic Black,current,normal,0,1,normal,0,0,2.99
30,female,Non-Hispanic Black,current,normal,0,1,underweight,0,0,5.1
30,female,Non-Hispanic Black,current,normal,0,1,overweight,0,0,2.52
30,female,Non-Hispanic Black,current,normal,0,1,obese,0,0,2.85
30,female,Non-Hispanic Black,current,normal,1,0,normal,0,0,2.3
30,female,Non-Hispanic Black,current,normal,1,0,underweight,0,0,3.95
30,female,Non-Hispanic Black,current,normal,1,0,overweight,0,0,1.95
30,female,Non-Hispanic Black,current,normal,1,0,obese,0,0,2.2
30,female,Non-Hispanic Black,current,normal,1,1,normal,0,0,3.71
30,female,Non-Hispanic Black,current,normal,1,1,underweight,0,0,6.32
30,female,Non-Hispanic Black,current,normal,1,1,overweight,0,0,3.13
30,female,Non-Hispanic Black,current,normal,1,1,obese,0,0,3.54
30,female,Non-Hispanic Black,current,prediabetes,0,0,normal,0,0,1.86
30,female,Non-Hispanic Black,current,prediabetes,0,0,underweight,0,0,3.19
30,female,Non-Hispanic Black,current,prediabetes,0,0,overweight,0,0,1.57
30,female,Non-Hispanic Black,current,prediabetes,0,0,obese,0,0,1.77
30,female,Non-Hispanic Black,current,prediabetes,0,1,normal,0,0,2.99
30,female,Non-Hispanic Black,current,prediabetes,0,1,underweight,0,0,5.11
30,female,Non-Hispanic Black,current,prediabetes,0,1,overweight,0,0,2.53
30,female,Non-Hispanic Black,current,prediabetes,0,1,obese,0,0,2.85
30,female,Non-Hispanic Black,current,prediabetes,1,0,normal,0,0,2.31
30,female,Non-Hispanic Black,current,prediabetes,1,0,underweight,0,0,3.95
30,female,Non-Hispanic Black,current,prediabetes,1,0,overweight,0,0,1.95
30,female,Non-Hispanic Black,current,prediabetes,1,0,obese,0,0,2.2
30,female,Non-Hispanic Black,current,prediabetes,1,1,normal,0,0,3.71
30,female,Non-Hispanic Black,current,prediabetes,1,1,underweight,0,0,6.32
30,female,Non-Hispanic Black,current,prediabetes,1,1,overweight,0,0,3.14
30,female,Non-Hispanic Black,current,prediabetes,1,1,obese,0,0,3.54
30,female,Non-Hispanic Black,current,undiagnosed diabetes,0,0,normal,0,0,2.55
30,female,Non-Hispanic Black,current,undiagnosed diabetes,0,0,underweight,0,0,4.37
30,female,Non-Hispanic Black,current,undiagnosed diabetes,0,0,overweight,0,0,2.15
30,female,Non-Hispanic Black,current,undiagnosed diabetes,0,0,obese,0,0,2.43
30,female,Non-Hispanic Black,current,undiagnosed diabetes,0,1,normal,0,0,4.1
30,female,Non-Hispanic Black,current,undiagnosed diabetes,0,1,underweight,0,0,6.98
30,female,Non-Hispanic Black,current,undiagnosed diabetes,0,1,overweight,0,0,3.47
30,female,Non-Hispanic Black,current,undiagnosed diabetes,0,1,obese,0,0,3.91
30,female,Non-Hispanic Black,current,undiagnosed diabetes,1,0,normal,0,0,3.17
30,female,Non-Hispanic Black,current,undiagnosed diabetes,1,0,underweight,0,0,5.41
30,female,Non-Hispanic Black,current,undiagnosed diabetes,1,0,overweight,0,0,2.68
30,female,Non-Hispanic Black,current,undiagnosed diabetes,1,0,obese,0,0,3.02
30,female,Non-Hispanic Black,current,undiagnosed diabetes,1,1,normal,0,0,5.08
30,female,Non-Hispanic Black,current,undiagnosed diabetes,1,1,underweight,0,0,8.61
30,female,Non-Hispanic Black,current,undiagnosed diabetes,1,1,overweight,0,0,4.3
30,female,Non-Hispanic Black,current,undiagnosed diabetes,1,1,obese,0,0,4.85
30,female,Non-Hispanic Black,current,diagnosed diabetes,0,0,normal,0,0,2.84
30,female,Non-Hispanic Black,current,diagnosed diabetes,0,0,underweight,0,0,4.85
30,female,Non-Hispanic Black,current,diagnosed diabetes,0,0,overweight,0,0,2.4
30,female,Non-Hispanic Black,current,diagnosed diabetes,0,0,obese,0,0,2.71
30,female,Non-Hispanic Black,current,diagnosed diabetes,0,1,normal,0,0,4.55
30,female,Non-Hispanic Black,current,diagnosed diabetes,0,1,underweight,0,0,7.74
30,female,Non-Hispanic Black,current,diagnosed diabetes,0,1,overweight,0,0,3.85
30,female,Non-Hispanic Black,current,diagnosed diabetes,0,1,obese,0,0,4.35
30,female,Non-Hispanic Black,current,diagnosed diabetes,1,0,normal,0,0,3.52
30,female,Non-Hispanic Black,current,diagnosed diabetes,1,0,underweight,0,0,6
30,female,Non-Hispanic Black,current,diagnosed diabetes,1,0,overweight,0,0,2.97
30,female,Non-Hispanic Black,current,diagnosed diabetes,1,0,obese,0,0,3.36
30,female,Non-Hispanic Black,current,diagnosed diabetes,1,1,normal,0,0,5.64
30,female,Non-Hispanic Black,current,diagnosed diabetes,1,1,underweight,0,0,9.54
30,female,Non-Hispanic Black,current,diagnosed diabetes,1,1,overweight,0,0,4.77
30,female,Non-Hispanic Black,current,diagnosed diabetes,1,1,obese,0,0,5.38
30,female,Mexican American,never,normal,0,0,normal,0,0,0.57
30,female,Mexican American,never,normal,0,0,underweight,0,0,0.98
30,female,Mexican American,never,normal,0,0,overweight,0,0,0.48
30,female,Mexican American,never,normal,0,0,obese,0,0,0.54
30,female,Mexican American,never,normal,0,1,normal,0,0,0.92
30,female,Mexican American,never,normal,0,1,underweight,0,0,1.58
30,female,Mexican American,never,normal,0,1,overweight,0,0,0.77
30,female,Mexican American,never,normal,0,1,obese,0,0,0.87
30,female,Mexican American,never,normal,1,0,normal,0,0,0.71
30,female,Mexican American,never,normal,1,0,underweight,0,0,1.22
30,female,Mexican American,never,normal,1,0,overweight,0,0,0.6
30,female,Mexican American,never,normal,1,0,obese,0,0,0.67
30,female,Mexican American,never,normal,1,1,normal,0,0,1.14
30,female,Mexican American,never,normal,1,1,underweight,0,0,1.96
30,female,Mexican American,never,normal,1,1,overweight,0,0,0.96
30,female,Mexican American,never,normal,1,1,obese,0,0,1.09
30,female,Mexican American,never,prediabetes,0,0,normal,0,0,0.57
30,female,Mexican American,never,prediabetes,0,0,underweight,0,0,0.98
30,female,Mexican American,never,prediabetes,0,0,overweight,0,0,0.48
30,female,Mexican American,never,prediabetes,0,0,obese,0,0,0.54
30,female,Mexican American,never,prediabetes,0,1,normal,0,0,0.92
30,female,Mexican American,never,prediabetes,0,1,underweight,0,0,1.58
30,female,Mexican American,never,prediabetes,0,1,overweight,0,0,0.77
30,female,Mexican American,never,prediabetes,0,1,obese,0,0,0.88
30,female,Mexican American,never,prediabetes,1,0,normal,0,0,0.71
30,female,Mexican American,never,prediabetes,1,0,underweight,0,0,1.22
30,female,Mexican American,never,prediabetes,1,0,overweight,0,0,0.6
30,female,Mexican American,never,prediabetes,1,0,obese,0,0,0.67
30,female,Mexican American,never,prediabetes,1,1,normal,0,0,1.14
30,female,Mexican American,never,prediabetes,1,1,underweight,0,0,1.96
30,female,Mexican American,never,prediabetes,1,1,overweight,0,0,0.96
30,female,Mexican American,never,prediabetes,1,1,obese,0,0,1.09
30,female,Mexican American,never,undiagnosed diabetes,0,0,normal,0,0,0.78
30,female,Mexican American,never,undiagnosed diabetes,0,0,underweight,0,0,1.35
30,female,Mexican American,never,undiagnosed diabetes,0,0,overweight,0,0,0.66
30,female,Mexican American,never,undiagnosed diabetes,0,0,obese,0,0,0.75
30,female,Mexican American,never,undiagnosed diabetes,0,1,normal,0,0,1.26
30,female,Mexican American,never,undiagnosed diabetes,0,1,underweight,0,0,2.17
30,female,Mexican American,never,undiagnosed diabetes,0,1,overweight,0,0,1.07
30,female,Mexican American,never,undiagnosed diabetes,0,1,obese,0,0,1.21
30,female,Mexican American,never,undiagnosed diabetes,1,0,normal,0,0,0.97
30,female,Mexican American,never,undiagnosed diabetes,1,0,underweight,0,0,1.68
30,female,Mexican American,never,undiagnosed diabetes,1,0,overweight,0,0,0.82
30,female,Mexican American,never,undiagnosed diabetes,1,0,obese,0,0,0.93
30,female,Mexican American,never,undiagnosed diabetes,1,1,normal,0,0,1.57
30,female,Mexican American,never,undiagnosed diabetes,1,1,underweight,0,0,2.7
30,female,Mexican American,never,undiagnosed diabetes,1,1,overweight,0,0,1.33
30,female,Mexican American,never,undiagnosed diabetes,1,1,obese,0,0,1.5
30,female,Mexican American,never,diagnosed diabetes,0,0,normal,0,0,0.87
30,female,Mexican American,never,diagnosed diabetes,0,0,underweight,0,0,1.5
30,female,Mexican American,never,diagnosed diabetes,0,0,overweight,0,0,0.73
30,female,Mexican American,never,diagnosed diabetes,0,0,obese,0,0,0.83
30,female,Mexican American,never,diagnosed diabetes,0,1,normal,0,0,1.41
30,female,Mexican American,never,diagnosed diabetes,0,1,underweight,0,0,2.42
30,female,Mexican American,never,diagnosed diabetes,0,1,overweight,0,0,1.19
30,female,Mexican American,never,diagnosed diabetes,0,1,obese,0,0,1.34
30,female,Mexican American,never,diagnosed diabetes,1,0,normal,0,0,1.08
30,female,Mexican American,never,diagnosed diabetes,1,0,underweight,0,0,1.86
30,female,Mexican American,never,diagnosed diabetes,1,0,overweight,0,0,0.91
30,female,Mexican American,never,diagnosed diabetes,1,0,obese,0,0,1.03
30,female,Mexican American,never,diagnosed diabetes,1,1,normal,0,0,1.75
30,female,Mexican American,never,diagnosed diabetes,1,1,underweight,0,0,3
30,female,Mexican American,never,diagnosed diabetes,1,1,overweight,0,0,1.48
30,female,Mexican American,never,diagnosed diabetes,1,1,obese,0,0,1.67
30,female,Mexican American,former,normal,0,0,normal,0,0,0.7
30,female,Mexican American,former,normal,0,0,underweight,0,0,1.2
30,female,Mexican American,former,normal,0,0,overweight,0,0,0.59
30,female,Mexican American,former,normal,0,0,obese,0,0,0.66
30,female,Mexican American,former,normal,0,1,normal,0,0,1.13
30,female,Mexican American,former,normal,0,1,underweight,0,0,1.94
30,female,Mexican American,former,normal,0,1,overweight,0,0,0.95
30,female,Mexican American,former,normal,0,1,obese,0,0,1.07
30,female,Mexican American,former,normal,1,0,normal,0,0,0.87
30,female,Mexican American,former,normal,1,0,underweight,0,0,1.49
30,female,Mexican American,former,normal,1,0,overweight,0,0,0.73
30,female,Mexican American,former,normal,1,0,obese,0,0,0.83
30,female,Mexican American,former,normal,1,1,normal,0,0,1.4
30,female,Mexican American,former,normal,1,1,underweight,0,0,2.41
30,female,Mexican American,former,normal,1,1,overweight,0,0,1.18
30,female,Mexican American,former,normal,1,1,obese,0,0,1.34
30,female,Mexican American,former,prediabetes,0,0,normal,0,0,0.7
30,female,Mexican American,former,prediabetes,0,0,underweight,0,0,1.2
30,female,Mexican American,former,prediabetes,0,0,overweight,0,0,0.59
30,female,Mexican American,former,prediabetes,0,0,obese,0,0,0.67
30,female,Mexican American,former,prediabetes,0,1,normal,0,0,1.13
30,female,Mexican American,former,prediabetes,0,1,underweight,0,0,1.94
30,female,Mexican American,former,prediabetes,0,1,overweight,0,0,0.95
30,female,Mexican American,former,prediabetes,0,1,obese,0,0,1.08
30,female,Mexican American,former,prediabetes,1,0,normal,0,0,0.87
30,female,Mexican American,former,prediabetes,1,0,underweight,0,0,1.49
30,female,Mexican American,former,prediabetes,1,0,overweight,0,0,0.73
30,female,Mexican American,former,prediabetes,1,0,obese,0,0,0.83
30,female,Mexican American,former,prediabetes,1,1,normal,0,0,1.4
30,female,Mexican American,former,prediabetes,1,1,underweight,0,0,2.41
30,female,Mexican American,former,prediabetes,1,1,overweight,0,0,1.18
30,female,Mexican American,former,prediabetes,1,1,obese,0,0,1.34
30,female,Mexican American,former,undiagnosed diabetes,0,0,normal,0,0,0.96
30,female,Mexican American,former,undiagnosed diabetes,0,0,underweight,0,0,1.65
30,female,Mexican American,former,undiagnosed diabetes,0,0,overweight,0,0,0.81
30,female,Mexican American,former,undiagnosed diabetes,0,0,obese,0,0,0.92
30,female,Mexican American,former,undiagnosed diabetes,0,1,normal,0,0,1.55
30,female,Mexican American,former,undiagnosed diabetes,0,1,underweight,0,0,2.67
30,female,Mexican American,former,undiagnosed diabetes,0,1,overweight,0,0,1.31
30,female,Mexican American,former,undiagnosed diabetes,0,1,obese,0,0,1.48
30,female,Mexican American,former,undiagnosed diabetes,1,0,normal,0,0,1.19
30,female,Mexican American,former,undiagnosed diabetes,1,0,underweight,0,0,2.06
30,female,Mexican American,former,undiagnosed diabetes,1,0,overweight,0,0,1.01
30,female,Mexican American,former,undiagnosed diabetes,1,0,obese,0,0,1.14
30,female,Mexican American,former,undiagnosed diabetes,1,1,normal,0,0,1.93
30,female,Mexican American,former,undiagnosed diabetes,1,1,underweight,0,0,3.31
30,female,Mexican American,former,undiagnosed diabetes,1,1,overweight,0,0,1.63
30,female,Mexican American,former,undiagnosed diabetes,1,1,obese,0,0,1.84
30,female,Mexican American,former,diagnosed diabetes,0,0,normal,0,0,1.07
30,female,Mexican American,former,diagnosed diabetes,0,0,underweight,0,0,1.84
30,female,Mexican American,former,diagnosed diabetes,0,0,overweight,0,0,0.9
30,female,Mexican American,former,diagnosed diabetes,0,0,obese,0,0,1.02
30,female,Mexican American,former,diagnosed diabetes,0,1,normal,0,0,1.73
30,female,Mexican American,former,diagnosed diabetes,0,1,underweight,0,0,2.96
30,female,Mexican American,former,diagnosed diabetes,0,1,overweight,0,0,1.46
30,female,Mexican American,former,diagnosed diabetes,0,1,obese,0,0,1.65
30,female,Mexican American,former,diagnosed diabetes,1,0,normal,0,0,1.33
30,female,Mexican American,former,diagnosed diabetes,1,0,underweight,0,0,2.29
30,female,Mexican American,former,diagnosed diabetes,1,0,overweight,0,0,1.12
30,female,Mexican American,former,diagnosed diabetes,1,0,obese,0,0,1.27
30,female,Mexican American,former,diagnosed diabetes,1,1,normal,0,0,2.14
30,female,Mexican American,former,diagnosed diabetes,1,1,underweight,0,0,3.67
30,female,Mexican American,former,diagnosed diabetes,1,1,overweight,0,0,1.81
30,female,Mexican American,former,diagnosed diabetes,1,1,obese,0,0,2.04
30,female,Mexican American,current,normal,0,0,normal,0,0,1.45
30,female,Mexican American,current,normal,0,0,underweight,0,0,2.49
30,female,Mexican American,current,normal,0,0,overweight,0,0,1.22
30,female,Mexican American,current,normal,0,0,obese,0,0,1.38
30,female,Mexican American,current,normal,0,1,normal,0,0,2.34
30,female,Mexican American,current,normal,0,1,underweight,0,0,4
30,female,Mexican American,current,normal,0,1,overweight,0,0,1.97
30,female,Mexican American,current,normal,0,1,obese,0,0,2.23
30,female,Mexican American,current,normal,1,0,normal,0,0,1.8
30,female,Mexican American,current,normal,1,0,underweight,0,0,3.09
30,female,Mexican American,current,normal,1,0,overweight,0,0,1.52
30,female,Mexican American,current,normal,1,0,obese,0,0,1.72
30,female,Mexican American,current,normal,1,1,normal,0,0,2.9
30,female,Mexican American,current,normal,1,1,underweight,0,0,4.96
30,female,Mexican American,current,normal,1,1,overweight,0,0,2.45
30,female,Mexican American,current,normal,1,1,obese,0,0,2.77
30,female,Mexican American,current,prediabetes,0,0,normal,0,0,1.45
30,female,Mexican American,current,prediabetes,0,0,underweight,0,0,2.49
30,female,Mexican American,current,prediabetes,0,0,overweight,0,0,1.22
30,female,Mexican American,current,prediabetes,0,0,obese,0,0,1.38
30,female,Mexican American,current,prediabetes,0,1,normal,0,0,2.34
30,female,Mexican American,current,prediabetes,0,1,underweight,0,0,4
30,female,Mexican American,current,prediabetes,0,1,overweight,0,0,1.97
30,female,Mexican American,current,prediabetes,0,1,obese,0,0,2.23
30,female,Mexican American,current,prediabetes,1,0,normal,0,0,1.8
30,female,Mexican American,current,prediabetes,1,0,underweight,0,0,3.09
30,female,Mexican American,current,prediabetes,1,0,overweight,0,0,1.52
30,female,Mexican American,current,prediabetes,1,0,obese,0,0,1.72
30,female,Mexican American,current,prediabetes,1,1,normal,0,0,2.9
30,female,Mexican American,current,prediabetes,1,1,underweight,0,0,4.96
30,female,Mexican American,current,prediabetes,1,1,overweight,0,0,2.45
30,female,Mexican American,current,prediabetes,1,1,obese,0,0,2.77
30,female,Mexican American,current,undiagnosed diabetes,0,0,normal,0,0,1.99
30,female,Mexican American,current,undiagnosed diabetes,0,0,underweight,0,0,3.42
30,female,Mexican American,current,undiagnosed diabetes,0,0,overweight,0,0,1.68
30,female,Mexican American,current,undiagnosed diabetes,0,0,obese,0,0,1.9
30,female,Mexican American,current,undiagnosed diabetes,0,1,normal,0,0,3.21
30,female,Mexican American,current,undiagnosed diabetes,0,1,underweight,0,0,5.48
30,female,Mexican American,current,undiagnosed diabetes,0,1,overweight,0,0,2.71
30,female,Mexican American,current,undiagnosed diabetes,0,1,obese,0,0,3.06
30,female,Mexican American,current,undiagnosed diabetes,1,0,normal,0,0,2.48
30,female,Mexican American,current,undiagnosed diabetes,1,0,underweight,0,0,4.24
30,female,Mexican American,current,undiagnosed diabetes,1,0,overweight,0,0,2.09
30,female,Mexican American,current,undiagnosed diabetes,1,0,obese,0,0,2.36
30,female,Mexican American,current,undiagnosed diabetes,1,1,normal,0,0,3.98
30,female,Mexican American,current,undiagnosed diabetes,1,1,underweight,0,0,6.78
30,female,Mexican American,current,undiagnosed diabetes,1,1,overweight,0,0,3.37
30,female,Mexican American,current,undiagnosed diabetes,1,1,obese,0,0,3.8
30,female,Mexican American,current,diagnosed diabetes,0,0,normal,0,0,2.22
30,female,Mexican American,current,diagnosed diabetes,0,0,underweight,0,0,3.8
30,female,Mexican American,current,diagnosed diabetes,0,0,overweight,0,0,1.87
30,female,Mexican American,current,diagnosed diabetes,0,0,obese,0,0,2.11
30,female,Mexican American,current,diagnosed diabetes,0,1,normal,0,0,3.57
30,female,Mexican American,current,diagnosed diabetes,0,1,underweight,0,0,6.08
30,female,Mexican American,current,diagnosed diabetes,0,1,overweight,0,0,3.01
30,female,Mexican American,current,diagnosed diabetes,0,1,obese,0,0,3.4
30,female,Mexican American,current,diagnosed diabetes,1,0,normal,0,0,2.75
30,female,Mexican American,current,diagnosed diabetes,1,0,underweight,0,0,4.71
30,female,Mexican American,current,diagnosed diabetes,1,0,overweight,0,0,2.33
30,female,Mexican American,current,diagnosed diabetes,1,0,obese,0,0,2.63
30,female,Mexican American,current,diagnosed diabetes,1,1,normal,0,0,4.42
30,female,Mexican American,current,diagnosed diabetes,1,1,underweight,0,0,7.51
30,female,Mexican American,current,diagnosed diabetes,1,1,overweight,0,0,3.74
30,female,Mexican American,current,diagnosed diabetes,1,1,obese,0,0,4.22
30,female,Other Hispanic,never,normal,0,0,normal,0,0,0.58
30,female,Other Hispanic,never,normal,0,0,underweight,0,0,1.01
30,female,Other Hispanic,never,normal,0,0,overweight,0,0,0.49
30,female,Other Hispanic,never,normal,0,0,obese,0,0,0.56
30,female,Other Hispanic,never,normal,0,1,normal,0,0,0.95
30,female,Other Hispanic,never,normal,0,1,underweight,0,0,1.63
30,female,Other Hispanic,never,normal,0,1,overweight,0,0,0.8
30,female,Other Hispanic,never,normal,0,1,obese,0,0,0.9
30,female,Other Hispanic,never,normal,1,0,normal,0,0,0.73
30,female,Other Hispanic,never,normal,1,0,underweight,0,0,1.25
30,female,Other Hispanic,never,normal,1,0,overweight,0,0,0.61
30,female,Other Hispanic,never,normal,1,0,obese,0,0,0.69
30,female,Other Hispanic,never,normal,1,1,normal,0,0,1.18
30,female,Other Hispanic,never,normal,1,1,underweight,0,0,2.02
30,female,Other Hispanic,never,normal,1,1,overweight,0,0,0.99
30,female,Other Hispanic,never,normal,1,1,obese,0,0,1.12
30,female,Other Hispanic,never,prediabetes,0,0,normal,0,0,0.59
30,female,Other Hispanic,never,prediabetes,0,0,underweight,0,0,1.01
30,female,Other Hispanic,never,prediabetes,0,0,overweight,0,0,0.49
30,female,Other Hispanic,never,prediabetes,0,0,obese,0,0,0.56
30,female,Other Hispanic,never,prediabetes,0,1,normal,0,0,0.95
30,female,Other Hispanic,never,prediabetes,0,1,underweight,0,0,1.63
30,female,Other Hispanic,never,prediabetes,0,1,overweight,0,0,0.8
30,female,Other Hispanic,never,prediabetes,0,1,obese,0,0,0.9
30,female,Other Hispanic,never,prediabetes,1,0,normal,0,0,0.73
30,female,Other Hispanic,never,prediabetes,1,0,underweight,0,0,1.25
30,female,Other Hispanic,never,prediabetes,1,0,overweight,0,0,0.61
30,female,Other Hispanic,never,prediabetes,1,0,obese,0,0,0.69
30,female,Other Hispanic,never,prediabetes,1,1,normal,0,0,1.18
30,female,Other Hispanic,never,prediabetes,1,1,underweight,0,0,2.02
30,female,Other Hispanic,never,prediabetes,1,1,overweight,0,0,0.99
30,female,Other Hispanic,never,prediabetes,1,1,obese,0,0,1.12
30,female,Other Hispanic,never,undiagnosed diabetes,0,0,normal,0,0,0.81
30,female,Other Hispanic,never,undiagnosed diabetes,0,0,underweight,0,0,1.39
30,female,Other Hispanic,never,undiagnosed diabetes,0,0,overweight,0,0,0.68
30,female,Other Hispanic,never,undiagnosed diabetes,0,0,obese,0,0,0.77
30,female,Other Hispanic,never,undiagnosed diabetes,0,1,normal,0,0,1.3
30,female,Other Hispanic,never,undiagnosed diabetes,0,1,underweight,0,0,2.24
30,female,Other Hispanic,never,undiagnosed diabetes,0,1,overweight,0,0,1.1
30,female,Other Hispanic,never,undiagnosed diabetes,0,1,obese,0,0,1.24
30,female,Other Hispanic,never,undiagnosed diabetes,1,0,normal,0,0,1
30,female,Other Hispanic,never,undiagnosed diabetes,1,0,underweight,0,0,1.73
30,female,Other Hispanic,never,undiagnosed diabetes,1,0,overweight,0,0,0.85
30,female,Other Hispanic,never,undiagnosed diabetes,1,0,obese,0,0,0.96
30,female,Other Hispanic,never,undiagnosed diabetes,1,1,normal,0,0,1.62
30,female,Other Hispanic,never,undiagnosed diabetes,1,1,underweight,0,0,2.78
30,female,Other Hispanic,never,undiagnosed diabetes,1,1,overweight,0,0,1.37
30,female,Other Hispanic,never,undiagnosed diabetes,1,1,obese,0,0,1.54
30,female,Other Hispanic,never,diagnosed diabetes,0,0,normal,0,0,0.9
30,female,Other Hispanic,never,diagnosed diabetes,0,0,underweight,0,0,1.55
30,female,Other Hispanic,never,diagnosed diabetes,0,0,overweight,0,0,0.76
30,female,Other Hispanic,never,diagnosed diabetes,0,0,obese,0,0,0.86
30,female,Other Hispanic,never,diagnosed diabetes,0,1,normal,0,0,1.45
30,female,Other Hispanic,never,diagnosed diabetes,0,1,underweight,0,0,2.49
30,female,Other Hispanic,never,diagnosed diabetes,0,1,overweight,0,0,1.22
30,female,Other Hispanic,never,diagnosed diabetes,0,1,obese,0,0,1.38
30,female,Other Hispanic,never,diagnosed diabetes,1,0,normal,0,0,1.12
30,female,Other Hispanic,never,diagnosed diabetes,1,0,underweight,0,0,1.92
30,female,Other Hispanic,never,diagnosed diabetes,1,0,overweight,0,0,0.94
30,female,Other Hispanic,never,diagnosed diabetes,1,0,obese,0,0,1.06
30,female,Other Hispanic,never,diagnosed diabetes,1,1,normal,0,0,1.8
30,female,Other Hispanic,never,diagnosed diabetes,1,1,underweight,0,0,3.09
30,female,Other Hispanic,never,diagnosed diabetes,1,1,overweight,0,0,1.52
30,female,Other Hispanic,never,diagnosed diabetes,1,1,obese,0,0,1.72
30,female,Other Hispanic,former,normal,0,0,normal,0,0,0.72
30,female,Other Hispanic,former,normal,0,0,underweight,0,0,1.24
30,female,Other Hispanic,former,normal,0,0,overweight,0,0,0.61
30,female,Other Hispanic,former,normal,0,0,obese,0,0,0.69
30,female,Other Hispanic,former,normal,0,1,normal,0,0,1.16
30,female,Other Hispanic,former,normal,0,1,underweight,0,0,2
30,female,Other Hispanic,former,normal,0,1,overweight,0,0,0.98
30,female,Other Hispanic,former,normal,0,1,obese,0,0,1.11
30,female,Other Hispanic,former,normal,1,0,normal,0,0,0.89
30,female,Other Hispanic,former,normal,1,0,underweight,0,0,1.54
30,female,Other Hispanic,former,normal,1,0,overweight,0,0,0.75
30,female,Other Hispanic,former,normal,1,0,obese,0,0,0.85
30,female,Other Hispanic,former,normal,1,1,normal,0,0,1.44
30,female,Other Hispanic,former,normal,1,1,underweight,0,0,2.48
30,female,Other Hispanic,former,normal,1,1,overweight,0,0,1.22
30,female,Other Hispanic,former,normal,1,1,obese,0,0,1.38
30,female,Other Hispanic,former,prediabetes,0,0,normal,0,0,0.72
30,female,Other Hispanic,former,prediabetes,0,0,underweight,0,0,1.24
30,female,Other Hispanic,former,prediabetes,0,0,overweight,0,0,0.61
30,female,Other Hispanic,former,prediabetes,0,0,obese,0,0,0.69
30,female,Other Hispanic,former,prediabetes,0,1,normal,0,0,1.16
30,female,Other Hispanic,former,prediabetes,0,1,underweight,0,0,2
30,female,Other Hispanic,former,prediabetes,0,1,overweight,0,0,0.98
30,female,Other Hispanic,former,prediabetes,0,1,obese,0,0,1.11
30,female,Other Hispanic,former,prediabetes,1,0,normal,0,0,0.89
30,female,Other Hispanic,former,prediabetes,1,0,underweight,0,0,1.54
30,female,Other Hispanic,former,prediabetes,1,0,overweight,0,0,0.75
30,female,Other Hispanic,former,prediabetes,1,0,obese,0,0,0.85
30,female,Other Hispanic,former,prediabetes,1,1,normal,0,0,1.44
30,female,Other Hispanic,former,prediabetes,1,1,underweight,0,0,2.48
30,female,Other Hispanic,former,prediabetes,1,1,overweight,0,0,1.22
30,female,Other Hispanic,former,prediabetes,1,1,obese,0,0,1.38
30,female,Other Hispanic,former,undiagnosed diabetes,0,0,normal,0,0,0.99
30,female,Other Hispanic,former,undiagnosed diabetes,0,0,underweight,0,0,1.7
30,female,Other Hispanic,former,undiagnosed diabetes,0,0,overweight,0,0,0.84
30,female,Other Hispanic,former,undiagnosed diabetes,0,0,obese,0,0,0.94
30,female,Other Hispanic,former,undiagnosed diabetes,0,1,normal,0,0,1.6
30,female,Other Hispanic,former,undiagnosed diabetes,0,1,underweight,0,0,2.75
30,female,Other Hispanic,former,undiagnosed diabetes,0,1,overweight,0,0,1.35
30,female,Other Hispanic,former,undiagnosed diabetes,0,1,obese,0,0,1.53
30,female,Other Hispanic,former,undiagnosed diabetes,1,0,normal,0,0,1.23
30,female,Other Hispanic,former,undiagnosed diabetes,1,0,underweight,0,0,2.12
30,female,Other Hispanic,former,undiagnosed diabetes,1,0,overweight,0,0,1.04
30,female,Other Hispanic,former,undiagnosed diabetes,1,0,obese,0,0,1.17
30,female,Other Hispanic,former,undiagnosed diabetes,1,1,normal,0,0,1.99
30,female,Other Hispanic,former,undiagnosed diabetes,1,1,underweight,0,0,3.41
30,female,Other Hispanic,former,undiagnosed diabetes,1,1,overweight,0,0,1.68
30,female,Other Hispanic,former,undiagnosed diabetes,1,1,obese,0,0,1.9
30,female,Other Hispanic,former,diagnosed diabetes,0,0,normal,0,0,1.1
30,female,Other Hispanic,former,diagnosed diabetes,0,0,underweight,0,0,1.9
30,female,Other Hispanic,former,diagnosed diabetes,0,0,overweight,0,0,0.93
30,female,Other Hispanic,former,diagnosed diabetes,0,0,obese,0,0,1.05
30,female,Other Hispanic,former,diagnosed diabetes,0,1,normal,0,0,1.78
30,female,Other Hispanic,former,diagnosed diabetes,0,1,underweight,0,0,3.05
30,female,Other Hispanic,former,diagnosed diabetes,0,1,overweight,0,0,1.5
30,female,Other Hispanic,former,diagnosed diabetes,0,1,obese,0,0,1.7
30,female,Other Hispanic,former,diagnosed diabetes,1,0,normal,0,0,1.37
30,female,Other Hispanic,former,diagnosed diabetes,1,0,underweight,0,0,2.36
30,female,Other Hispanic,former,diagnosed diabetes,1,0,overweight,0,0,1.16
30,female,Other Hispanic,former,diagnosed diabetes,1,0,obese,0,0,1.31
30,female,Other Hispanic,former,diagnosed diabetes,1,1,normal,0,0,2.21
30,female,Other Hispanic,former,diagnosed diabetes,1,1,underweight,0,0,3.79
30,female,Other Hispanic,former,diagnosed diabetes,1,1,overweight,0,0,1.87
30,female,Other Hispanic,former,diagnosed diabetes,1,1,obese,0,0,2.11
30,female,Other Hispanic,current,normal,0,0,normal,0,0,1.49
30,female,Other Hispanic,current,normal,0,0,underweight,0,0,2.57
30,female,Other Hispanic,current,normal,0,0,overweight,0,0,1.26
30,female,Other Hispanic,current,normal,0,0,obese,0,0,1.42
30,female,Other Hispanic,current,normal,0,1,normal,0,0,2.41
30,female,Other Hispanic,current,normal,0,1,underweight,0,0,4.12
30,female,Other Hispanic,current,normal,0,1,overweight,0,0,2.03
30,female,Other Hispanic,current,normal,0,1,obese,0,0,2.3
30,female,Other Hispanic,current,normal,1,0,normal,0,0,1.86
30,female,Other Hispanic,current,normal,1,0,underweight,0,0,3.18
30,female,Other Hispanic,current,normal,1,0,overweight,0,0,1.57
30,female,Other Hispanic,current,normal,1,0,obese,0,0,1.77
30,female,Other Hispanic,current,normal,1,1,normal,0,0,2.99
30,female,Other Hispanic,current,normal,1,1,underweight,0,0,5.11
30,female,Other Hispanic,current,normal,1,1,overweight,0,0,2.52
30,female,Other Hispanic,current,normal,1,1,obese,0,0,2.85
30,female,Other Hispanic,current,prediabetes,0,0,normal,0,0,1.49
30,female,Other Hispanic,current,prediabetes,0,0,underweight,0,0,2.57
30,female,Other Hispanic,current,prediabetes,0,0,overweight,0,0,1.26
30,female,Other Hispanic,current,prediabetes,0,0,obese,0,0,1.42
30,female,Other Hispanic,current,prediabetes,0,1,normal,0,0,2.41
30,female,Other Hispanic,current,prediabetes,0,1,underweight,0,0,4.12
30,female,Other Hispanic,current,prediabetes,0,1,overweight,0,0,2.03
30,female,Other Hispanic,current,prediabetes,0,1,obese,0,0,2.3
30,female,Other Hispanic,current,prediabetes,1,0,normal,0,0,1.86
30,female,Other Hispanic,current,prediabetes,1,0,underweight,0,0,3.19
30,female,Other Hispanic,current,prediabetes,1,0,overweight,0,0,1.57
30,female,Other Hispanic,current,prediabetes,1,0,obese,0,0,1.77
30,female,Other Hispanic,current,prediabetes,1,1,normal,0,0,2.99
30,female,Other Hispanic,current,prediabetes,1,1,underweight,0,0,5.11
30,female,Other Hispanic,current,prediabetes,1,1,overweight,0,0,2.53
30,female,Other Hispanic,current,prediabetes,1,1,obese,0,0,2.85
30,female,Other Hispanic,current,undiagnosed diabetes,0,0,normal,0,0,2.05
30,female,Other Hispanic,current,undiagnosed diabetes,0,0,underweight,0,0,3.52
30,female,Other Hispanic,current,undiagnosed diabetes,0,0,overweight,0,0,1.73
30,female,Other Hispanic,current,undiagnosed diabetes,0,0,obese,0,0,1.96
30,female,Other Hispanic,current,undiagnosed diabetes,0,1,normal,0,0,3.31
30,female,Other Hispanic,current,undiagnosed diabetes,0,1,underweight,0,0,5.64
30,female,Other Hispanic,current,undiagnosed diabetes,0,1,overweight,0,0,2.79
30,female,Other Hispanic,current,undiagnosed diabetes,0,1,obese,0,0,3.16
30,female,Other Hispanic,current,undiagnosed diabetes,1,0,normal,0,0,2.55
30,female,Other Hispanic,current,undiagnosed diabetes,1,0,underweight,0,0,4.37
30,female,Other Hispanic,current,undiagnosed diabetes,1,0,overweight,0,0,2.16
30,female,Other Hispanic,current,undiagnosed diabetes,1,0,obese,0,0,2.43
30,female,Other Hispanic,current,undiagnosed diabetes,1,1,normal,0,0,4.1
30,female,Other Hispanic,current,undiagnosed diabetes,1,1,underweight,0,0,6.98
30,female,Other Hispanic,current,undiagnosed diabetes,1,1,overweight,0,0,3.47
30,female,Other Hispanic,current,undiagnosed diabetes,1,1,obese,0,0,3.91
30,female,Other Hispanic,current,diagnosed diabetes,0,0,normal,0,0,2.28
30,female,Other Hispanic,current,diagnosed diabetes,0,0,underweight,0,0,3.91
30,female,Other Hispanic,current,diagnosed diabetes,0,0,overweight,0,0,1.93
30,female,Other Hispanic,current,diagnosed diabetes,0,0,obese,0,0,2.18
30,female,Other Hispanic,current,diagnosed diabetes,0,1,normal,0,0,3.67
30,female,Other Hispanic,current,diagnosed diabetes,0,1,underweight,0,0,6.26
30,female,Other Hispanic,current,diagnosed diabetes,0,1,overweight,0,0,3.11
30,female,Other Hispanic,current,diagnosed diabetes,0,1,obese,0,0,3.51
30,female,Other Hispanic,current,diagnosed diabetes,1,0,normal,0,0,2.84
30,female,Other Hispanic,current,diagnosed diabetes,1,0,underweight,0,0,4.85
30,female,Other Hispanic,current,diagnosed diabetes,1,0,overweight,0,0,2.4
30,female,Other Hispanic,current,diagnosed diabetes,1,0,obese,0,0,2.71
30,female,Other Hispanic,current,diagnosed diabetes,1,1,normal,0,0,4.55
30,female,Other Hispanic,current,diagnosed diabetes,1,1,underweight,0,0,7.74
30,female,Other Hispanic,current,diagnosed diabetes,1,1,overweight,0,0,3.85
30,female,Other Hispanic,current,diagnosed diabetes,1,1,obese,0,0,4.35
30,female,Other/Multiracial,never,normal,0,0,normal,0,0,0.55
30,female,Other/Multiracial,never,normal,0,0,underweight,0,0,0.94
30,female,Other/Multiracial,never,normal,0,0,overweight,0,0,0.46
30,female,Other/Multiracial,never,normal,0,0,obese,0,0,0.52
30,female,Other/Multiracial,never,normal,0,1,normal,0,0,0.88
30,female,Other/Multiracial,never,normal,0,1,underweight,0,0,1.52
30,female,Other/Multiracial,never,normal,0,1,overweight,0,0,0.74
30,female,Other/Multiracial,never,normal,0,1,obese,0,0,0.84
30,female,Other/Multiracial,never,normal,1,0,normal,0,0,0.68
30,female,Other/Multiracial,never,normal,1,0,underweight,0,0,1.17
30,female,Other/Multiracial,never,normal,1,0,overweight,0,0,0.57
30,female,Other/Multiracial,never,normal,1,0,obese,0,0,0.65
30,female,Other/Multiracial,never,normal,1,1,normal,0,0,1.1
30,female,Other/Multiracial,never,normal,1,1,underweight,0,0,1.89
30,female,Other/Multiracial,never,normal,1,1,overweight,0,0,0.93
30,female,Other/Multiracial,never,normal,1,1,obese,0,0,1.05
30,female,Other/Multiracial,never,prediabetes,0,0,normal,0,0,0.55
30,female,Other/Multiracial,never,prediabetes,0,0,underweight,0,0,0.94
30,female,Other/Multiracial,never,prediabetes,0,0,overweight,0,0,0.46
30,female,Other/Multiracial,never,prediabetes,0,0,obese,0,0,0.52
30,female,Other/Multiracial,never,prediabetes,0,1,normal,0,0,0.88
30,female,Other/Multiracial,never,prediabetes,0,1,underweight,0,0,1.52
30,female,Other/Multiracial,never,prediabetes,0,1,overweight,0,0,0.74
30,female,Other/Multiracial,never,prediabetes,0,1,obese,0,0,0.84
30,female,Other/Multiracial,never,prediabetes,1,0,normal,0,0,0.68
30,female,Other/Multiracial,never,prediabetes,1,0,underweight,0,0,1.17
30,female,Other/Multiracial,never,prediabetes,1,0,overweight,0,0,0.57
30,female,Other/Multiracial,never,prediabetes,1,0,obese,0,0,0.65
30,female,Other/Multiracial,never,prediabetes,1,1,normal,0,0,1.1
30,female,Other/Multiracial,never,prediabetes,1,1,underweight,0,0,1.89
30,female,Other/Multiracial,never,prediabetes,1,1,overweight,0,0,0.93
30,female,Other/Multiracial,never,prediabetes,1,1,obese,0,0,1.05
30,female,Other/Multiracial,never,undiagnosed diabetes,0,0,normal,0,0,0.75
30,female,Other/Multiracial,never,undiagnosed diabetes,0,0,underweight,0,0,1.3
30,female,Other/Multiracial,never,undiagnosed diabetes,0,0,overweight,0,0,0.63
30,female,Other/Multiracial,never,undiagnosed diabetes,0,0,obese,0,0,0.72
30,female,Other/Multiracial,never,undiagnosed diabetes,0,1,normal,0,0,1.22
30,female,Other/Multiracial,never,undiagnosed diabetes,0,1,underweight,0,0,2.09
30,female,Other/Multiracial,never,undiagnosed diabetes,0,1,overweight,0,0,1.03
30,female,Other/Multiracial,never,undiagnosed diabetes,0,1,obese,0,0,1.16
30,female,Other/Multiracial,never,undiagnosed diabetes,1,0,normal,0,0,0.94
30,female,Other/Multiracial,never,undiagnosed diabetes,1,0,underweight,0,0,1.61
30,female,Other/Multiracial,never,undiagnosed diabetes,1,0,overweight,0,0,0.79
30,female,Other/Multiracial,never,undiagnosed diabetes,1,0,obese,0,0,0.89
30,female,Other/Multiracial,never,undiagnosed diabetes,1,1,normal,0,0,1.51
30,female,Other/Multiracial,never,undiagnosed diabetes,1,1,underweight,0,0,2.6
30,female,Other/Multiracial,never,undiagnosed diabetes,1,1,overweight,0,0,1.27
30,female,Other/Multiracial,never,undiagnosed diabetes,1,1,obese,0,0,1.44
30,female,Other/Multiracial,never,diagnosed diabetes,0,0,normal,0,0,0.84
30,female,Other/Multiracial,never,diagnosed diabetes,0,0,underweight,0,0,1.44
30,female,Other/Multiracial,never,diagnosed diabetes,0,0,overweight,0,0,0.71
30,female,Other/Multiracial,never,diagnosed diabetes,0,0,obese,0,0,0.8
30,female,Other/Multiracial,never,diagnosed diabetes,0,1,normal,0,0,1.35
30,female,Other/Multiracial,never,diagnosed diabetes,0,1,underweight,0,0,2.32
30,female,Other/Multiracial,never,diagnosed diabetes,0,1,overweight,0,0,1.14
30,female,Other/Multiracial,never,diagnosed diabetes,0,1,obese,0,0,1.29
30,female,Other/Multiracial,never,diagnosed diabetes,1,0,normal,0,0,1.04
30,female,Other/Multiracial,never,diagnosed diabetes,1,0,underweight,0,0,1.79
30,female,Other/Multiracial,never,diagnosed diabetes,1,0,overweight,0,0,0.88
30,female,Other/Multiracial,never,diagnosed diabetes,1,0,obese,0,0,0.99
30,female,Other/Multiracial,never,diagnosed diabetes,1,1,normal,0,0,1.68
30,female,Other/Multiracial,never,diagnosed diabetes,1,1,underweight,0,0,2.89
30,female,Other/Multiracial,never,diagnosed diabetes,1,1,overweight,0,0,1.42
30,female,Other/Multiracial,never,diagnosed diabetes,1,1,obese,0,0,1.6
30,female,Other/Multiracial,former,normal,0,0,normal,0,0,0.67
30,female,Other/Multiracial,former,normal,0,0,underweight,0,0,1.15
30,female,Other/Multiracial,former,normal,0,0,overweight,0,0,0.57
30,female,Other/Multiracial,former,normal,0,0,obese,0,0,0.64
30,female,Other/Multiracial,former,normal,0,1,normal,0,0,1.08
30,female,Other/Multiracial,former,normal,0,1,underweight,0,0,1.86
30,female,Other/Multiracial,former,normal,0,1,overweight,0,0,0.91
30,female,Other/Multiracial,former,normal,0,1,obese,0,0,1.03
30,female,Other/Multiracial,former,normal,1,0,normal,0,0,0.83
30,female,Other/Multiracial,former,normal,1,0,underweight,0,0,1.44
30,female,Other/Multiracial,former,normal,1,0,overweight,0,0,0.7
30,female,Other/Multiracial,former,normal,1,0,obese,0,0,0.79
30,female,Other/Multiracial,former,normal,1,1,normal,0,0,1.35
30,female,Other/Multiracial,former,normal,1,1,underweight,0,0,2.31
30,female,Other/Multiracial,former,normal,1,1,overweight,0,0,1.14
30,female,Other/Multiracial,former,normal,1,1,obese,0,0,1.28
30,female,Other/Multiracial,former,prediabetes,0,0,normal,0,0,0.67
30,female,Other/Multiracial,former,prediabetes,0,0,underweight,0,0,1.16
30,female,Other/Multiracial,former,prediabetes,0,0,overweight,0,0,0.57
30,female,Other/Multiracial,former,prediabetes,0,0,obese,0,0,0.64
30,female,Other/Multiracial,former,prediabetes,0,1,normal,0,0,1.08
30,female,Other/Multiracial,former,prediabetes,0,1,underweight,0,0,1.86
30,female,Other/Multiracial,former,prediabetes,0,1,overweight,0,0,0.91
30,female,Other/Multiracial,former,prediabetes,0,1,obese,0,0,1.03
30,female,Other/Multiracial,former,prediabetes,1,0,normal,0,0,0.83
30,female,Other/Multiracial,former,prediabetes,1,0,underweight,0,0,1.44
30,female,Other/Multiracial,former,prediabetes,1,0,overweight,0,0,0.7
30,female,Other/Multiracial,former,prediabetes,1,0,obese,0,0,0.8
30,female,Other/Multiracial,former,prediabetes,1,1,normal,0,0,1.35
30,female,Other/Multiracial,former,prediabetes,1,1,underweight,0,0,2.32
30,female,Other/Multiracial,former,prediabetes,1,1,overweight,0,0,1.14
30,female,Other/Multiracial,former,prediabetes,1,1,obese,0,0,1.29
30,female,Other/Multiracial,former,undiagnosed diabetes,0,0,normal,0,0,0.92
30,female,Other/Multiracial,former,undiagnosed diabetes,0,0,underweight,0,0,1.59
30,female,Other/Multiracial,former,undiagnosed diabetes,0,0,overweight,0,0,0.78
30,female,Other/Multiracial,former,undiagnosed diabetes,0,0,obese,0,0,0.88
30,female,Other/Multiracial,former,undiagnosed diabetes,0,1,normal,0,0,1.49
30,female,Other/Multiracial,former,undiagnosed diabetes,0,1,underweight,0,0,2.56
30,female,Other/Multiracial,former,undiagnosed diabetes,0,1,overweight,0,0,1.26
30,female,Other/Multiracial,former,undiagnosed diabetes,0,1,obese,0,0,1.42
30,female,Other/Multiracial,former,undiagnosed diabetes,1,0,normal,0,0,1.15
30,female,Other/Multiracial,former,undiagnosed diabetes,1,0,underweight,0,0,1.98
30,female,Other/Multiracial,former,undiagnosed diabetes,1,0,overweight,0,0,0.97
30,female,Other/Multiracial,former,undiagnosed diabetes,1,0,obese,0,0,1.1
30,female,Other/Multiracial,former,undiagnosed diabetes,1,1,normal,0,0,1.85
30,female,Other/Multiracial,former,undiagnosed diabetes,1,1,underweight,0,0,3.18
30,female,Other/Multiracial,former,undiagnosed diabetes,1,1,overweight,0,0,1.56
30,female,Other/Multiracial,former,undiagnosed diabetes,1,1,obese,0,0,1.77
30,female,Other/Multiracial,former,diagnosed diabetes,0,0,normal,0,0,1.03
30,female,Other/Multiracial,former,diagnosed diabetes,0,0,underweight,0,0,1.77
30,female,Other/Multiracial,former,diagnosed diabetes,0,0,overweight,0,0,0.87
30,female,Other/Multiracial,former,diagnosed diabetes,0,0,obese,0,0,0.98
30,female,Other/Multiracial,former,diagnosed diabetes,0,1,normal,0,0,1.66
30,female,Other/Multiracial,former,diagnosed diabetes,0,1,underweight,0,0,2.85
30,female,Other/Multiracial,former,diagnosed diabetes,0,1,overweight,0,0,1.4
30,female,Other/Multiracial,former,diagnosed diabetes,0,1,obese,0,0,1.58
30,female,Other/Multiracial,former,diagnosed diabetes,1,0,normal,0,0,1.28
30,female,Other/Multiracial,former,diagnosed diabetes,1,0,underweight,0,0,2.2
30,female,Other/Multiracial,former,diagnosed diabetes,1,0,overweight,0,0,1.08
30,female,Other/Multiracial,former,diagnosed diabetes,1,0,obese,0,0,1.22
30,female,Other/Multiracial,former,diagnosed diabetes,1,1,normal,0,0,2.06
30,female,Other/Multiracial,former,diagnosed diabetes,1,1,underweight,0,0,3.53
30,female,Other/Multiracial,former,diagnosed diabetes,1,1,overweight,0,0,1.74
30,female,Other/Multiracial,former,diagnosed diabetes,1,1,obese,0,0,1.97
30,female,Other/Multiracial,current,normal,0,0,normal,0,0,1.39
30,female,Other/Multiracial,current,normal,0,0,underweight,0,0,2.39
30,female,Other/Multiracial,current,normal,0,0,overweight,0,0,1.18
30,female,Other/Multiracial,current,normal,0,0,obese,0,0,1.33
30,female,Other/Multiracial,current,normal,0,1,normal,0,0,2.25
30,female,Other/Multiracial,current,normal,0,1,underweight,0,0,3.85
30,female,Other/Multiracial,current,normal,0,1,overweight,0,0,1.9
30,female,Other/Multiracial,current,normal,0,1,obese,0,0,2.14
30,female,Other/Multiracial,current,normal,1,0,normal,0,0,1.73
30,female,Other/Multiracial,current,normal,1,0,underweight,0,0,2.97
30,female,Other/Multiracial,current,normal,1,0,overweight,0,0,1.46
30,female,Other/Multiracial,current,normal,1,0,obese,0,0,1.65
30,female,Other/Multiracial,current,normal,1,1,normal,0,0,2.79
30,female,Other/Multiracial,current,normal,1,1,underweight,0,0,4.77
30,female,Other/Multiracial,current,normal,1,1,overweight,0,0,2.36
30,female,Other/Multiracial,current,normal,1,1,obese,0,0,2.66
30,female,Other/Multiracial,current,prediabetes,0,0,normal,0,0,1.39
30,female,Other/Multiracial,current,prediabetes,0,0,underweight,0,0,2.4
30,female,Other/Multiracial,current,prediabetes,0,0,overweight,0,0,1.18
30,female,Other/Multiracial,current,prediabetes,0,0,obese,0,0,1.33
30,female,Other/Multiracial,current,prediabetes,0,1,normal,0,0,2.25
30,female,Other/Multiracial,current,prediabetes,0,1,underweight,0,0,3.85
30,female,Other/Multiracial,current,prediabetes,0,1,overweight,0,0,1.9
30,female,Other/Multiracial,current,prediabetes,0,1,obese,0,0,2.14
30,female,Other/Multiracial,current,prediabetes,1,0,normal,0,0,1.73
30,female,Other/Multiracial,current,prediabetes,1,0,underweight,0,0,2.97
30,female,Other/Multiracial,current,prediabetes,1,0,overweight,0,0,1.46
30,female,Other/Multiracial,current,prediabetes,1,0,obese,0,0,1.65
30,female,Other/Multiracial,current,prediabetes,1,1,normal,0,0,2.79
30,female,Other/Multiracial,current,prediabetes,1,1,underweight,0,0,4.77
30,female,Other/Multiracial,current,prediabetes,1,1,overweight,0,0,2.36
30,female,Other/Multiracial,current,prediabetes,1,1,obese,0,0,2.66
30,female,Other/Multiracial,current,undiagnosed diabetes,0,0,normal,0,0,1.92
30,female,Other/Multiracial,current,undiagnosed diabetes,0,0,underweight,0,0,3.29
30,female,Other/Multiracial,current,undiagnosed diabetes,0,0,overweight,0,0,1.62
30,female,Other/Multiracial,current,undiagnosed diabetes,0,0,obese,0,0,1.83
30,female,Other/Multiracial,current,undiagnosed diabetes,0,1,normal,0,0,3.09
30,female,Other/Multiracial,current,undiagnosed diabetes,0,1,underweight,0,0,5.27
30,female,Other/Multiracial,current,undiagnosed diabetes,0,1,overweight,0,0,2.61
30,female,Other/Multiracial,current,undiagnosed diabetes,0,1,obese,0,0,2.94
30,female,Other/Multiracial,current,undiagnosed diabetes,1,0,normal,0,0,2.38
30,female,Other/Multiracial,current,undiagnosed diabetes,1,0,underweight,0,0,4.08
30,female,Other/Multiracial,current,undiagnosed diabetes,1,0,overweight,0,0,2.01
30,female,Other/Multiracial,current,undiagnosed diabetes,1,0,obese,0,0,2.27
30,female,Other/Multiracial,current,undiagnosed diabetes,1,1,normal,0,0,3.83
30,female,Other/Multiracial,current,undiagnosed diabetes,1,1,underweight,0,0,6.52
30,female,Other/Multiracial,current,undiagnosed diabetes,1,1,overweight,0,0,3.24
30,female,Other/Multiracial,current,undiagnosed diabetes,1,1,obese,0,0,3.65
30,female,Other/Multiracial,current,diagnosed diabetes,0,0,normal,0,0,2.13
30,female,Other/Multiracial,current,diagnosed diabetes,0,0,underweight,0,0,3.65
30,female,Other/Multiracial,current,diagnosed diabetes,0,0,overweight,0,0,1.8
30,female,Other/Multiracial,current,diagnosed diabetes,0,0,obese,0,0,2.03
30,female,Other/Multiracial,current,diagnosed diabetes,0,1,normal,0,0,3.43
30,female,Other/Multiracial,current,diagnosed diabetes,0,1,underweight,0,0,5.85
30,female,Other/Multiracial,current,diagnosed diabetes,0,1,overweight,0,0,2.9
30,female,Other/Multiracial,current,diagnosed diabetes,0,1,obese,0,0,3.27
30,female,Other/Multiracial,current,diagnosed diabetes,1,0,normal,0,0,2.65
30,female,Other/Multiracial,current,diagnosed diabetes,1,0,underweight,0,0,4.53
30,female,Other/Multiracial,current,diagnosed diabetes,1,0,overweight,0,0,2.24
30,female,Other/Multiracial,current,diagnosed diabetes,1,0,obese,0,0,2.53
30,female,Other/Multiracial,current,diagnosed diabetes,1,1,normal,0,0,4.25
30,female,Other/Multiracial,current,diagnosed diabetes,1,1,underweight,0,0,7.23
30,female,Other/Multiracial,current,diagnosed diabetes,1,1,overweight,0,0,3.6
30,female,Other/Multiracial,current,diagnosed diabetes,1,1,obese,0,0,4.06
40,male,Non-Hispanic White,never,normal,0,0,normal,0,0,1.61
40,male,Non-Hispanic White,never,normal,0,0,underweight,0,0,2.77
40,male,Non-Hispanic White,never,normal,0,0,overweight,0,0,1.36
40,male,Non-Hispanic White,never,normal,0,0,obese,0,0,1.54
40,male,Non-Hispanic White,never,normal,0,1,normal,0,0,2.6
40,male,Non-Hispanic White,never,normal,0,1,underweight,0,0,4.45
40,male,Non-Hispanic White,never,normal,0,1,overweight,0,0,2.19
40,male,Non-Hispanic White,never,normal,0,1,obese,0,0,2.48
40,male,Non-Hispanic White,never,normal,1,0,normal,0,0,2
40,male,Non-Hispanic White,never,normal,1,0,underweight,0,0,3.44
40,male,Non-Hispanic White,never,normal,1,0,overweight,0,0,1.69
40,male,Non-Hispanic White,never,normal,1,0,obese,0,0,1.91
40,male,Non-Hispanic White,never,normal,1,1,normal,0,0,3.22
40,male,Non-Hispanic White,never,normal,1,1,underweight,0,0,5.5
40,male,Non-Hispanic White,never,normal,1,1,overweight,0,0,2.72
40,male,Non-Hispanic White,never,normal,1,1,obese,0,0,3.08
40,male,Non-Hispanic White,never,prediabetes,0,0,normal,0,0,1.61
40,male,Non-Hispanic White,never,prediabetes,0,0,underweight,0,0,2.77
40,male,Non-Hispanic White,never,prediabetes,0,0,overweight,0,0,1.36
40,male,Non-Hispanic White,never,prediabetes,0,0,obese,0,0,1.54
40,male,Non-Hispanic White,never,prediabetes,0,1,normal,0,0,2.6
40,male,Non-Hispanic White,never,prediabetes,0,1,underweight,0,0,4.45
40,male,Non-Hispanic White,never,prediabetes,0,1,overweight,0,0,2.2
40,male,Non-Hispanic White,never,prediabetes,0,1,obese,0,0,2.48
40,male,Non-Hispanic White,never,prediabetes,1,0,normal,0,0,2
40,male,Non-Hispanic White,never,prediabetes,1,0,underweight,0,0,3.44
40,male,Non-Hispanic White,never,prediabetes,1,0,overweight,0,0,1.69
40,male,Non-Hispanic White,never,prediabetes,1,0,obese,0,0,1.91
40,male,Non-Hispanic White,never,prediabetes,1,1,normal,0,0,3.23
40,male,Non-Hispanic White,never,prediabetes,1,1,underweight,0,0,5.51
40,male,Non-Hispanic White,never,prediabetes,1,1,overweight,0,0,2.73
40,male,Non-Hispanic White,never,prediabetes,1,1,obese,0,0,3.08
40,male,Non-Hispanic White,never,undiagnosed diabetes,0,0,normal,0,0,2.22
40,male,Non-Hispanic White,never,undiagnosed diabetes,0,0,underweight,0,0,3.8
40,male,Non-Hispanic White,never,undiagnosed diabetes,0,0,overweight,0,0,1.87
40,male,Non-Hispanic White,never,undiagnosed diabetes,0,0,obese,0,0,2.12
40,male,Non-Hispanic White,never,undiagnosed diabetes,0,1,normal,0,0,3.57
40,male,Non-Hispanic White,never,undiagnosed diabetes,0,1,underweight,0,0,6.08
40,male,Non-Hispanic White,never,undiagnosed diabetes,0,1,overweight,0,0,3.02
40,male,Non-Hispanic White,never,undiagnosed diabetes,0,1,obese,0,0,3.4
40,male,Non-Hispanic White,never,undiagnosed diabetes,1,0,normal,0,0,2.75
40,male,Non-Hispanic White,never,undiagnosed diabetes,1,0,underweight,0,0,4.71
40,male,Non-Hispanic White,never,undiagnosed diabetes,1,0,overweight,0,0,2.33
40,male,Non-Hispanic White,never,undiagnosed diabetes,1,0,obese,0,0,2.63
40,male,Non-Hispanic White,never,undiagnosed diabetes,1,1,normal,0,0,4.42
40,male,Non-Hispanic White,never,undiagnosed diabetes,1,1,underweight,0,0,7.52
40,male,Non-Hispanic White,never,undiagnosed diabetes,1,1,overweight,0,0,3.74
40,male,Non-Hispanic White,never,undiagnosed diabetes,1,1,obese,0,0,4.22
40,male,Non-Hispanic White,never,diagnosed diabetes,0,0,normal,0,0,2.47
40,male,Non-Hispanic White,never,diagnosed diabetes,0,0,underweight,0,0,4.22
40,male,Non-Hispanic White,never,diagnosed diabetes,0,0,overweight,0,0,2.08
40,male,Non-Hispanic White,never,diagnosed diabetes,0,0,obese,0,0,2.35
40,male,Non-Hispanic White,never,diagnosed diabetes,0,1,normal,0,0,3.96
40,male,Non-Hispanic White,never,diagnosed diabetes,0,1,underweight,0,0,6.75
40,male,Non-Hispanic White,never,diagnosed diabetes,0,1,overweight,0,0,3.35
40,male,Non-Hispanic White,never,diagnosed diabetes,0,1,obese,0,0,3.78
40,male,Non-Hispanic White,never,diagnosed diabetes,1,0,normal,0,0,3.06
40,male,Non-Hispanic White,never,diagnosed diabetes,1,0,underweight,0,0,5.23
40,male,Non-Hispanic White,never,diagnosed diabetes,1,0,overweight,0,0,2.59
40,male,Non-Hispanic White,never,diagnosed diabetes,1,0,obese,0,0,2.92
40,male,Non-Hispanic White,never,diagnosed diabetes,1,1,normal,0,0,4.91
40,male,Non-Hispanic White,never,diagnosed diabetes,1,1,underweight,0,0,8.33
40,male,Non-Hispanic White,never,diagnosed diabetes,1,1,overweight,0,0,4.16
40,male,Non-Hispanic White,never,diagnosed diabetes,1,1,obese,0,0,4.69
40,male,Non-Hispanic White,former,normal,0,0,normal,0,0,1.98
40,male,Non-Hispanic White,former,normal,0,0,underweight,0,0,3.39
40,male,Non-Hispanic White,former,normal,0,0,overweight,0,0,1.67
40,male,Non-Hispanic White,former,normal,0,0,obese,0,0,1.89
40,male,Non-Hispanic White,former,normal,0,1,normal,0,0,3.18
40,male,Non-Hispanic White,former,normal,0,1,underweight,0,0,5.44
40,male,Non-Hispanic White,former,normal,0,1,overweight,0,0,2.69
40,male,Non-Hispanic White,former,normal,0,1,obese,0,0,3.04
40,male,Non-Hispanic White,former,normal,1,0,normal,0,0,2.46
40,male,Non-Hispanic White,former,normal,1,0,underweight,0,0,4.21
40,male,Non-Hispanic White,former,normal,1,0,overweight,0,0,2.07
40,male,Non-Hispanic White,former,normal,1,0,obese,0,0,2.34
40,male,Non-Hispanic White,former,normal,1,1,normal,0,0,3.95
40,male,Non-Hispanic White,former,normal,1,1,underweight,0,0,6.72
40,male,Non-Hispanic White,former,normal,1,1,overweight,0,0,3.34
40,male,Non-Hispanic White,former,normal,1,1,obese,0,0,3.77
40,male,Non-Hispanic White,former,prediabetes,0,0,normal,0,0,1.98
40,male,Non-Hispanic White,former,prediabetes,0,0,underweight,0,0,3.39
40,male,Non-Hispanic White,former,prediabetes,0,0,overweight,0,0,1.67
40,male,Non-Hispanic White,former,prediabetes,0,0,obese,0,0,1.89
40,male,Non-Hispanic White,former,prediabetes,0,1,normal,0,0,3.19
40,male,Non-Hispanic White,former,prediabetes,0,1,underweight,0,0,5.44
40,male,Non-Hispanic White,former,prediabetes,0,1,overweight,0,0,2.69
40,male,Non-Hispanic White,former,prediabetes,0,1,obese,0,0,3.04
40,male,Non-Hispanic White,former,prediabetes,1,0,normal,0,0,2.46
40,male,Non-Hispanic White,former,prediabetes,1,0,underweight,0,0,4.21
40,male,Non-Hispanic White,former,prediabetes,1,0,overweight,0,0,2.08
40,male,Non-Hispanic White,former,prediabetes,1,0,obese,0,0,2.34
40,male,Non-Hispanic White,former,prediabetes,1,1,normal,0,0,3.95
40,male,Non-Hispanic White,former,prediabetes,1,1,underweight,0,0,6.73
40,male,Non-Hispanic White,former,prediabetes,1,1,overweight,0,0,3.34
40,male,Non-Hispanic White,former,prediabetes,1,1,obese,0,0,3.77
40,male,Non-Hispanic White,former,undiagnosed diabetes,0,0,normal,0,0,2.72
40,male,Non-Hispanic White,former,undiagnosed diabetes,0,0,underweight,0,0,4.65
40,male,Non-Hispanic White,former,undiagnosed diabetes,0,0,overweight,0,0,2.3
40,male,Non-Hispanic White,former,undiagnosed diabetes,0,0,obese,0,0,2.59
40,male,Non-Hispanic White,former,undiagnosed diabetes,0,1,normal,0,0,4.37
40,male,Non-Hispanic White,former,undiagnosed diabetes,0,1,underweight,0,0,7.42
40,male,Non-Hispanic White,former,undiagnosed diabetes,0,1,overweight,0,0,3.69
40,male,Non-Hispanic White,former,undiagnosed diabetes,0,1,obese,0,0,4.17
40,male,Non-Hispanic White,former,undiagnosed diabetes,1,0,normal,0,0,3.37
40,male,Non-Hispanic White,former,undiagnosed diabetes,1,0,underweight,0,0,5.76
40,male,Non-Hispanic White,former,undiagnosed diabetes,1,0,overweight,0,0,2.85
40,male,Non-Hispanic White,former,undiagnosed diabetes,1,0,obese,0,0,3.22
40,male,Non-Hispanic White,former,undiagnosed diabetes,1,1,normal,0,0,5.41
40,male,Non-Hispanic White,former,undiagnosed diabetes,1,1,underweight,0,0,9.16
40,male,Non-Hispanic White,former,undiagnosed diabetes,1,1,overweight,0,0,4.58
40,male,Non-Hispanic White,former,undiagnosed diabetes,1,1,obese,0,0,5.16
40,male,Non-Hispanic White,former,diagnosed diabetes,0,0,normal,0,0,3.02
40,male,Non-Hispanic White,former,diagnosed diabetes,0,0,underweight,0,0,5.16
40,male,Non-Hispanic White,former,diagnosed diabetes,0,0,overweight,0,0,2.55
40,male,Non-Hispanic White,former,diagnosed diabetes,0,0,obese,0,0,2.88
40,male,Non-Hispanic White,former,diagnosed diabetes,0,1,normal,0,0,4.85
40,male,Non-Hispanic White,former,diagnosed diabetes,0,1,underweight,0,0,8.23
40,male,Non-Hispanic White,former,diagnosed diabetes,0,1,overweight,0,0,4.1
40,male,Non-Hispanic White,former,diagnosed diabetes,0,1,obese,0,0,4.63
40,male,Non-Hispanic White,former,diagnosed diabetes,1,0,normal,0,0,3.75
40,male,Non-Hispanic White,former,diagnosed diabetes,1,0,underweight,0,0,6.39
40,male,Non-Hispanic White,former,diagnosed diabetes,1,0,overweight,0,0,3.17
40,male,Non-Hispanic White,former,diagnosed diabetes,1,0,obese,0,0,3.58
40,male,Non-Hispanic White,former,diagnosed diabetes,1,1,normal,0,0,6
40,male,Non-Hispanic White,former,diagnosed diabetes,1,1,underweight,0,0,10.14
40,male,Non-Hispanic White,former,diagnosed diabetes,1,1,overweight,0,0,5.08
40,male,Non-Hispanic White,former,diagnosed diabetes,1,1,obese,0,0,5.73
40,male,Non-Hispanic White,current,normal,0,0,normal,0,0,4.08
40,male,Non-Hispanic White,current,normal,0,0,underweight,0,0,6.95
40,male,Non-Hispanic White,current,normal,0,0,overweight,0,0,3.45
40,male,Non-Hispanic White,current,normal,0,0,obese,0,0,3.89
40,male,Non-Hispanic White,current,normal,0,1,normal,0,0,6.53
40,male,Non-Hispanic White,current,normal,0,1,underweight,0,0,11.01
40,male,Non-Hispanic White,current,normal,0,1,overweight,0,0,5.53
40,male,Non-Hispanic White,current,normal,0,1,obese,0,0,6.23
40,male,Non-Hispanic White,current,normal,1,0,normal,0,0,5.06
40,male,Non-Hispanic White,current,normal,1,0,underweight,0,0,8.57
40,male,Non-Hispanic White,current,normal,1,0,overweight,0,0,4.28
40,male,Non-Hispanic White,current,normal,1,0,obese,0,0,4.83
40,male,Non-Hispanic White,current,normal,1,1,normal,0,0,8.06
40,male,Non-Hispanic White,current,normal,1,1,underweight,0,0,13.51
40,male,Non-Hispanic White,current,normal,1,1,overweight,0,0,6.84
40,male,Non-Hispanic White,current,normal,1,1,obese,0,0,7.7
40,male,Non-Hispanic White,current,prediabetes,0,0,normal,0,0,4.08
40,male,Non-Hispanic White,current,prediabetes,0,0,underweight,0,0,6.95
40,male,Non-Hispanic White,current,prediabetes,0,0,overweight,0,0,3.45
40,male,Non-Hispanic White,current,prediabetes,0,0,obese,0,0,3.9
40,male,Non-Hispanic White,current,prediabetes,0,1,normal,0,0,6.53
40,male,Non-Hispanic White,current,prediabetes,0,1,underweight,0,0,11.01
40,male,Non-Hispanic White,current,prediabetes,0,1,overweight,0,0,5.53
40,male,Non-Hispanic White,current,prediabetes,0,1,obese,0,0,6.24
40,male,Non-Hispanic White,current,prediabetes,1,0,normal,0,0,5.06
40,male,Non-Hispanic White,current,prediabetes,1,0,underweight,0,0,8.58
40,male,Non-Hispanic White,current,prediabetes,1,0,overweight,0,0,4.28
40,male,Non-Hispanic White,current,prediabetes,1,0,obese,0,0,4.83
40,male,Non-Hispanic White,current,prediabetes,1,1,normal,0,0,8.06
40,male,Non-Hispanic White,current,prediabetes,1,1,underweight,0,0,13.52
40,male,Non-Hispanic White,current,prediabetes,1,1,overweight,0,0,6.84
40,male,Non-Hispanic White,current,prediabetes,1,1,obese,0,0,7.7
40,male,Non-Hispanic White,current,undiagnosed diabetes,0,0,normal,0,0,5.59
40,male,Non-Hispanic White,current,undiagnosed diabetes,0,0,underweight,0,0,9.46
40,male,Non-Hispanic White,current,undiagnosed diabetes,0,0,overweight,0,0,4.73
40,male,Non-Hispanic White,current,undiagnosed diabetes,0,0,obese,0,0,5.33
40,male,Non-Hispanic White,current,undiagnosed diabetes,0,1,normal,0,0,8.89
40,male,Non-Hispanic White,current,undiagnosed diabetes,0,1,underweight,0,0,14.86
40,male,Non-Hispanic White,current,undiagnosed diabetes,0,1,overweight,0,0,7.55
40,male,Non-Hispanic White,current,undiagnosed diabetes,0,1,obese,0,0,8.5
40,male,Non-Hispanic White,current,undiagnosed diabetes,1,0,normal,0,0,6.91
40,male,Non-Hispanic White,current,undiagnosed diabetes,1,0,underweight,0,0,11.64
40,male,Non-Hispanic White,current,undiagnosed diabetes,1,0,overweight,0,0,5.86
40,male,Non-Hispanic White,current,undiagnosed diabetes,1,0,obese,0,0,6.6
40,male,Non-Hispanic White,current,undiagnosed diabetes,1,1,normal,0,0,10.95
40,male,Non-Hispanic White,current,undiagnosed diabetes,1,1,underweight,0,0,18.16
40,male,Non-Hispanic White,current,undiagnosed diabetes,1,1,overweight,0,0,9.31
40,male,Non-Hispanic White,current,undiagnosed diabetes,1,1,obese,0,0,10.47
40,male,Non-Hispanic White,current,diagnosed diabetes,0,0,normal,0,0,6.2
40,male,Non-Hispanic White,current,diagnosed diabetes,0,0,underweight,0,0,10.47
40,male,Non-Hispanic White,current,diagnosed diabetes,0,0,overweight,0,0,5.25
40,male,Non-Hispanic White,current,diagnosed diabetes,0,0,obese,0,0,5.92
40,male,Non-Hispanic White,current,diagnosed diabetes,0,1,normal,0,0,9.85
40,male,Non-Hispanic White,current,diagnosed diabetes,0,1,underweight,0,0,16.4
40,male,Non-Hispanic White,current,diagnosed diabetes,0,1,overweight,0,0,8.37
40,male,Non-Hispanic White,current,diagnosed diabetes,0,1,obese,0,0,9.41
40,male,Non-Hispanic White,current,diagnosed diabetes,1,0,normal,0,0,7.66
40,male,Non-Hispanic White,current,diagnosed diabetes,1,0,underweight,0,0,12.86
40,male,Non-Hispanic White,current,diagnosed diabetes,1,0,overweight,0,0,6.5
40,male,Non-Hispanic White,current,diagnosed diabetes,1,0,obese,0,0,7.32
40,male,Non-Hispanic White,current,diagnosed diabetes,1,1,normal,0,0,12.11
40,male,Non-Hispanic White,current,diagnosed diabetes,1,1,underweight,0,0,19.99
40,male,Non-Hispanic White,current,diagnosed diabetes,1,1,overweight,0,0,10.31
40,male,Non-Hispanic White,current,diagnosed diabetes,1,1,obese,0,0,11.58
40,male,Non-Hispanic Black,never,normal,0,0,normal,0,0,1.75
40,male,Non-Hispanic Black,never,normal,0,0,underweight,0,0,3.01
40,male,Non-Hispanic Black,never,normal,0,0,overweight,0,0,1.48
40,male,Non-Hispanic Black,never,normal,0,0,obese,0,0,1.67
40,male,Non-Hispanic Black,never,normal,0,1,normal,0,0,2.82
40,male,Non-Hispanic Black,never,normal,0,1,underweight,0,0,4.82
40,male,Non-Hispanic Black,never,normal,0,1,overweight,0,0,2.38
40,male,Non-Hispanic Black,never,normal,0,1,obese,0,0,2.69
40,male,Non-Hispanic Black,never,normal,1,0,normal,0,0,2.18
40,male,Non-Hispanic Black,never,normal,1,0,underweight,0,0,3.73
40,male,Non-Hispanic Black,never,normal,1,0,overweight,0,0,1.84
40,male,Non-Hispanic Black,never,normal,1,0,obese,0,0,2.08
40,male,Non-Hispanic Black,never,normal,1,1,normal,0,0,3.5
40,male,Non-Hispanic Black,never,normal,1,1,underweight,0,0,5.97
40,male,Non-Hispanic Black,never,normal,1,1,overweight,0,0,2.96
40,male,Non-Hispanic Black,never,normal,1,1,obese,0,0,3.34
40,male,Non-Hispanic Black,never,prediabetes,0,0,normal,0,0,1.75
40,male,Non-Hispanic Black,never,prediabetes,0,0,underweight,0,0,3.01
40,male,Non-Hispanic Black,never,prediabetes,0,0,overweight,0,0,1.48
40,male,Non-Hispanic Black,never,prediabetes,0,0,obese,0,0,1.67
40,male,Non-Hispanic Black,never,prediabetes,0,1,normal,0,0,2.82
40,male,Non-Hispanic Black,never,prediabetes,0,1,underweight,0,0,4.83
40,male,Non-Hispanic Black,never,prediabetes,0,1,overweight,0,0,2.38
40,male,Non-Hispanic Black,never,prediabetes,0,1,obese,0,0,2.69
40,male,Non-Hispanic Black,never,prediabetes,1,0,normal,0,0,2.18
40,male,Non-Hispanic Black,never,prediabetes,1,0,underweight,0,0,3.73
40,male,Non-Hispanic Black,never,prediabetes,1,0,overweight,0,0,1.84
40,male,Non-Hispanic Black,never,prediabetes,1,0,obese,0,0,2.08
40,male,Non-Hispanic Black,never,prediabetes,1,1,normal,0,0,3.5
40,male,Non-Hispanic Black,never,prediabetes,1,1,underweight,0,0,5.97
40,male,Non-Hispanic Black,never,prediabetes,1,1,overweight,0,0,2.96
40,male,Non-Hispanic Black,never,prediabetes,1,1,obese,0,0,3.34
40,male,Non-Hispanic Black,never,undiagnosed diabetes,0,0,normal,0,0,2.41
40,male,Non-Hispanic Black,never,undiagnosed diabetes,0,0,underweight,0,0,4.13
40,male,Non-Hispanic Black,never,undiagnosed diabetes,0,0,overweight,0,0,2.03
40,male,Non-Hispanic Black,never,undiagnosed diabetes,0,0,obese,0,0,2.3
40,male,Non-Hispanic Black,never,undiagnosed diabetes,0,1,normal,0,0,3.87
40,male,Non-Hispanic Black,never,undiagnosed diabetes,0,1,underweight,0,0,6.6
40,male,Non-Hispanic Black,never,undiagnosed diabetes,0,1,overweight,0,0,3.27
40,male,Non-Hispanic Black,never,undiagnosed diabetes,0,1,obese,0,0,3.7
40,male,Non-Hispanic Black,never,undiagnosed diabetes,1,0,normal,0,0,2.99
40,male,Non-Hispanic Black,never,undiagnosed diabetes,1,0,underweight,0,0,5.11
40,male,Non-Hispanic Black,never,undiagnosed diabetes,1,0,overweight,0,0,2.53
40,male,Non-Hispanic Black,never,undiagnosed diabetes,1,0,obese,0,0,2.85
40,male,Non-Hispanic Black,never,undiagnosed diabetes,1,1,normal,0,0,4.8
40,male,Non-Hispanic Black,never,undiagnosed diabetes,1,1,underweight,0,0,8.14
40,male,Non-Hispanic Black,never,undiagnosed diabetes,1,1,overweight,0,0,4.06
40,male,Non-Hispanic Black,never,undiagnosed diabetes,1,1,obese,0,0,4.58
40,male,Non-Hispanic Black,never,diagnosed diabetes,0,0,normal,0,0,2.68
40,male,Non-Hispanic Black,never,diagnosed diabetes,0,0,underweight,0,0,4.58
40,male,Non-Hispanic Black,never,diagnosed diabetes,0,0,overweight,0,0,2.26
40,male,Non-Hispanic Black,never,diagnosed diabetes,0,0,obese,0,0,2.55
40,male,Non-Hispanic Black,never,diagnosed diabetes,0,1,normal,0,0,4.3
40,male,Non-Hispanic Black,never,diagnosed diabetes,0,1,underweight,0,0,7.31
40,male,Non-Hispanic Black,never,diagnosed diabetes,0,1,overweight,0,0,3.64
40,male,Non-Hispanic Black,never,diagnosed diabetes,0,1,obese,0,0,4.11
40,male,Non-Hispanic Black,never,diagnosed diabetes,1,0,normal,0,0,3.32
40,male,Non-Hispanic Black,never,diagnosed diabetes,1,0,underweight,0,0,5.67
40,male,Non-Hispanic Black,never,diagnosed diabetes,1,0,overweight,0,0,2.81
40,male,Non-Hispanic Black,never,diagnosed diabetes,1,0,obese,0,0,3.17
40,male,Non-Hispanic Black,never,diagnosed diabetes,1,1,normal,0,0,5.33
40,male,Non-Hispanic Black,never,diagnosed diabetes,1,1,underweight,0,0,9.02
40,male,Non-Hispanic Black,never,diagnosed diabetes,1,1,overweight,0,0,4.51
40,male,Non-Hispanic Black,never,diagnosed diabetes,1,1,obese,0,0,5.09
40,male,Non-Hispanic Black,former,normal,0,0,normal,0,0,2.15
40,male,Non-Hispanic Black,former,normal,0,0,underweight,0,0,3.68
40,male,Non-Hispanic Black,former,normal,0,0,overweight,0,0,1.81
40,male,Non-Hispanic Black,former,normal,0,0,obese,0,0,2.05
40,male,Non-Hispanic Black,former,normal,0,1,normal,0,0,3.46
40,male,Non-Hispanic Black,former,normal,0,1,underweight,0,0,5.9
40,male,Non-Hispanic Black,former,normal,0,1,overweight,0,0,2.92
40,male,Non-Hispanic Black,former,normal,0,1,obese,0,0,3.3
40,male,Non-Hispanic Black,former,normal,1,0,normal,0,0,2.67
40,male,Non-Hispanic Black,former,normal,1,0,underweight,0,0,4.56
40,male,Non-Hispanic Black,former,normal,1,0,overweight,0,0,2.25
40,male,Non-Hispanic Black,former,normal,1,0,obese,0,0,2.54
40,male,Non-Hispanic Black,former,normal,1,1,normal,0,0,4.28
40,male,Non-Hispanic Black,former,normal,1,1,underweight,0,0,7.29
40,male,Non-Hispanic Black,former,normal,1,1,overweight,0,0,3.62
40,male,Non-Hispanic Black,former,normal,1,1,obese,0,0,4.09
40,male,Non-Hispanic Black,former,prediabetes,0,0,normal,0,0,2.15
40,male,Non-Hispanic Black,former,prediabetes,0,0,underweight,0,0,3.68
40,male,Non-Hispanic Black,former,prediabetes,0,0,overweight,0,0,1.82
40,male,Non-Hispanic Black,former,prediabetes,0,0,obese,0,0,2.05
40,male,Non-Hispanic Black,former,prediabetes,0,1,normal,0,0,3.46
40,male,Non-Hispanic Black,former,prediabetes,0,1,underweight,0,0,5.9
40,male,Non-Hispanic Black,former,prediabetes,0,1,overweight,0,0,2.92
40,male,Non-Hispanic Black,former,prediabetes,0,1,obese,0,0,3.3
40,male,Non-Hispanic Black,former,prediabetes,1,0,normal,0,0,2.67
40,male,Non-Hispanic Black,former,prediabetes,1,0,underweight,0,0,4.57
40,male,Non-Hispanic Black,former,prediabetes,1,0,overweight,0,0,2.25
40,male,Non-Hispanic Black,former,prediabetes,1,0,obese,0,0,2.55
40,male,Non-Hispanic Black,former,prediabetes,1,1,normal,0,0,4.29
40,male,Non-Hispanic Black,former,prediabetes,1,1,underweight,0,0,7.29
40,male,Non-Hispanic Black,former,prediabetes,1,1,overweight,0,0,3.63
40,male,Non-Hispanic Black,former,prediabetes,1,1,obese,0,0,4.09
40,male,Non-Hispanic Black,former,undiagnosed diabetes,0,0,normal,0,0,2.95
40,male,Non-Hispanic Black,former,undiagnosed diabetes,0,0,underweight,0,0,5.05
40,male,Non-Hispanic Black,former,undiagnosed diabetes,0,0,overweight,0,0,2.49
40,male,Non-Hispanic Black,former,undiagnosed diabetes,0,0,obese,0,0,2.82
40,male,Non-Hispanic Black,former,undiagnosed diabetes,0,1,normal,0,0,4.74
40,male,Non-Hispanic Black,former,undiagnosed diabetes,0,1,underweight,0,0,8.04
40,male,Non-Hispanic Black,former,undiagnosed diabetes,0,1,overweight,0,0,4.01
40,male,Non-Hispanic Black,former,undiagnosed diabetes,0,1,obese,0,0,4.52
40,male,Non-Hispanic Black,former,undiagnosed diabetes,1,0,normal,0,0,3.66
40,male,Non-Hispanic Black,former,undiagnosed diabetes,1,0,underweight,0,0,6.24
40,male,Non-Hispanic Black,former,undiagnosed diabetes,1,0,overweight,0,0,3.1
40,male,Non-Hispanic Black,former,undiagnosed diabetes,1,0,obese,0,0,3.5
40,male,Non-Hispanic Black,former,undiagnosed diabetes,1,1,normal,0,0,5.86
40,male,Non-Hispanic Black,former,undiagnosed diabetes,1,1,underweight,0,0,9.92
40,male,Non-Hispanic Black,former,undiagnosed diabetes,1,1,overweight,0,0,4.97
40,male,Non-Hispanic Black,former,undiagnosed diabetes,1,1,obese,0,0,5.6
40,male,Non-Hispanic Black,former,diagnosed diabetes,0,0,normal,0,0,3.28
40,male,Non-Hispanic Black,former,diagnosed diabetes,0,0,underweight,0,0,5.6
40,male,Non-Hispanic Black,former,diagnosed diabetes,0,0,overweight,0,0,2.77
40,male,Non-Hispanic Black,former,diagnosed diabetes,0,0,obese,0,0,3.13
40,male,Non-Hispanic Black,former,diagnosed diabetes,0,1,normal,0,0,5.26
40,male,Non-Hispanic Black,former,diagnosed diabetes,0,1,underweight,0,0,8.91
40,male,Non-Hispanic Black,former,diagnosed diabetes,0,1,overweight,0,0,4.45
40,male,Non-Hispanic Black,former,diagnosed diabetes,0,1,obese,0,0,5.02
40,male,Non-Hispanic Black,former,diagnosed diabetes,1,0,normal,0,0,4.07
40,male,Non-Hispanic Black,former,diagnosed diabetes,1,0,underweight,0,0,6.93
40,male,Non-Hispanic Black,former,diagnosed diabetes,1,0,overweight,0,0,3.44
40,male,Non-Hispanic Black,former,diagnosed diabetes,1,0,obese,0,0,3.88
40,male,Non-Hispanic Black,former,diagnosed diabetes,1,1,normal,0,0,6.51
40,male,Non-Hispanic Black,former,diagnosed diabetes,1,1,underweight,0,0,10.97
40,male,Non-Hispanic Black,former,diagnosed diabetes,1,1,overweight,0,0,5.51
40,male,Non-Hispanic Black,former,diagnosed diabetes,1,1,obese,0,0,6.21
40,male,Non-Hispanic Black,current,normal,0,0,normal,0,0,4.43
40,male,Non-Hispanic Black,current,normal,0,0,underweight,0,0,7.53
40,male,Non-Hispanic Black,current,normal,0,0,overweight,0,0,3.75
40,male,Non-Hispanic Black,current,normal,0,0,obese,0,0,4.23
40,male,Non-Hispanic Black,current,normal,0,1,normal,0,0,7.07
40,male,Non-Hispanic Black,current,normal,0,1,underweight,0,0,11.91
40,male,Non-Hispanic Black,current,normal,0,1,overweight,0,0,6
40,male,Non-Hispanic Black,current,normal,0,1,obese,0,0,6.76
40,male,Non-Hispanic Black,current,normal,1,0,normal,0,0,5.48
40,male,Non-Hispanic Black,current,normal,1,0,underweight,0,0,9.28
40,male,Non-Hispanic Black,current,normal,1,0,overweight,0,0,4.64
40,male,Non-Hispanic Black,current,normal,1,0,obese,0,0,5.23
40,male,Non-Hispanic Black,current,normal,1,1,normal,0,0,8.73
40,male,Non-Hispanic Black,current,normal,1,1,underweight,0,0,14.6
40,male,Non-Hispanic Black,current,normal,1,1,overweight,0,0,7.41
40,male,Non-Hispanic Black,current,normal,1,1,obese,0,0,8.34
40,male,Non-Hispanic Black,current,prediabetes,0,0,normal,0,0,4.43
40,male,Non-Hispanic Black,current,prediabetes,0,0,underweight,0,0,7.53
40,male,Non-Hispanic Black,current,prediabetes,0,0,overweight,0,0,3.75
40,male,Non-Hispanic Black,current,prediabetes,0,0,obese,0,0,4.23
40,male,Non-Hispanic Black,current,prediabetes,0,1,normal,0,0,7.08
40,male,Non-Hispanic Black,current,prediabetes,0,1,underweight,0,0,11.91
40,male,Non-Hispanic Black,current,prediabetes,0,1,overweight,0,0,6
40,male,Non-Hispanic Black,current,prediabetes,0,1,obese,0,0,6.76
40,male,Non-Hispanic Black,current,prediabetes,1,0,normal,0,0,5.49
40,male,Non-Hispanic Black,current,prediabetes,1,0,underweight,0,0,9.29
40,male,Non-Hispanic Black,current,prediabetes,1,0,overweight,0,0,4.65
40,male,Non-Hispanic Black,current,prediabetes,1,0,obese,0,0,5.24
40,male,Non-Hispanic Black,current,prediabetes,1,1,normal,0,0,8.74
40,male,Non-Hispanic Black,current,prediabetes,1,1,underweight,0,0,14.61
40,male,Non-Hispanic Black,current,prediabetes,1,1,overweight,0,0,7.42
40,male,Non-Hispanic Black,current,prediabetes,1,1,obese,0,0,8.35
40,male,Non-Hispanic Black,current,undiagnosed diabetes,0,0,normal,0,0,6.06
40,male,Non-Hispanic Black,current,undiagnosed diabetes,0,0,underweight,0,0,10.24
40,male,Non-Hispanic Black,current,undiagnosed diabetes,0,0,overweight,0,0,5.13
40,male,Non-Hispanic Black,current,undiagnosed diabetes,0,0,obese,0,0,5.79
40,male,Non-Hispanic Black,current,undiagnosed diabetes,0,1,normal,0,0,9.63
40,male,Non-Hispanic Black,current,undiagnosed diabetes,0,1,underweight,0,0,16.05
40,male,Non-Hispanic Black,current,undiagnosed diabetes,0,1,overweight,0,0,8.18
40,male,Non-Hispanic Black,current,undiagnosed diabetes,0,1,obese,0,0,9.2
40,male,Non-Hispanic Black,current,undiagnosed diabetes,1,0,normal,0,0,7.49
40,male,Non-Hispanic Black,current,undiagnosed diabetes,1,0,underweight,0,0,12.58
40,male,Non-Hispanic Black,current,undiagnosed diabetes,1,0,overweight,0,0,6.35
40,male,Non-Hispanic Black,current,undiagnosed diabetes,1,0,obese,0,0,7.15
40,male,Non-Hispanic Black,current,undiagnosed diabetes,1,1,normal,0,0,11.85
40,male,Non-Hispanic Black,current,undiagnosed diabetes,1,1,underweight,0,0,19.57
40,male,Non-Hispanic Black,current,undiagnosed diabetes,1,1,overweight,0,0,10.08
40,male,Non-Hispanic Black,current,undiagnosed diabetes,1,1,obese,0,0,11.33
40,male,Non-Hispanic Black,current,diagnosed diabetes,0,0,normal,0,0,6.72
40,male,Non-Hispanic Black,current,diagnosed diabetes,0,0,underweight,0,0,11.33
40,male,Non-Hispanic Black,current,diagnosed diabetes,0,0,overweight,0,0,5.7
40,male,Non-Hispanic Black,current,diagnosed diabetes,0,0,obese,0,0,6.42
40,male,Non-Hispanic Black,current,diagnosed diabetes,0,1,normal,0,0,10.66
40,male,Non-Hispanic Black,current,diagnosed diabetes,0,1,underweight,0,0,17.7
40,male,Non-Hispanic Black,current,diagnosed diabetes,0,1,overweight,0,0,9.06
40,male,Non-Hispanic Black,current,diagnosed diabetes,0,1,obese,0,0,10.19
40,male,Non-Hispanic Black,current,diagnosed diabetes,1,0,normal,0,0,8.3
40,male,Non-Hispanic Black,current,diagnosed diabetes,1,0,underweight,0,0,13.9
40,male,Non-Hispanic Black,current,diagnosed diabetes,1,0,overweight,0,0,7.04
40,male,Non-Hispanic Black,current,diagnosed diabetes,1,0,obese,0,0,7.93
40,male,Non-Hispanic Black,current,diagnosed diabetes,1,1,normal,0,0,13.1
40,male,Non-Hispanic Black,current,diagnosed diabetes,1,1,underweight,0,0,21.53
40,male,Non-Hispanic Black,current,diagnosed diabetes,1,1,overweight,0,0,11.16
40,male,Non-Hispanic Black,current,diagnosed diabetes,1,1,obese,0,0,12.52
40,male,Mexican American,never,normal,0,0,normal,0,0,1.37
40,male,Mexican American,never,normal,0,0,underweight,0,0,2.35
40,male,Mexican American,never,normal,0,0,overweight,0,0,1.15
40,male,Mexican American,never,normal,0,0,obese,0,0,1.3
40,male,Mexican American,never,normal,0,1,normal,0,0,2.21
40,male,Mexican American,never,normal,0,1,underweight,0,0,3.78
40,male,Mexican American,never,normal,0,1,overweight,0,0,1.86
40,male,Mexican American,never,normal,0,1,obese,0,0,2.1
40,male,Mexican American,never,normal,1,0,normal,0,0,1.7
40,male,Mexican American,never,normal,1,0,underweight,0,0,2.92
40,male,Mexican American,never,normal,1,0,overweight,0,0,1.43
40,male,Mexican American,never,normal,1,0,obese,0,0,1.62
40,male,Mexican American,never,normal,1,1,normal,0,0,2.74
40,male,Mexican American,never,normal,1,1,underweight,0,0,4.68
40,male,Mexican American,never,normal,1,1,overweight,0,0,2.31
40,male,Mexican American,never,normal,1,1,obese,0,0,2.61
40,male,Mexican American,never,prediabetes,0,0,normal,0,0,1.37
40,male,Mexican American,never,prediabetes,0,0,underweight,0,0,2.35
40,male,Mexican American,never,prediabetes,0,0,overweight,0,0,1.15
40,male,Mexican American,never,prediabetes,0,0,obese,0,0,1.3
40,male,Mexican American,never,prediabetes,0,1,normal,0,0,2.21
40,male,Mexican American,never,prediabetes,0,1,underweight,0,0,3.78
40,male,Mexican American,never,prediabetes,0,1,overweight,0,0,1.86
40,male,Mexican American,never,prediabetes,0,1,obese,0,0,2.1
40,male,Mexican American,never,prediabetes,1,0,normal,0,0,1.7
40,male,Mexican American,never,prediabetes,1,0,underweight,0,0,2.92
40,male,Mexican American,never,prediabetes,1,0,overweight,0,0,1.44
40,male,Mexican American,never,prediabetes,1,0,obese,0,0,1.62
40,male,Mexican American,never,prediabetes,1,1,normal,0,0,2.74
40,male,Mexican American,never,prediabetes,1,1,underweight,0,0,4.69
40,male,Mexican American,never,prediabetes,1,1,overweight,0,0,2.31
40,male,Mexican American,never,prediabetes,1,1,obese,0,0,2.61
40,male,Mexican American,never,undiagnosed diabetes,0,0,normal,0,0,1.88
40,male,Mexican American,never,undiagnosed diabetes,0,0,underweight,0,0,3.23
40,male,Mexican American,never,undiagnosed diabetes,0,0,overweight,0,0,1.59
40,male,Mexican American,never,undiagnosed diabetes,0,0,obese,0,0,1.8
40,male,Mexican American,never,undiagnosed diabetes,0,1,normal,0,0,3.03
40,male,Mexican American,never,undiagnosed diabetes,0,1,underweight,0,0,5.18
40,male,Mexican American,never,undiagnosed diabetes,0,1,overweight,0,0,2.56
40,male,Mexican American,never,undiagnosed diabetes,0,1,obese,0,0,2.89
40,male,Mexican American,never,undiagnosed diabetes,1,0,normal,0,0,2.34
40,male,Mexican American,never,undiagnosed diabetes,1,0,underweight,0,0,4
40,male,Mexican American,never,undiagnosed diabetes,1,0,overweight,0,0,1.97
40,male,Mexican American,never,undiagnosed diabetes,1,0,obese,0,0,2.23
40,male,Mexican American,never,undiagnosed diabetes,1,1,normal,0,0,3.76
40,male,Mexican American,never,undiagnosed diabetes,1,1,underweight,0,0,6.41
40,male,Mexican American,never,undiagnosed diabetes,1,1,overweight,0,0,3.18
40,male,Mexican American,never,undiagnosed diabetes,1,1,obese,0,0,3.59
40,male,Mexican American,never,diagnosed diabetes,0,0,normal,0,0,2.09
40,male,Mexican American,never,diagnosed diabetes,0,0,underweight,0,0,3.59
40,male,Mexican American,never,diagnosed diabetes,0,0,overweight,0,0,1.77
40,male,Mexican American,never,diagnosed diabetes,0,0,obese,0,0,2
40,male,Mexican American,never,diagnosed diabetes,0,1,normal,0,0,3.37
40,male,Mexican American,never,diagnosed diabetes,0,1,underweight,0,0,5.75
40,male,Mexican American,never,diagnosed diabetes,0,1,overweight,0,0,2.85
40,male,Mexican American,never,diagnosed diabetes,0,1,obese,0,0,3.21
40,male,Mexican American,never,diagnosed diabetes,1,0,normal,0,0,2.6
40,male,Mexican American,never,diagnosed diabetes,1,0,underweight,0,0,4.45
40,male,Mexican American,never,diagnosed diabetes,1,0,overweight,0,0,2.2
40,male,Mexican American,never,diagnosed diabetes,1,0,obese,0,0,2.48
40,male,Mexican American,never,diagnosed diabetes,1,1,normal,0,0,4.18
40,male,Mexican American,never,diagnosed diabetes,1,1,underweight,0,0,7.1
40,male,Mexican American,never,diagnosed diabetes,1,1,overweight,0,0,3.53
40,male,Mexican American,never,diagnosed diabetes,1,1,obese,0,0,3.99
40,male,Mexican American,former,normal,0,0,normal,0,0,1.68
40,male,Mexican American,former,normal,0,0,underweight,0,0,2.88
40,male,Mexican American,former,normal,0,0,overweight,0,0,1.42
40,male,Mexican American,former,normal,0,0,obese,0,0,1.6
40,male,Mexican American,former,normal,0,1,normal,0,0,2.7
40,male,Mexican American,former,normal,0,1,underweight,0,0,4.62
40,male,Mexican American,former,normal,0,1,overweight,0,0,2.28
40,male,Mexican American,former,normal,0,1,obese,0,0,2.58
40,male,Mexican American,former,normal,1,0,normal,0,0,2.08
40,male,Mexican American,former,normal,1,0,underweight,0,0,3.57
40,male,Mexican American,former,normal,1,0,overweight,0,0,1.76
40,male,Mexican American,former,normal,1,0,obese,0,0,1.99
40,male,Mexican American,former,normal,1,1,normal,0,0,3.35
40,male,Mexican American,former,normal,1,1,underweight,0,0,5.72
40,male,Mexican American,former,normal,1,1,overweight,0,0,2.84
40,male,Mexican American,former,normal,1,1,obese,0,0,3.2
40,male,Mexican American,former,prediabetes,0,0,normal,0,0,1.68
40,male,Mexican American,former,prediabetes,0,0,underweight,0,0,2.88
40,male,Mexican American,former,prediabetes,0,0,overweight,0,0,1.42
40,male,Mexican American,former,prediabetes,0,0,obese,0,0,1.6
40,male,Mexican American,former,prediabetes,0,1,normal,0,0,2.71
40,male,Mexican American,former,prediabetes,0,1,underweight,0,0,4.63
40,male,Mexican American,former,prediabetes,0,1,overweight,0,0,2.29
40,male,Mexican American,former,prediabetes,0,1,obese,0,0,2.58
40,male,Mexican American,former,prediabetes,1,0,normal,0,0,2.09
40,male,Mexican American,former,prediabetes,1,0,underweight,0,0,3.58
40,male,Mexican American,former,prediabetes,1,0,overweight,0,0,1.76
40,male,Mexican American,former,prediabetes,1,0,obese,0,0,1.99
40,male,Mexican American,former,prediabetes,1,1,normal,0,0,3.36
40,male,Mexican American,former,prediabetes,1,1,underweight,0,0,5.73
40,male,Mexican American,former,prediabetes,1,1,overweight,0,0,2.84
40,male,Mexican American,former,prediabetes,1,1,obese,0,0,3.2
40,male,Mexican American,former,undiagnosed diabetes,0,0,normal,0,0,2.31
40,male,Mexican American,former,undiagnosed diabetes,0,0,underweight,0,0,3.95
40,male,Mexican American,former,undiagnosed diabetes,0,0,overweight,0,0,1.95
40,male,Mexican American,former,undiagnosed diabetes,0,0,obese,0,0,2.2
40,male,Mexican American,former,undiagnosed diabetes,0,1,normal,0,0,3.71
40,male,Mexican American,former,undiagnosed diabetes,0,1,underweight,0,0,6.33
40,male,Mexican American,former,undiagnosed diabetes,0,1,overweight,0,0,3.14
40,male,Mexican American,former,undiagnosed diabetes,0,1,obese,0,0,3.54
40,male,Mexican American,former,undiagnosed diabetes,1,0,normal,0,0,2.87
40,male,Mexican American,former,undiagnosed diabetes,1,0,underweight,0,0,4.9
40,male,Mexican American,former,undiagnosed diabetes,1,0,overweight,0,0,2.42
40,male,Mexican American,former,undiagnosed diabetes,1,0,obese,0,0,2.73
40,male,Mexican American,former,undiagnosed diabetes,1,1,normal,0,0,4.6
40,male,Mexican American,former,undiagnosed diabetes,1,1,underweight,0,0,7.81
40,male,Mexican American,former,undiagnosed diabetes,1,1,overweight,0,0,3.89
40,male,Mexican American,former,undiagnosed diabetes,1,1,obese,0,0,4.39
40,male,Mexican American,former,diagnosed diabetes,0,0,normal,0,0,2.57
40,male,Mexican American,former,diagnosed diabetes,0,0,underweight,0,0,4.39
40,male,Mexican American,former,diagnosed diabetes,0,0,overweight,0,0,2.17
40,male,Mexican American,former,diagnosed diabetes,0,0,obese,0,0,2.45
40,male,Mexican American,former,diagnosed diabetes,0,1,normal,0,0,4.12
40,male,Mexican American,former,diagnosed diabetes,0,1,underweight,0,0,7.02
40,male,Mexican American,former,diagnosed diabetes,0,1,overweight,0,0,3.49
40,male,Mexican American,former,diagnosed diabetes,0,1,obese,0,0,3.94
40,male,Mexican American,former,diagnosed diabetes,1,0,normal,0,0,3.19
40,male,Mexican American,former,diagnosed diabetes,1,0,underweight,0,0,5.44
40,male,Mexican American,former,diagnosed diabetes,1,0,overweight,0,0,2.69
40,male,Mexican American,former,diagnosed diabetes,1,0,obese,0,0,3.04
40,male,Mexican American,former,diagnosed diabetes,1,1,normal,0,0,5.11
40,male,Mexican American,former,diagnosed diabetes,1,1,underweight,0,0,8.66
40,male,Mexican American,former,diagnosed diabetes,1,1,overweight,0,0,4.32
40,male,Mexican American,former,diagnosed diabetes,1,1,obese,0,0,4.88
40,male,Mexican American,current,normal,0,0,normal,0,0,3.47
40,male,Mexican American,current,normal,0,0,underweight,0,0,5.92
40,male,Mexican American,current,normal,0,0,overweight,0,0,2.93
40,male,Mexican American,current,normal,0,0,obese,0,0,3.31
40,male,Mexican American,current,normal,0,1,normal,0,0,5.56
40,male,Mexican American,current,normal,0,1,underweight,0,0,9.41
40,male,Mexican American,current,normal,0,1,overweight,0,0,4.7
40,male,Mexican American,current,normal,0,1,obese,0,0,5.3
40,male,Mexican American,current,normal,1,0,normal,0,0,4.3
40,male,Mexican American,current,normal,1,0,underweight,0,0,7.31
40,male,Mexican American,current,normal,1,0,overweight,0,0,3.64
40,male,Mexican American,current,normal,1,0,obese,0,0,4.1
40,male,Mexican American,current,normal,1,1,normal,0,0,6.87
40,male,Mexican American,current,normal,1,1,underweight,0,0,11.57
40,male,Mexican American,current,normal,1,1,overweight,0,0,5.82
40,male,Mexican American,current,normal,1,1,obese,0,0,6.56
40,male,Mexican American,current,prediabetes,0,0,normal,0,0,3.47
40,male,Mexican American,current,prediabetes,0,0,underweight,0,0,5.92
40,male,Mexican American,current,prediabetes,0,0,overweight,0,0,2.93
40,male,Mexican American,current,prediabetes,0,0,obese,0,0,3.31
40,male,Mexican American,current,prediabetes,0,1,normal,0,0,5.56
40,male,Mexican American,current,prediabetes,0,1,underweight,0,0,9.41
40,male,Mexican American,current,prediabetes,0,1,overweight,0,0,4.71
40,male,Mexican American,current,prediabetes,0,1,obese,0,0,5.31
40,male,Mexican American,current,prediabetes,1,0,normal,0,0,4.3
40,male,Mexican American,current,prediabetes,1,0,underweight,0,0,7.32
40,male,Mexican American,current,prediabetes,1,0,overweight,0,0,3.64
40,male,Mexican American,current,prediabetes,1,0,obese,0,0,4.11
40,male,Mexican American,current,prediabetes,1,1,normal,0,0,6.88
40,male,Mexican American,current,prediabetes,1,1,underweight,0,0,11.58
40,male,Mexican American,current,prediabetes,1,1,overweight,0,0,5.83
40,male,Mexican American,current,prediabetes,1,1,obese,0,0,6.57
40,male,Mexican American,current,undiagnosed diabetes,0,0,normal,0,0,4.75
40,male,Mexican American,current,undiagnosed diabetes,0,0,underweight,0,0,8.07
40,male,Mexican American,current,undiagnosed diabetes,0,0,overweight,0,0,4.02
40,male,Mexican American,current,undiagnosed diabetes,0,0,obese,0,0,4.54
40,male,Mexican American,current,undiagnosed diabetes,0,1,normal,0,0,7.59
40,male,Mexican American,current,undiagnosed diabetes,0,1,underweight,0,0,12.74
40,male,Mexican American,current,undiagnosed diabetes,0,1,overweight,0,0,6.43
40,male,Mexican American,current,undiagnosed diabetes,0,1,obese,0,0,7.25
40,male,Mexican American,current,undiagnosed diabetes,1,0,normal,0,0,5.89
40,male,Mexican American,current,undiagnosed diabetes,1,0,underweight,0,0,9.95
40,male,Mexican American,current,undiagnosed diabetes,1,0,overweight,0,0,4.98
40,male,Mexican American,current,undiagnosed diabetes,1,0,obese,0,0,5.62
40,male,Mexican American,current,undiagnosed diabetes,1,1,normal,0,0,9.36
40,male,Mexican American,current,undiagnosed diabetes,1,1,underweight,0,0,15.61
40,male,Mexican American,current,undiagnosed diabetes,1,1,overweight,0,0,7.95
40,male,Mexican American,current,undiagnosed diabetes,1,1,obese,0,0,8.94
40,male,Mexican American,current,diagnosed diabetes,0,0,normal,0,0,5.28
40,male,Mexican American,current,diagnosed diabetes,0,0,underweight,0,0,8.94
40,male,Mexican American,current,diagnosed diabetes,0,0,overweight,0,0,4.47
40,male,Mexican American,current,diagnosed diabetes,0,0,obese,0,0,5.04
40,male,Mexican American,current,diagnosed diabetes,0,1,normal,0,0,8.41
40,male,Mexican American,current,diagnosed diabetes,0,1,underweight,0,0,14.08
40,male,Mexican American,current,diagnosed diabetes,0,1,overweight,0,0,7.14
40,male,Mexican American,current,diagnosed diabetes,0,1,obese,0,0,8.03
40,male,Mexican American,current,diagnosed diabetes,1,0,normal,0,0,6.53
40,male,Mexican American,current,diagnosed diabetes,1,0,underweight,0,0,11.01
40,male,Mexican American,current,diagnosed diabetes,1,0,overweight,0,0,5.53
40,male,Mexican American,current,diagnosed diabetes,1,0,obese,0,0,6.23
40,male,Mexican American,current,diagnosed diabetes,1,1,normal,0,0,10.36
40,male,Mexican American,current,diagnosed diabetes,1,1,underweight,0,0,17.22
40,male,Mexican American,current,diagnosed diabetes,1,1,overweight,0,0,8.81
40,male,Mexican American,current,diagnosed diabetes,1,1,obese,0,0,9.9
40,male,Other Hispanic,never,normal,0,0,normal,0,0,1.41
40,male,Other Hispanic,never,normal,0,0,underweight,0,0,2.42
40,male,Other Hispanic,never,normal,0,0,overweight,0,0,1.19
40,male,Other Hispanic,never,normal,0,0,obese,0,0,1.34
40,male,Other Hispanic,never,normal,0,1,normal,0,0,2.27
40,male,Other Hispanic,never,normal,0,1,underweight,0,0,3.89
40,male,Other Hispanic,never,normal,0,1,overweight,0,0,1.92
40,male,Other Hispanic,never,normal,0,1,obese,0,0,2.17
40,male,Other Hispanic,never,normal,1,0,normal,0,0,1.75
40,male,Other Hispanic,never,normal,1,0,underweight,0,0,3.01
40,male,Other Hispanic,never,normal,1,0,overweight,0,0,1.48
40,male,Other Hispanic,never,normal,1,0,obese,0,0,1.67
40,male,Other Hispanic,never,normal,1,1,normal,0,0,2.82
40,male,Other Hispanic,never,normal,1,1,underweight,0,0,4.82
40,male,Other Hispanic,never,normal,1,1,overweight,0,0,2.38
40,male,Other Hispanic,never,normal,1,1,obese,0,0,2.69
40,male,Other Hispanic,never,prediabetes,0,0,normal,0,0,1.41
40,male,Other Hispanic,never,prediabetes,0,0,underweight,0,0,2.42
40,male,Other Hispanic,never,prediabetes,0,0,overweight,0,0,1.19
40,male,Other Hispanic,never,prediabetes,0,0,obese,0,0,1.35
40,male,Other Hispanic,never,prediabetes,0,1,normal,0,0,2.27
40,male,Other Hispanic,never,prediabetes,0,1,underweight,0,0,3.9
40,male,Other Hispanic,never,prediabetes,0,1,overweight,0,0,1.92
40,male,Other Hispanic,never,prediabetes,0,1,obese,0,0,2.17
40,male,Other Hispanic,never,prediabetes,1,0,normal,0,0,1.75
40,male,Other Hispanic,never,prediabetes,1,0,underweight,0,0,3.01
40,male,Other Hispanic,never,prediabetes,1,0,overweight,0,0,1.48
40,male,Other Hispanic,never,prediabetes,1,0,obese,0,0,1.67
40,male,Other Hispanic,never,prediabetes,1,1,normal,0,0,2.82
40,male,Other Hispanic,never,prediabetes,1,1,underweight,0,0,4.83
40,male,Other Hispanic,never,prediabetes,1,1,overweight,0,0,2.39
40,male,Other Hispanic,never,prediabetes,1,1,obese,0,0,2.69
40,male,Other Hispanic,never,undiagnosed diabetes,0,0,normal,0,0,1.94
40,male,Other Hispanic,never,undiagnosed diabetes,0,0,underweight,0,0,3.33
40,male,Other Hispanic,never,undiagnosed diabetes,0,0,overweight,0,0,1.64
40,male,Other Hispanic,never,undiagnosed diabetes,0,0,obese,0,0,1.85
40,male,Other Hispanic,never,undiagnosed diabetes,0,1,normal,0,0,3.12
40,male,Other Hispanic,never,undiagnosed diabetes,0,1,underweight,0,0,5.33
40,male,Other Hispanic,never,undiagnosed diabetes,0,1,overweight,0,0,2.64
40,male,Other Hispanic,never,undiagnosed diabetes,0,1,obese,0,0,2.98
40,male,Other Hispanic,never,undiagnosed diabetes,1,0,normal,0,0,2.41
40,male,Other Hispanic,never,undiagnosed diabetes,1,0,underweight,0,0,4.13
40,male,Other Hispanic,never,undiagnosed diabetes,1,0,overweight,0,0,2.03
40,male,Other Hispanic,never,undiagnosed diabetes,1,0,obese,0,0,2.3
40,male,Other Hispanic,never,undiagnosed diabetes,1,1,normal,0,0,3.87
40,male,Other Hispanic,never,undiagnosed diabetes,1,1,underweight,0,0,6.6
40,male,Other Hispanic,never,undiagnosed diabetes,1,1,overweight,0,0,3.28
40,male,Other Hispanic,never,undiagnosed diabetes,1,1,obese,0,0,3.7
40,male,Other Hispanic,never,diagnosed diabetes,0,0,normal,0,0,2.16
40,male,Other Hispanic,never,diagnosed diabetes,0,0,underweight,0,0,3.7
40,male,Other Hispanic,never,diagnosed diabetes,0,0,overweight,0,0,1.82
40,male,Other Hispanic,never,diagnosed diabetes,0,0,obese,0,0,2.06
40,male,Other Hispanic,never,diagnosed diabetes,0,1,normal,0,0,3.47
40,male,Other Hispanic,never,diagnosed diabetes,0,1,underweight,0,0,5.92
40,male,Other Hispanic,never,diagnosed diabetes,0,1,overweight,0,0,2.93
40,male,Other Hispanic,never,diagnosed diabetes,0,1,obese,0,0,3.31
40,male,Other Hispanic,never,diagnosed diabetes,1,0,normal,0,0,2.68
40,male,Other Hispanic,never,diagnosed diabetes,1,0,underweight,0,0,4.58
40,male,Other Hispanic,never,diagnosed diabetes,1,0,overweight,0,0,2.26
40,male,Other Hispanic,never,diagnosed diabetes,1,0,obese,0,0,2.56
40,male,Other Hispanic,never,diagnosed diabetes,1,1,normal,0,0,4.3
40,male,Other Hispanic,never,diagnosed diabetes,1,1,underweight,0,0,7.32
40,male,Other Hispanic,never,diagnosed diabetes,1,1,overweight,0,0,3.64
40,male,Other Hispanic,never,diagnosed diabetes,1,1,obese,0,0,4.11
40,male,Other Hispanic,former,normal,0,0,normal,0,0,1.73
40,male,Other Hispanic,former,normal,0,0,underweight,0,0,2.97
40,male,Other Hispanic,former,normal,0,0,overweight,0,0,1.46
40,male,Other Hispanic,former,normal,0,0,obese,0,0,1.65
40,male,Other Hispanic,former,normal,0,1,normal,0,0,2.79
40,male,Other Hispanic,former,normal,0,1,underweight,0,0,4.76
40,male,Other Hispanic,former,normal,0,1,overweight,0,0,2.35
40,male,Other Hispanic,former,normal,0,1,obese,0,0,2.66
40,male,Other Hispanic,former,normal,1,0,normal,0,0,2.15
40,male,Other Hispanic,former,normal,1,0,underweight,0,0,3.68
40,male,Other Hispanic,former,normal,1,0,overweight,0,0,1.81
40,male,Other Hispanic,former,normal,1,0,obese,0,0,2.05
40,male,Other Hispanic,former,normal,1,1,normal,0,0,3.46
40,male,Other Hispanic,former,normal,1,1,underweight,0,0,5.9
40,male,Other Hispanic,former,normal,1,1,overweight,0,0,2.92
40,male,Other Hispanic,former,normal,1,1,obese,0,0,3.3
40,male,Other Hispanic,former,prediabetes,0,0,normal,0,0,1.73
40,male,Other Hispanic,former,prediabetes,0,0,underweight,0,0,2.97
40,male,Other Hispanic,former,prediabetes,0,0,overweight,0,0,1.46
40,male,Other Hispanic,former,prediabetes,0,0,obese,0,0,1.65
40,male,Other Hispanic,former,prediabetes,0,1,normal,0,0,2.79
40,male,Other Hispanic,former,prediabetes,0,1,underweight,0,0,4.77
40,male,Other Hispanic,former,prediabetes,0,1,overweight,0,0,2.36
40,male,Other Hispanic,former,prediabetes,0,1,obese,0,0,2.66
40,male,Other Hispanic,former,prediabetes,1,0,normal,0,0,2.15
40,male,Other Hispanic,former,prediabetes,1,0,underweight,0,0,3.69
40,male,Other Hispanic,former,prediabetes,1,0,overweight,0,0,1.82
40,male,Other Hispanic,former,prediabetes,1,0,obese,0,0,2.05
40,male,Other Hispanic,former,prediabetes,1,1,normal,0,0,3.46
40,male,Other Hispanic,former,prediabetes,1,1,underweight,0,0,5.9
40,male,Other Hispanic,former,prediabetes,1,1,overweight,0,0,2.92
40,male,Other Hispanic,former,prediabetes,1,1,obese,0,0,3.3
40,male,Other Hispanic,former,undiagnosed diabetes,0,0,normal,0,0,2.38
40,male,Other Hispanic,former,undiagnosed diabetes,0,0,underweight,0,0,4.07
40,male,Other Hispanic,former,undiagnosed diabetes,0,0,overweight,0,0,2.01
40,male,Other Hispanic,former,undiagnosed diabetes,0,0,obese,0,0,2.27
40,male,Other Hispanic,former,undiagnosed diabetes,0,1,normal,0,0,3.82
40,male,Other Hispanic,former,undiagnosed diabetes,0,1,underweight,0,0,6.52
40,male,Other Hispanic,former,undiagnosed diabetes,0,1,overweight,0,0,3.23
40,male,Other Hispanic,former,undiagnosed diabetes,0,1,obese,0,0,3.65
40,male,Other Hispanic,former,undiagnosed diabetes,1,0,normal,0,0,2.95
40,male,Other Hispanic,former,undiagnosed diabetes,1,0,underweight,0,0,5.05
40,male,Other Hispanic,former,undiagnosed diabetes,1,0,overweight,0,0,2.5
40,male,Other Hispanic,former,undiagnosed diabetes,1,0,obese,0,0,2.82
40,male,Other Hispanic,former,undiagnosed diabetes,1,1,normal,0,0,4.74
40,male,Other Hispanic,former,undiagnosed diabetes,1,1,underweight,0,0,8.05
40,male,Other Hispanic,former,undiagnosed diabetes,1,1,overweight,0,0,4.01
40,male,Other Hispanic,former,undiagnosed diabetes,1,1,obese,0,0,4.52
40,male,Other Hispanic,former,diagnosed diabetes,0,0,normal,0,0,2.64
40,male,Other Hispanic,former,diagnosed diabetes,0,0,underweight,0,0,4.53
40,male,Other Hispanic,former,diagnosed diabetes,0,0,overweight,0,0,2.23
40,male,Other Hispanic,former,diagnosed diabetes,0,0,obese,0,0,2.52
40,male,Other Hispanic,former,diagnosed diabetes,0,1,normal,0,0,4.25
40,male,Other Hispanic,former,diagnosed diabetes,0,1,underweight,0,0,7.23
40,male,Other Hispanic,former,diagnosed diabetes,0,1,overweight,0,0,3.59
40,male,Other Hispanic,former,diagnosed diabetes,0,1,obese,0,0,4.05
40,male,Other Hispanic,former,diagnosed diabetes,1,0,normal,0,0,3.28
40,male,Other Hispanic,former,diagnosed diabetes,1,0,underweight,0,0,5.6
40,male,Other Hispanic,former,diagnosed diabetes,1,0,overweight,0,0,2.77
40,male,Other Hispanic,former,diagnosed diabetes,1,0,obese,0,0,3.13
40,male,Other Hispanic,former,diagnosed diabetes,1,1,normal,0,0,5.26
40,male,Other Hispanic,former,diagnosed diabetes,1,1,underweight,0,0,8.92
40,male,Other Hispanic,former,diagnosed diabetes,1,1,overweight,0,0,4.45
40,male,Other Hispanic,former,diagnosed diabetes,1,1,obese,0,0,5.02
40,male,Other Hispanic,current,normal,0,0,normal,0,0,3.57
40,male,Other Hispanic,current,normal,0,0,underweight,0,0,6.09
40,male,Other Hispanic,current,normal,0,0,overweight,0,0,3.02
40,male,Other Hispanic,current,normal,0,0,obese,0,0,3.41
40,male,Other Hispanic,current,normal,0,1,normal,0,0,5.72
40,male,Other Hispanic,current,normal,0,1,underweight,0,0,9.68
40,male,Other Hispanic,current,normal,0,1,overweight,0,0,4.85
40,male,Other Hispanic,current,normal,0,1,obese,0,0,5.46
40,male,Other Hispanic,current,normal,1,0,normal,0,0,4.43
40,male,Other Hispanic,current,normal,1,0,underweight,0,0,7.53
40,male,Other Hispanic,current,normal,1,0,overweight,0,0,3.75
40,male,Other Hispanic,current,normal,1,0,obese,0,0,4.23
40,male,Other Hispanic,current,normal,1,1,normal,0,0,7.08
40,male,Other Hispanic,current,normal,1,1,underweight,0,0,11.91
40,male,Other Hispanic,current,normal,1,1,overweight,0,0,6
40,male,Other Hispanic,current,normal,1,1,obese,0,0,6.76
40,male,Other Hispanic,current,prediabetes,0,0,normal,0,0,3.58
40,male,Other Hispanic,current,prediabetes,0,0,underweight,0,0,6.1
40,male,Other Hispanic,current,prediabetes,0,0,overweight,0,0,3.02
40,male,Other Hispanic,current,prediabetes,0,0,obese,0,0,3.41
40,male,Other Hispanic,current,prediabetes,0,1,normal,0,0,5.73
40,male,Other Hispanic,current,prediabetes,0,1,underweight,0,0,9.69
40,male,Other Hispanic,current,prediabetes,0,1,overweight,0,0,4.85
40,male,Other Hispanic,current,prediabetes,0,1,obese,0,0,5.47
40,male,Other Hispanic,current,prediabetes,1,0,normal,0,0,4.43
40,male,Other Hispanic,current,prediabetes,1,0,underweight,0,0,7.53
40,male,Other Hispanic,current,prediabetes,1,0,overweight,0,0,3.75
40,male,Other Hispanic,current,prediabetes,1,0,obese,0,0,4.23
40,male,Other Hispanic,current,prediabetes,1,1,normal,0,0,7.08
40,male,Other Hispanic,current,prediabetes,1,1,underweight,0,0,11.92
40,male,Other Hispanic,current,prediabetes,1,1,overweight,0,0,6
40,male,Other Hispanic,current,prediabetes,1,1,obese,0,0,6.76
40,male,Other Hispanic,current,undiagnosed diabetes,0,0,normal,0,0,4.9
40,male,Other Hispanic,current,undiagnosed diabetes,0,0,underweight,0,0,8.31
40,male,Other Hispanic,current,undiagnosed diabetes,0,0,overweight,0,0,4.15
40,male,Other Hispanic,current,undiagnosed diabetes,0,0,obese,0,0,4.68
40,male,Other Hispanic,current,undiagnosed diabetes,0,1,normal,0,0,7.81
40,male,Other Hispanic,current,undiagnosed diabetes,0,1,underweight,0,0,13.11
40,male,Other Hispanic,current,undiagnosed diabetes,0,1,overweight,0,0,6.63
40,male,Other Hispanic,current,undiagnosed diabetes,0,1,obese,0,0,7.46
40,male,Other Hispanic,current,undiagnosed diabetes,1,0,normal,0,0,6.06
40,male,Other Hispanic,current,undiagnosed diabetes,1,0,underweight,0,0,10.24
40,male,Other Hispanic,current,undiagnosed diabetes,1,0,overweight,0,0,5.13
40,male,Other Hispanic,current,undiagnosed diabetes,1,0,obese,0,0,5.79
40,male,Other Hispanic,current,undiagnosed diabetes,1,1,normal,0,0,9.63
40,male,Other Hispanic,current,undiagnosed diabetes,1,1,underweight,0,0,16.05
40,male,Other Hispanic,current,undiagnosed diabetes,1,1,overweight,0,0,8.18
40,male,Other Hispanic,current,undiagnosed diabetes,1,1,obese,0,0,9.2
40,male,Other Hispanic,current,diagnosed diabetes,0,0,normal,0,0,5.44
40,male,Other Hispanic,current,diagnosed diabetes,0,0,underweight,0,0,9.21
40,male,Other Hispanic,current,diagnosed diabetes,0,0,overweight,0,0,4.6
40,male,Other Hispanic,current,diagnosed diabetes,0,0,obese,0,0,5.19
40,male,Other Hispanic,current,diagnosed diabetes,0,1,normal,0,0,8.66
40,male,Other Hispanic,current,diagnosed diabetes,0,1,underweight,0,0,14.48
40,male,Other Hispanic,current,diagnosed diabetes,0,1,overweight,0,0,7.35
40,male,Other Hispanic,current,diagnosed diabetes,0,1,obese,0,0,8.27
40,male,Other Hispanic,current,diagnosed diabetes,1,0,normal,0,0,6.72
40,male,Other Hispanic,current,diagnosed diabetes,1,0,underweight,0,0,11.33
40,male,Other Hispanic,current,diagnosed diabetes,1,0,overweight,0,0,5.7
40,male,Other Hispanic,current,diagnosed diabetes,1,0,obese,0,0,6.42
40,male,Other Hispanic,current,diagnosed diabetes,1,1,normal,0,0,10.66
40,male,Other Hispanic,current,diagnosed diabetes,1,1,underweight,0,0,17.7
40,male,Other Hispanic,current,diagnosed diabetes,1,1,overweight,0,0,9.07
40,male,Other Hispanic,current,diagnosed diabetes,1,1,obese,0,0,10.19
40,male,Other/Multiracial,never,normal,0,0,normal,0,0,1.31
40,male,Other/Multiracial,never,normal,0,0,underweight,0,0,2.26
40,male,Other/Multiracial,never,normal,0,0,overweight,0,0,1.11
40,male,Other/Multiracial,never,normal,0,0,obese,0,0,1.25
40,male,Other/Multiracial,never,normal,0,1,normal,0,0,2.12
40,male,Other/Multiracial,never,normal,0,1,underweight,0,0,3.63
40,male,Other/Multiracial,never,normal,0,1,overweight,0,0,1.79
40,male,Other/Multiracial,never,normal,0,1,obese,0,0,2.02
40,male,Other/Multiracial,never,normal,1,0,normal,0,0,1.63
40,male,Other/Multiracial,never,normal,1,0,underweight,0,0,2.81
40,male,Other/Multiracial,never,normal,1,0,overweight,0,0,1.38
40,male,Other/Multiracial,never,normal,1,0,obese,0,0,1.56
40,male,Other/Multiracial,never,normal,1,1,normal,0,0,2.63
40,male,Other/Multiracial,never,normal,1,1,underweight,0,0,4.51
40,male,Other/Multiracial,never,normal,1,1,overweight,0,0,2.22
40,male,Other/Multiracial,never,normal,1,1,obese,0,0,2.51
40,male,Other/Multiracial,never,prediabetes,0,0,normal,0,0,1.32
40,male,Other/Multiracial,never,prediabetes,0,0,underweight,0,0,2.26
40,male,Other/Multiracial,never,prediabetes,0,0,overweight,0,0,1.11
40,male,Other/Multiracial,never,prediabetes,0,0,obese,0,0,1.25
40,male,Other/Multiracial,never,prediabetes,0,1,normal,0,0,2.12
40,male,Other/Multiracial,never,prediabetes,0,1,underweight,0,0,3.64
40,male,Other/Multiracial,never,prediabetes,0,1,overweight,0,0,1.79
40,male,Other/Multiracial,never,prediabetes,0,1,obese,0,0,2.02
40,male,Other/Multiracial,never,prediabetes,1,0,normal,0,0,1.64
40,male,Other/Multiracial,never,prediabetes,1,0,underweight,0,0,2.81
40,male,Other/Multiracial,never,prediabetes,1,0,overweight,0,0,1.38
40,male,Other/Multiracial,never,prediabetes,1,0,obese,0,0,1.56
40,male,Other/Multiracial,never,prediabetes,1,1,normal,0,0,2.63
40,male,Other/Multiracial,never,prediabetes,1,1,underweight,0,0,4.51
40,male,Other/Multiracial,never,prediabetes,1,1,overweight,0,0,2.23
40,male,Other/Multiracial,never,prediabetes,1,1,obese,0,0,2.51
40,male,Other/Multiracial,never,undiagnosed diabetes,0,0,normal,0,0,1.81
40,male,Other/Multiracial,never,undiagnosed diabetes,0,0,underweight,0,0,3.11
40,male,Other/Multiracial,never,undiagnosed diabetes,0,0,overweight,0,0,1.53
40,male,Other/Multiracial,never,undiagnosed diabetes,0,0,obese,0,0,1.73
40,male,Other/Multiracial,never,undiagnosed diabetes,0,1,normal,0,0,2.91
40,male,Other/Multiracial,never,undiagnosed diabetes,0,1,underweight,0,0,4.98
40,male,Other/Multiracial,never,undiagnosed diabetes,0,1,overweight,0,0,2.46
40,male,Other/Multiracial,never,undiagnosed diabetes,0,1,obese,0,0,2.78
40,male,Other/Multiracial,never,undiagnosed diabetes,1,0,normal,0,0,2.25
40,male,Other/Multiracial,never,undiagnosed diabetes,1,0,underweight,0,0,3.85
40,male,Other/Multiracial,never,undiagnosed diabetes,1,0,overweight,0,0,1.9
40,male,Other/Multiracial,never,undiagnosed diabetes,1,0,obese,0,0,2.14
40,male,Other/Multiracial,never,undiagnosed diabetes,1,1,normal,0,0,3.62
40,male,Other/Multiracial,never,undiagnosed diabetes,1,1,underweight,0,0,6.16
40,male,Other/Multiracial,never,undiagnosed diabetes,1,1,overweight,0,0,3.06
40,male,Other/Multiracial,never,undiagnosed diabetes,1,1,obese,0,0,3.45
40,male,Other/Multiracial,never,diagnosed diabetes,0,0,normal,0,0,2.01
40,male,Other/Multiracial,never,diagnosed diabetes,0,0,underweight,0,0,3.45
40,male,Other/Multiracial,never,diagnosed diabetes,0,0,overweight,0,0,1.7
40,male,Other/Multiracial,never,diagnosed diabetes,0,0,obese,0,0,1.92
40,male,Other/Multiracial,never,diagnosed diabetes,0,1,normal,0,0,3.24
40,male,Other/Multiracial,never,diagnosed diabetes,0,1,underweight,0,0,5.53
40,male,Other/Multiracial,never,diagnosed diabetes,0,1,overweight,0,0,2.74
40,male,Other/Multiracial,never,diagnosed diabetes,0,1,obese,0,0,3.09
40,male,Other/Multiracial,never,diagnosed diabetes,1,0,normal,0,0,2.5
40,male,Other/Multiracial,never,diagnosed diabetes,1,0,underweight,0,0,4.28
40,male,Other/Multiracial,never,diagnosed diabetes,1,0,overweight,0,0,2.11
40,male,Other/Multiracial,never,diagnosed diabetes,1,0,obese,0,0,2.38
40,male,Other/Multiracial,never,diagnosed diabetes,1,1,normal,0,0,4.02
40,male,Other/Multiracial,never,diagnosed diabetes,1,1,underweight,0,0,6.84
40,male,Other/Multiracial,never,diagnosed diabetes,1,1,overweight,0,0,3.4
40,male,Other/Multiracial,never,diagnosed diabetes,1,1,obese,0,0,3.83
40,male,Other/Multiracial,former,normal,0,0,normal,0,0,1.61
40,male,Other/Multiracial,former,normal,0,0,underweight,0,0,2.77
40,male,Other/Multiracial,former,normal,0,0,overweight,0,0,1.36
40,male,Other/Multiracial,former,normal,0,0,obese,0,0,1.54
40,male,Other/Multiracial,former,normal,0,1,normal,0,0,2.6
40,male,Other/Multiracial,former,normal,0,1,underweight,0,0,4.45
40,male,Other/Multiracial,former,normal,0,1,overweight,0,0,2.2
40,male,Other/Multiracial,former,normal,0,1,obese,0,0,2.48
40,male,Other/Multiracial,former,normal,1,0,normal,0,0,2
40,male,Other/Multiracial,former,normal,1,0,underweight,0,0,3.44
40,male,Other/Multiracial,former,normal,1,0,overweight,0,0,1.69
40,male,Other/Multiracial,former,normal,1,0,obese,0,0,1.91
40,male,Other/Multiracial,former,normal,1,1,normal,0,0,3.23
40,male,Other/Multiracial,former,normal,1,1,underweight,0,0,5.51
40,male,Other/Multiracial,former,normal,1,1,overweight,0,0,2.73
40,male,Other/Multiracial,former,normal,1,1,obese,0,0,3.08
40,male,Other/Multiracial,former,prediabetes,0,0,normal,0,0,1.61
40,male,Other/Multiracial,former,prediabetes,0,0,underweight,0,0,2.77
40,male,Other/Multiracial,former,prediabetes,0,0,overweight,0,0,1.36
40,male,Other/Multiracial,former,prediabetes,0,0,obese,0,0,1.54
40,male,Other/Multiracial,former,prediabetes,0,1,normal,0,0,2.6
40,male,Other/Multiracial,former,prediabetes,0,1,underweight,0,0,4.45
40,male,Other/Multiracial,former,prediabetes,0,1,overweight,0,0,2.2
40,male,Other/Multiracial,former,prediabetes,0,1,obese,0,0,2.48
40,male,Other/Multiracial,former,prediabetes,1,0,normal,0,0,2.01
40,male,Other/Multiracial,former,prediabetes,1,0,underweight,0,0,3.44
40,male,Other/Multiracial,former,prediabetes,1,0,overweight,0,0,1.69
40,male,Other/Multiracial,former,prediabetes,1,0,obese,0,0,1.91
40,male,Other/Multiracial,former,prediabetes,1,1,normal,0,0,3.23
40,male,Other/Multiracial,former,prediabetes,1,1,underweight,0,0,5.51
40,male,Other/Multiracial,former,prediabetes,1,1,overweight,0,0,2.73
40,male,Other/Multiracial,former,prediabetes,1,1,obese,0,0,3.08
40,male,Other/Multiracial,former,undiagnosed diabetes,0,0,normal,0,0,2.22
40,male,Other/Multiracial,former,undiagnosed diabetes,0,0,underweight,0,0,3.8
40,male,Other/Multiracial,former,undiagnosed diabetes,0,0,overweight,0,0,1.87
40,male,Other/Multiracial,former,undiagnosed diabetes,0,0,obese,0,0,2.12
40,male,Other/Multiracial,former,undiagnosed diabetes,0,1,normal,0,0,3.57
40,male,Other/Multiracial,former,undiagnosed diabetes,0,1,underweight,0,0,6.09
40,male,Other/Multiracial,former,undiagnosed diabetes,0,1,overweight,0,0,3.02
40,male,Other/Multiracial,former,undiagnosed diabetes,0,1,obese,0,0,3.41
40,male,Other/Multiracial,former,undiagnosed diabetes,1,0,normal,0,0,2.76
40,male,Other/Multiracial,former,undiagnosed diabetes,1,0,underweight,0,0,4.71
40,male,Other/Multiracial,former,undiagnosed diabetes,1,0,overweight,0,0,2.33
40,male,Other/Multiracial,former,undiagnosed diabetes,1,0,obese,0,0,2.63
40,male,Other/Multiracial,former,undiagnosed diabetes,1,1,normal,0,0,4.43
40,male,Other/Multiracial,former,undiagnosed diabetes,1,1,underweight,0,0,7.52
40,male,Other/Multiracial,former,undiagnosed diabetes,1,1,overweight,0,0,3.74
40,male,Other/Multiracial,former,undiagnosed diabetes,1,1,obese,0,0,4.22
40,male,Other/Multiracial,former,diagnosed diabetes,0,0,normal,0,0,2.47
40,male,Other/Multiracial,former,diagnosed diabetes,0,0,underweight,0,0,4.23
40,male,Other/Multiracial,former,diagnosed diabetes,0,0,overweight,0,0,2.08
40,male,Other/Multiracial,former,diagnosed diabetes,0,0,obese,0,0,2.35
40,male,Other/Multiracial,former,diagnosed diabetes,0,1,normal,0,0,3.97
40,male,Other/Multiracial,former,diagnosed diabetes,0,1,underweight,0,0,6.75
40,male,Other/Multiracial,former,diagnosed diabetes,0,1,overweight,0,0,3.35
40,male,Other/Multiracial,former,diagnosed diabetes,0,1,obese,0,0,3.79
40,male,Other/Multiracial,former,diagnosed diabetes,1,0,normal,0,0,3.06
40,male,Other/Multiracial,former,diagnosed diabetes,1,0,underweight,0,0,5.23
40,male,Other/Multiracial,former,diagnosed diabetes,1,0,overweight,0,0,2.59
40,male,Other/Multiracial,former,diagnosed diabetes,1,0,obese,0,0,2.92
40,male,Other/Multiracial,former,diagnosed diabetes,1,1,normal,0,0,4.91
40,male,Other/Multiracial,former,diagnosed diabetes,1,1,underweight,0,0,8.34
40,male,Other/Multiracial,former,diagnosed diabetes,1,1,overweight,0,0,4.16
40,male,Other/Multiracial,former,diagnosed diabetes,1,1,obese,0,0,4.69
40,male,Other/Multiracial,current,normal,0,0,normal,0,0,3.34
40,male,Other/Multiracial,current,normal,0,0,underweight,0,0,5.69
40,male,Other/Multiracial,current,normal,0,0,overweight,0,0,2.82
40,male,Other/Multiracial,current,normal,0,0,obese,0,0,3.18
40,male,Other/Multiracial,current,normal,0,1,normal,0,0,5.35
40,male,Other/Multiracial,current,normal,0,1,underweight,0,0,9.06
40,male,Other/Multiracial,current,normal,0,1,overweight,0,0,4.53
40,male,Other/Multiracial,current,normal,0,1,obese,0,0,5.1
40,male,Other/Multiracial,current,normal,1,0,normal,0,0,4.14
40,male,Other/Multiracial,current,normal,1,0,underweight,0,0,7.04
40,male,Other/Multiracial,current,normal,1,0,overweight,0,0,3.5
40,male,Other/Multiracial,current,normal,1,0,obese,0,0,3.95
40,male,Other/Multiracial,current,normal,1,1,normal,0,0,6.61
40,male,Other/Multiracial,current,normal,1,1,underweight,0,0,11.15
40,male,Other/Multiracial,current,normal,1,1,overweight,0,0,5.6
40,male,Other/Multiracial,current,normal,1,1,obese,0,0,6.31
40,male,Other/Multiracial,current,prediabetes,0,0,normal,0,0,3.34
40,male,Other/Multiracial,current,prediabetes,0,0,underweight,0,0,5.7
40,male,Other/Multiracial,current,prediabetes,0,0,overweight,0,0,2.82
40,male,Other/Multiracial,current,prediabetes,0,0,obese,0,0,3.18
40,male,Other/Multiracial,current,prediabetes,0,1,normal,0,0,5.35
40,male,Other/Multiracial,current,prediabetes,0,1,underweight,0,0,9.06
40,male,Other/Multiracial,current,prediabetes,0,1,overweight,0,0,4.53
40,male,Other/Multiracial,current,prediabetes,0,1,obese,0,0,5.11
40,male,Other/Multiracial,current,prediabetes,1,0,normal,0,0,4.14
40,male,Other/Multiracial,current,prediabetes,1,0,underweight,0,0,7.04
40,male,Other/Multiracial,current,prediabetes,1,0,overweight,0,0,3.5
40,male,Other/Multiracial,current,prediabetes,1,0,obese,0,0,3.95
40,male,Other/Multiracial,current,prediabetes,1,1,normal,0,0,6.62
40,male,Other/Multiracial,current,prediabetes,1,1,underweight,0,0,11.16
40,male,Other/Multiracial,current,prediabetes,1,1,overweight,0,0,5.61
40,male,Other/Multiracial,current,prediabetes,1,1,obese,0,0,6.32
40,male,Other/Multiracial,current,undiagnosed diabetes,0,0,normal,0,0,4.57
40,male,Other/Multiracial,current,undiagnosed diabetes,0,0,underweight,0,0,7.77
40,male,Other/Multiracial,current,undiagnosed diabetes,0,0,overweight,0,0,3.87
40,male,Other/Multiracial,current,undiagnosed diabetes,0,0,obese,0,0,4.37
40,male,Other/Multiracial,current,undiagnosed diabetes,0,1,normal,0,0,7.3
40,male,Other/Multiracial,current,undiagnosed diabetes,0,1,underweight,0,0,12.28
40,male,Other/Multiracial,current,undiagnosed diabetes,0,1,overweight,0,0,6.19
40,male,Other/Multiracial,current,undiagnosed diabetes,0,1,obese,0,0,6.98
40,male,Other/Multiracial,current,undiagnosed diabetes,1,0,normal,0,0,5.66
40,male,Other/Multiracial,current,undiagnosed diabetes,1,0,underweight,0,0,9.58
40,male,Other/Multiracial,current,undiagnosed diabetes,1,0,overweight,0,0,4.8
40,male,Other/Multiracial,current,undiagnosed diabetes,1,0,obese,0,0,5.41
40,male,Other/Multiracial,current,undiagnosed diabetes,1,1,normal,0,0,9.01
40,male,Other/Multiracial,current,undiagnosed diabetes,1,1,underweight,0,0,15.05
40,male,Other/Multiracial,current,undiagnosed diabetes,1,1,overweight,0,0,7.65
40,male,Other/Multiracial,current,undiagnosed diabetes,1,1,obese,0,0,8.61
40,male,Other/Multiracial,current,diagnosed diabetes,0,0,normal,0,0,5.08
40,male,Other/Multiracial,current,diagnosed diabetes,0,0,underweight,0,0,8.61
40,male,Other/Multiracial,current,diagnosed diabetes,0,0,overweight,0,0,4.3
40,male,Other/Multiracial,current,diagnosed diabetes,0,0,obese,0,0,4.85
40,male,Other/Multiracial,current,diagnosed diabetes,0,1,normal,0,0,8.1
40,male,Other/Multiracial,current,diagnosed diabetes,0,1,underweight,0,0,13.57
40,male,Other/Multiracial,current,diagnosed diabetes,0,1,overweight,0,0,6.87
40,male,Other/Multiracial,current,diagnosed diabetes,0,1,obese,0,0,7.73
40,male,Other/Multiracial,current,diagnosed diabetes,1,0,normal,0,0,6.28
40,male,Other/Multiracial,current,diagnosed diabetes,1,0,underweight,0,0,10.61
40,male,Other/Multiracial,current,diagnosed diabetes,1,0,overweight,0,0,5.32
40,male,Other/Multiracial,current,diagnosed diabetes,1,0,obese,0,0,6
40,male,Other/Multiracial,current,diagnosed diabetes,1,1,normal,0,0,9.98
40,male,Other/Multiracial,current,diagnosed diabetes,1,1,underweight,0,0,16.61
40,male,Other/Multiracial,current,diagnosed diabetes,1,1,overweight,0,0,8.48
40,male,Other/Multiracial,current,diagnosed diabetes,1,1,obese,0,0,9.54
40,female,Non-Hispanic White,never,normal,0,0,normal,0,0,1.17
40,female,Non-Hispanic White,never,normal,0,0,underweight,0,0,2.02
40,female,Non-Hispanic White,never,normal,0,0,overweight,0,0,0.99
40,female,Non-Hispanic White,never,normal,0,0,obese,0,0,1.12
40,female,Non-Hispanic White,never,normal,0,1,normal,0,0,1.9
40,female,Non-Hispanic White,never,normal,0,1,underweight,0,0,3.25
40,female,Non-Hispanic White,never,normal,0,1,overweight,0,0,1.6
40,female,Non-Hispanic White,never,normal,0,1,obese,0,0,1.81
40,female,Non-Hispanic White,never,normal,1,0,normal,0,0,1.46
40,female,Non-Hispanic White,never,normal,1,0,underweight,0,0,2.51
40,female,Non-Hispanic White,never,normal,1,0,overweight,0,0,1.23
40,female,Non-Hispanic White,never,normal,1,0,obese,0,0,1.39
40,female,Non-Hispanic White,never,normal,1,1,normal,0,0,2.36
40,female,Non-Hispanic White,never,normal,1,1,underweight,0,0,4.03
40,female,Non-Hispanic White,never,normal,1,1,overweight,0,0,1.99
40,female,Non-Hispanic White,never,normal,1,1,obese,0,0,2.25
40,female,Non-Hispanic White,never,prediabetes,0,0,normal,0,0,1.18
40,female,Non-Hispanic White,never,prediabetes,0,0,underweight,0,0,2.02
40,female,Non-Hispanic White,never,prediabetes,0,0,overweight,0,0,0.99
40,female,Non-Hispanic White,never,prediabetes,0,0,obese,0,0,1.12
40,female,Non-Hispanic White,never,prediabetes,0,1,normal,0,0,1.9
40,female,Non-Hispanic White,never,prediabetes,0,1,underweight,0,0,3.26
40,female,Non-Hispanic White,never,prediabetes,0,1,overweight,0,0,1.6
40,female,Non-Hispanic White,never,prediabetes,0,1,obese,0,0,1.81
40,female,Non-Hispanic White,never,prediabetes,1,0,normal,0,0,1.46
40,female,Non-Hispanic White,never,prediabetes,1,0,underweight,0,0,2.51
40,female,Non-Hispanic White,never,prediabetes,1,0,overweight,0,0,1.23
40,female,Non-Hispanic White,never,prediabetes,1,0,obese,0,0,1.39
40,female,Non-Hispanic White,never,prediabetes,1,1,normal,0,0,2.36
40,female,Non-Hispanic White,never,prediabetes,1,1,underweight,0,0,4.04
40,female,Non-Hispanic White,never,prediabetes,1,1,overweight,0,0,1.99
40,female,Non-Hispanic White,never,prediabetes,1,1,obese,0,0,2.25
40,female,Non-Hispanic White,never,undiagnosed diabetes,0,0,normal,0,0,1.62
40,female,Non-Hispanic White,never,undiagnosed diabetes,0,0,underweight,0,0,2.78
40,female,Non-Hispanic White,never,undiagnosed diabetes,0,0,overweight,0,0,1.37
40,female,Non-Hispanic White,never,undiagnosed diabetes,0,0,obese,0,0,1.54
40,female,Non-Hispanic White,never,undiagnosed diabetes,0,1,normal,0,0,2.61
40,female,Non-Hispanic White,never,undiagnosed diabetes,0,1,underweight,0,0,4.46
40,female,Non-Hispanic White,never,undiagnosed diabetes,0,1,overweight,0,0,2.2
40,female,Non-Hispanic White,never,undiagnosed diabetes,0,1,obese,0,0,2.49
40,female,Non-Hispanic White,never,undiagnosed diabetes,1,0,normal,0,0,2.01
40,female,Non-Hispanic White,never,undiagnosed diabetes,1,0,underweight,0,0,3.45
40,female,Non-Hispanic White,never,undiagnosed diabetes,1,0,overweight,0,0,1.7
40,female,Non-Hispanic White,never,undiagnosed diabetes,1,0,obese,0,0,1.92
40,female,Non-Hispanic White,never,undiagnosed diabetes,1,1,normal,0,0,3.24
40,female,Non-Hispanic White,never,undiagnosed diabetes,1,1,underweight,0,0,5.52
40,female,Non-Hispanic White,never,undiagnosed diabetes,1,1,overweight,0,0,2.73
40,female,Non-Hispanic White,never,undiagnosed diabetes,1,1,obese,0,0,3.09
40,female,Non-Hispanic White,never,diagnosed diabetes,0,0,normal,0,0,1.8
40,female,Non-Hispanic White,never,diagnosed diabetes,0,0,underweight,0,0,3.09
40,female,Non-Hispanic White,never,diagnosed diabetes,0,0,overweight,0,0,1.52
40,female,Non-Hispanic White,never,diagnosed diabetes,0,0,obese,0,0,1.72
40,female,Non-Hispanic White,never,diagnosed diabetes,0,1,normal,0,0,2.9
40,female,Non-Hispanic White,never,diagnosed diabetes,0,1,underweight,0,0,4.95
40,female,Non-Hispanic White,never,diagnosed diabetes,0,1,overweight,0,0,2.45
40,female,Non-Hispanic White,never,diagnosed diabetes,0,1,obese,0,0,2.77
40,female,Non-Hispanic White,never,diagnosed diabetes,1,0,normal,0,0,2.24
40,female,Non-Hispanic White,never,diagnosed diabetes,1,0,underweight,0,0,3.83
40,female,Non-Hispanic White,never,diagnosed diabetes,1,0,overweight,0,0,1.89
40,female,Non-Hispanic White,never,diagnosed diabetes,1,0,obese,0,0,2.13
40,female,Non-Hispanic White,never,diagnosed diabetes,1,1,normal,0,0,3.6
40,female,Non-Hispanic White,never,diagnosed diabetes,1,1,underweight,0,0,6.13
40,female,Non-Hispanic White,never,diagnosed diabetes,1,1,overweight,0,0,3.04
40,female,Non-Hispanic White,never,diagnosed diabetes,1,1,obese,0,0,3.43
40,female,Non-Hispanic White,former,normal,0,0,normal,0,0,1.44
40,female,Non-Hispanic White,former,normal,0,0,underweight,0,0,2.48
40,female,Non-Hispanic White,former,normal,0,0,overweight,0,0,1.22
40,female,Non-Hispanic White,former,normal,0,0,obese,0,0,1.38
40,female,Non-Hispanic White,former,normal,0,1,normal,0,0,2.33
40,female,Non-Hispanic White,former,normal,0,1,underweight,0,0,3.98
40,female,Non-Hispanic White,former,normal,0,1,overweight,0,0,1.96
40,female,Non-Hispanic White,former,normal,0,1,obese,0,0,2.22
40,female,Non-Hispanic White,former,normal,1,0,normal,0,0,1.79
40,female,Non-Hispanic White,former,normal,1,0,underweight,0,0,3.08
40,female,Non-Hispanic White,former,normal,1,0,overweight,0,0,1.51
40,female,Non-Hispanic White,former,normal,1,0,obese,0,0,1.71
40,female,Non-Hispanic White,former,normal,1,1,normal,0,0,2.89
40,female,Non-Hispanic White,former,normal,1,1,underweight,0,0,4.94
40,female,Non-Hispanic White,former,normal,1,1,overweight,0,0,2.44
40,female,Non-Hispanic White,former,normal,1,1,obese,0,0,2.75
40,female,Non-Hispanic White,former,prediabetes,0,0,normal,0,0,1.44
40,female,Non-Hispanic White,former,prediabetes,0,0,underweight,0,0,2.48
40,female,Non-Hispanic White,former,prediabetes,0,0,overweight,0,0,1.22
40,female,Non-Hispanic White,former,prediabetes,0,0,obese,0,0,1.38
40,female,Non-Hispanic White,former,prediabetes,0,1,normal,0,0,2.33
40,female,Non-Hispanic White,former,prediabetes,0,1,underweight,0,0,3.99
40,female,Non-Hispanic White,former,prediabetes,0,1,overweight,0,0,1.97
40,female,Non-Hispanic White,former,prediabetes,0,1,obese,0,0,2.22
40,female,Non-Hispanic White,former,prediabetes,1,0,normal,0,0,1.79
40,female,Non-Hispanic White,former,prediabetes,1,0,underweight,0,0,3.08
40,female,Non-Hispanic White,former,prediabetes,1,0,overweight,0,0,1.51
40,female,Non-Hispanic White,former,prediabetes,1,0,obese,0,0,1.71
40,female,Non-Hispanic White,former,prediabetes,1,1,normal,0,0,2.89
40,female,Non-Hispanic White,former,prediabetes,1,1,underweight,0,0,4.94
40,female,Non-Hispanic White,former,prediabetes,1,1,overweight,0,0,2.44
40,female,Non-Hispanic White,former,prediabetes,1,1,obese,0,0,2.76
40,female,Non-Hispanic White,former,undiagnosed diabetes,0,0,normal,0,0,1.98
40,female,Non-Hispanic White,former,undiagnosed diabetes,0,0,underweight,0,0,3.4
40,female,Non-Hispanic White,former,undiagnosed diabetes,0,0,overweight,0,0,1.68
40,female,Non-Hispanic White,former,undiagnosed diabetes,0,0,obese,0,0,1.89
40,female,Non-Hispanic White,former,undiagnosed diabetes,0,1,normal,0,0,3.2
40,female,Non-Hispanic White,former,undiagnosed diabetes,0,1,underweight,0,0,5.46
40,female,Non-Hispanic White,former,undiagnosed diabetes,0,1,overweight,0,0,2.7
40,female,Non-Hispanic White,former,undiagnosed diabetes,0,1,obese,0,0,3.05
40,female,Non-Hispanic White,former,undiagnosed diabetes,1,0,normal,0,0,2.47
40,female,Non-Hispanic White,former,undiagnosed diabetes,1,0,underweight,0,0,4.22
40,female,Non-Hispanic White,former,undiagnosed diabetes,1,0,overweight,0,0,2.08
40,female,Non-Hispanic White,former,undiagnosed diabetes,1,0,obese,0,0,2.35
40,female,Non-Hispanic White,former,undiagnosed diabetes,1,1,normal,0,0,3.96
40,female,Non-Hispanic White,former,undiagnosed diabetes,1,1,underweight,0,0,6.75
40,female,Non-Hispanic White,former,undiagnosed diabetes,1,1,overweight,0,0,3.35
40,female,Non-Hispanic White,former,undiagnosed diabetes,1,1,obese,0,0,3.78
40,female,Non-Hispanic White,former,diagnosed diabetes,0,0,normal,0,0,2.21
40,female,Non-Hispanic White,former,diagnosed diabetes,0,0,underweight,0,0,3.78
40,female,Non-Hispanic White,former,diagnosed diabetes,0,0,overweight,0,0,1.86
40,female,Non-Hispanic White,former,diagnosed diabetes,0,0,obese,0,0,2.11
40,female,Non-Hispanic White,former,diagnosed diabetes,0,1,normal,0,0,3.55
40,female,Non-Hispanic White,former,diagnosed diabetes,0,1,underweight,0,0,6.05
40,female,Non-Hispanic White,former,diagnosed diabetes,0,1,overweight,0,0,3
40,female,Non-Hispanic White,former,diagnosed diabetes,0,1,obese,0,0,3.39
40,female,Non-Hispanic White,former,diagnosed diabetes,1,0,normal,0,0,2.74
40,female,Non-Hispanic White,former,diagnosed diabetes,1,0,underweight,0,0,4.69
40,female,Non-Hispanic White,former,diagnosed diabetes,1,0,overweight,0,0,2.32
40,female,Non-Hispanic White,former,diagnosed diabetes,1,0,obese,0,0,2.61
40,female,Non-Hispanic White,former,diagnosed diabetes,1,1,normal,0,0,4.4
40,female,Non-Hispanic White,former,diagnosed diabetes,1,1,underweight,0,0,7.48
40,female,Non-Hispanic White,former,diagnosed diabetes,1,1,overweight,0,0,3.72
40,female,Non-Hispanic White,former,diagnosed diabetes,1,1,obese,0,0,4.2
40,female,Non-Hispanic White,current,normal,0,0,normal,0,0,2.98
40,female,Non-Hispanic White,current,normal,0,0,underweight,0,0,5.1
40,female,Non-Hispanic White,current,normal,0,0,overweight,0,0,2.52
40,female,Non-Hispanic White,current,normal,0,0,obese,0,0,2.85
40,female,Non-Hispanic White,current,normal,0,1,normal,0,0,4.79
40,female,Non-Hispanic White,current,normal,0,1,underweight,0,0,8.13
40,female,Non-Hispanic White,current,normal,0,1,overweight,0,0,4.05
40,female,Non-Hispanic White,current,normal,0,1,obese,0,0,4.57
40,female,Non-Hispanic White,current,normal,1,0,normal,0,0,3.7
40,female,Non-Hispanic White,current,normal,1,0,underweight,0,0,6.31
40,female,Non-Hispanic White,current,normal,1,0,overweight,0,0,3.13
40,female,Non-Hispanic White,current,normal,1,0,obese,0,0,3.53
40,female,Non-Hispanic White,current,normal,1,1,normal,0,0,5.93
40,female,Non-Hispanic White,current,normal,1,1,underweight,0,0,10.02
40,female,Non-Hispanic White,current,normal,1,1,overweight,0,0,5.02
40,female,Non-Hispanic White,current,normal,1,1,obese,0,0,5.66
40,female,Non-Hispanic White,current,prediabetes,0,0,normal,0,0,2.99
40,female,Non-Hispanic White,current,prediabetes,0,0,underweight,0,0,5.1
40,female,Non-Hispanic White,current,prediabetes,0,0,overweight,0,0,2.52
40,female,Non-Hispanic White,current,prediabetes,0,0,obese,0,0,2.85
40,female,Non-Hispanic White,current,prediabetes,0,1,normal,0,0,4.79
40,female,Non-Hispanic White,current,prediabetes,0,1,underweight,0,0,8.14
40,female,Non-Hispanic White,current,prediabetes,0,1,overweight,0,0,4.06
40,female,Non-Hispanic White,current,prediabetes,0,1,obese,0,0,4.57
40,female,Non-Hispanic White,current,prediabetes,1,0,normal,0,0,3.71
40,female,Non-Hispanic White,current,prediabetes,1,0,underweight,0,0,6.31
40,female,Non-Hispanic White,current,prediabetes,1,0,overweight,0,0,3.13
40,female,Non-Hispanic White,current,prediabetes,1,0,obese,0,0,3.54
40,female,Non-Hispanic White,current,prediabetes,1,1,normal,0,0,5.93
40,female,Non-Hispanic White,current,prediabetes,1,1,underweight,0,0,10.03
40,female,Non-Hispanic White,current,prediabetes,1,1,overweight,0,0,5.02
40,female,Non-Hispanic White,current,prediabetes,1,1,obese,0,0,5.66
40,female,Non-Hispanic White,current,undiagnosed diabetes,0,0,normal,0,0,4.1
40,female,Non-Hispanic White,current,undiagnosed diabetes,0,0,underweight,0,0,6.97
40,female,Non-Hispanic White,current,undiagnosed diabetes,0,0,overweight,0,0,3.46
40,female,Non-Hispanic White,current,undiagnosed diabetes,0,0,obese,0,0,3.91
40,female,Non-Hispanic White,current,undiagnosed diabetes,0,1,normal,0,0,6.55
40,female,Non-Hispanic White,current,undiagnosed diabetes,0,1,underweight,0,0,11.04
40,female,Non-Hispanic White,current,undiagnosed diabetes,0,1,overweight,0,0,5.55
40,female,Non-Hispanic White,current,undiagnosed diabetes,0,1,obese,0,0,6.25
40,female,Non-Hispanic White,current,undiagnosed diabetes,1,0,normal,0,0,5.07
40,female,Non-Hispanic White,current,undiagnosed diabetes,1,0,underweight,0,0,8.6
40,female,Non-Hispanic White,current,undiagnosed diabetes,1,0,overweight,0,0,4.29
40,female,Non-Hispanic White,current,undiagnosed diabetes,1,0,obese,0,0,4.84
40,female,Non-Hispanic White,current,undiagnosed diabetes,1,1,normal,0,0,8.09
40,female,Non-Hispanic White,current,undiagnosed diabetes,1,1,underweight,0,0,13.56
40,female,Non-Hispanic White,current,undiagnosed diabetes,1,1,overweight,0,0,6.86
40,female,Non-Hispanic White,current,undiagnosed diabetes,1,1,obese,0,0,7.73
40,female,Non-Hispanic White,current,diagnosed diabetes,0,0,normal,0,0,4.55
40,female,Non-Hispanic White,current,diagnosed diabetes,0,0,underweight,0,0,7.73
40,female,Non-Hispanic White,current,diagnosed diabetes,0,0,overweight,0,0,3.85
40,female,Non-Hispanic White,current,diagnosed diabetes,0,0,obese,0,0,4.34
40,female,Non-Hispanic White,current,diagnosed diabetes,0,1,normal,0,0,7.26
40,female,Non-Hispanic White,current,diagnosed diabetes,0,1,underweight,0,0,12.22
40,female,Non-Hispanic White,current,diagnosed diabetes,0,1,overweight,0,0,6.16
40,female,Non-Hispanic White,current,diagnosed diabetes,0,1,obese,0,0,6.94
40,female,Non-Hispanic White,current,diagnosed diabetes,1,0,normal,0,0,5.63
40,female,Non-Hispanic White,current,diagnosed diabetes,1,0,underweight,0,0,9.53
40,female,Non-Hispanic White,current,diagnosed diabetes,1,0,overweight,0,0,4.77
40,female,Non-Hispanic White,current,diagnosed diabetes,1,0,obese,0,0,5.38
40,female,Non-Hispanic White,current,diagnosed diabetes,1,1,normal,0,0,8.96
40,female,Non-Hispanic White,current,diagnosed diabetes,1,1,underweight,0,0,14.97
40,female,Non-Hispanic White,current,diagnosed diabetes,1,1,overweight,0,0,7.61
40,female,Non-Hispanic White,current,diagnosed diabetes,1,1,obese,0,0,8.56
40,female,Non-Hispanic Black,never,normal,0,0,normal,0,0,1.28
40,female,Non-Hispanic Black,never,normal,0,0,underweight,0,0,2.2
40,female,Non-Hispanic Black,never,normal,0,0,overweight,0,0,1.08
40,female,Non-Hispanic Black,never,normal,0,0,obese,0,0,1.22
40,female,Non-Hispanic Black,never,normal,0,1,normal,0,0,2.06
40,female,Non-Hispanic Black,never,normal,0,1,underweight,0,0,3.53
40,female,Non-Hispanic Black,never,normal,0,1,overweight,0,0,1.74
40,female,Non-Hispanic Black,never,normal,0,1,obese,0,0,1.96
40,female,Non-Hispanic Black,never,normal,1,0,normal,0,0,1.59
40,female,Non-Hispanic Black,never,normal,1,0,underweight,0,0,2.73
40,female,Non-Hispanic Black,never,normal,1,0,overweight,0,0,1.34
40,female,Non-Hispanic Black,never,normal,1,0,obese,0,0,1.51
40,female,Non-Hispanic Black,never,normal,1,1,normal,0,0,2.56
40,female,Non-Hispanic Black,never,normal,1,1,underweight,0,0,4.38
40,female,Non-Hispanic Black,never,normal,1,1,overweight,0,0,2.16
40,female,Non-Hispanic Black,never,normal,1,1,obese,0,0,2.44
40,female,Non-Hispanic Black,never,prediabetes,0,0,normal,0,0,1.28
40,female,Non-Hispanic Black,never,prediabetes,0,0,underweight,0,0,2.2
40,female,Non-Hispanic Black,never,prediabetes,0,0,overweight,0,0,1.08
40,female,Non-Hispanic Black,never,prediabetes,0,0,obese,0,0,1.22
40,female,Non-Hispanic Black,never,prediabetes,0,1,normal,0,0,2.06
40,female,Non-Hispanic Black,never,prediabetes,0,1,underweight,0,0,3.53
40,female,Non-Hispanic Black,never,prediabetes,0,1,overweight,0,0,1.74
40,female,Non-Hispanic Black,never,prediabetes,0,1,obese,0,0,1.97
40,female,Non-Hispanic Black,never,prediabetes,1,0,normal,0,0,1.59
40,female,Non-Hispanic Black,never,prediabetes,1,0,underweight,0,0,2.73
40,female,Non-Hispanic Black,never,prediabetes,1,0,overweight,0,0,1.34
40,female,Non-Hispanic Black,never,prediabetes,1,0,obese,0,0,1.51
40,female,Non-Hispanic Black,never,prediabetes,1,1,normal,0,0,2.56
40,female,Non-Hispanic Black,never,prediabetes,1,1,underweight,0,0,4.38
40,female,Non-Hispanic Black,never,prediabetes,1,1,overweight,0,0,2.16
40,female,Non-Hispanic Black,never,prediabetes,1,1,obese,0,0,2.44
40,female,Non-Hispanic Black,never,undiagnosed diabetes,0,0,normal,0,0,1.76
40,female,Non-Hispanic Black,never,undiagnosed diabetes,0,0,underweight,0,0,3.02
40,female,Non-Hispanic Black,never,undiagnosed diabetes,0,0,overweight,0,0,1.48
40,female,Non-Hispanic Black,never,undiagnosed diabetes,0,0,obese,0,0,1.68
40,female,Non-Hispanic Black,never,undiagnosed diabetes,0,1,normal,0,0,2.83
40,female,Non-Hispanic Black,never,undiagnosed diabetes,0,1,underweight,0,0,4.84
40,female,Non-Hispanic Black,never,undiagnosed diabetes,0,1,overweight,0,0,2.39
40,female,Non-Hispanic Black,never,undiagnosed diabetes,0,1,obese,0,0,2.7
40,female,Non-Hispanic Black,never,undiagnosed diabetes,1,0,normal,0,0,2.18
40,female,Non-Hispanic Black,never,undiagnosed diabetes,1,0,underweight,0,0,3.74
40,female,Non-Hispanic Black,never,undiagnosed diabetes,1,0,overweight,0,0,1.84
40,female,Non-Hispanic Black,never,undiagnosed diabetes,1,0,obese,0,0,2.08
40,female,Non-Hispanic Black,never,undiagnosed diabetes,1,1,normal,0,0,3.51
40,female,Non-Hispanic Black,never,undiagnosed diabetes,1,1,underweight,0,0,5.99
40,female,Non-Hispanic Black,never,undiagnosed diabetes,1,1,overweight,0,0,2.97
40,female,Non-Hispanic Black,never,undiagnosed diabetes,1,1,obese,0,0,3.35
40,female,Non-Hispanic Black,never,diagnosed diabetes,0,0,normal,0,0,1.95
40,female,Non-Hispanic Black,never,diagnosed diabetes,0,0,underweight,0,0,3.35
40,female,Non-Hispanic Black,never,diagnosed diabetes,0,0,overweight,0,0,1.65
40,female,Non-Hispanic Black,never,diagnosed diabetes,0,0,obese,0,0,1.86
40,female,Non-Hispanic Black,never,diagnosed diabetes,0,1,normal,0,0,3.15
40,female,Non-Hispanic Black,never,diagnosed diabetes,0,1,underweight,0,0,5.37
40,female,Non-Hispanic Black,never,diagnosed diabetes,0,1,overweight,0,0,2.66
40,female,Non-Hispanic Black,never,diagnosed diabetes,0,1,obese,0,0,3
40,female,Non-Hispanic Black,never,diagnosed diabetes,1,0,normal,0,0,2.43
40,female,Non-Hispanic Black,never,diagnosed diabetes,1,0,underweight,0,0,4.16
40,female,Non-Hispanic Black,never,diagnosed diabetes,1,0,overweight,0,0,2.05
40,female,Non-Hispanic Black,never,diagnosed diabetes,1,0,obese,0,0,2.32
40,female,Non-Hispanic Black,never,diagnosed diabetes,1,1,normal,0,0,3.9
40,female,Non-Hispanic Black,never,diagnosed diabetes,1,1,underweight,0,0,6.65
40,female,Non-Hispanic Black,never,diagnosed diabetes,1,1,overweight,0,0,3.3
40,female,Non-Hispanic Black,never,diagnosed diabetes,1,1,obese,0,0,3.72
40,female,Non-Hispanic Black,former,normal,0,0,normal,0,0,1.57
40,female,Non-Hispanic Black,former,normal,0,0,underweight,0,0,2.69
40,female,Non-Hispanic Black,former,normal,0,0,overweight,0,0,1.32
40,female,Non-Hispanic Black,former,normal,0,0,obese,0,0,1.49
40,female,Non-Hispanic Black,former,normal,0,1,normal,0,0,2.53
40,female,Non-Hispanic Black,former,normal,0,1,underweight,0,0,4.32
40,female,Non-Hispanic Black,former,normal,0,1,overweight,0,0,2.13
40,female,Non-Hispanic Black,former,normal,0,1,obese,0,0,2.41
40,female,Non-Hispanic Black,former,normal,1,0,normal,0,0,1.95
40,female,Non-Hispanic Black,former,normal,1,0,underweight,0,0,3.34
40,female,Non-Hispanic Black,former,normal,1,0,overweight,0,0,1.64
40,female,Non-Hispanic Black,former,normal,1,0,obese,0,0,1.86
40,female,Non-Hispanic Black,former,normal,1,1,normal,0,0,3.13
40,female,Non-Hispanic Black,former,normal,1,1,underweight,0,0,5.35
40,female,Non-Hispanic Black,former,normal,1,1,overweight,0,0,2.65
40,female,Non-Hispanic Black,former,normal,1,1,obese,0,0,2.99
40,female,Non-Hispanic Black,former,prediabetes,0,0,normal,0,0,1.57
40,female,Non-Hispanic Black,former,prediabetes,0,0,underweight,0,0,2.69
40,female,Non-Hispanic Black,former,prediabetes,0,0,overweight,0,0,1.32
40,female,Non-Hispanic Black,former,prediabetes,0,0,obese,0,0,1.5
40,female,Non-Hispanic Black,former,prediabetes,0,1,normal,0,0,2.53
40,female,Non-Hispanic Black,former,prediabetes,0,1,underweight,0,0,4.33
40,female,Non-Hispanic Black,former,prediabetes,0,1,overweight,0,0,2.13
40,female,Non-Hispanic Black,former,prediabetes,0,1,obese,0,0,2.41
40,female,Non-Hispanic Black,former,prediabetes,1,0,normal,0,0,1.95
40,female,Non-Hispanic Black,former,prediabetes,1,0,underweight,0,0,3.34
40,female,Non-Hispanic Black,former,prediabetes,1,0,overweight,0,0,1.64
40,female,Non-Hispanic Black,former,prediabetes,1,0,obese,0,0,1.86
40,female,Non-Hispanic Black,former,prediabetes,1,1,normal,0,0,3.14
40,female,Non-Hispanic Black,former,prediabetes,1,1,underweight,0,0,5.36
40,female,Non-Hispanic Black,former,prediabetes,1,1,overweight,0,0,2.65
40,female,Non-Hispanic Black,former,prediabetes,1,1,obese,0,0,2.99
40,female,Non-Hispanic Black,former,undiagnosed diabetes,0,0,normal,0,0,2.16
40,female,Non-Hispanic Black,former,undiagnosed diabetes,0,0,underweight,0,0,3.7
40,female,Non-Hispanic Black,former,undiagnosed diabetes,0,0,overweight,0,0,1.82
40,female,Non-Hispanic Black,former,undiagnosed diabetes,0,0,obese,0,0,2.06
40,female,Non-Hispanic Black,former,undiagnosed diabetes,0,1,normal,0,0,3.47
40,female,Non-Hispanic Black,former,undiagnosed diabetes,0,1,underweight,0,0,5.92
40,female,Non-Hispanic Black,former,undiagnosed diabetes,0,1,overweight,0,0,2.93
40,female,Non-Hispanic Black,former,undiagnosed diabetes,0,1,obese,0,0,3.31
40,female,Non-Hispanic Black,former,undiagnosed diabetes,1,0,normal,0,0,2.68
40,female,Non-Hispanic Black,former,undiagnosed diabetes,1,0,underweight,0,0,4.58
40,female,Non-Hispanic Black,former,undiagnosed diabetes,1,0,overweight,0,0,2.26
40,female,Non-Hispanic Black,former,undiagnosed diabetes,1,0,obese,0,0,2.55
40,female,Non-Hispanic Black,former,undiagnosed diabetes,1,1,normal,0,0,4.3
40,female,Non-Hispanic Black,former,undiagnosed diabetes,1,1,underweight,0,0,7.31
40,female,Non-Hispanic Black,former,undiagnosed diabetes,1,1,overweight,0,0,3.64
40,female,Non-Hispanic Black,former,undiagnosed diabetes,1,1,obese,0,0,4.1
40,female,Non-Hispanic Black,former,diagnosed diabetes,0,0,normal,0,0,2.4
40,female,Non-Hispanic Black,former,diagnosed diabetes,0,0,underweight,0,0,4.11
40,female,Non-Hispanic Black,former,diagnosed diabetes,0,0,overweight,0,0,2.02
40,female,Non-Hispanic Black,former,diagnosed diabetes,0,0,obese,0,0,2.29
40,female,Non-Hispanic Black,former,diagnosed diabetes,0,1,normal,0,0,3.85
40,female,Non-Hispanic Black,former,diagnosed diabetes,0,1,underweight,0,0,6.56
40,female,Non-Hispanic Black,former,diagnosed diabetes,0,1,overweight,0,0,3.26
40,female,Non-Hispanic Black,former,diagnosed diabetes,0,1,obese,0,0,3.68
40,female,Non-Hispanic Black,former,diagnosed diabetes,1,0,normal,0,0,2.98
40,female,Non-Hispanic Black,former,diagnosed diabetes,1,0,underweight,0,0,5.09
40,female,Non-Hispanic Black,former,diagnosed diabetes,1,0,overweight,0,0,2.51
40,female,Non-Hispanic Black,former,diagnosed diabetes,1,0,obese,0,0,2.84
40,female,Non-Hispanic Black,former,diagnosed diabetes,1,1,normal,0,0,4.78
40,female,Non-Hispanic Black,former,diagnosed diabetes,1,1,underweight,0,0,8.11
40,female,Non-Hispanic Black,former,diagnosed diabetes,1,1,overweight,0,0,4.04
40,female,Non-Hispanic Black,former,diagnosed diabetes,1,1,obese,0,0,4.56
40,female,Non-Hispanic Black,current,normal,0,0,normal,0,0,3.24
40,female,Non-Hispanic Black,current,normal,0,0,underweight,0,0,5.53
40,female,Non-Hispanic Black,current,normal,0,0,overweight,0,0,2.74
40,female,Non-Hispanic Black,current,normal,0,0,obese,0,0,3.09
40,female,Non-Hispanic Black,current,normal,0,1,normal,0,0,5.2
40,female,Non-Hispanic Black,current,normal,0,1,underweight,0,0,8.81
40,female,Non-Hispanic Black,current,normal,0,1,overweight,0,0,4.4
40,female,Non-Hispanic Black,current,normal,0,1,obese,0,0,4.96
40,female,Non-Hispanic Black,current,normal,1,0,normal,0,0,4.02
40,female,Non-Hispanic Black,current,normal,1,0,underweight,0,0,6.84
40,female,Non-Hispanic Black,current,normal,1,0,overweight,0,0,3.4
40,female,Non-Hispanic Black,current,normal,1,0,obese,0,0,3.83
40,female,Non-Hispanic Black,current,normal,1,1,normal,0,0,6.43
40,female,Non-Hispanic Black,current,normal,1,1,underweight,0,0,10.84
40,female,Non-Hispanic Black,current,normal,1,1,overweight,0,0,5.45
40,female,Non-Hispanic Black,current,normal,1,1,obese,0,0,6.14
40,female,Non-Hispanic Black,current,prediabetes,0,0,normal,0,0,3.24
40,female,Non-Hispanic Black,current,prediabetes,0,0,underweight,0,0,5.54
40,female,Non-Hispanic Black,current,prediabetes,0,0,overweight,0,0,2.74
40,female,Non-Hispanic Black,current,prediabetes,0,0,obese,0,0,3.09
40,female,Non-Hispanic Black,current,prediabetes,0,1,normal,0,0,5.2
40,female,Non-Hispanic Black,current,prediabetes,0,1,underweight,0,0,8.81
40,female,Non-Hispanic Black,current,prediabetes,0,1,overweight,0,0,4.4
40,female,Non-Hispanic Black,current,prediabetes,0,1,obese,0,0,4.96
40,female,Non-Hispanic Black,current,prediabetes,1,0,normal,0,0,4.02
40,female,Non-Hispanic Black,current,prediabetes,1,0,underweight,0,0,6.85
40,female,Non-Hispanic Black,current,prediabetes,1,0,overweight,0,0,3.4
40,female,Non-Hispanic Black,current,prediabetes,1,0,obese,0,0,3.84
40,female,Non-Hispanic Black,current,prediabetes,1,1,normal,0,0,6.43
40,female,Non-Hispanic Black,current,prediabetes,1,1,underweight,0,0,10.85
40,female,Non-Hispanic Black,current,prediabetes,1,1,overweight,0,0,5.45
40,female,Non-Hispanic Black,current,prediabetes,1,1,obese,0,0,6.14
40,female,Non-Hispanic Black,current,undiagnosed diabetes,0,0,normal,0,0,4.45
40,female,Non-Hispanic Black,current,undiagnosed diabetes,0,0,underweight,0,0,7.56
40,female,Non-Hispanic Black,current,undiagnosed diabetes,0,0,overweight,0,0,3.76
40,female,Non-Hispanic Black,current,undiagnosed diabetes,0,0,obese,0,0,4.24
40,female,Non-Hispanic Black,current,undiagnosed diabetes,0,1,normal,0,0,7.1
40,female,Non-Hispanic Black,current,undiagnosed diabetes,0,1,underweight,0,0,11.95
40,female,Non-Hispanic Black,current,undiagnosed diabetes,0,1,overweight,0,0,6.02
40,female,Non-Hispanic Black,current,undiagnosed diabetes,0,1,obese,0,0,6.78
40,female,Non-Hispanic Black,current,undiagnosed diabetes,1,0,normal,0,0,5.5
40,female,Non-Hispanic Black,current,undiagnosed diabetes,1,0,underweight,0,0,9.32
40,female,Non-Hispanic Black,current,undiagnosed diabetes,1,0,overweight,0,0,4.66
40,female,Non-Hispanic Black,current,undiagnosed diabetes,1,0,obese,0,0,5.25
40,female,Non-Hispanic Black,current,undiagnosed diabetes,1,1,normal,0,0,8.76
40,female,Non-Hispanic Black,current,undiagnosed diabetes,1,1,underweight,0,0,14.65
40,female,Non-Hispanic Black,current,undiagnosed diabetes,1,1,overweight,0,0,7.44
40,female,Non-Hispanic Black,current,undiagnosed diabetes,1,1,obese,0,0,8.37
40,female,Non-Hispanic Black,current,diagnosed diabetes,0,0,normal,0,0,4.94
40,female,Non-Hispanic Black,current,diagnosed diabetes,0,0,underweight,0,0,8.37
40,female,Non-Hispanic Black,current,diagnosed diabetes,0,0,overweight,0,0,4.18
40,female,Non-Hispanic Black,current,diagnosed diabetes,0,0,obese,0,0,4.71
40,female,Non-Hispanic Black,current,diagnosed diabetes,0,1,normal,0,0,7.87
40,female,Non-Hispanic Black,current,diagnosed diabetes,0,1,underweight,0,0,13.21
40,female,Non-Hispanic Black,current,diagnosed diabetes,0,1,overweight,0,0,6.68
40,female,Non-Hispanic Black,current,diagnosed diabetes,0,1,obese,0,0,7.52
40,female,Non-Hispanic Black,current,diagnosed diabetes,1,0,normal,0,0,6.11
40,female,Non-Hispanic Black,current,diagnosed diabetes,1,0,underweight,0,0,10.32
40,female,Non-Hispanic Black,current,diagnosed diabetes,1,0,overweight,0,0,5.17
40,female,Non-Hispanic Black,current,diagnosed diabetes,1,0,obese,0,0,5.83
40,female,Non-Hispanic Black,current,diagnosed diabetes,1,1,normal,0,0,9.7
40,female,Non-Hispanic Black,current,diagnosed diabetes,1,1,underweight,0,0,16.17
40,female,Non-Hispanic Black,current,diagnosed diabetes,1,1,overweight,0,0,8.24
40,female,Non-Hispanic Black,current,diagnosed diabetes,1,1,obese,0,0,9.27
40,female,Mexican American,never,normal,0,0,normal,0,0,1
40,female,Mexican American,never,normal,0,0,underweight,0,0,1.71
40,female,Mexican American,never,normal,0,0,overweight,0,0,0.84
40,female,Mexican American,never,normal,0,0,obese,0,0,0.95
40,female,Mexican American,never,normal,0,1,normal,0,0,1.61
40,female,Mexican American,never,normal,0,1,underweight,0,0,2.76
40,female,Mexican American,never,normal,0,1,overweight,0,0,1.36
40,female,Mexican American,never,normal,0,1,obese,0,0,1.53
40,female,Mexican American,never,normal,1,0,normal,0,0,1.24
40,female,Mexican American,never,normal,1,0,underweight,0,0,2.13
40,female,Mexican American,never,normal,1,0,overweight,0,0,1.05
40,female,Mexican American,never,normal,1,0,obese,0,0,1.18
40,female,Mexican American,never,normal,1,1,normal,0,0,2
40,female,Mexican American,never,normal,1,1,underweight,0,0,3.43
40,female,Mexican American,never,normal,1,1,overweight,0,0,1.69
40,female,Mexican American,never,normal,1,1,obese,0,0,1.91
40,female,Mexican American,never,prediabetes,0,0,normal,0,0,1
40,female,Mexican American,never,prediabetes,0,0,underweight,0,0,1.72
40,female,Mexican American,never,prediabetes,0,0,overweight,0,0,0.84
40,female,Mexican American,never,prediabetes,0,0,obese,0,0,0.95
40,female,Mexican American,never,prediabetes,0,1,normal,0,0,1.61
40,female,Mexican American,never,prediabetes,0,1,underweight,0,0,2.76
40,female,Mexican American,never,prediabetes,0,1,overweight,0,0,1.36
40,female,Mexican American,never,prediabetes,0,1,obese,0,0,1.54
40,female,Mexican American,never,prediabetes,1,0,normal,0,0,1.24
40,female,Mexican American,never,prediabetes,1,0,underweight,0,0,2.13
40,female,Mexican American,never,prediabetes,1,0,overweight,0,0,1.05
40,female,Mexican American,never,prediabetes,1,0,obese,0,0,1.18
40,female,Mexican American,never,prediabetes,1,1,normal,0,0,2
40,female,Mexican American,never,prediabetes,1,1,underweight,0,0,3.43
40,female,Mexican American,never,prediabetes,1,1,overweight,0,0,1.69
40,female,Mexican American,never,prediabetes,1,1,obese,0,0,1.91
40,female,Mexican American,never,undiagnosed diabetes,0,0,normal,0,0,1.37
40,female,Mexican American,never,undiagnosed diabetes,0,0,underweight,0,0,2.36
40,female,Mexican American,never,undiagnosed diabetes,0,0,overweight,0,0,1.16
40,female,Mexican American,never,undiagnosed diabetes,0,0,obese,0,0,1.31
40,female,Mexican American,never,undiagnosed diabetes,0,1,normal,0,0,2.21
40,female,Mexican American,never,undiagnosed diabetes,0,1,underweight,0,0,3.79
40,female,Mexican American,never,undiagnosed diabetes,0,1,overweight,0,0,1.87
40,female,Mexican American,never,undiagnosed diabetes,0,1,obese,0,0,2.11
40,female,Mexican American,never,undiagnosed diabetes,1,0,normal,0,0,1.71
40,female,Mexican American,never,undiagnosed diabetes,1,0,underweight,0,0,2.93
40,female,Mexican American,never,undiagnosed diabetes,1,0,overweight,0,0,1.44
40,female,Mexican American,never,undiagnosed diabetes,1,0,obese,0,0,1.63
40,female,Mexican American,never,undiagnosed diabetes,1,1,normal,0,0,2.75
40,female,Mexican American,never,undiagnosed diabetes,1,1,underweight,0,0,4.7
40,female,Mexican American,never,undiagnosed diabetes,1,1,overweight,0,0,2.32
40,female,Mexican American,never,undiagnosed diabetes,1,1,obese,0,0,2.62
40,female,Mexican American,never,diagnosed diabetes,0,0,normal,0,0,1.53
40,female,Mexican American,never,diagnosed diabetes,0,0,underweight,0,0,2.62
40,female,Mexican American,never,diagnosed diabetes,0,0,overweight,0,0,1.29
40,female,Mexican American,never,diagnosed diabetes,0,0,obese,0,0,1.46
40,female,Mexican American,never,diagnosed diabetes,0,1,normal,0,0,2.46
40,female,Mexican American,never,diagnosed diabetes,0,1,underweight,0,0,4.21
40,female,Mexican American,never,diagnosed diabetes,0,1,overweight,0,0,2.08
40,female,Mexican American,never,diagnosed diabetes,0,1,obese,0,0,2.35
40,female,Mexican American,never,diagnosed diabetes,1,0,normal,0,0,1.9
40,female,Mexican American,never,diagnosed diabetes,1,0,underweight,0,0,3.25
40,female,Mexican American,never,diagnosed diabetes,1,0,overweight,0,0,1.6
40,female,Mexican American,never,diagnosed diabetes,1,0,obese,0,0,1.81
40,female,Mexican American,never,diagnosed diabetes,1,1,normal,0,0,3.05
40,female,Mexican American,never,diagnosed diabetes,1,1,underweight,0,0,5.22
40,female,Mexican American,never,diagnosed diabetes,1,1,overweight,0,0,2.58
40,female,Mexican American,never,diagnosed diabetes,1,1,obese,0,0,2.91
40,female,Mexican American,former,normal,0,0,normal,0,0,1.22
40,female,Mexican American,former,normal,0,0,underweight,0,0,2.1
40,female,Mexican American,former,normal,0,0,overweight,0,0,1.03
40,female,Mexican American,former,normal,0,0,obese,0,0,1.17
40,female,Mexican American,former,normal,0,1,normal,0,0,1.97
40,female,Mexican American,former,normal,0,1,underweight,0,0,3.38
40,female,Mexican American,former,normal,0,1,overweight,0,0,1.67
40,female,Mexican American,former,normal,0,1,obese,0,0,1.88
40,female,Mexican American,former,normal,1,0,normal,0,0,1.52
40,female,Mexican American,former,normal,1,0,underweight,0,0,2.61
40,female,Mexican American,former,normal,1,0,overweight,0,0,1.28
40,female,Mexican American,former,normal,1,0,obese,0,0,1.45
40,female,Mexican American,former,normal,1,1,normal,0,0,2.45
40,female,Mexican American,former,normal,1,1,underweight,0,0,4.2
40,female,Mexican American,former,normal,1,1,overweight,0,0,2.07
40,female,Mexican American,former,normal,1,1,obese,0,0,2.34
40,female,Mexican American,former,prediabetes,0,0,normal,0,0,1.22
40,female,Mexican American,former,prediabetes,0,0,underweight,0,0,2.11
40,female,Mexican American,former,prediabetes,0,0,overweight,0,0,1.03
40,female,Mexican American,former,prediabetes,0,0,obese,0,0,1.17
40,female,Mexican American,former,prediabetes,0,1,normal,0,0,1.97
40,female,Mexican American,former,prediabetes,0,1,underweight,0,0,3.39
40,female,Mexican American,former,prediabetes,0,1,overweight,0,0,1.67
40,female,Mexican American,former,prediabetes,0,1,obese,0,0,1.88
40,female,Mexican American,former,prediabetes,1,0,normal,0,0,1.52
40,female,Mexican American,former,prediabetes,1,0,underweight,0,0,2.61
40,female,Mexican American,former,prediabetes,1,0,overweight,0,0,1.28
40,female,Mexican American,former,prediabetes,1,0,obese,0,0,1.45
40,female,Mexican American,former,prediabetes,1,1,normal,0,0,2.45
40,female,Mexican American,former,prediabetes,1,1,underweight,0,0,4.2
40,female,Mexican American,former,prediabetes,1,1,overweight,0,0,2.07
40,female,Mexican American,former,prediabetes,1,1,obese,0,0,2.34
40,female,Mexican American,former,undiagnosed diabetes,0,0,normal,0,0,1.68
40,female,Mexican American,former,undiagnosed diabetes,0,0,underweight,0,0,2.89
40,female,Mexican American,former,undiagnosed diabetes,0,0,overweight,0,0,1.42
40,female,Mexican American,former,undiagnosed diabetes,0,0,obese,0,0,1.61
40,female,Mexican American,former,undiagnosed diabetes,0,1,normal,0,0,2.71
40,female,Mexican American,former,undiagnosed diabetes,0,1,underweight,0,0,4.64
40,female,Mexican American,former,undiagnosed diabetes,0,1,overweight,0,0,2.29
40,female,Mexican American,former,undiagnosed diabetes,0,1,obese,0,0,2.59
40,female,Mexican American,former,undiagnosed diabetes,1,0,normal,0,0,2.09
40,female,Mexican American,former,undiagnosed diabetes,1,0,underweight,0,0,3.59
40,female,Mexican American,former,undiagnosed diabetes,1,0,overweight,0,0,1.77
40,female,Mexican American,former,undiagnosed diabetes,1,0,obese,0,0,2
40,female,Mexican American,former,undiagnosed diabetes,1,1,normal,0,0,3.37
40,female,Mexican American,former,undiagnosed diabetes,1,1,underweight,0,0,5.75
40,female,Mexican American,former,undiagnosed diabetes,1,1,overweight,0,0,2.85
40,female,Mexican American,former,undiagnosed diabetes,1,1,obese,0,0,3.21
40,female,Mexican American,former,diagnosed diabetes,0,0,normal,0,0,1.87
40,female,Mexican American,former,diagnosed diabetes,0,0,underweight,0,0,3.21
40,female,Mexican American,former,diagnosed diabetes,0,0,overweight,0,0,1.58
40,female,Mexican American,former,diagnosed diabetes,0,0,obese,0,0,1.79
40,female,Mexican American,former,diagnosed diabetes,0,1,normal,0,0,3.02
40,female,Mexican American,former,diagnosed diabetes,0,1,underweight,0,0,5.15
40,female,Mexican American,former,diagnosed diabetes,0,1,overweight,0,0,2.55
40,female,Mexican American,former,diagnosed diabetes,0,1,obese,0,0,2.88
40,female,Mexican American,former,diagnosed diabetes,1,0,normal,0,0,2.33
40,female,Mexican American,former,diagnosed diabetes,1,0,underweight,0,0,3.99
40,female,Mexican American,former,diagnosed diabetes,1,0,overweight,0,0,1.96
40,female,Mexican American,former,diagnosed diabetes,1,0,obese,0,0,2.22
40,female,Mexican American,former,diagnosed diabetes,1,1,normal,0,0,3.74
40,female,Mexican American,former,diagnosed diabetes,1,1,underweight,0,0,6.38
40,female,Mexican American,former,diagnosed diabetes,1,1,overweight,0,0,3.16
40,female,Mexican American,former,diagnosed diabetes,1,1,obese,0,0,3.57
40,female,Mexican American,current,normal,0,0,normal,0,0,2.53
40,female,Mexican American,current,normal,0,0,underweight,0,0,4.34
40,female,Mexican American,current,normal,0,0,overweight,0,0,2.14
40,female,Mexican American,current,normal,0,0,obese,0,0,2.42
40,female,Mexican American,current,normal,0,1,normal,0,0,4.07
40,female,Mexican American,current,normal,0,1,underweight,0,0,6.93
40,female,Mexican American,current,normal,0,1,overweight,0,0,3.44
40,female,Mexican American,current,normal,0,1,obese,0,0,3.89
40,female,Mexican American,current,normal,1,0,normal,0,0,3.15
40,female,Mexican American,current,normal,1,0,underweight,0,0,5.37
40,female,Mexican American,current,normal,1,0,overweight,0,0,2.66
40,female,Mexican American,current,normal,1,0,obese,0,0,3
40,female,Mexican American,current,normal,1,1,normal,0,0,5.04
40,female,Mexican American,current,normal,1,1,underweight,0,0,8.56
40,female,Mexican American,current,normal,1,1,overweight,0,0,4.27
40,female,Mexican American,current,normal,1,1,obese,0,0,4.82
40,female,Mexican American,current,prediabetes,0,0,normal,0,0,2.54
40,female,Mexican American,current,prediabetes,0,0,underweight,0,0,4.34
40,female,Mexican American,current,prediabetes,0,0,overweight,0,0,2.14
40,female,Mexican American,current,prediabetes,0,0,obese,0,0,2.42
40,female,Mexican American,current,prediabetes,0,1,normal,0,0,4.08
40,female,Mexican American,current,prediabetes,0,1,underweight,0,0,6.94
40,female,Mexican American,current,prediabetes,0,1,overweight,0,0,3.45
40,female,Mexican American,current,prediabetes,0,1,obese,0,0,3.89
40,female,Mexican American,current,prediabetes,1,0,normal,0,0,3.15
40,female,Mexican American,current,prediabetes,1,0,underweight,0,0,5.38
40,female,Mexican American,current,prediabetes,1,0,overweight,0,0,2.66
40,female,Mexican American,current,prediabetes,1,0,obese,0,0,3
40,female,Mexican American,current,prediabetes,1,1,normal,0,0,5.05
40,female,Mexican American,current,prediabetes,1,1,underweight,0,0,8.56
40,female,Mexican American,current,prediabetes,1,1,overweight,0,0,4.27
40,female,Mexican American,current,prediabetes,1,1,obese,0,0,4.82
40,female,Mexican American,current,undiagnosed diabetes,0,0,normal,0,0,3.48
40,female,Mexican American,current,undiagnosed diabetes,0,0,underweight,0,0,5.94
40,female,Mexican American,current,undiagnosed diabetes,0,0,overweight,0,0,2.94
40,female,Mexican American,current,undiagnosed diabetes,0,0,obese,0,0,3.32
40,female,Mexican American,current,undiagnosed diabetes,0,1,normal,0,0,5.58
40,female,Mexican American,current,undiagnosed diabetes,0,1,underweight,0,0,9.44
40,female,Mexican American,current,undiagnosed diabetes,0,1,overweight,0,0,4.72
40,female,Mexican American,current,undiagnosed diabetes,0,1,obese,0,0,5.32
40,female,Mexican American,current,undiagnosed diabetes,1,0,normal,0,0,4.32
40,female,Mexican American,current,undiagnosed diabetes,1,0,underweight,0,0,7.34
40,female,Mexican American,current,undiagnosed diabetes,1,0,overweight,0,0,3.65
40,female,Mexican American,current,undiagnosed diabetes,1,0,obese,0,0,4.12
40,female,Mexican American,current,undiagnosed diabetes,1,1,normal,0,0,6.9
40,female,Mexican American,current,undiagnosed diabetes,1,1,underweight,0,0,11.61
40,female,Mexican American,current,undiagnosed diabetes,1,1,overweight,0,0,5.84
40,female,Mexican American,current,undiagnosed diabetes,1,1,obese,0,0,6.58
40,female,Mexican American,current,diagnosed diabetes,0,0,normal,0,0,3.87
40,female,Mexican American,current,diagnosed diabetes,0,0,underweight,0,0,6.59
40,female,Mexican American,current,diagnosed diabetes,0,0,overweight,0,0,3.27
40,female,Mexican American,current,diagnosed diabetes,0,0,obese,0,0,3.69
40,female,Mexican American,current,diagnosed diabetes,0,1,normal,0,0,6.19
40,female,Mexican American,current,diagnosed diabetes,0,1,underweight,0,0,10.45
40,female,Mexican American,current,diagnosed diabetes,0,1,overweight,0,0,5.24
40,female,Mexican American,current,diagnosed diabetes,0,1,obese,0,0,5.91
40,female,Mexican American,current,diagnosed diabetes,1,0,normal,0,0,4.79
40,female,Mexican American,current,diagnosed diabetes,1,0,underweight,0,0,8.13
40,female,Mexican American,current,diagnosed diabetes,1,0,overweight,0,0,4.05
40,female,Mexican American,current,diagnosed diabetes,1,0,obese,0,0,4.57
40,female,Mexican American,current,diagnosed diabetes,1,1,normal,0,0,7.65
40,female,Mexican American,current,diagnosed diabetes,1,1,underweight,0,0,12.84
40,female,Mexican American,current,diagnosed diabetes,1,1,overweight,0,0,6.48
40,female,Mexican American,current,diagnosed diabetes,1,1,obese,0,0,7.3
40,female,Other Hispanic,never,normal,0,0,normal,0,0,1.03
40,female,Other Hispanic,never,normal,0,0,underweight,0,0,1.77
40,female,Other Hispanic,never,normal,0,0,overweight,0,0,0.87
40,female,Other Hispanic,never,normal,0,0,obese,0,0,0.98
40,female,Other Hispanic,never,normal,0,1,normal,0,0,1.66
40,female,Other Hispanic,never,normal,0,1,underweight,0,0,2.85
40,female,Other Hispanic,never,normal,0,1,overweight,0,0,1.4
40,female,Other Hispanic,never,normal,0,1,obese,0,0,1.58
40,female,Other Hispanic,never,normal,1,0,normal,0,0,1.28
40,female,Other Hispanic,never,normal,1,0,underweight,0,0,2.2
40,female,Other Hispanic,never,normal,1,0,overweight,0,0,1.08
40,female,Other Hispanic,never,normal,1,0,obese,0,0,1.22
40,female,Other Hispanic,never,normal,1,1,normal,0,0,2.06
40,female,Other Hispanic,never,normal,1,1,underweight,0,0,3.53
40,female,Other Hispanic,never,normal,1,1,overweight,0,0,1.74
40,female,Other Hispanic,never,normal,1,1,obese,0,0,1.96
40,female,Other Hispanic,never,prediabetes,0,0,normal,0,0,1.03
40,female,Other Hispanic,never,prediabetes,0,0,underweight,0,0,1.77
40,female,Other Hispanic,never,prediabetes,0,0,overweight,0,0,0.87
40,female,Other Hispanic,never,prediabetes,0,0,obese,0,0,0.98
40,female,Other Hispanic,never,prediabetes,0,1,normal,0,0,1.66
40,female,Other Hispanic,never,prediabetes,0,1,underweight,0,0,2.85
40,female,Other Hispanic,never,prediabetes,0,1,overweight,0,0,1.4
40,female,Other Hispanic,never,prediabetes,0,1,obese,0,0,1.58
40,female,Other Hispanic,never,prediabetes,1,0,normal,0,0,1.28
40,female,Other Hispanic,never,prediabetes,1,0,underweight,0,0,2.2
40,female,Other Hispanic,never,prediabetes,1,0,overweight,0,0,1.08
40,female,Other Hispanic,never,prediabetes,1,0,obese,0,0,1.22
40,female,Other Hispanic,never,prediabetes,1,1,normal,0,0,2.06
40,female,Other Hispanic,never,prediabetes,1,1,underweight,0,0,3.53
40,female,Other Hispanic,never,prediabetes,1,1,overweight,0,0,1.74
40,female,Other Hispanic,never,prediabetes,1,1,obese,0,0,1.97
40,female,Other Hispanic,never,undiagnosed diabetes,0,0,normal,0,0,1.41
40,female,Other Hispanic,never,undiagnosed diabetes,0,0,underweight,0,0,2.43
40,female,Other Hispanic,never,undiagnosed diabetes,0,0,overweight,0,0,1.19
40,female,Other Hispanic,never,undiagnosed diabetes,0,0,obese,0,0,1.35
40,female,Other Hispanic,never,undiagnosed diabetes,0,1,normal,0,0,2.28
40,female,Other Hispanic,never,undiagnosed diabetes,0,1,underweight,0,0,3.91
40,female,Other Hispanic,never,undiagnosed diabetes,0,1,overweight,0,0,1.93
40,female,Other Hispanic,never,undiagnosed diabetes,0,1,obese,0,0,2.18
40,female,Other Hispanic,never,undiagnosed diabetes,1,0,normal,0,0,1.76
40,female,Other Hispanic,never,undiagnosed diabetes,1,0,underweight,0,0,3.02
40,female,Other Hispanic,never,undiagnosed diabetes,1,0,overweight,0,0,1.48
40,female,Other Hispanic,never,undiagnosed diabetes,1,0,obese,0,0,1.68
40,female,Other Hispanic,never,undiagnosed diabetes,1,1,normal,0,0,2.83
40,female,Other Hispanic,never,undiagnosed diabetes,1,1,underweight,0,0,4.84
40,female,Other Hispanic,never,undiagnosed diabetes,1,1,overweight,0,0,2.39
40,female,Other Hispanic,never,undiagnosed diabetes,1,1,obese,0,0,2.7
40,female,Other Hispanic,never,diagnosed diabetes,0,0,normal,0,0,1.57
40,female,Other Hispanic,never,diagnosed diabetes,0,0,underweight,0,0,2.7
40,female,Other Hispanic,never,diagnosed diabetes,0,0,overweight,0,0,1.33
40,female,Other Hispanic,never,diagnosed diabetes,0,0,obese,0,0,1.5
40,female,Other Hispanic,never,diagnosed diabetes,0,1,normal,0,0,2.54
40,female,Other Hispanic,never,diagnosed diabetes,0,1,underweight,0,0,4.34
40,female,Other Hispanic,never,diagnosed diabetes,0,1,overweight,0,0,2.14
40,female,Other Hispanic,never,diagnosed diabetes,0,1,obese,0,0,2.42
40,female,Other Hispanic,never,diagnosed diabetes,1,0,normal,0,0,1.96
40,female,Other Hispanic,never,diagnosed diabetes,1,0,underweight,0,0,3.35
40,female,Other Hispanic,never,diagnosed diabetes,1,0,overweight,0,0,1.65
40,female,Other Hispanic,never,diagnosed diabetes,1,0,obese,0,0,1.86
40,female,Other Hispanic,never,diagnosed diabetes,1,1,normal,0,0,3.15
40,female,Other Hispanic,never,diagnosed diabetes,1,1,underweight,0,0,5.38
40,female,Other Hispanic,never,diagnosed diabetes,1,1,overweight,0,0,2.66
40,female,Other Hispanic,never,diagnosed diabetes,1,1,obese,0,0,3
40,female,Other Hispanic,former,normal,0,0,normal,0,0,1.26
40,female,Other Hispanic,former,normal,0,0,underweight,0,0,2.17
40,female,Other Hispanic,former,normal,0,0,overweight,0,0,1.06
40,female,Other Hispanic,former,normal,0,0,obese,0,0,1.2
40,female,Other Hispanic,former,normal,0,1,normal,0,0,2.03
40,female,Other Hispanic,former,normal,0,1,underweight,0,0,3.49
40,female,Other Hispanic,former,normal,0,1,overweight,0,0,1.72
40,female,Other Hispanic,former,normal,0,1,obese,0,0,1.94
40,female,Other Hispanic,former,normal,1,0,normal,0,0,1.57
40,female,Other Hispanic,former,normal,1,0,underweight,0,0,2.69
40,female,Other Hispanic,former,normal,1,0,overweight,0,0,1.32
40,female,Other Hispanic,former,normal,1,0,obese,0,0,1.49
40,female,Other Hispanic,former,normal,1,1,normal,0,0,2.53
40,female,Other Hispanic,former,normal,1,1,underweight,0,0,4.32
40,female,Other Hispanic,former,normal,1,1,overweight,0,0,2.13
40,female,Other Hispanic,former,normal,1,1,obese,0,0,2.41
40,female,Other Hispanic,former,prediabetes,0,0,normal,0,0,1.26
40,female,Other Hispanic,former,prediabetes,0,0,underweight,0,0,2.17
40,female,Other Hispanic,former,prediabetes,0,0,overweight,0,0,1.06
40,female,Other Hispanic,former,prediabetes,0,0,obese,0,0,1.2
40,female,Other Hispanic,former,prediabetes,0,1,normal,0,0,2.04
40,female,Other Hispanic,former,prediabetes,0,1,underweight,0,0,3.49
40,female,Other Hispanic,former,prediabetes,0,1,overweight,0,0,1.72
40,female,Other Hispanic,former,prediabetes,0,1,obese,0,0,1.94
40,female,Other Hispanic,former,prediabetes,1,0,normal,0,0,1.57
40,female,Other Hispanic,former,prediabetes,1,0,underweight,0,0,2.69
40,female,Other Hispanic,former,prediabetes,1,0,overweight,0,0,1.32
40,female,Other Hispanic,former,prediabetes,1,0,obese,0,0,1.5
40,female,Other Hispanic,former,prediabetes,1,1,normal,0,0,2.53
40,female,Other Hispanic,former,prediabetes,1,1,underweight,0,0,4.33
40,female,Other Hispanic,former,prediabetes,1,1,overweight,0,0,2.14
40,female,Other Hispanic,former,prediabetes,1,1,obese,0,0,2.41
40,female,Other Hispanic,former,undiagnosed diabetes,0,0,normal,0,0,1.74
40,female,Other Hispanic,former,undiagnosed diabetes,0,0,underweight,0,0,2.98
40,female,Other Hispanic,former,undiagnosed diabetes,0,0,overweight,0,0,1.47
40,female,Other Hispanic,former,undiagnosed diabetes,0,0,obese,0,0,1.66
40,female,Other Hispanic,former,undiagnosed diabetes,0,1,normal,0,0,2.8
40,female,Other Hispanic,former,undiagnosed diabetes,0,1,underweight,0,0,4.78
40,female,Other Hispanic,former,undiagnosed diabetes,0,1,overweight,0,0,2.36
40,female,Other Hispanic,former,undiagnosed diabetes,0,1,obese,0,0,2.67
40,female,Other Hispanic,former,undiagnosed diabetes,1,0,normal,0,0,2.16
40,female,Other Hispanic,former,undiagnosed diabetes,1,0,underweight,0,0,3.7
40,female,Other Hispanic,former,undiagnosed diabetes,1,0,overweight,0,0,1.82
40,female,Other Hispanic,former,undiagnosed diabetes,1,0,obese,0,0,2.06
40,female,Other Hispanic,former,undiagnosed diabetes,1,1,normal,0,0,3.47
40,female,Other Hispanic,former,undiagnosed diabetes,1,1,underweight,0,0,5.92
40,female,Other Hispanic,former,undiagnosed diabetes,1,1,overweight,0,0,2.93
40,female,Other Hispanic,former,undiagnosed diabetes,1,1,obese,0,0,3.31
40,female,Other Hispanic,former,diagnosed diabetes,0,0,normal,0,0,1.93
40,female,Other Hispanic,former,diagnosed diabetes,0,0,underweight,0,0,3.31
40,female,Other Hispanic,former,diagnosed diabetes,0,0,overweight,0,0,1.63
40,female,Other Hispanic,former,diagnosed diabetes,0,0,obese,0,0,1.84
40,female,Other Hispanic,former,diagnosed diabetes,0,1,normal,0,0,3.11
40,female,Other Hispanic,former,diagnosed diabetes,0,1,underweight,0,0,5.31
40,female,Other Hispanic,former,diagnosed diabetes,0,1,overweight,0,0,2.63
40,female,Other Hispanic,former,diagnosed diabetes,0,1,obese,0,0,2.97
40,female,Other Hispanic,former,diagnosed diabetes,1,0,normal,0,0,2.4
40,female,Other Hispanic,former,diagnosed diabetes,1,0,underweight,0,0,4.11
40,female,Other Hispanic,former,diagnosed diabetes,1,0,overweight,0,0,2.03
40,female,Other Hispanic,former,diagnosed diabetes,1,0,obese,0,0,2.29
40,female,Other Hispanic,former,diagnosed diabetes,1,1,normal,0,0,3.85
40,female,Other Hispanic,former,diagnosed diabetes,1,1,underweight,0,0,6.57
40,female,Other Hispanic,former,diagnosed diabetes,1,1,overweight,0,0,3.26
40,female,Other Hispanic,former,diagnosed diabetes,1,1,obese,0,0,3.68
40,female,Other Hispanic,current,normal,0,0,normal,0,0,2.61
40,female,Other Hispanic,current,normal,0,0,underweight,0,0,4.47
40,female,Other Hispanic,current,normal,0,0,overweight,0,0,2.21
40,female,Other Hispanic,current,normal,0,0,obese,0,0,2.49
40,female,Other Hispanic,current,normal,0,1,normal,0,0,4.2
40,female,Other Hispanic,current,normal,0,1,underweight,0,0,7.14
40,female,Other Hispanic,current,normal,0,1,overweight,0,0,3.55
40,female,Other Hispanic,current,normal,0,1,obese,0,0,4
40,female,Other Hispanic,current,normal,1,0,normal,0,0,3.24
40,female,Other Hispanic,current,normal,1,0,underweight,0,0,5.53
40,female,Other Hispanic,current,normal,1,0,overweight,0,0,2.74
40,female,Other Hispanic,current,normal,1,0,obese,0,0,3.09
40,female,Other Hispanic,current,normal,1,1,normal,0,0,5.2
40,female,Other Hispanic,current,normal,1,1,underweight,0,0,8.81
40,female,Other Hispanic,current,normal,1,1,overweight,0,0,4.4
40,female,Other Hispanic,current,normal,1,1,obese,0,0,4.96
40,female,Other Hispanic,current,prediabetes,0,0,normal,0,0,2.61
40,female,Other Hispanic,current,prediabetes,0,0,underweight,0,0,4.47
40,female,Other Hispanic,current,prediabetes,0,0,overweight,0,0,2.21
40,female,Other Hispanic,current,prediabetes,0,0,obese,0,0,2.49
40,female,Other Hispanic,current,prediabetes,0,1,normal,0,0,4.2
40,female,Other Hispanic,current,prediabetes,0,1,underweight,0,0,7.14
40,female,Other Hispanic,current,prediabetes,0,1,overweight,0,0,3.55
40,female,Other Hispanic,current,prediabetes,0,1,obese,0,0,4.01
40,female,Other Hispanic,current,prediabetes,1,0,normal,0,0,3.24
40,female,Other Hispanic,current,prediabetes,1,0,underweight,0,0,5.54
40,female,Other Hispanic,current,prediabetes,1,0,overweight,0,0,2.74
40,female,Other Hispanic,current,prediabetes,1,0,obese,0,0,3.09
40,female,Other Hispanic,current,prediabetes,1,1,normal,0,0,5.2
40,female,Other Hispanic,current,prediabetes,1,1,underweight,0,0,8.81
40,female,Other Hispanic,current,prediabetes,1,1,overweight,0,0,4.4
40,female,Other Hispanic,current,prediabetes,1,1,obese,0,0,4.96
40,female,Other Hispanic,current,undiagnosed diabetes,0,0,normal,0,0,3.59
40,female,Other Hispanic,current,undiagnosed diabetes,0,0,underweight,0,0,6.12
40,female,Other Hispanic,current,undiagnosed diabetes,0,0,overweight,0,0,3.03
40,female,Other Hispanic,current,undiagnosed diabetes,0,0,obese,0,0,3.42
40,female,Other Hispanic,current,undiagnosed diabetes,0,1,normal,0,0,5.74
40,female,Other Hispanic,current,undiagnosed diabetes,0,1,underweight,0,0,9.72
40,female,Other Hispanic,current,undiagnosed diabetes,0,1,overweight,0,0,4.86
40,female,Other Hispanic,current,undiagnosed diabetes,0,1,obese,0,0,5.48
40,female,Other Hispanic,current,undiagnosed diabetes,1,0,normal,0,0,4.45
40,female,Other Hispanic,current,undiagnosed diabetes,1,0,underweight,0,0,7.56
40,female,Other Hispanic,current,undiagnosed diabetes,1,0,overweight,0,0,3.76
40,female,Other Hispanic,current,undiagnosed diabetes,1,0,obese,0,0,4.24
40,female,Other Hispanic,current,undiagnosed diabetes,1,1,normal,0,0,7.1
40,female,Other Hispanic,current,undiagnosed diabetes,1,1,underweight,0,0,11.95
40,female,Other Hispanic,current,undiagnosed diabetes,1,1,overweight,0,0,6.02
40,female,Other Hispanic,current,undiagnosed diabetes,1,1,obese,0,0,6.78
40,female,Other Hispanic,current,diagnosed diabetes,0,0,normal,0,0,3.98
40,female,Other Hispanic,current,diagnosed diabetes,0,0,underweight,0,0,6.78
40,female,Other Hispanic,current,diagnosed diabetes,0,0,overweight,0,0,3.37
40,female,Other Hispanic,current,diagnosed diabetes,0,0,obese,0,0,3.8
40,female,Other Hispanic,current,diagnosed diabetes,0,1,normal,0,0,6.37
40,female,Other Hispanic,current,diagnosed diabetes,0,1,underweight,0,0,10.76
40,female,Other Hispanic,current,diagnosed diabetes,0,1,overweight,0,0,5.4
40,female,Other Hispanic,current,diagnosed diabetes,0,1,obese,0,0,6.09
40,female,Other Hispanic,current,diagnosed diabetes,1,0,normal,0,0,4.94
40,female,Other Hispanic,current,diagnosed diabetes,1,0,underweight,0,0,8.38
40,female,Other Hispanic,current,diagnosed diabetes,1,0,overweight,0,0,4.18
40,female,Other Hispanic,current,diagnosed diabetes,1,0,obese,0,0,4.71
40,female,Other Hispanic,current,diagnosed diabetes,1,1,normal,0,0,7.87
40,female,Other Hispanic,current,diagnosed diabetes,1,1,underweight,0,0,13.21
40,female,Other Hispanic,current,diagnosed diabetes,1,1,overweight,0,0,6.68
40,female,Other Hispanic,current,diagnosed diabetes,1,1,obese,0,0,7.52
40,female,Other/Multiracial,never,normal,0,0,normal,0,0,0.96
40,female,Other/Multiracial,never,normal,0,0,underweight,0,0,1.65
40,female,Other/Multiracial,never,normal,0,0,overweight,0,0,0.81
40,female,Other/Multiracial,never,normal,0,0,obese,0,0,0.91
40,female,Other/Multiracial,never,normal,0,1,normal,0,0,1.55
40,female,Other/Multiracial,never,normal,0,1,underweight,0,0,2.66
40,female,Other/Multiracial,never,normal,0,1,overweight,0,0,1.31
40,female,Other/Multiracial,never,normal,0,1,obese,0,0,1.47
40,female,Other/Multiracial,never,normal,1,0,normal,0,0,1.19
40,female,Other/Multiracial,never,normal,1,0,underweight,0,0,2.05
40,female,Other/Multiracial,never,normal,1,0,overweight,0,0,1
40,female,Other/Multiracial,never,normal,1,0,obese,0,0,1.14
40,female,Other/Multiracial,never,normal,1,1,normal,0,0,1.92
40,female,Other/Multiracial,never,normal,1,1,underweight,0,0,3.3
40,female,Other/Multiracial,never,normal,1,1,overweight,0,0,1.62
40,female,Other/Multiracial,never,normal,1,1,obese,0,0,1.83
40,female,Other/Multiracial,never,prediabetes,0,0,normal,0,0,0.96
40,female,Other/Multiracial,never,prediabetes,0,0,underweight,0,0,1.65
40,female,Other/Multiracial,never,prediabetes,0,0,overweight,0,0,0.81
40,female,Other/Multiracial,never,prediabetes,0,0,obese,0,0,0.91
40,female,Other/Multiracial,never,prediabetes,0,1,normal,0,0,1.55
40,female,Other/Multiracial,never,prediabetes,0,1,underweight,0,0,2.66
40,female,Other/Multiracial,never,prediabetes,0,1,overweight,0,0,1.31
40,female,Other/Multiracial,never,prediabetes,0,1,obese,0,0,1.48
40,female,Other/Multiracial,never,prediabetes,1,0,normal,0,0,1.19
40,female,Other/Multiracial,never,prediabetes,1,0,underweight,0,0,2.05
40,female,Other/Multiracial,never,prediabetes,1,0,overweight,0,0,1.01
40,female,Other/Multiracial,never,prediabetes,1,0,obese,0,0,1.14
40,female,Other/Multiracial,never,prediabetes,1,1,normal,0,0,1.92
40,female,Other/Multiracial,never,prediabetes,1,1,underweight,0,0,3.3
40,female,Other/Multiracial,never,prediabetes,1,1,overweight,0,0,1.62
40,female,Other/Multiracial,never,prediabetes,1,1,obese,0,0,1.83
40,female,Other/Multiracial,never,undiagnosed diabetes,0,0,normal,0,0,1.32
40,female,Other/Multiracial,never,undiagnosed diabetes,0,0,underweight,0,0,2.27
40,female,Other/Multiracial,never,undiagnosed diabetes,0,0,overweight,0,0,1.11
40,female,Other/Multiracial,never,undiagnosed diabetes,0,0,obese,0,0,1.26
40,female,Other/Multiracial,never,undiagnosed diabetes,0,1,normal,0,0,2.13
40,female,Other/Multiracial,never,undiagnosed diabetes,0,1,underweight,0,0,3.65
40,female,Other/Multiracial,never,undiagnosed diabetes,0,1,overweight,0,0,1.8
40,female,Other/Multiracial,never,undiagnosed diabetes,0,1,obese,0,0,2.03
40,female,Other/Multiracial,never,undiagnosed diabetes,1,0,normal,0,0,1.64
40,female,Other/Multiracial,never,undiagnosed diabetes,1,0,underweight,0,0,2.82
40,female,Other/Multiracial,never,undiagnosed diabetes,1,0,overweight,0,0,1.38
40,female,Other/Multiracial,never,undiagnosed diabetes,1,0,obese,0,0,1.56
40,female,Other/Multiracial,never,undiagnosed diabetes,1,1,normal,0,0,2.64
40,female,Other/Multiracial,never,undiagnosed diabetes,1,1,underweight,0,0,4.52
40,female,Other/Multiracial,never,undiagnosed diabetes,1,1,overweight,0,0,2.23
40,female,Other/Multiracial,never,undiagnosed diabetes,1,1,obese,0,0,2.52
40,female,Other/Multiracial,never,diagnosed diabetes,0,0,normal,0,0,1.47
40,female,Other/Multiracial,never,diagnosed diabetes,0,0,underweight,0,0,2.52
40,female,Other/Multiracial,never,diagnosed diabetes,0,0,overweight,0,0,1.24
40,female,Other/Multiracial,never,diagnosed diabetes,0,0,obese,0,0,1.4
40,female,Other/Multiracial,never,diagnosed diabetes,0,1,normal,0,0,2.37
40,female,Other/Multiracial,never,diagnosed diabetes,0,1,underweight,0,0,4.05
40,female,Other/Multiracial,never,diagnosed diabetes,0,1,overweight,0,0,2
40,female,Other/Multiracial,never,diagnosed diabetes,0,1,obese,0,0,2.26
40,female,Other/Multiracial,never,diagnosed diabetes,1,0,normal,0,0,1.82
40,female,Other/Multiracial,never,diagnosed diabetes,1,0,underweight,0,0,3.13
40,female,Other/Multiracial,never,diagnosed diabetes,1,0,overweight,0,0,1.54
40,female,Other/Multiracial,never,diagnosed diabetes,1,0,obese,0,0,1.74
40,female,Other/Multiracial,never,diagnosed diabetes,1,1,normal,0,0,2.94
40,female,Other/Multiracial,never,diagnosed diabetes,1,1,underweight,0,0,5.02
40,female,Other/Multiracial,never,diagnosed diabetes,1,1,overweight,0,0,2.48
40,female,Other/Multiracial,never,diagnosed diabetes,1,1,obese,0,0,2.8
40,female,Other/Multiracial,former,normal,0,0,normal,0,0,1.18
40,female,Other/Multiracial,former,normal,0,0,underweight,0,0,2.02
40,female,Other/Multiracial,former,normal,0,0,overweight,0,0,0.99
40,female,Other/Multiracial,former,normal,0,0,obese,0,0,1.12
40,female,Other/Multiracial,former,normal,0,1,normal,0,0,1.9
40,female,Other/Multiracial,former,normal,0,1,underweight,0,0,3.26
40,female,Other/Multiracial,former,normal,0,1,overweight,0,0,1.6
40,female,Other/Multiracial,former,normal,0,1,obese,0,0,1.81
40,female,Other/Multiracial,former,normal,1,0,normal,0,0,1.46
40,female,Other/Multiracial,former,normal,1,0,underweight,0,0,2.51
40,female,Other/Multiracial,former,normal,1,0,overweight,0,0,1.23
40,female,Other/Multiracial,former,normal,1,0,obese,0,0,1.39
40,female,Other/Multiracial,former,normal,1,1,normal,0,0,2.36
40,female,Other/Multiracial,former,normal,1,1,underweight,0,0,4.04
40,female,Other/Multiracial,former,normal,1,1,overweight,0,0,1.99
40,female,Other/Multiracial,former,normal,1,1,obese,0,0,2.25
40,female,Other/Multiracial,former,prediabetes,0,0,normal,0,0,1.18
40,female,Other/Multiracial,former,prediabetes,0,0,underweight,0,0,2.02
40,female,Other/Multiracial,former,prediabetes,0,0,overweight,0,0,0.99
40,female,Other/Multiracial,former,prediabetes,0,0,obese,0,0,1.12
40,female,Other/Multiracial,former,prediabetes,0,1,normal,0,0,1.9
40,female,Other/Multiracial,former,prediabetes,0,1,underweight,0,0,3.26
40,female,Other/Multiracial,former,prediabetes,0,1,overweight,0,0,1.6
40,female,Other/Multiracial,former,prediabetes,0,1,obese,0,0,1.81
40,female,Other/Multiracial,former,prediabetes,1,0,normal,0,0,1.46
40,female,Other/Multiracial,former,prediabetes,1,0,underweight,0,0,2.51
40,female,Other/Multiracial,former,prediabetes,1,0,overweight,0,0,1.23
40,female,Other/Multiracial,former,prediabetes,1,0,obese,0,0,1.4
40,female,Other/Multiracial,former,prediabetes,1,1,normal,0,0,2.36
40,female,Other/Multiracial,former,prediabetes,1,1,underweight,0,0,4.04
40,female,Other/Multiracial,former,prediabetes,1,1,overweight,0,0,1.99
40,female,Other/Multiracial,former,prediabetes,1,1,obese,0,0,2.25
40,female,Other/Multiracial,former,undiagnosed diabetes,0,0,normal,0,0,1.62
40,female,Other/Multiracial,former,undiagnosed diabetes,0,0,underweight,0,0,2.78
40,female,Other/Multiracial,former,undiagnosed diabetes,0,0,overweight,0,0,1.37
40,female,Other/Multiracial,former,undiagnosed diabetes,0,0,obese,0,0,1.54
40,female,Other/Multiracial,former,undiagnosed diabetes,0,1,normal,0,0,2.61
40,female,Other/Multiracial,former,undiagnosed diabetes,0,1,underweight,0,0,4.47
40,female,Other/Multiracial,former,undiagnosed diabetes,0,1,overweight,0,0,2.2
40,female,Other/Multiracial,former,undiagnosed diabetes,0,1,obese,0,0,2.49
40,female,Other/Multiracial,former,undiagnosed diabetes,1,0,normal,0,0,2.01
40,female,Other/Multiracial,former,undiagnosed diabetes,1,0,underweight,0,0,3.45
40,female,Other/Multiracial,former,undiagnosed diabetes,1,0,overweight,0,0,1.7
40,female,Other/Multiracial,former,undiagnosed diabetes,1,0,obese,0,0,1.92
40,female,Other/Multiracial,former,undiagnosed diabetes,1,1,normal,0,0,3.24
40,female,Other/Multiracial,former,undiagnosed diabetes,1,1,underweight,0,0,5.53
40,female,Other/Multiracial,former,undiagnosed diabetes,1,1,overweight,0,0,2.74
40,female,Other/Multiracial,former,undiagnosed diabetes,1,1,obese,0,0,3.09
40,female,Other/Multiracial,former,diagnosed diabetes,0,0,normal,0,0,1.8
40,female,Other/Multiracial,former,diagnosed diabetes,0,0,underweight,0,0,3.09
40,female,Other/Multiracial,former,diagnosed diabetes,0,0,overweight,0,0,1.52
40,female,Other/Multiracial,former,diagnosed diabetes,0,0,obese,0,0,1.72
40,female,Other/Multiracial,former,diagnosed diabetes,0,1,normal,0,0,2.9
40,female,Other/Multiracial,former,diagnosed diabetes,0,1,underweight,0,0,4.96
40,female,Other/Multiracial,former,diagnosed diabetes,0,1,overweight,0,0,2.45
40,female,Other/Multiracial,former,diagnosed diabetes,0,1,obese,0,0,2.77
40,female,Other/Multiracial,former,diagnosed diabetes,1,0,normal,0,0,2.24
40,female,Other/Multiracial,former,diagnosed diabetes,1,0,underweight,0,0,3.83
40,female,Other/Multiracial,former,diagnosed diabetes,1,0,overweight,0,0,1.89
40,female,Other/Multiracial,former,diagnosed diabetes,1,0,obese,0,0,2.13
40,female,Other/Multiracial,former,diagnosed diabetes,1,1,normal,0,0,3.6
40,female,Other/Multiracial,former,diagnosed diabetes,1,1,underweight,0,0,6.14
40,female,Other/Multiracial,former,diagnosed diabetes,1,1,overweight,0,0,3.04
40,female,Other/Multiracial,former,diagnosed diabetes,1,1,obese,0,0,3.43
40,female,Other/Multiracial,current,normal,0,0,normal,0,0,2.44
40,female,Other/Multiracial,current,normal,0,0,underweight,0,0,4.17
40,female,Other/Multiracial,current,normal,0,0,overweight,0,0,2.06
40,female,Other/Multiracial,current,normal,0,0,obese,0,0,2.32
40,female,Other/Multiracial,current,normal,0,1,normal,0,0,3.92
40,female,Other/Multiracial,current,normal,0,1,underweight,0,0,6.67
40,female,Other/Multiracial,current,normal,0,1,overweight,0,0,3.31
40,female,Other/Multiracial,current,normal,0,1,obese,0,0,3.74
40,female,Other/Multiracial,current,normal,1,0,normal,0,0,3.03
40,female,Other/Multiracial,current,normal,1,0,underweight,0,0,5.17
40,female,Other/Multiracial,current,normal,1,0,overweight,0,0,2.56
40,female,Other/Multiracial,current,normal,1,0,obese,0,0,2.89
40,female,Other/Multiracial,current,normal,1,1,normal,0,0,4.85
40,female,Other/Multiracial,current,normal,1,1,underweight,0,0,8.24
40,female,Other/Multiracial,current,normal,1,1,overweight,0,0,4.11
40,female,Other/Multiracial,current,normal,1,1,obese,0,0,4.63
40,female,Other/Multiracial,current,prediabetes,0,0,normal,0,0,2.44
40,female,Other/Multiracial,current,prediabetes,0,0,underweight,0,0,4.18
40,female,Other/Multiracial,current,prediabetes,0,0,overweight,0,0,2.06
40,female,Other/Multiracial,current,prediabetes,0,0,obese,0,0,2.33
40,female,Other/Multiracial,current,prediabetes,0,1,normal,0,0,3.92
40,female,Other/Multiracial,current,prediabetes,0,1,underweight,0,0,6.68
40,female,Other/Multiracial,current,prediabetes,0,1,overweight,0,0,3.31
40,female,Other/Multiracial,current,prediabetes,0,1,obese,0,0,3.74
40,female,Other/Multiracial,current,prediabetes,1,0,normal,0,0,3.03
40,female,Other/Multiracial,current,prediabetes,1,0,underweight,0,0,5.17
40,female,Other/Multiracial,current,prediabetes,1,0,overweight,0,0,2.56
40,female,Other/Multiracial,current,prediabetes,1,0,obese,0,0,2.89
40,female,Other/Multiracial,current,prediabetes,1,1,normal,0,0,4.86
40,female,Other/Multiracial,current,prediabetes,1,1,underweight,0,0,8.24
40,female,Other/Multiracial,current,prediabetes,1,1,overweight,0,0,4.11
40,female,Other/Multiracial,current,prediabetes,1,1,obese,0,0,4.64
40,female,Other/Multiracial,current,undiagnosed diabetes,0,0,normal,0,0,3.35
40,female,Other/Multiracial,current,undiagnosed diabetes,0,0,underweight,0,0,5.71
40,female,Other/Multiracial,current,undiagnosed diabetes,0,0,overweight,0,0,2.83
40,female,Other/Multiracial,current,undiagnosed diabetes,0,0,obese,0,0,3.19
40,female,Other/Multiracial,current,undiagnosed diabetes,0,1,normal,0,0,5.37
40,female,Other/Multiracial,current,undiagnosed diabetes,0,1,underweight,0,0,9.09
40,female,Other/Multiracial,current,undiagnosed diabetes,0,1,overweight,0,0,4.54
40,female,Other/Multiracial,current,undiagnosed diabetes,0,1,obese,0,0,5.12
40,female,Other/Multiracial,current,undiagnosed diabetes,1,0,normal,0,0,4.15
40,female,Other/Multiracial,current,undiagnosed diabetes,1,0,underweight,0,0,7.06
40,female,Other/Multiracial,current,undiagnosed diabetes,1,0,overweight,0,0,3.51
40,female,Other/Multiracial,current,undiagnosed diabetes,1,0,obese,0,0,3.96
40,female,Other/Multiracial,current,undiagnosed diabetes,1,1,normal,0,0,6.64
40,female,Other/Multiracial,current,undiagnosed diabetes,1,1,underweight,0,0,11.19
40,female,Other/Multiracial,current,undiagnosed diabetes,1,1,overweight,0,0,5.62
40,female,Other/Multiracial,current,undiagnosed diabetes,1,1,obese,0,0,6.34
40,female,Other/Multiracial,current,diagnosed diabetes,0,0,normal,0,0,3.72
40,female,Other/Multiracial,current,diagnosed diabetes,0,0,underweight,0,0,6.34
40,female,Other/Multiracial,current,diagnosed diabetes,0,0,overweight,0,0,3.14
40,female,Other/Multiracial,current,diagnosed diabetes,0,0,obese,0,0,3.55
40,female,Other/Multiracial,current,diagnosed diabetes,0,1,normal,0,0,5.96
40,female,Other/Multiracial,current,diagnosed diabetes,0,1,underweight,0,0,10.07
40,female,Other/Multiracial,current,diagnosed diabetes,0,1,overweight,0,0,5.04
40,female,Other/Multiracial,current,diagnosed diabetes,0,1,obese,0,0,5.69
40,female,Other/Multiracial,current,diagnosed diabetes,1,0,normal,0,0,4.61
40,female,Other/Multiracial,current,diagnosed diabetes,1,0,underweight,0,0,7.83
40,female,Other/Multiracial,current,diagnosed diabetes,1,0,overweight,0,0,3.9
40,female,Other/Multiracial,current,diagnosed diabetes,1,0,obese,0,0,4.4
40,female,Other/Multiracial,current,diagnosed diabetes,1,1,normal,0,0,7.36
40,female,Other/Multiracial,current,diagnosed diabetes,1,1,underweight,0,0,12.37
40,female,Other/Multiracial,current,diagnosed diabetes,1,1,overweight,0,0,6.24
40,female,Other/Multiracial,current,diagnosed diabetes,1,1,obese,0,0,7.03
50,male,Non-Hispanic White,never,normal,0,0,normal,0,0,3.67
50,male,Non-Hispanic White,never,normal,0,0,underweight,0,0,6.26
50,male,Non-Hispanic White,never,normal,0,0,overweight,0,0,3.11
50,male,Non-Hispanic White,never,normal,0,0,obese,0,0,3.51
50,male,Non-Hispanic White,never,normal,0,1,normal,0,0,5.88
50,male,Non-Hispanic White,never,normal,0,1,underweight,0,0,9.94
50,male,Non-Hispanic White,never,normal,0,1,overweight,0,0,4.98
50,male,Non-Hispanic White,never,normal,0,1,obese,0,0,5.62
50,male,Non-Hispanic White,never,normal,1,0,normal,0,0,4.55
50,male,Non-Hispanic White,never,normal,1,0,underweight,0,0,7.74
50,male,Non-Hispanic White,never,normal,1,0,overweight,0,0,3.85
50,male,Non-Hispanic White,never,normal,1,0,obese,0,0,4.35
50,male,Non-Hispanic White,never,normal,1,1,normal,0,0,7.27
50,male,Non-Hispanic White,never,normal,1,1,underweight,0,0,12.23
50,male,Non-Hispanic White,never,normal,1,1,overweight,0,0,6.16
50,male,Non-Hispanic White,never,normal,1,1,obese,0,0,6.94
50,male,Non-Hispanic White,never,prediabetes,0,0,normal,0,0,3.68
50,male,Non-Hispanic White,never,prediabetes,0,0,underweight,0,0,6.27
50,male,Non-Hispanic White,never,prediabetes,0,0,overweight,0,0,3.11
50,male,Non-Hispanic White,never,prediabetes,0,0,obese,0,0,3.51
50,male,Non-Hispanic White,never,prediabetes,0,1,normal,0,0,5.89
50,male,Non-Hispanic White,never,prediabetes,0,1,underweight,0,0,9.95
50,male,Non-Hispanic White,never,prediabetes,0,1,overweight,0,0,4.99
50,male,Non-Hispanic White,never,prediabetes,0,1,obese,0,0,5.62
50,male,Non-Hispanic White,never,prediabetes,1,0,normal,0,0,4.56
50,male,Non-Hispanic White,never,prediabetes,1,0,underweight,0,0,7.74
50,male,Non-Hispanic White,never,prediabetes,1,0,overweight,0,0,3.85
50,male,Non-Hispanic White,never,prediabetes,1,0,obese,0,0,4.35
50,male,Non-Hispanic White,never,prediabetes,1,1,normal,0,0,7.28
50,male,Non-Hispanic White,never,prediabetes,1,1,underweight,0,0,12.23
50,male,Non-Hispanic White,never,prediabetes,1,1,overweight,0,0,6.17
50,male,Non-Hispanic White,never,prediabetes,1,1,obese,0,0,6.95
50,male,Non-Hispanic White,never,undiagnosed diabetes,0,0,normal,0,0,5.03
50,male,Non-Hispanic White,never,undiagnosed diabetes,0,0,underweight,0,0,8.54
50,male,Non-Hispanic White,never,undiagnosed diabetes,0,0,overweight,0,0,4.26
50,male,Non-Hispanic White,never,undiagnosed diabetes,0,0,obese,0,0,4.81
50,male,Non-Hispanic White,never,undiagnosed diabetes,0,1,normal,0,0,8.03
50,male,Non-Hispanic White,never,undiagnosed diabetes,0,1,underweight,0,0,13.46
50,male,Non-Hispanic White,never,undiagnosed diabetes,0,1,overweight,0,0,6.81
50,male,Non-Hispanic White,never,undiagnosed diabetes,0,1,obese,0,0,7.67
50,male,Non-Hispanic White,never,undiagnosed diabetes,1,0,normal,0,0,6.23
50,male,Non-Hispanic White,never,undiagnosed diabetes,1,0,underweight,0,0,10.52
50,male,Non-Hispanic White,never,undiagnosed diabetes,1,0,overweight,0,0,5.28
50,male,Non-Hispanic White,never,undiagnosed diabetes,1,0,obese,0,0,5.95
50,male,Non-Hispanic White,never,undiagnosed diabetes,1,1,normal,0,0,9.89
50,male,Non-Hispanic White,never,undiagnosed diabetes,1,1,underweight,0,0,16.47
50,male,Non-Hispanic White,never,undiagnosed diabetes,1,1,overweight,0,0,8.41
50,male,Non-Hispanic White,never,undiagnosed diabetes,1,1,obese,0,0,9.45
50,male,Non-Hispanic White,never,diagnosed diabetes,0,0,normal,0,0,5.59
50,male,Non-Hispanic White,never,diagnosed diabetes,0,0,underweight,0,0,9.46
50,male,Non-Hispanic White,never,diagnosed diabetes,0,0,overweight,0,0,4.73
50,male,Non-Hispanic White,never,diagnosed diabetes,0,0,obese,0,0,5.34
50,male,Non-Hispanic White,never,diagnosed diabetes,0,1,normal,0,0,8.89
50,male,Non-Hispanic White,never,diagnosed diabetes,0,1,underweight,0,0,14.86
50,male,Non-Hispanic White,never,diagnosed diabetes,0,1,overweight,0,0,7.55
50,male,Non-Hispanic White,never,diagnosed diabetes,0,1,obese,0,0,8.5
50,male,Non-Hispanic White,never,diagnosed diabetes,1,0,normal,0,0,6.91
50,male,Non-Hispanic White,never,diagnosed diabetes,1,0,underweight,0,0,11.64
50,male,Non-Hispanic White,never,diagnosed diabetes,1,0,overweight,0,0,5.86
50,male,Non-Hispanic White,never,diagnosed diabetes,1,0,obese,0,0,6.6
50,male,Non-Hispanic White,never,diagnosed diabetes,1,1,normal,0,0,10.95
50,male,Non-Hispanic White,never,diagnosed diabetes,1,1,underweight,0,0,18.16
50,male,Non-Hispanic White,never,diagnosed diabetes,1,1,overweight,0,0,9.31
50,male,Non-Hispanic White,never,diagnosed diabetes,1,1,obese,0,0,10.47
50,male,Non-Hispanic White,former,normal,0,0,normal,0,0,4.5
50,male,Non-Hispanic White,former,normal,0,0,underweight,0,0,7.64
50,male,Non-Hispanic White,former,normal,0,0,overweight,0,0,3.8
50,male,Non-Hispanic White,former,normal,0,0,obese,0,0,4.29
50,male,Non-Hispanic White,former,normal,0,1,normal,0,0,7.18
50,male,Non-Hispanic White,former,normal,0,1,underweight,0,0,12.08
50,male,Non-Hispanic White,former,normal,0,1,overweight,0,0,6.09
50,male,Non-Hispanic White,former,normal,0,1,obese,0,0,6.86
50,male,Non-Hispanic White,former,normal,1,0,normal,0,0,5.57
50,male,Non-Hispanic White,former,normal,1,0,underweight,0,0,9.42
50,male,Non-Hispanic White,former,normal,1,0,overweight,0,0,4.71
50,male,Non-Hispanic White,former,normal,1,0,obese,0,0,5.31
50,male,Non-Hispanic White,former,normal,1,1,normal,0,0,8.86
50,male,Non-Hispanic White,former,normal,1,1,underweight,0,0,14.81
50,male,Non-Hispanic White,former,normal,1,1,overweight,0,0,7.52
50,male,Non-Hispanic White,former,normal,1,1,obese,0,0,8.46
50,male,Non-Hispanic White,former,prediabetes,0,0,normal,0,0,4.5
50,male,Non-Hispanic White,former,prediabetes,0,0,underweight,0,0,7.65
50,male,Non-Hispanic White,former,prediabetes,0,0,overweight,0,0,3.81
50,male,Non-Hispanic White,former,prediabetes,0,0,obese,0,0,4.29
50,male,Non-Hispanic White,former,prediabetes,0,1,normal,0,0,7.19
50,male,Non-Hispanic White,former,prediabetes,0,1,underweight,0,0,12.09
50,male,Non-Hispanic White,former,prediabetes,0,1,overweight,0,0,6.09
50,male,Non-Hispanic White,former,prediabetes,0,1,obese,0,0,6.86
50,male,Non-Hispanic White,former,prediabetes,1,0,normal,0,0,5.57
50,male,Non-Hispanic White,former,prediabetes,1,0,underweight,0,0,9.43
50,male,Non-Hispanic White,former,prediabetes,1,0,overweight,0,0,4.72
50,male,Non-Hispanic White,former,prediabetes,1,0,obese,0,0,5.32
50,male,Non-Hispanic White,former,prediabetes,1,1,normal,0,0,8.87
50,male,Non-Hispanic White,former,prediabetes,1,1,underweight,0,0,14.82
50,male,Non-Hispanic White,former,prediabetes,1,1,overweight,0,0,7.53
50,male,Non-Hispanic White,former,prediabetes,1,1,obese,0,0,8.47
50,male,Non-Hispanic White,former,undiagnosed diabetes,0,0,normal,0,0,6.15
50,male,Non-Hispanic White,former,undiagnosed diabetes,0,0,underweight,0,0,10.39
50,male,Non-Hispanic White,former,undiagnosed diabetes,0,0,overweight,0,0,5.21
50,male,Non-Hispanic White,former,undiagnosed diabetes,0,0,obese,0,0,5.87
50,male,Non-Hispanic White,former,undiagnosed diabetes,0,1,normal,0,0,9.77
50,male,Non-Hispanic White,former,undiagnosed diabetes,0,1,underweight,0,0,16.28
50,male,Non-Hispanic White,former,undiagnosed diabetes,0,1,overweight,0,0,8.3
50,male,Non-Hispanic White,former,undiagnosed diabetes,0,1,obese,0,0,9.34
50,male,Non-Hispanic White,former,undiagnosed diabetes,1,0,normal,0,0,7.6
50,male,Non-Hispanic White,former,undiagnosed diabetes,1,0,underweight,0,0,12.77
50,male,Non-Hispanic White,former,undiagnosed diabetes,1,0,overweight,0,0,6.45
50,male,Non-Hispanic White,former,undiagnosed diabetes,1,0,obese,0,0,7.26
50,male,Non-Hispanic White,former,undiagnosed diabetes,1,1,normal,0,0,12.02
50,male,Non-Hispanic White,former,undiagnosed diabetes,1,1,underweight,0,0,19.85
50,male,Non-Hispanic White,former,undiagnosed diabetes,1,1,overweight,0,0,10.23
50,male,Non-Hispanic White,former,undiagnosed diabetes,1,1,obese,0,0,11.49
50,male,Non-Hispanic White,former,diagnosed diabetes,0,0,normal,0,0,6.82
50,male,Non-Hispanic White,former,diagnosed diabetes,0,0,underweight,0,0,11.5
50,male,Non-Hispanic White,former,diagnosed diabetes,0,0,overweight,0,0,5.78
50,male,Non-Hispanic White,former,diagnosed diabetes,0,0,obese,0,0,6.52
50,male,Non-Hispanic White,former,diagnosed diabetes,0,1,normal,0,0,10.82
50,male,Non-Hispanic White,former,diagnosed diabetes,0,1,underweight,0,0,17.95
50,male,Non-Hispanic White,former,diagnosed diabetes,0,1,overweight,0,0,9.2
50,male,Non-Hispanic White,former,diagnosed diabetes,0,1,obese,0,0,10.34
50,male,Non-Hispanic White,former,diagnosed diabetes,1,0,normal,0,0,8.42
50,male,Non-Hispanic White,former,diagnosed diabetes,1,0,underweight,0,0,14.11
50,male,Non-Hispanic White,former,diagnosed diabetes,1,0,overweight,0,0,7.15
50,male,Non-Hispanic White,former,diagnosed diabetes,1,0,obese,0,0,8.05
50,male,Non-Hispanic White,former,diagnosed diabetes,1,1,normal,0,0,13.28
50,male,Non-Hispanic White,former,diagnosed diabetes,1,1,underweight,0,0,21.83
50,male,Non-Hispanic White,former,diagnosed diabetes,1,1,overweight,0,0,11.32
50,male,Non-Hispanic White,former,diagnosed diabetes,1,1,obese,0,0,12.71
50,male,Non-Hispanic White,current,normal,0,0,normal,0,0,9.15
50,male,Non-Hispanic White,current,normal,0,0,underweight,0,0,15.28
50,male,Non-Hispanic White,current,normal,0,0,overweight,0,0,7.77
50,male,Non-Hispanic White,current,normal,0,0,obese,0,0,8.74
50,male,Non-Hispanic White,current,normal,0,1,normal,0,0,14.4
50,male,Non-Hispanic White,current,normal,0,1,underweight,0,0,23.55
50,male,Non-Hispanic White,current,normal,0,1,overweight,0,0,12.28
50,male,Non-Hispanic White,current,normal,0,1,obese,0,0,13.77
50,male,Non-Hispanic White,current,normal,1,0,normal,0,0,11.26
50,male,Non-Hispanic White,current,normal,1,0,underweight,0,0,18.65
50,male,Non-Hispanic White,current,normal,1,0,overweight,0,0,9.58
50,male,Non-Hispanic White,current,normal,1,0,obese,0,0,10.77
50,male,Non-Hispanic White,current,normal,1,1,normal,0,0,17.59
50,male,Non-Hispanic White,current,normal,1,1,underweight,0,0,28.42
50,male,Non-Hispanic White,current,normal,1,1,overweight,0,0,15.05
50,male,Non-Hispanic White,current,normal,1,1,obese,0,0,16.85
50,male,Non-Hispanic White,current,prediabetes,0,0,normal,0,0,9.16
50,male,Non-Hispanic White,current,prediabetes,0,0,underweight,0,0,15.29
50,male,Non-Hispanic White,current,prediabetes,0,0,overweight,0,0,7.78
50,male,Non-Hispanic White,current,prediabetes,0,0,obese,0,0,8.75
50,male,Non-Hispanic White,current,prediabetes,0,1,normal,0,0,14.41
50,male,Non-Hispanic White,current,prediabetes,0,1,underweight,0,0,23.57
50,male,Non-Hispanic White,current,prediabetes,0,1,overweight,0,0,12.29
50,male,Non-Hispanic White,current,prediabetes,0,1,obese,0,0,13.78
50,male,Non-Hispanic White,current,prediabetes,1,0,normal,0,0,11.27
50,male,Non-Hispanic White,current,prediabetes,1,0,underweight,0,0,18.66
50,male,Non-Hispanic White,current,prediabetes,1,0,overweight,0,0,9.59
50,male,Non-Hispanic White,current,prediabetes,1,0,obese,0,0,10.77
50,male,Non-Hispanic White,current,prediabetes,1,1,normal,0,0,17.61
50,male,Non-Hispanic White,current,prediabetes,1,1,underweight,0,0,28.44
50,male,Non-Hispanic White,current,prediabetes,1,1,overweight,0,0,15.06
50,male,Non-Hispanic White,current,prediabetes,1,1,obese,0,0,16.86
50,male,Non-Hispanic White,current,undiagnosed diabetes,0,0,normal,0,0,12.41
50,male,Non-Hispanic White,current,undiagnosed diabetes,0,0,underweight,0,0,20.45
50,male,Non-Hispanic White,current,undiagnosed diabetes,0,0,overweight,0,0,10.56
50,male,Non-Hispanic White,current,undiagnosed diabetes,0,0,obese,0,0,11.86
50,male,Non-Hispanic White,current,undiagnosed diabetes,0,1,normal,0,0,19.31
50,male,Non-Hispanic White,current,undiagnosed diabetes,0,1,underweight,0,0,30.97
50,male,Non-Hispanic White,current,undiagnosed diabetes,0,1,overweight,0,0,16.54
50,male,Non-Hispanic White,current,undiagnosed diabetes,0,1,obese,0,0,18.5
50,male,Non-Hispanic White,current,undiagnosed diabetes,1,0,normal,0,0,15.2
50,male,Non-Hispanic White,current,undiagnosed diabetes,1,0,underweight,0,0,24.79
50,male,Non-Hispanic White,current,undiagnosed diabetes,1,0,overweight,0,0,12.98
50,male,Non-Hispanic White,current,undiagnosed diabetes,1,0,obese,0,0,14.55
50,male,Non-Hispanic White,current,undiagnosed diabetes,1,1,normal,0,0,23.44
50,male,Non-Hispanic White,current,undiagnosed diabetes,1,1,underweight,0,0,36.96
50,male,Non-Hispanic White,current,undiagnosed diabetes,1,1,overweight,0,0,20.16
50,male,Non-Hispanic White,current,undiagnosed diabetes,1,1,obese,0,0,22.48
50,male,Non-Hispanic White,current,diagnosed diabetes,0,0,normal,0,0,13.71
50,male,Non-Hispanic White,current,diagnosed diabetes,0,0,underweight,0,0,22.49
50,male,Non-Hispanic White,current,diagnosed diabetes,0,0,overweight,0,0,11.69
50,male,Non-Hispanic White,current,diagnosed diabetes,0,0,obese,0,0,13.11
50,male,Non-Hispanic White,current,diagnosed diabetes,0,1,normal,0,0,21.24
50,male,Non-Hispanic White,current,diagnosed diabetes,0,1,underweight,0,0,33.81
50,male,Non-Hispanic White,current,diagnosed diabetes,0,1,overweight,0,0,18.23
50,male,Non-Hispanic White,current,diagnosed diabetes,0,1,obese,0,0,20.36
50,male,Non-Hispanic White,current,diagnosed diabetes,1,0,normal,0,0,16.77
50,male,Non-Hispanic White,current,diagnosed diabetes,1,0,underweight,0,0,27.18
50,male,Non-Hispanic White,current,diagnosed diabetes,1,0,overweight,0,0,14.34
50,male,Non-Hispanic White,current,diagnosed diabetes,1,0,obese,0,0,16.06
50,male,Non-Hispanic White,current,diagnosed diabetes,1,1,normal,0,0,25.72
50,male,Non-Hispanic White,current,diagnosed diabetes,1,1,underweight,0,0,40.17
50,male,Non-Hispanic White,current,diagnosed diabetes,1,1,overweight,0,0,22.17
50,male,Non-Hispanic White,current,diagnosed diabetes,1,1,obese,0,0,24.68
50,male,Non-Hispanic Black,never,normal,0,0,normal,0,0,3.99
50,male,Non-Hispanic Black,never,normal,0,0,underweight,0,0,6.79
50,male,Non-Hispanic Black,never,normal,0,0,overweight,0,0,3.37
50,male,Non-Hispanic Black,never,normal,0,0,obese,0,0,3.81
50,male,Non-Hispanic Black,never,normal,0,1,normal,0,0,6.38
50,male,Non-Hispanic Black,never,normal,0,1,underweight,0,0,10.76
50,male,Non-Hispanic Black,never,normal,0,1,overweight,0,0,5.4
50,male,Non-Hispanic Black,never,normal,0,1,obese,0,0,6.09
50,male,Non-Hispanic Black,never,normal,1,0,normal,0,0,4.94
50,male,Non-Hispanic Black,never,normal,1,0,underweight,0,0,8.38
50,male,Non-Hispanic Black,never,normal,1,0,overweight,0,0,4.18
50,male,Non-Hispanic Black,never,normal,1,0,obese,0,0,4.72
50,male,Non-Hispanic Black,never,normal,1,1,normal,0,0,7.88
50,male,Non-Hispanic Black,never,normal,1,1,underweight,0,0,13.22
50,male,Non-Hispanic Black,never,normal,1,1,overweight,0,0,6.68
50,male,Non-Hispanic Black,never,normal,1,1,obese,0,0,7.53
50,male,Non-Hispanic Black,never,prediabetes,0,0,normal,0,0,3.99
50,male,Non-Hispanic Black,never,prediabetes,0,0,underweight,0,0,6.79
50,male,Non-Hispanic Black,never,prediabetes,0,0,overweight,0,0,3.37
50,male,Non-Hispanic Black,never,prediabetes,0,0,obese,0,0,3.81
50,male,Non-Hispanic Black,never,prediabetes,0,1,normal,0,0,6.38
50,male,Non-Hispanic Black,never,prediabetes,0,1,underweight,0,0,10.77
50,male,Non-Hispanic Black,never,prediabetes,0,1,overweight,0,0,5.41
50,male,Non-Hispanic Black,never,prediabetes,0,1,obese,0,0,6.09
50,male,Non-Hispanic Black,never,prediabetes,1,0,normal,0,0,4.94
50,male,Non-Hispanic Black,never,prediabetes,1,0,underweight,0,0,8.39
50,male,Non-Hispanic Black,never,prediabetes,1,0,overweight,0,0,4.18
50,male,Non-Hispanic Black,never,prediabetes,1,0,obese,0,0,4.72
50,male,Non-Hispanic Black,never,prediabetes,1,1,normal,0,0,7.88
50,male,Non-Hispanic Black,never,prediabetes,1,1,underweight,0,0,13.23
50,male,Non-Hispanic Black,never,prediabetes,1,1,overweight,0,0,6.69
50,male,Non-Hispanic Black,never,prediabetes,1,1,obese,0,0,7.53
50,male,Non-Hispanic Black,never,undiagnosed diabetes,0,0,normal,0,0,5.46
50,male,Non-Hispanic Black,never,undiagnosed diabetes,0,0,underweight,0,0,9.25
50,male,Non-Hispanic Black,never,undiagnosed diabetes,0,0,overweight,0,0,4.62
50,male,Non-Hispanic Black,never,undiagnosed diabetes,0,0,obese,0,0,5.21
50,male,Non-Hispanic Black,never,undiagnosed diabetes,0,1,normal,0,0,8.7
50,male,Non-Hispanic Black,never,undiagnosed diabetes,0,1,underweight,0,0,14.54
50,male,Non-Hispanic Black,never,undiagnosed diabetes,0,1,overweight,0,0,7.38
50,male,Non-Hispanic Black,never,undiagnosed diabetes,0,1,obese,0,0,8.31
50,male,Non-Hispanic Black,never,undiagnosed diabetes,1,0,normal,0,0,6.75
50,male,Non-Hispanic Black,never,undiagnosed diabetes,1,0,underweight,0,0,11.38
50,male,Non-Hispanic Black,never,undiagnosed diabetes,1,0,overweight,0,0,5.72
50,male,Non-Hispanic Black,never,undiagnosed diabetes,1,0,obese,0,0,6.45
50,male,Non-Hispanic Black,never,undiagnosed diabetes,1,1,normal,0,0,10.71
50,male,Non-Hispanic Black,never,undiagnosed diabetes,1,1,underweight,0,0,17.77
50,male,Non-Hispanic Black,never,undiagnosed diabetes,1,1,overweight,0,0,9.11
50,male,Non-Hispanic Black,never,undiagnosed diabetes,1,1,obese,0,0,10.24
50,male,Non-Hispanic Black,never,diagnosed diabetes,0,0,normal,0,0,6.06
50,male,Non-Hispanic Black,never,diagnosed diabetes,0,0,underweight,0,0,10.24
50,male,Non-Hispanic Black,never,diagnosed diabetes,0,0,overweight,0,0,5.13
50,male,Non-Hispanic Black,never,diagnosed diabetes,0,0,obese,0,0,5.79
50,male,Non-Hispanic Black,never,diagnosed diabetes,0,1,normal,0,0,9.63
50,male,Non-Hispanic Black,never,diagnosed diabetes,0,1,underweight,0,0,16.05
50,male,Non-Hispanic Black,never,diagnosed diabetes,0,1,overweight,0,0,8.18
50,male,Non-Hispanic Black,never,diagnosed diabetes,0,1,obese,0,0,9.2
50,male,Non-Hispanic Black,never,diagnosed diabetes,1,0,normal,0,0,7.49
50,male,Non-Hispanic Black,never,diagnosed diabetes,1,0,underweight,0,0,12.58
50,male,Non-Hispanic Black,never,diagnosed diabetes,1,0,overweight,0,0,6.35
50,male,Non-Hispanic Black,never,diagnosed diabetes,1,0,obese,0,0,7.15
50,male,Non-Hispanic Black,never,diagnosed diabetes,1,1,normal,0,0,11.85
50,male,Non-Hispanic Black,never,diagnosed diabetes,1,1,underweight,0,0,19.57
50,male,Non-Hispanic Black,never,diagnosed diabetes,1,1,overweight,0,0,10.08
50,male,Non-Hispanic Black,never,diagnosed diabetes,1,1,obese,0,0,11.33
50,male,Non-Hispanic Black,former,normal,0,0,normal,0,0,4.88
50,male,Non-Hispanic Black,former,normal,0,0,underweight,0,0,8.28
50,male,Non-Hispanic Black,former,normal,0,0,overweight,0,0,4.13
50,male,Non-Hispanic Black,former,normal,0,0,obese,0,0,4.66
50,male,Non-Hispanic Black,former,normal,0,1,normal,0,0,7.78
50,male,Non-Hispanic Black,former,normal,0,1,underweight,0,0,13.06
50,male,Non-Hispanic Black,former,normal,0,1,overweight,0,0,6.6
50,male,Non-Hispanic Black,former,normal,0,1,obese,0,0,7.43
50,male,Non-Hispanic Black,former,normal,1,0,normal,0,0,6.04
50,male,Non-Hispanic Black,former,normal,1,0,underweight,0,0,10.2
50,male,Non-Hispanic Black,former,normal,1,0,overweight,0,0,5.11
50,male,Non-Hispanic Black,former,normal,1,0,obese,0,0,5.76
50,male,Non-Hispanic Black,former,normal,1,1,normal,0,0,9.59
50,male,Non-Hispanic Black,former,normal,1,1,underweight,0,0,15.99
50,male,Non-Hispanic Black,former,normal,1,1,overweight,0,0,8.15
50,male,Non-Hispanic Black,former,normal,1,1,obese,0,0,9.17
50,male,Non-Hispanic Black,former,prediabetes,0,0,normal,0,0,4.88
50,male,Non-Hispanic Black,former,prediabetes,0,0,underweight,0,0,8.28
50,male,Non-Hispanic Black,former,prediabetes,0,0,overweight,0,0,4.13
50,male,Non-Hispanic Black,former,prediabetes,0,0,obese,0,0,4.66
50,male,Non-Hispanic Black,former,prediabetes,0,1,normal,0,0,7.79
50,male,Non-Hispanic Black,former,prediabetes,0,1,underweight,0,0,13.07
50,male,Non-Hispanic Black,former,prediabetes,0,1,overweight,0,0,6.61
50,male,Non-Hispanic Black,former,prediabetes,0,1,obese,0,0,7.44
50,male,Non-Hispanic Black,former,prediabetes,1,0,normal,0,0,6.04
50,male,Non-Hispanic Black,former,prediabetes,1,0,underweight,0,0,10.21
50,male,Non-Hispanic Black,former,prediabetes,1,0,overweight,0,0,5.12
50,male,Non-Hispanic Black,former,prediabetes,1,0,obese,0,0,5.77
50,male,Non-Hispanic Black,former,prediabetes,1,1,normal,0,0,9.6
50,male,Non-Hispanic Black,former,prediabetes,1,1,underweight,0,0,16
50,male,Non-Hispanic Black,former,prediabetes,1,1,overweight,0,0,8.16
50,male,Non-Hispanic Black,former,prediabetes,1,1,obese,0,0,9.17
50,male,Non-Hispanic Black,former,undiagnosed diabetes,0,0,normal,0,0,6.67
50,male,Non-Hispanic Black,former,undiagnosed diabetes,0,0,underweight,0,0,11.24
50,male,Non-Hispanic Black,former,undiagnosed diabetes,0,0,overweight,0,0,5.65
50,male,Non-Hispanic Black,former,undiagnosed diabetes,0,0,obese,0,0,6.37
50,male,Non-Hispanic Black,former,undiagnosed diabetes,0,1,normal,0,0,10.58
50,male,Non-Hispanic Black,former,undiagnosed diabetes,0,1,underweight,0,0,17.57
50,male,Non-Hispanic Black,former,undiagnosed diabetes,0,1,overweight,0,0,8.99
50,male,Non-Hispanic Black,former,undiagnosed diabetes,0,1,obese,0,0,10.11
50,male,Non-Hispanic Black,former,undiagnosed diabetes,1,0,normal,0,0,8.24
50,male,Non-Hispanic Black,former,undiagnosed diabetes,1,0,underweight,0,0,13.8
50,male,Non-Hispanic Black,former,undiagnosed diabetes,1,0,overweight,0,0,6.99
50,male,Non-Hispanic Black,former,undiagnosed diabetes,1,0,obese,0,0,7.87
50,male,Non-Hispanic Black,former,undiagnosed diabetes,1,1,normal,0,0,12.99
50,male,Non-Hispanic Black,former,undiagnosed diabetes,1,1,underweight,0,0,21.38
50,male,Non-Hispanic Black,former,undiagnosed diabetes,1,1,overweight,0,0,11.07
50,male,Non-Hispanic Black,former,undiagnosed diabetes,1,1,obese,0,0,12.43
50,male,Non-Hispanic Black,former,diagnosed diabetes,0,0,normal,0,0,7.4
50,male,Non-Hispanic Black,former,diagnosed diabetes,0,0,underweight,0,0,12.43
50,male,Non-Hispanic Black,former,diagnosed diabetes,0,0,overweight,0,0,6.27
50,male,Non-Hispanic Black,former,diagnosed diabetes,0,0,obese,0,0,7.06
50,male,Non-Hispanic Black,former,diagnosed diabetes,0,1,normal,0,0,11.7
50,male,Non-Hispanic Black,former,diagnosed diabetes,0,1,underweight,0,0,19.35
50,male,Non-Hispanic Black,former,diagnosed diabetes,0,1,overweight,0,0,9.96
50,male,Non-Hispanic Black,former,diagnosed diabetes,0,1,obese,0,0,11.19
50,male,Non-Hispanic Black,former,diagnosed diabetes,1,0,normal,0,0,9.12
50,male,Non-Hispanic Black,former,diagnosed diabetes,1,0,underweight,0,0,15.24
50,male,Non-Hispanic Black,former,diagnosed diabetes,1,0,overweight,0,0,7.75
50,male,Non-Hispanic Black,former,diagnosed diabetes,1,0,obese,0,0,8.72
50,male,Non-Hispanic Black,former,diagnosed diabetes,1,1,normal,0,0,14.36
50,male,Non-Hispanic Black,former,diagnosed diabetes,1,1,underweight,0,0,23.49
50,male,Non-Hispanic Black,former,diagnosed diabetes,1,1,overweight,0,0,12.25
50,male,Non-Hispanic Black,former,diagnosed diabetes,1,1,obese,0,0,13.73
50,male,Non-Hispanic Black,current,normal,0,0,normal,0,0,9.91
50,male,Non-Hispanic Black,current,normal,0,0,underweight,0,0,16.49
50,male,Non-Hispanic Black,current,normal,0,0,overweight,0,0,8.42
50,male,Non-Hispanic Black,current,normal,0,0,obese,0,0,9.47
50,male,Non-Hispanic Black,current,normal,0,1,normal,0,0,15.55
50,male,Non-Hispanic Black,current,normal,0,1,underweight,0,0,25.32
50,male,Non-Hispanic Black,current,normal,0,1,overweight,0,0,13.28
50,male,Non-Hispanic Black,current,normal,0,1,obese,0,0,14.88
50,male,Non-Hispanic Black,current,normal,1,0,normal,0,0,12.18
50,male,Non-Hispanic Black,current,normal,1,0,underweight,0,0,20.1
50,male,Non-Hispanic Black,current,normal,1,0,overweight,0,0,10.37
50,male,Non-Hispanic Black,current,normal,1,0,obese,0,0,11.65
50,male,Non-Hispanic Black,current,normal,1,1,normal,0,0,18.97
50,male,Non-Hispanic Black,current,normal,1,1,underweight,0,0,30.48
50,male,Non-Hispanic Black,current,normal,1,1,overweight,0,0,16.25
50,male,Non-Hispanic Black,current,normal,1,1,obese,0,0,18.17
50,male,Non-Hispanic Black,current,prediabetes,0,0,normal,0,0,9.91
50,male,Non-Hispanic Black,current,prediabetes,0,0,underweight,0,0,16.51
50,male,Non-Hispanic Black,current,prediabetes,0,0,overweight,0,0,8.42
50,male,Non-Hispanic Black,current,prediabetes,0,0,obese,0,0,9.47
50,male,Non-Hispanic Black,current,prediabetes,0,1,normal,0,0,15.56
50,male,Non-Hispanic Black,current,prediabetes,0,1,underweight,0,0,25.34
50,male,Non-Hispanic Black,current,prediabetes,0,1,overweight,0,0,13.29
50,male,Non-Hispanic Black,current,prediabetes,0,1,obese,0,0,14.89
50,male,Non-Hispanic Black,current,prediabetes,1,0,normal,0,0,12.19
50,male,Non-Hispanic Black,current,prediabetes,1,0,underweight,0,0,20.12
50,male,Non-Hispanic Black,current,prediabetes,1,0,overweight,0,0,10.38
50,male,Non-Hispanic Black,current,prediabetes,1,0,obese,0,0,11.66
50,male,Non-Hispanic Black,current,prediabetes,1,1,normal,0,0,18.99
50,male,Non-Hispanic Black,current,prediabetes,1,1,underweight,0,0,30.5
50,male,Non-Hispanic Black,current,prediabetes,1,1,overweight,0,0,16.26
50,male,Non-Hispanic Black,current,prediabetes,1,1,obese,0,0,18.19
50,male,Non-Hispanic Black,current,undiagnosed diabetes,0,0,normal,0,0,13.41
50,male,Non-Hispanic Black,current,undiagnosed diabetes,0,0,underweight,0,0,22.03
50,male,Non-Hispanic Black,current,undiagnosed diabetes,0,0,overweight,0,0,11.43
50,male,Non-Hispanic Black,current,undiagnosed diabetes,0,0,obese,0,0,12.83
50,male,Non-Hispanic Black,current,undiagnosed diabetes,0,1,normal,0,0,20.8
50,male,Non-Hispanic Black,current,undiagnosed diabetes,0,1,underweight,0,0,33.17
50,male,Non-Hispanic Black,current,undiagnosed diabetes,0,1,overweight,0,0,17.85
50,male,Non-Hispanic Black,current,undiagnosed diabetes,0,1,obese,0,0,19.94
50,male,Non-Hispanic Black,current,undiagnosed diabetes,1,0,normal,0,0,16.41
50,male,Non-Hispanic Black,current,undiagnosed diabetes,1,0,underweight,0,0,26.64
50,male,Non-Hispanic Black,current,undiagnosed diabetes,1,0,overweight,0,0,14.03
50,male,Non-Hispanic Black,current,undiagnosed diabetes,1,0,obese,0,0,15.71
50,male,Non-Hispanic Black,current,undiagnosed diabetes,1,1,normal,0,0,25.2
50,male,Non-Hispanic Black,current,undiagnosed diabetes,1,1,underweight,0,0,39.45
50,male,Non-Hispanic Black,current,undiagnosed diabetes,1,1,overweight,0,0,21.71
50,male,Non-Hispanic Black,current,undiagnosed diabetes,1,1,obese,0,0,24.18
50,male,Non-Hispanic Black,current,diagnosed diabetes,0,0,normal,0,0,14.81
50,male,Non-Hispanic Black,current,diagnosed diabetes,0,0,underweight,0,0,24.19
50,male,Non-Hispanic Black,current,diagnosed diabetes,0,0,overweight,0,0,12.64
50,male,Non-Hispanic Black,current,diagnosed diabetes,0,0,obese,0,0,14.17
50,male,Non-Hispanic Black,current,diagnosed diabetes,0,1,normal,0,0,22.87
50,male,Non-Hispanic Black,current,diagnosed diabetes,0,1,underweight,0,0,36.15
50,male,Non-Hispanic Black,current,diagnosed diabetes,0,1,overweight,0,0,19.66
50,male,Non-Hispanic Black,current,diagnosed diabetes,0,1,obese,0,0,21.93
50,male,Non-Hispanic Black,current,diagnosed diabetes,1,0,normal,0,0,18.09
50,male,Non-Hispanic Black,current,diagnosed diabetes,1,0,underweight,0,0,29.17
50,male,Non-Hispanic Black,current,diagnosed diabetes,1,0,overweight,0,0,15.48
50,male,Non-Hispanic Black,current,diagnosed diabetes,1,0,obese,0,0,17.33
50,male,Non-Hispanic Black,current,diagnosed diabetes,1,1,normal,0,0,27.62
50,male,Non-Hispanic Black,current,diagnosed diabetes,1,1,underweight,0,0,42.79
50,male,Non-Hispanic Black,current,diagnosed diabetes,1,1,overweight,0,0,23.85
50,male,Non-Hispanic Black,current,diagnosed diabetes,1,1,obese,0,0,26.52
50,male,Mexican American,never,normal,0,0,normal,0,0,3.12
50,male,Mexican American,never,normal,0,0,underweight,0,0,5.33
50,male,Mexican American,never,normal,0,0,overweight,0,0,2.64
50,male,Mexican American,never,normal,0,0,obese,0,0,2.98
50,male,Mexican American,never,normal,0,1,normal,0,0,5.01
50,male,Mexican American,never,normal,0,1,underweight,0,0,8.49
50,male,Mexican American,never,normal,0,1,overweight,0,0,4.24
50,male,Mexican American,never,normal,0,1,obese,0,0,4.78
50,male,Mexican American,never,normal,1,0,normal,0,0,3.87
50,male,Mexican American,never,normal,1,0,underweight,0,0,6.59
50,male,Mexican American,never,normal,1,0,overweight,0,0,3.27
50,male,Mexican American,never,normal,1,0,obese,0,0,3.69
50,male,Mexican American,never,normal,1,1,normal,0,0,6.19
50,male,Mexican American,never,normal,1,1,underweight,0,0,10.46
50,male,Mexican American,never,normal,1,1,overweight,0,0,5.25
50,male,Mexican American,never,normal,1,1,obese,0,0,5.91
50,male,Mexican American,never,prediabetes,0,0,normal,0,0,3.12
50,male,Mexican American,never,prediabetes,0,0,underweight,0,0,5.33
50,male,Mexican American,never,prediabetes,0,0,overweight,0,0,2.64
50,male,Mexican American,never,prediabetes,0,0,obese,0,0,2.98
50,male,Mexican American,never,prediabetes,0,1,normal,0,0,5.01
50,male,Mexican American,never,prediabetes,0,1,underweight,0,0,8.5
50,male,Mexican American,never,prediabetes,0,1,overweight,0,0,4.24
50,male,Mexican American,never,prediabetes,0,1,obese,0,0,4.78
50,male,Mexican American,never,prediabetes,1,0,normal,0,0,3.87
50,male,Mexican American,never,prediabetes,1,0,underweight,0,0,6.6
50,male,Mexican American,never,prediabetes,1,0,overweight,0,0,3.28
50,male,Mexican American,never,prediabetes,1,0,obese,0,0,3.7
50,male,Mexican American,never,prediabetes,1,1,normal,0,0,6.2
50,male,Mexican American,never,prediabetes,1,1,underweight,0,0,10.47
50,male,Mexican American,never,prediabetes,1,1,overweight,0,0,5.25
50,male,Mexican American,never,prediabetes,1,1,obese,0,0,5.92
50,male,Mexican American,never,undiagnosed diabetes,0,0,normal,0,0,4.28
50,male,Mexican American,never,undiagnosed diabetes,0,0,underweight,0,0,7.28
50,male,Mexican American,never,undiagnosed diabetes,0,0,overweight,0,0,3.62
50,male,Mexican American,never,undiagnosed diabetes,0,0,obese,0,0,4.09
50,male,Mexican American,never,undiagnosed diabetes,0,1,normal,0,0,6.84
50,male,Mexican American,never,undiagnosed diabetes,0,1,underweight,0,0,11.53
50,male,Mexican American,never,undiagnosed diabetes,0,1,overweight,0,0,5.8
50,male,Mexican American,never,undiagnosed diabetes,0,1,obese,0,0,6.53
50,male,Mexican American,never,undiagnosed diabetes,1,0,normal,0,0,5.3
50,male,Mexican American,never,undiagnosed diabetes,1,0,underweight,0,0,8.98
50,male,Mexican American,never,undiagnosed diabetes,1,0,overweight,0,0,4.49
50,male,Mexican American,never,undiagnosed diabetes,1,0,obese,0,0,5.06
50,male,Mexican American,never,undiagnosed diabetes,1,1,normal,0,0,8.45
50,male,Mexican American,never,undiagnosed diabetes,1,1,underweight,0,0,14.14
50,male,Mexican American,never,undiagnosed diabetes,1,1,overweight,0,0,7.17
50,male,Mexican American,never,undiagnosed diabetes,1,1,obese,0,0,8.07
50,male,Mexican American,never,diagnosed diabetes,0,0,normal,0,0,4.76
50,male,Mexican American,never,diagnosed diabetes,0,0,underweight,0,0,8.07
50,male,Mexican American,never,diagnosed diabetes,0,0,overweight,0,0,4.02
50,male,Mexican American,never,diagnosed diabetes,0,0,obese,0,0,4.54
50,male,Mexican American,never,diagnosed diabetes,0,1,normal,0,0,7.59
50,male,Mexican American,never,diagnosed diabetes,0,1,underweight,0,0,12.74
50,male,Mexican American,never,diagnosed diabetes,0,1,overweight,0,0,6.44
50,male,Mexican American,never,diagnosed diabetes,0,1,obese,0,0,7.25
50,male,Mexican American,never,diagnosed diabetes,1,0,normal,0,0,5.89
50,male,Mexican American,never,diagnosed diabetes,1,0,underweight,0,0,9.95
50,male,Mexican American,never,diagnosed diabetes,1,0,overweight,0,0,4.98
50,male,Mexican American,never,diagnosed diabetes,1,0,obese,0,0,5.62
50,male,Mexican American,never,diagnosed diabetes,1,1,normal,0,0,9.36
50,male,Mexican American,never,diagnosed diabetes,1,1,underweight,0,0,15.61
50,male,Mexican American,never,diagnosed diabetes,1,1,overweight,0,0,7.95
50,male,Mexican American,never,diagnosed diabetes,1,1,obese,0,0,8.94
50,male,Mexican American,former,normal,0,0,normal,0,0,3.82
50,male,Mexican American,former,normal,0,0,underweight,0,0,6.51
50,male,Mexican American,former,normal,0,0,overweight,0,0,3.23
50,male,Mexican American,former,normal,0,0,obese,0,0,3.65
50,male,Mexican American,former,normal,0,1,normal,0,0,6.12
50,male,Mexican American,former,normal,0,1,underweight,0,0,10.33
50,male,Mexican American,former,normal,0,1,overweight,0,0,5.18
50,male,Mexican American,former,normal,0,1,obese,0,0,5.84
50,male,Mexican American,former,normal,1,0,normal,0,0,4.74
50,male,Mexican American,former,normal,1,0,underweight,0,0,8.04
50,male,Mexican American,former,normal,1,0,overweight,0,0,4.01
50,male,Mexican American,former,normal,1,0,obese,0,0,4.52
50,male,Mexican American,former,normal,1,1,normal,0,0,7.56
50,male,Mexican American,former,normal,1,1,underweight,0,0,12.7
50,male,Mexican American,former,normal,1,1,overweight,0,0,6.41
50,male,Mexican American,former,normal,1,1,obese,0,0,7.22
50,male,Mexican American,former,prediabetes,0,0,normal,0,0,3.82
50,male,Mexican American,former,prediabetes,0,0,underweight,0,0,6.52
50,male,Mexican American,former,prediabetes,0,0,overweight,0,0,3.23
50,male,Mexican American,former,prediabetes,0,0,obese,0,0,3.65
50,male,Mexican American,former,prediabetes,0,1,normal,0,0,6.12
50,male,Mexican American,former,prediabetes,0,1,underweight,0,0,10.34
50,male,Mexican American,former,prediabetes,0,1,overweight,0,0,5.19
50,male,Mexican American,former,prediabetes,0,1,obese,0,0,5.84
50,male,Mexican American,former,prediabetes,1,0,normal,0,0,4.74
50,male,Mexican American,former,prediabetes,1,0,underweight,0,0,8.05
50,male,Mexican American,former,prediabetes,1,0,overweight,0,0,4.01
50,male,Mexican American,former,prediabetes,1,0,obese,0,0,4.52
50,male,Mexican American,former,prediabetes,1,1,normal,0,0,7.56
50,male,Mexican American,former,prediabetes,1,1,underweight,0,0,12.71
50,male,Mexican American,former,prediabetes,1,1,overweight,0,0,6.41
50,male,Mexican American,former,prediabetes,1,1,obese,0,0,7.22
50,male,Mexican American,former,undiagnosed diabetes,0,0,normal,0,0,5.24
50,male,Mexican American,former,undiagnosed diabetes,0,0,underweight,0,0,8.87
50,male,Mexican American,former,undiagnosed diabetes,0,0,overweight,0,0,4.43
50,male,Mexican American,former,undiagnosed diabetes,0,0,obese,0,0,5
50,male,Mexican American,former,undiagnosed diabetes,0,1,normal,0,0,8.34
50,male,Mexican American,former,undiagnosed diabetes,0,1,underweight,0,0,13.97
50,male,Mexican American,former,undiagnosed diabetes,0,1,overweight,0,0,7.08
50,male,Mexican American,former,undiagnosed diabetes,0,1,obese,0,0,7.97
50,male,Mexican American,former,undiagnosed diabetes,1,0,normal,0,0,6.48
50,male,Mexican American,former,undiagnosed diabetes,1,0,underweight,0,0,10.93
50,male,Mexican American,former,undiagnosed diabetes,1,0,overweight,0,0,5.49
50,male,Mexican American,former,undiagnosed diabetes,1,0,obese,0,0,6.19
50,male,Mexican American,former,undiagnosed diabetes,1,1,normal,0,0,10.28
50,male,Mexican American,former,undiagnosed diabetes,1,1,underweight,0,0,17.09
50,male,Mexican American,former,undiagnosed diabetes,1,1,overweight,0,0,8.74
50,male,Mexican American,former,undiagnosed diabetes,1,1,obese,0,0,9.82
50,male,Mexican American,former,diagnosed diabetes,0,0,normal,0,0,5.81
50,male,Mexican American,former,diagnosed diabetes,0,0,underweight,0,0,9.83
50,male,Mexican American,former,diagnosed diabetes,0,0,overweight,0,0,4.92
50,male,Mexican American,former,diagnosed diabetes,0,0,obese,0,0,5.55
50,male,Mexican American,former,diagnosed diabetes,0,1,normal,0,0,9.24
50,male,Mexican American,former,diagnosed diabetes,0,1,underweight,0,0,15.43
50,male,Mexican American,former,diagnosed diabetes,0,1,overweight,0,0,7.85
50,male,Mexican American,former,diagnosed diabetes,0,1,obese,0,0,8.83
50,male,Mexican American,former,diagnosed diabetes,1,0,normal,0,0,7.18
50,male,Mexican American,former,diagnosed diabetes,1,0,underweight,0,0,12.09
50,male,Mexican American,former,diagnosed diabetes,1,0,overweight,0,0,6.09
50,male,Mexican American,former,diagnosed diabetes,1,0,obese,0,0,6.86
50,male,Mexican American,former,diagnosed diabetes,1,1,normal,0,0,11.37
50,male,Mexican American,former,diagnosed diabetes,1,1,underweight,0,0,18.83
50,male,Mexican American,former,diagnosed diabetes,1,1,overweight,0,0,9.68
50,male,Mexican American,former,diagnosed diabetes,1,1,obese,0,0,10.87
50,male,Mexican American,current,normal,0,0,normal,0,0,7.81
50,male,Mexican American,current,normal,0,0,underweight,0,0,13.1
50,male,Mexican American,current,normal,0,0,overweight,0,0,6.62
50,male,Mexican American,current,normal,0,0,obese,0,0,7.46
50,male,Mexican American,current,normal,0,1,normal,0,0,12.34
50,male,Mexican American,current,normal,0,1,underweight,0,0,20.35
50,male,Mexican American,current,normal,0,1,overweight,0,0,10.51
50,male,Mexican American,current,normal,0,1,obese,0,0,11.8
50,male,Mexican American,current,normal,1,0,normal,0,0,9.63
50,male,Mexican American,current,normal,1,0,underweight,0,0,16.04
50,male,Mexican American,current,normal,1,0,overweight,0,0,8.18
50,male,Mexican American,current,normal,1,0,obese,0,0,9.2
50,male,Mexican American,current,normal,1,1,normal,0,0,15.12
50,male,Mexican American,current,normal,1,1,underweight,0,0,24.67
50,male,Mexican American,current,normal,1,1,overweight,0,0,12.91
50,male,Mexican American,current,normal,1,1,obese,0,0,14.47
50,male,Mexican American,current,prediabetes,0,0,normal,0,0,7.81
50,male,Mexican American,current,prediabetes,0,0,underweight,0,0,13.11
50,male,Mexican American,current,prediabetes,0,0,overweight,0,0,6.63
50,male,Mexican American,current,prediabetes,0,0,obese,0,0,7.46
50,male,Mexican American,current,prediabetes,0,1,normal,0,0,12.35
50,male,Mexican American,current,prediabetes,0,1,underweight,0,0,20.36
50,male,Mexican American,current,prediabetes,0,1,overweight,0,0,10.51
50,male,Mexican American,current,prediabetes,0,1,obese,0,0,11.81
50,male,Mexican American,current,prediabetes,1,0,normal,0,0,9.63
50,male,Mexican American,current,prediabetes,1,0,underweight,0,0,16.05
50,male,Mexican American,current,prediabetes,1,0,overweight,0,0,8.18
50,male,Mexican American,current,prediabetes,1,0,obese,0,0,9.21
50,male,Mexican American,current,prediabetes,1,1,normal,0,0,15.13
50,male,Mexican American,current,prediabetes,1,1,underweight,0,0,24.68
50,male,Mexican American,current,prediabetes,1,1,overweight,0,0,12.92
50,male,Mexican American,current,prediabetes,1,1,obese,0,0,14.48
50,male,Mexican American,current,undiagnosed diabetes,0,0,normal,0,0,10.61
50,male,Mexican American,current,undiagnosed diabetes,0,0,underweight,0,0,17.62
50,male,Mexican American,current,undiagnosed diabetes,0,0,overweight,0,0,9.02
50,male,Mexican American,current,undiagnosed diabetes,0,0,obese,0,0,10.15
50,male,Mexican American,current,undiagnosed diabetes,0,1,normal,0,0,16.62
50,male,Mexican American,current,undiagnosed diabetes,0,1,underweight,0,0,26.95
50,male,Mexican American,current,undiagnosed diabetes,0,1,overweight,0,0,14.2
50,male,Mexican American,current,undiagnosed diabetes,0,1,obese,0,0,15.91
50,male,Mexican American,current,undiagnosed diabetes,1,0,normal,0,0,13.04
50,male,Mexican American,current,undiagnosed diabetes,1,0,underweight,0,0,21.44
50,male,Mexican American,current,undiagnosed diabetes,1,0,overweight,0,0,11.11
50,male,Mexican American,current,undiagnosed diabetes,1,0,obese,0,0,12.47
50,male,Mexican American,current,undiagnosed diabetes,1,1,normal,0,0,20.25
50,male,Mexican American,current,undiagnosed diabetes,1,1,underweight,0,0,32.36
50,male,Mexican American,current,undiagnosed diabetes,1,1,overweight,0,0,17.36
50,male,Mexican American,current,undiagnosed diabetes,1,1,obese,0,0,19.4
50,male,Mexican American,current,diagnosed diabetes,0,0,normal,0,0,11.74
50,male,Mexican American,current,diagnosed diabetes,0,0,underweight,0,0,19.41
50,male,Mexican American,current,diagnosed diabetes,0,0,overweight,0,0,9.99
50,male,Mexican American,current,diagnosed diabetes,0,0,obese,0,0,11.23
50,male,Mexican American,current,diagnosed diabetes,0,1,normal,0,0,18.32
50,male,Mexican American,current,diagnosed diabetes,0,1,underweight,0,0,29.5
50,male,Mexican American,current,diagnosed diabetes,0,1,overweight,0,0,15.68
50,male,Mexican American,current,diagnosed diabetes,0,1,obese,0,0,17.54
50,male,Mexican American,current,diagnosed diabetes,1,0,normal,0,0,14.4
50,male,Mexican American,current,diagnosed diabetes,1,0,underweight,0,0,23.56
50,male,Mexican American,current,diagnosed diabetes,1,0,overweight,0,0,12.29
50,male,Mexican American,current,diagnosed diabetes,1,0,obese,0,0,13.78
50,male,Mexican American,current,diagnosed diabetes,1,1,normal,0,0,22.27
50,male,Mexican American,current,diagnosed diabetes,1,1,underweight,0,0,35.29
50,male,Mexican American,current,diagnosed diabetes,1,1,overweight,0,0,19.13
50,male,Mexican American,current,diagnosed diabetes,1,1,obese,0,0,21.35
50,male,Other Hispanic,never,normal,0,0,normal,0,0,3.22
50,male,Other Hispanic,never,normal,0,0,underweight,0,0,5.49
50,male,Other Hispanic,never,normal,0,0,overweight,0,0,2.72
50,male,Other Hispanic,never,normal,0,0,obese,0,0,3.07
50,male,Other Hispanic,never,normal,0,1,normal,0,0,5.16
50,male,Other Hispanic,never,normal,0,1,underweight,0,0,8.74
50,male,Other Hispanic,never,normal,0,1,overweight,0,0,4.36
50,male,Other Hispanic,never,normal,0,1,obese,0,0,4.92
50,male,Other Hispanic,never,normal,1,0,normal,0,0,3.99
50,male,Other Hispanic,never,normal,1,0,underweight,0,0,6.79
50,male,Other Hispanic,never,normal,1,0,overweight,0,0,3.37
50,male,Other Hispanic,never,normal,1,0,obese,0,0,3.81
50,male,Other Hispanic,never,normal,1,1,normal,0,0,6.38
50,male,Other Hispanic,never,normal,1,1,underweight,0,0,10.76
50,male,Other Hispanic,never,normal,1,1,overweight,0,0,5.41
50,male,Other Hispanic,never,normal,1,1,obese,0,0,6.09
50,male,Other Hispanic,never,prediabetes,0,0,normal,0,0,3.22
50,male,Other Hispanic,never,prediabetes,0,0,underweight,0,0,5.5
50,male,Other Hispanic,never,prediabetes,0,0,overweight,0,0,2.72
50,male,Other Hispanic,never,prediabetes,0,0,obese,0,0,3.07
50,male,Other Hispanic,never,prediabetes,0,1,normal,0,0,5.16
50,male,Other Hispanic,never,prediabetes,0,1,underweight,0,0,8.75
50,male,Other Hispanic,never,prediabetes,0,1,overweight,0,0,4.37
50,male,Other Hispanic,never,prediabetes,0,1,obese,0,0,4.93
50,male,Other Hispanic,never,prediabetes,1,0,normal,0,0,3.99
50,male,Other Hispanic,never,prediabetes,1,0,underweight,0,0,6.8
50,male,Other Hispanic,never,prediabetes,1,0,overweight,0,0,3.38
50,male,Other Hispanic,never,prediabetes,1,0,obese,0,0,3.81
50,male,Other Hispanic,never,prediabetes,1,1,normal,0,0,6.38
50,male,Other Hispanic,never,prediabetes,1,1,underweight,0,0,10.77
50,male,Other Hispanic,never,prediabetes,1,1,overweight,0,0,5.41
50,male,Other Hispanic,never,prediabetes,1,1,obese,0,0,6.1
50,male,Other Hispanic,never,undiagnosed diabetes,0,0,normal,0,0,4.41
50,male,Other Hispanic,never,undiagnosed diabetes,0,0,underweight,0,0,7.5
50,male,Other Hispanic,never,undiagnosed diabetes,0,0,overweight,0,0,3.73
50,male,Other Hispanic,never,undiagnosed diabetes,0,0,obese,0,0,4.21
50,male,Other Hispanic,never,undiagnosed diabetes,0,1,normal,0,0,7.05
50,male,Other Hispanic,never,undiagnosed diabetes,0,1,underweight,0,0,11.86
50,male,Other Hispanic,never,undiagnosed diabetes,0,1,overweight,0,0,5.97
50,male,Other Hispanic,never,undiagnosed diabetes,0,1,obese,0,0,6.73
50,male,Other Hispanic,never,undiagnosed diabetes,1,0,normal,0,0,5.46
50,male,Other Hispanic,never,undiagnosed diabetes,1,0,underweight,0,0,9.25
50,male,Other Hispanic,never,undiagnosed diabetes,1,0,overweight,0,0,4.62
50,male,Other Hispanic,never,undiagnosed diabetes,1,0,obese,0,0,5.21
50,male,Other Hispanic,never,undiagnosed diabetes,1,1,normal,0,0,8.7
50,male,Other Hispanic,never,undiagnosed diabetes,1,1,underweight,0,0,14.55
50,male,Other Hispanic,never,undiagnosed diabetes,1,1,overweight,0,0,7.38
50,male,Other Hispanic,never,undiagnosed diabetes,1,1,obese,0,0,8.31
50,male,Other Hispanic,never,diagnosed diabetes,0,0,normal,0,0,4.9
50,male,Other Hispanic,never,diagnosed diabetes,0,0,underweight,0,0,8.31
50,male,Other Hispanic,never,diagnosed diabetes,0,0,overweight,0,0,4.15
50,male,Other Hispanic,never,diagnosed diabetes,0,0,obese,0,0,4.68
50,male,Other Hispanic,never,diagnosed diabetes,0,1,normal,0,0,7.81
50,male,Other Hispanic,never,diagnosed diabetes,0,1,underweight,0,0,13.11
50,male,Other Hispanic,never,diagnosed diabetes,0,1,overweight,0,0,6.63
50,male,Other Hispanic,never,diagnosed diabetes,0,1,obese,0,0,7.46
50,male,Other Hispanic,never,diagnosed diabetes,1,0,normal,0,0,6.06
50,male,Other Hispanic,never,diagnosed diabetes,1,0,underweight,0,0,10.24
50,male,Other Hispanic,never,diagnosed diabetes,1,0,overweight,0,0,5.13
50,male,Other Hispanic,never,diagnosed diabetes,1,0,obese,0,0,5.79
50,male,Other Hispanic,never,diagnosed diabetes,1,1,normal,0,0,9.63
50,male,Other Hispanic,never,diagnosed diabetes,1,1,underweight,0,0,16.05
50,male,Other Hispanic,never,diagnosed diabetes,1,1,overweight,0,0,8.18
50,male,Other Hispanic,never,diagnosed diabetes,1,1,obese,0,0,9.21
50,male,Other Hispanic,former,normal,0,0,normal,0,0,3.94
50,male,Other Hispanic,former,normal,0,0,underweight,0,0,6.71
50,male,Other Hispanic,former,normal,0,0,overweight,0,0,3.33
50,male,Other Hispanic,former,normal,0,0,obese,0,0,3.76
50,male,Other Hispanic,former,normal,0,1,normal,0,0,6.3
50,male,Other Hispanic,former,normal,0,1,underweight,0,0,10.63
50,male,Other Hispanic,former,normal,0,1,overweight,0,0,5.34
50,male,Other Hispanic,former,normal,0,1,obese,0,0,6.02
50,male,Other Hispanic,former,normal,1,0,normal,0,0,4.88
50,male,Other Hispanic,former,normal,1,0,underweight,0,0,8.28
50,male,Other Hispanic,former,normal,1,0,overweight,0,0,4.13
50,male,Other Hispanic,former,normal,1,0,obese,0,0,4.66
50,male,Other Hispanic,former,normal,1,1,normal,0,0,7.78
50,male,Other Hispanic,former,normal,1,1,underweight,0,0,13.06
50,male,Other Hispanic,former,normal,1,1,overweight,0,0,6.6
50,male,Other Hispanic,former,normal,1,1,obese,0,0,7.43
50,male,Other Hispanic,former,prediabetes,0,0,normal,0,0,3.94
50,male,Other Hispanic,former,prediabetes,0,0,underweight,0,0,6.71
50,male,Other Hispanic,former,prediabetes,0,0,overweight,0,0,3.33
50,male,Other Hispanic,former,prediabetes,0,0,obese,0,0,3.76
50,male,Other Hispanic,former,prediabetes,0,1,normal,0,0,6.31
50,male,Other Hispanic,former,prediabetes,0,1,underweight,0,0,10.64
50,male,Other Hispanic,former,prediabetes,0,1,overweight,0,0,5.34
50,male,Other Hispanic,former,prediabetes,0,1,obese,0,0,6.02
50,male,Other Hispanic,former,prediabetes,1,0,normal,0,0,4.88
50,male,Other Hispanic,former,prediabetes,1,0,underweight,0,0,8.29
50,male,Other Hispanic,former,prediabetes,1,0,overweight,0,0,4.13
50,male,Other Hispanic,former,prediabetes,1,0,obese,0,0,4.66
50,male,Other Hispanic,former,prediabetes,1,1,normal,0,0,7.79
50,male,Other Hispanic,former,prediabetes,1,1,underweight,0,0,13.07
50,male,Other Hispanic,former,prediabetes,1,1,overweight,0,0,6.61
50,male,Other Hispanic,former,prediabetes,1,1,obese,0,0,7.44
50,male,Other Hispanic,former,undiagnosed diabetes,0,0,normal,0,0,5.39
50,male,Other Hispanic,former,undiagnosed diabetes,0,0,underweight,0,0,9.14
50,male,Other Hispanic,former,undiagnosed diabetes,0,0,overweight,0,0,4.57
50,male,Other Hispanic,former,undiagnosed diabetes,0,0,obese,0,0,5.15
50,male,Other Hispanic,former,undiagnosed diabetes,0,1,normal,0,0,8.59
50,male,Other Hispanic,former,undiagnosed diabetes,0,1,underweight,0,0,14.37
50,male,Other Hispanic,former,undiagnosed diabetes,0,1,overweight,0,0,7.29
50,male,Other Hispanic,former,undiagnosed diabetes,0,1,obese,0,0,8.21
50,male,Other Hispanic,former,undiagnosed diabetes,1,0,normal,0,0,6.67
50,male,Other Hispanic,former,undiagnosed diabetes,1,0,underweight,0,0,11.24
50,male,Other Hispanic,former,undiagnosed diabetes,1,0,overweight,0,0,5.65
50,male,Other Hispanic,former,undiagnosed diabetes,1,0,obese,0,0,6.37
50,male,Other Hispanic,former,undiagnosed diabetes,1,1,normal,0,0,10.58
50,male,Other Hispanic,former,undiagnosed diabetes,1,1,underweight,0,0,17.57
50,male,Other Hispanic,former,undiagnosed diabetes,1,1,overweight,0,0,9
50,male,Other Hispanic,former,undiagnosed diabetes,1,1,obese,0,0,10.11
50,male,Other Hispanic,former,diagnosed diabetes,0,0,normal,0,0,5.99
50,male,Other Hispanic,former,diagnosed diabetes,0,0,underweight,0,0,10.12
50,male,Other Hispanic,former,diagnosed diabetes,0,0,overweight,0,0,5.07
50,male,Other Hispanic,former,diagnosed diabetes,0,0,obese,0,0,5.72
50,male,Other Hispanic,former,diagnosed diabetes,0,1,normal,0,0,9.52
50,male,Other Hispanic,former,diagnosed diabetes,0,1,underweight,0,0,15.87
50,male,Other Hispanic,former,diagnosed diabetes,0,1,overweight,0,0,8.08
50,male,Other Hispanic,former,diagnosed diabetes,0,1,obese,0,0,9.09
50,male,Other Hispanic,former,diagnosed diabetes,1,0,normal,0,0,7.4
50,male,Other Hispanic,former,diagnosed diabetes,1,0,underweight,0,0,12.44
50,male,Other Hispanic,former,diagnosed diabetes,1,0,overweight,0,0,6.27
50,male,Other Hispanic,former,diagnosed diabetes,1,0,obese,0,0,7.07
50,male,Other Hispanic,former,diagnosed diabetes,1,1,normal,0,0,11.71
50,male,Other Hispanic,former,diagnosed diabetes,1,1,underweight,0,0,19.35
50,male,Other Hispanic,former,diagnosed diabetes,1,1,overweight,0,0,9.96
50,male,Other Hispanic,former,diagnosed diabetes,1,1,obese,0,0,11.19
50,male,Other Hispanic,current,normal,0,0,normal,0,0,8.04
50,male,Other Hispanic,current,normal,0,0,underweight,0,0,13.48
50,male,Other Hispanic,current,normal,0,0,overweight,0,0,6.82
50,male,Other Hispanic,current,normal,0,0,obese,0,0,7.68
50,male,Other Hispanic,current,normal,0,1,normal,0,0,12.69
50,male,Other Hispanic,current,normal,0,1,underweight,0,0,20.91
50,male,Other Hispanic,current,normal,0,1,overweight,0,0,10.81
50,male,Other Hispanic,current,normal,0,1,obese,0,0,12.14
50,male,Other Hispanic,current,normal,1,0,normal,0,0,9.91
50,male,Other Hispanic,current,normal,1,0,underweight,0,0,16.5
50,male,Other Hispanic,current,normal,1,0,overweight,0,0,8.42
50,male,Other Hispanic,current,normal,1,0,obese,0,0,9.47
50,male,Other Hispanic,current,normal,1,1,normal,0,0,15.55
50,male,Other Hispanic,current,normal,1,1,underweight,0,0,25.32
50,male,Other Hispanic,current,normal,1,1,overweight,0,0,13.28
50,male,Other Hispanic,current,normal,1,1,obese,0,0,14.88
50,male,Other Hispanic,current,prediabetes,0,0,normal,0,0,8.05
50,male,Other Hispanic,current,prediabetes,0,0,underweight,0,0,13.49
50,male,Other Hispanic,current,prediabetes,0,0,overweight,0,0,6.83
50,male,Other Hispanic,current,prediabetes,0,0,obese,0,0,7.69
50,male,Other Hispanic,current,prediabetes,0,1,normal,0,0,12.7
50,male,Other Hispanic,current,prediabetes,0,1,underweight,0,0,20.92
50,male,Other Hispanic,current,prediabetes,0,1,overweight,0,0,10.82
50,male,Other Hispanic,current,prediabetes,0,1,obese,0,0,12.15
50,male,Other Hispanic,current,prediabetes,1,0,normal,0,0,9.92
50,male,Other Hispanic,current,prediabetes,1,0,underweight,0,0,16.51
50,male,Other Hispanic,current,prediabetes,1,0,overweight,0,0,8.43
50,male,Other Hispanic,current,prediabetes,1,0,obese,0,0,9.48
50,male,Other Hispanic,current,prediabetes,1,1,normal,0,0,15.56
50,male,Other Hispanic,current,prediabetes,1,1,underweight,0,0,25.34
50,male,Other Hispanic,current,prediabetes,1,1,overweight,0,0,13.29
50,male,Other Hispanic,current,prediabetes,1,1,obese,0,0,14.89
50,male,Other Hispanic,current,undiagnosed diabetes,0,0,normal,0,0,10.92
50,male,Other Hispanic,current,undiagnosed diabetes,0,0,underweight,0,0,18.12
50,male,Other Hispanic,current,undiagnosed diabetes,0,0,overweight,0,0,9.29
50,male,Other Hispanic,current,undiagnosed diabetes,0,0,obese,0,0,10.44
50,male,Other Hispanic,current,undiagnosed diabetes,0,1,normal,0,0,17.09
50,male,Other Hispanic,current,undiagnosed diabetes,0,1,underweight,0,0,27.65
50,male,Other Hispanic,current,undiagnosed diabetes,0,1,overweight,0,0,14.61
50,male,Other Hispanic,current,undiagnosed diabetes,0,1,obese,0,0,16.36
50,male,Other Hispanic,current,undiagnosed diabetes,1,0,normal,0,0,13.41
50,male,Other Hispanic,current,undiagnosed diabetes,1,0,underweight,0,0,22.03
50,male,Other Hispanic,current,undiagnosed diabetes,1,0,overweight,0,0,11.43
50,male,Other Hispanic,current,undiagnosed diabetes,1,0,obese,0,0,12.83
50,male,Other Hispanic,current,undiagnosed diabetes,1,1,normal,0,0,20.81
50,male,Other Hispanic,current,undiagnosed diabetes,1,1,underweight,0,0,33.17
50,male,Other Hispanic,current,undiagnosed diabetes,1,1,overweight,0,0,17.85
50,male,Other Hispanic,current,undiagnosed diabetes,1,1,obese,0,0,19.94
50,male,Other Hispanic,current,diagnosed diabetes,0,0,normal,0,0,12.08
50,male,Other Hispanic,current,diagnosed diabetes,0,0,underweight,0,0,19.95
50,male,Other Hispanic,current,diagnosed diabetes,0,0,overweight,0,0,10.29
50,male,Other Hispanic,current,diagnosed diabetes,0,0,obese,0,0,11.55
50,male,Other Hispanic,current,diagnosed diabetes,0,1,normal,0,0,18.83
50,male,Other Hispanic,current,diagnosed diabetes,0,1,underweight,0,0,30.26
50,male,Other Hispanic,current,diagnosed diabetes,0,1,overweight,0,0,16.12
50,male,Other Hispanic,current,diagnosed diabetes,0,1,obese,0,0,18.03
50,male,Other Hispanic,current,diagnosed diabetes,1,0,normal,0,0,14.81
50,male,Other Hispanic,current,diagnosed diabetes,1,0,underweight,0,0,24.2
50,male,Other Hispanic,current,diagnosed diabetes,1,0,overweight,0,0,12.64
50,male,Other Hispanic,current,diagnosed diabetes,1,0,obese,0,0,14.18
50,male,Other Hispanic,current,diagnosed diabetes,1,1,normal,0,0,22.87
50,male,Other Hispanic,current,diagnosed diabetes,1,1,underweight,0,0,36.15
50,male,Other Hispanic,current,diagnosed diabetes,1,1,overweight,0,0,19.66
50,male,Other Hispanic,current,diagnosed diabetes,1,1,obese,0,0,21.93
50,male,Other/Multiracial,never,normal,0,0,normal,0,0,3
50,male,Other/Multiracial,never,normal,0,0,underweight,0,0,5.13
50,male,Other/Multiracial,never,normal,0,0,overweight,0,0,2.54
50,male,Other/Multiracial,never,normal,0,0,obese,0,0,2.86
50,male,Other/Multiracial,never,normal,0,1,normal,0,0,4.82
50,male,Other/Multiracial,never,normal,0,1,underweight,0,0,8.17
50,male,Other/Multiracial,never,normal,0,1,overweight,0,0,4.08
50,male,Other/Multiracial,never,normal,0,1,obese,0,0,4.6
50,male,Other/Multiracial,never,normal,1,0,normal,0,0,3.72
50,male,Other/Multiracial,never,normal,1,0,underweight,0,0,6.35
50,male,Other/Multiracial,never,normal,1,0,overweight,0,0,3.15
50,male,Other/Multiracial,never,normal,1,0,obese,0,0,3.55
50,male,Other/Multiracial,never,normal,1,1,normal,0,0,5.96
50,male,Other/Multiracial,never,normal,1,1,underweight,0,0,10.07
50,male,Other/Multiracial,never,normal,1,1,overweight,0,0,5.05
50,male,Other/Multiracial,never,normal,1,1,obese,0,0,5.69
50,male,Other/Multiracial,never,prediabetes,0,0,normal,0,0,3
50,male,Other/Multiracial,never,prediabetes,0,0,underweight,0,0,5.13
50,male,Other/Multiracial,never,prediabetes,0,0,overweight,0,0,2.54
50,male,Other/Multiracial,never,prediabetes,0,0,obese,0,0,2.87
50,male,Other/Multiracial,never,prediabetes,0,1,normal,0,0,4.82
50,male,Other/Multiracial,never,prediabetes,0,1,underweight,0,0,8.18
50,male,Other/Multiracial,never,prediabetes,0,1,overweight,0,0,4.08
50,male,Other/Multiracial,never,prediabetes,0,1,obese,0,0,4.6
50,male,Other/Multiracial,never,prediabetes,1,0,normal,0,0,3.73
50,male,Other/Multiracial,never,prediabetes,1,0,underweight,0,0,6.35
50,male,Other/Multiracial,never,prediabetes,1,0,overweight,0,0,3.15
50,male,Other/Multiracial,never,prediabetes,1,0,obese,0,0,3.56
50,male,Other/Multiracial,never,prediabetes,1,1,normal,0,0,5.96
50,male,Other/Multiracial,never,prediabetes,1,1,underweight,0,0,10.08
50,male,Other/Multiracial,never,prediabetes,1,1,overweight,0,0,5.05
50,male,Other/Multiracial,never,prediabetes,1,1,obese,0,0,5.69
50,male,Other/Multiracial,never,undiagnosed diabetes,0,0,normal,0,0,4.12
50,male,Other/Multiracial,never,undiagnosed diabetes,0,0,underweight,0,0,7.01
50,male,Other/Multiracial,never,undiagnosed diabetes,0,0,overweight,0,0,3.48
50,male,Other/Multiracial,never,undiagnosed diabetes,0,0,obese,0,0,3.93
50,male,Other/Multiracial,never,undiagnosed diabetes,0,1,normal,0,0,6.59
50,male,Other/Multiracial,never,undiagnosed diabetes,0,1,underweight,0,0,11.1
50,male,Other/Multiracial,never,undiagnosed diabetes,0,1,overweight,0,0,5.58
50,male,Other/Multiracial,never,undiagnosed diabetes,0,1,obese,0,0,6.29
50,male,Other/Multiracial,never,undiagnosed diabetes,1,0,normal,0,0,5.1
50,male,Other/Multiracial,never,undiagnosed diabetes,1,0,underweight,0,0,8.65
50,male,Other/Multiracial,never,undiagnosed diabetes,1,0,overweight,0,0,4.32
50,male,Other/Multiracial,never,undiagnosed diabetes,1,0,obese,0,0,4.87
50,male,Other/Multiracial,never,undiagnosed diabetes,1,1,normal,0,0,8.13
50,male,Other/Multiracial,never,undiagnosed diabetes,1,1,underweight,0,0,13.63
50,male,Other/Multiracial,never,undiagnosed diabetes,1,1,overweight,0,0,6.9
50,male,Other/Multiracial,never,undiagnosed diabetes,1,1,obese,0,0,7.77
50,male,Other/Multiracial,never,diagnosed diabetes,0,0,normal,0,0,4.57
50,male,Other/Multiracial,never,diagnosed diabetes,0,0,underweight,0,0,7.77
50,male,Other/Multiracial,never,diagnosed diabetes,0,0,overweight,0,0,3.87
50,male,Other/Multiracial,never,diagnosed diabetes,0,0,obese,0,0,4.37
50,male,Other/Multiracial,never,diagnosed diabetes,0,1,normal,0,0,7.3
50,male,Other/Multiracial,never,diagnosed diabetes,0,1,underweight,0,0,12.28
50,male,Other/Multiracial,never,diagnosed diabetes,0,1,overweight,0,0,6.19
50,male,Other/Multiracial,never,diagnosed diabetes,0,1,obese,0,0,6.98
50,male,Other/Multiracial,never,diagnosed diabetes,1,0,normal,0,0,5.66
50,male,Other/Multiracial,never,diagnosed diabetes,1,0,underweight,0,0,9.58
50,male,Other/Multiracial,never,diagnosed diabetes,1,0,overweight,0,0,4.8
50,male,Other/Multiracial,never,diagnosed diabetes,1,0,obese,0,0,5.41
50,male,Other/Multiracial,never,diagnosed diabetes,1,1,normal,0,0,9.01
50,male,Other/Multiracial,never,diagnosed diabetes,1,1,underweight,0,0,15.05
50,male,Other/Multiracial,never,diagnosed diabetes,1,1,overweight,0,0,7.65
50,male,Other/Multiracial,never,diagnosed diabetes,1,1,obese,0,0,8.61
50,male,Other/Multiracial,former,normal,0,0,normal,0,0,3.68
50,male,Other/Multiracial,former,normal,0,0,underweight,0,0,6.27
50,male,Other/Multiracial,former,normal,0,0,overweight,0,0,3.11
50,male,Other/Multiracial,former,normal,0,0,obese,0,0,3.51
50,male,Other/Multiracial,former,normal,0,1,normal,0,0,5.89
50,male,Other/Multiracial,former,normal,0,1,underweight,0,0,9.95
50,male,Other/Multiracial,former,normal,0,1,overweight,0,0,4.99
50,male,Other/Multiracial,former,normal,0,1,obese,0,0,5.62
50,male,Other/Multiracial,former,normal,1,0,normal,0,0,4.56
50,male,Other/Multiracial,former,normal,1,0,underweight,0,0,7.74
50,male,Other/Multiracial,former,normal,1,0,overweight,0,0,3.85
50,male,Other/Multiracial,former,normal,1,0,obese,0,0,4.35
50,male,Other/Multiracial,former,normal,1,1,normal,0,0,7.28
50,male,Other/Multiracial,former,normal,1,1,underweight,0,0,12.23
50,male,Other/Multiracial,former,normal,1,1,overweight,0,0,6.17
50,male,Other/Multiracial,former,normal,1,1,obese,0,0,6.95
50,male,Other/Multiracial,former,prediabetes,0,0,normal,0,0,3.68
50,male,Other/Multiracial,former,prediabetes,0,0,underweight,0,0,6.27
50,male,Other/Multiracial,former,prediabetes,0,0,overweight,0,0,3.11
50,male,Other/Multiracial,former,prediabetes,0,0,obese,0,0,3.51
50,male,Other/Multiracial,former,prediabetes,0,1,normal,0,0,5.89
50,male,Other/Multiracial,former,prediabetes,0,1,underweight,0,0,9.96
50,male,Other/Multiracial,former,prediabetes,0,1,overweight,0,0,4.99
50,male,Other/Multiracial,former,prediabetes,0,1,obese,0,0,5.62
50,male,Other/Multiracial,former,prediabetes,1,0,normal,0,0,4.56
50,male,Other/Multiracial,former,prediabetes,1,0,underweight,0,0,7.75
50,male,Other/Multiracial,former,prediabetes,1,0,overweight,0,0,3.86
50,male,Other/Multiracial,former,prediabetes,1,0,obese,0,0,4.35
50,male,Other/Multiracial,former,prediabetes,1,1,normal,0,0,7.28
50,male,Other/Multiracial,former,prediabetes,1,1,underweight,0,0,12.24
50,male,Other/Multiracial,former,prediabetes,1,1,overweight,0,0,6.17
50,male,Other/Multiracial,former,prediabetes,1,1,obese,0,0,6.95
50,male,Other/Multiracial,former,undiagnosed diabetes,0,0,normal,0,0,5.04
50,male,Other/Multiracial,former,undiagnosed diabetes,0,0,underweight,0,0,8.54
50,male,Other/Multiracial,former,undiagnosed diabetes,0,0,overweight,0,0,4.26
50,male,Other/Multiracial,former,undiagnosed diabetes,0,0,obese,0,0,4.81
50,male,Other/Multiracial,former,undiagnosed diabetes,0,1,normal,0,0,8.03
50,male,Other/Multiracial,former,undiagnosed diabetes,0,1,underweight,0,0,13.47
50,male,Other/Multiracial,former,undiagnosed diabetes,0,1,overweight,0,0,6.81
50,male,Other/Multiracial,former,undiagnosed diabetes,0,1,obese,0,0,7.67
50,male,Other/Multiracial,former,undiagnosed diabetes,1,0,normal,0,0,6.23
50,male,Other/Multiracial,former,undiagnosed diabetes,1,0,underweight,0,0,10.52
50,male,Other/Multiracial,former,undiagnosed diabetes,1,0,overweight,0,0,5.28
50,male,Other/Multiracial,former,undiagnosed diabetes,1,0,obese,0,0,5.95
50,male,Other/Multiracial,former,undiagnosed diabetes,1,1,normal,0,0,9.9
50,male,Other/Multiracial,former,undiagnosed diabetes,1,1,underweight,0,0,16.48
50,male,Other/Multiracial,former,undiagnosed diabetes,1,1,overweight,0,0,8.41
50,male,Other/Multiracial,former,undiagnosed diabetes,1,1,obese,0,0,9.46
50,male,Other/Multiracial,former,diagnosed diabetes,0,0,normal,0,0,5.59
50,male,Other/Multiracial,former,diagnosed diabetes,0,0,underweight,0,0,9.47
50,male,Other/Multiracial,former,diagnosed diabetes,0,0,overweight,0,0,4.74
50,male,Other/Multiracial,former,diagnosed diabetes,0,0,obese,0,0,5.34
50,male,Other/Multiracial,former,diagnosed diabetes,0,1,normal,0,0,8.9
50,male,Other/Multiracial,former,diagnosed diabetes,0,1,underweight,0,0,14.88
50,male,Other/Multiracial,former,diagnosed diabetes,0,1,overweight,0,0,7.56
50,male,Other/Multiracial,former,diagnosed diabetes,0,1,obese,0,0,8.5
50,male,Other/Multiracial,former,diagnosed diabetes,1,0,normal,0,0,6.91
50,male,Other/Multiracial,former,diagnosed diabetes,1,0,underweight,0,0,11.64
50,male,Other/Multiracial,former,diagnosed diabetes,1,0,overweight,0,0,5.86
50,male,Other/Multiracial,former,diagnosed diabetes,1,0,obese,0,0,6.6
50,male,Other/Multiracial,former,diagnosed diabetes,1,1,normal,0,0,10.96
50,male,Other/Multiracial,former,diagnosed diabetes,1,1,underweight,0,0,18.17
50,male,Other/Multiracial,former,diagnosed diabetes,1,1,overweight,0,0,9.32
50,male,Other/Multiracial,former,diagnosed diabetes,1,1,obese,0,0,10.47
50,male,Other/Multiracial,current,normal,0,0,normal,0,0,7.52
50,male,Other/Multiracial,current,normal,0,0,underweight,0,0,12.63
50,male,Other/Multiracial,current,normal,0,0,overweight,0,0,6.37
50,male,Other/Multiracial,current,normal,0,0,obese,0,0,7.18
50,male,Other/Multiracial,current,normal,0,1,normal,0,0,11.89
50,male,Other/Multiracial,current,normal,0,1,underweight,0,0,19.64
50,male,Other/Multiracial,current,normal,0,1,overweight,0,0,10.12
50,male,Other/Multiracial,current,normal,0,1,obese,0,0,11.37
50,male,Other/Multiracial,current,normal,1,0,normal,0,0,9.27
50,male,Other/Multiracial,current,normal,1,0,underweight,0,0,15.47
50,male,Other/Multiracial,current,normal,1,0,overweight,0,0,7.87
50,male,Other/Multiracial,current,normal,1,0,obese,0,0,8.86
50,male,Other/Multiracial,current,normal,1,1,normal,0,0,14.58
50,male,Other/Multiracial,current,normal,1,1,underweight,0,0,23.83
50,male,Other/Multiracial,current,normal,1,1,overweight,0,0,12.44
50,male,Other/Multiracial,current,normal,1,1,obese,0,0,13.95
50,male,Other/Multiracial,current,prediabetes,0,0,normal,0,0,7.52
50,male,Other/Multiracial,current,prediabetes,0,0,underweight,0,0,12.64
50,male,Other/Multiracial,current,prediabetes,0,0,overweight,0,0,6.38
50,male,Other/Multiracial,current,prediabetes,0,0,obese,0,0,7.18
50,male,Other/Multiracial,current,prediabetes,0,1,normal,0,0,11.9
50,male,Other/Multiracial,current,prediabetes,0,1,underweight,0,0,19.65
50,male,Other/Multiracial,current,prediabetes,0,1,overweight,0,0,10.13
50,male,Other/Multiracial,current,prediabetes,0,1,obese,0,0,11.37
50,male,Other/Multiracial,current,prediabetes,1,0,normal,0,0,9.28
50,male,Other/Multiracial,current,prediabetes,1,0,underweight,0,0,15.48
50,male,Other/Multiracial,current,prediabetes,1,0,overweight,0,0,7.88
50,male,Other/Multiracial,current,prediabetes,1,0,obese,0,0,8.86
50,male,Other/Multiracial,current,prediabetes,1,1,normal,0,0,14.59
50,male,Other/Multiracial,current,prediabetes,1,1,underweight,0,0,23.85
50,male,Other/Multiracial,current,prediabetes,1,1,overweight,0,0,12.45
50,male,Other/Multiracial,current,prediabetes,1,1,obese,0,0,13.96
50,male,Other/Multiracial,current,undiagnosed diabetes,0,0,normal,0,0,10.22
50,male,Other/Multiracial,current,undiagnosed diabetes,0,0,underweight,0,0,17
50,male,Other/Multiracial,current,undiagnosed diabetes,0,0,overweight,0,0,8.69
50,male,Other/Multiracial,current,undiagnosed diabetes,0,0,obese,0,0,9.77
50,male,Other/Multiracial,current,undiagnosed diabetes,0,1,normal,0,0,16.03
50,male,Other/Multiracial,current,undiagnosed diabetes,0,1,underweight,0,0,26.05
50,male,Other/Multiracial,current,undiagnosed diabetes,0,1,overweight,0,0,13.69
50,male,Other/Multiracial,current,undiagnosed diabetes,0,1,obese,0,0,15.34
50,male,Other/Multiracial,current,undiagnosed diabetes,1,0,normal,0,0,12.56
50,male,Other/Multiracial,current,undiagnosed diabetes,1,0,underweight,0,0,20.7
50,male,Other/Multiracial,current,undiagnosed diabetes,1,0,overweight,0,0,10.7
50,male,Other/Multiracial,current,undiagnosed diabetes,1,0,obese,0,0,12.02
50,male,Other/Multiracial,current,undiagnosed diabetes,1,1,normal,0,0,19.55
50,male,Other/Multiracial,current,undiagnosed diabetes,1,1,underweight,0,0,31.32
50,male,Other/Multiracial,current,undiagnosed diabetes,1,1,overweight,0,0,16.75
50,male,Other/Multiracial,current,undiagnosed diabetes,1,1,obese,0,0,18.73
50,male,Other/Multiracial,current,diagnosed diabetes,0,0,normal,0,0,11.31
50,male,Other/Multiracial,current,diagnosed diabetes,0,0,underweight,0,0,18.73
50,male,Other/Multiracial,current,diagnosed diabetes,0,0,overweight,0,0,9.62
50,male,Other/Multiracial,current,diagnosed diabetes,0,0,obese,0,0,10.82
50,male,Other/Multiracial,current,diagnosed diabetes,0,1,normal,0,0,17.67
50,male,Other/Multiracial,current,diagnosed diabetes,0,1,underweight,0,0,28.53
50,male,Other/Multiracial,current,diagnosed diabetes,0,1,overweight,0,0,15.12
50,male,Other/Multiracial,current,diagnosed diabetes,0,1,obese,0,0,16.92
50,male,Other/Multiracial,current,diagnosed diabetes,1,0,normal,0,0,13.88
50,male,Other/Multiracial,current,diagnosed diabetes,1,0,underweight,0,0,22.76
50,male,Other/Multiracial,current,diagnosed diabetes,1,0,overweight,0,0,11.84
50,male,Other/Multiracial,current,diagnosed diabetes,1,0,obese,0,0,13.28
50,male,Other/Multiracial,current,diagnosed diabetes,1,1,normal,0,0,21.5
50,male,Other/Multiracial,current,diagnosed diabetes,1,1,underweight,0,0,34.18
50,male,Other/Multiracial,current,diagnosed diabetes,1,1,overweight,0,0,18.46
50,male,Other/Multiracial,current,diagnosed diabetes,1,1,obese,0,0,20.61
50,female,Non-Hispanic White,never,normal,0,0,normal,0,0,2.69
50,female,Non-Hispanic White,never,normal,0,0,underweight,0,0,4.59
50,female,Non-Hispanic White,never,normal,0,0,overweight,0,0,2.27
50,female,Non-Hispanic White,never,normal,0,0,obese,0,0,2.56
50,female,Non-Hispanic White,never,normal,0,1,normal,0,0,4.31
50,female,Non-Hispanic White,never,normal,0,1,underweight,0,0,7.33
50,female,Non-Hispanic White,never,normal,0,1,overweight,0,0,3.65
50,female,Non-Hispanic White,never,normal,0,1,obese,0,0,4.12
50,female,Non-Hispanic White,never,normal,1,0,normal,0,0,3.33
50,female,Non-Hispanic White,never,normal,1,0,underweight,0,0,5.69
50,female,Non-Hispanic White,never,normal,1,0,overweight,0,0,2.82
50,female,Non-Hispanic White,never,normal,1,0,obese,0,0,3.18
50,female,Non-Hispanic White,never,normal,1,1,normal,0,0,5.34
50,female,Non-Hispanic White,never,normal,1,1,underweight,0,0,9.05
50,female,Non-Hispanic White,never,normal,1,1,overweight,0,0,4.52
50,female,Non-Hispanic White,never,normal,1,1,obese,0,0,5.1
50,female,Non-Hispanic White,never,prediabetes,0,0,normal,0,0,2.69
50,female,Non-Hispanic White,never,prediabetes,0,0,underweight,0,0,4.6
50,female,Non-Hispanic White,never,prediabetes,0,0,overweight,0,0,2.27
50,female,Non-Hispanic White,never,prediabetes,0,0,obese,0,0,2.56
50,female,Non-Hispanic White,never,prediabetes,0,1,normal,0,0,4.32
50,female,Non-Hispanic White,never,prediabetes,0,1,underweight,0,0,7.34
50,female,Non-Hispanic White,never,prediabetes,0,1,overweight,0,0,3.65
50,female,Non-Hispanic White,never,prediabetes,0,1,obese,0,0,4.12
50,female,Non-Hispanic White,never,prediabetes,1,0,normal,0,0,3.33
50,female,Non-Hispanic White,never,prediabetes,1,0,underweight,0,0,5.69
50,female,Non-Hispanic White,never,prediabetes,1,0,overweight,0,0,2.82
50,female,Non-Hispanic White,never,prediabetes,1,0,obese,0,0,3.18
50,female,Non-Hispanic White,never,prediabetes,1,1,normal,0,0,5.35
50,female,Non-Hispanic White,never,prediabetes,1,1,underweight,0,0,9.05
50,female,Non-Hispanic White,never,prediabetes,1,1,overweight,0,0,4.52
50,female,Non-Hispanic White,never,prediabetes,1,1,obese,0,0,5.1
50,female,Non-Hispanic White,never,undiagnosed diabetes,0,0,normal,0,0,3.69
50,female,Non-Hispanic White,never,undiagnosed diabetes,0,0,underweight,0,0,6.28
50,female,Non-Hispanic White,never,undiagnosed diabetes,0,0,overweight,0,0,3.12
50,female,Non-Hispanic White,never,undiagnosed diabetes,0,0,obese,0,0,3.52
50,female,Non-Hispanic White,never,undiagnosed diabetes,0,1,normal,0,0,5.9
50,female,Non-Hispanic White,never,undiagnosed diabetes,0,1,underweight,0,0,9.98
50,female,Non-Hispanic White,never,undiagnosed diabetes,0,1,overweight,0,0,5
50,female,Non-Hispanic White,never,undiagnosed diabetes,0,1,obese,0,0,5.64
50,female,Non-Hispanic White,never,undiagnosed diabetes,1,0,normal,0,0,4.57
50,female,Non-Hispanic White,never,undiagnosed diabetes,1,0,underweight,0,0,7.76
50,female,Non-Hispanic White,never,undiagnosed diabetes,1,0,overweight,0,0,3.87
50,female,Non-Hispanic White,never,undiagnosed diabetes,1,0,obese,0,0,4.36
50,female,Non-Hispanic White,never,undiagnosed diabetes,1,1,normal,0,0,7.3
50,female,Non-Hispanic White,never,undiagnosed diabetes,1,1,underweight,0,0,12.27
50,female,Non-Hispanic White,never,undiagnosed diabetes,1,1,overweight,0,0,6.19
50,female,Non-Hispanic White,never,undiagnosed diabetes,1,1,obese,0,0,6.97
50,female,Non-Hispanic White,never,diagnosed diabetes,0,0,normal,0,0,4.1
50,female,Non-Hispanic White,never,diagnosed diabetes,0,0,underweight,0,0,6.97
50,female,Non-Hispanic White,never,diagnosed diabetes,0,0,overweight,0,0,3.46
50,female,Non-Hispanic White,never,diagnosed diabetes,0,0,obese,0,0,3.91
50,female,Non-Hispanic White,never,diagnosed diabetes,0,1,normal,0,0,6.55
50,female,Non-Hispanic White,never,diagnosed diabetes,0,1,underweight,0,0,11.04
50,female,Non-Hispanic White,never,diagnosed diabetes,0,1,overweight,0,0,5.55
50,female,Non-Hispanic White,never,diagnosed diabetes,0,1,obese,0,0,6.25
50,female,Non-Hispanic White,never,diagnosed diabetes,1,0,normal,0,0,5.07
50,female,Non-Hispanic White,never,diagnosed diabetes,1,0,underweight,0,0,8.6
50,female,Non-Hispanic White,never,diagnosed diabetes,1,0,overweight,0,0,4.29
50,female,Non-Hispanic White,never,diagnosed diabetes,1,0,obese,0,0,4.84
50,female,Non-Hispanic White,never,diagnosed diabetes,1,1,normal,0,0,8.09
50,female,Non-Hispanic White,never,diagnosed diabetes,1,1,underweight,0,0,13.56
50,female,Non-Hispanic White,never,diagnosed diabetes,1,1,overweight,0,0,6.86
50,female,Non-Hispanic White,never,diagnosed diabetes,1,1,obese,0,0,7.73
50,female,Non-Hispanic White,former,normal,0,0,normal,0,0,3.29
50,female,Non-Hispanic White,former,normal,0,0,underweight,0,0,5.62
50,female,Non-Hispanic White,former,normal,0,0,overweight,0,0,2.78
50,female,Non-Hispanic White,former,normal,0,0,obese,0,0,3.14
50,female,Non-Hispanic White,former,normal,0,1,normal,0,0,5.27
50,female,Non-Hispanic White,former,normal,0,1,underweight,0,0,8.94
50,female,Non-Hispanic White,former,normal,0,1,overweight,0,0,4.46
50,female,Non-Hispanic White,former,normal,0,1,obese,0,0,5.04
50,female,Non-Hispanic White,former,normal,1,0,normal,0,0,4.08
50,female,Non-Hispanic White,former,normal,1,0,underweight,0,0,6.94
50,female,Non-Hispanic White,former,normal,1,0,overweight,0,0,3.45
50,female,Non-Hispanic White,former,normal,1,0,obese,0,0,3.89
50,female,Non-Hispanic White,former,normal,1,1,normal,0,0,6.52
50,female,Non-Hispanic White,former,normal,1,1,underweight,0,0,11
50,female,Non-Hispanic White,former,normal,1,1,overweight,0,0,5.53
50,female,Non-Hispanic White,former,normal,1,1,obese,0,0,6.23
50,female,Non-Hispanic White,former,prediabetes,0,0,normal,0,0,3.29
50,female,Non-Hispanic White,former,prediabetes,0,0,underweight,0,0,5.62
50,female,Non-Hispanic White,former,prediabetes,0,0,overweight,0,0,2.78
50,female,Non-Hispanic White,former,prediabetes,0,0,obese,0,0,3.14
50,female,Non-Hispanic White,former,prediabetes,0,1,normal,0,0,5.28
50,female,Non-Hispanic White,former,prediabetes,0,1,underweight,0,0,8.94
50,female,Non-Hispanic White,former,prediabetes,0,1,overweight,0,0,4.47
50,female,Non-Hispanic White,former,prediabetes,0,1,obese,0,0,5.04
50,female,Non-Hispanic White,former,prediabetes,1,0,normal,0,0,4.08
50,female,Non-Hispanic White,former,prediabetes,1,0,underweight,0,0,6.95
50,female,Non-Hispanic White,former,prediabetes,1,0,overweight,0,0,3.45
50,female,Non-Hispanic White,former,prediabetes,1,0,obese,0,0,3.9
50,female,Non-Hispanic White,former,prediabetes,1,1,normal,0,0,6.53
50,female,Non-Hispanic White,former,prediabetes,1,1,underweight,0,0,11.01
50,female,Non-Hispanic White,former,prediabetes,1,1,overweight,0,0,5.53
50,female,Non-Hispanic White,former,prediabetes,1,1,obese,0,0,6.23
50,female,Non-Hispanic White,former,undiagnosed diabetes,0,0,normal,0,0,4.51
50,female,Non-Hispanic White,former,undiagnosed diabetes,0,0,underweight,0,0,7.67
50,female,Non-Hispanic White,former,undiagnosed diabetes,0,0,overweight,0,0,3.82
50,female,Non-Hispanic White,former,undiagnosed diabetes,0,0,obese,0,0,4.31
50,female,Non-Hispanic White,former,undiagnosed diabetes,0,1,normal,0,0,7.21
50,female,Non-Hispanic White,former,undiagnosed diabetes,0,1,underweight,0,0,12.12
50,female,Non-Hispanic White,former,undiagnosed diabetes,0,1,overweight,0,0,6.11
50,female,Non-Hispanic White,former,undiagnosed diabetes,0,1,obese,0,0,6.88
50,female,Non-Hispanic White,former,undiagnosed diabetes,1,0,normal,0,0,5.59
50,female,Non-Hispanic White,former,undiagnosed diabetes,1,0,underweight,0,0,9.46
50,female,Non-Hispanic White,former,undiagnosed diabetes,1,0,overweight,0,0,4.73
50,female,Non-Hispanic White,former,undiagnosed diabetes,1,0,obese,0,0,5.33
50,female,Non-Hispanic White,former,undiagnosed diabetes,1,1,normal,0,0,8.89
50,female,Non-Hispanic White,former,undiagnosed diabetes,1,1,underweight,0,0,14.86
50,female,Non-Hispanic White,former,undiagnosed diabetes,1,1,overweight,0,0,7.55
50,female,Non-Hispanic White,former,undiagnosed diabetes,1,1,obese,0,0,8.5
50,female,Non-Hispanic White,former,diagnosed diabetes,0,0,normal,0,0,5.01
50,female,Non-Hispanic White,former,diagnosed diabetes,0,0,underweight,0,0,8.5
50,female,Non-Hispanic White,former,diagnosed diabetes,0,0,overweight,0,0,4.24
50,female,Non-Hispanic White,former,diagnosed diabetes,0,0,obese,0,0,4.78
50,female,Non-Hispanic White,former,diagnosed diabetes,0,1,normal,0,0,7.99
50,female,Non-Hispanic White,former,diagnosed diabetes,0,1,underweight,0,0,13.4
50,female,Non-Hispanic White,former,diagnosed diabetes,0,1,overweight,0,0,6.78
50,female,Non-Hispanic White,former,diagnosed diabetes,0,1,obese,0,0,7.63
50,female,Non-Hispanic White,former,diagnosed diabetes,1,0,normal,0,0,6.2
50,female,Non-Hispanic White,former,diagnosed diabetes,1,0,underweight,0,0,10.47
50,female,Non-Hispanic White,former,diagnosed diabetes,1,0,overweight,0,0,5.25
50,female,Non-Hispanic White,former,diagnosed diabetes,1,0,obese,0,0,5.92
50,female,Non-Hispanic White,former,diagnosed diabetes,1,1,normal,0,0,9.85
50,female,Non-Hispanic White,former,diagnosed diabetes,1,1,underweight,0,0,16.4
50,female,Non-Hispanic White,former,diagnosed diabetes,1,1,overweight,0,0,8.37
50,female,Non-Hispanic White,former,diagnosed diabetes,1,1,obese,0,0,9.41
50,female,Non-Hispanic White,current,normal,0,0,normal,0,0,6.74
50,female,Non-Hispanic White,current,normal,0,0,underweight,0,0,11.36
50,female,Non-Hispanic White,current,normal,0,0,overweight,0,0,5.71
50,female,Non-Hispanic White,current,normal,0,0,obese,0,0,6.44
50,female,Non-Hispanic White,current,normal,0,1,normal,0,0,10.69
50,female,Non-Hispanic White,current,normal,0,1,underweight,0,0,17.74
50,female,Non-Hispanic White,current,normal,0,1,overweight,0,0,9.09
50,female,Non-Hispanic White,current,normal,0,1,obese,0,0,10.22
50,female,Non-Hispanic White,current,normal,1,0,normal,0,0,8.32
50,female,Non-Hispanic White,current,normal,1,0,underweight,0,0,13.94
50,female,Non-Hispanic White,current,normal,1,0,overweight,0,0,7.06
50,female,Non-Hispanic White,current,normal,1,0,obese,0,0,7.95
50,female,Non-Hispanic White,current,normal,1,1,normal,0,0,13.13
50,female,Non-Hispanic White,current,normal,1,1,underweight,0,0,21.59
50,female,Non-Hispanic White,current,normal,1,1,overweight,0,0,11.19
50,female,Non-Hispanic White,current,normal,1,1,obese,0,0,12.56
50,female,Non-Hispanic White,current,prediabetes,0,0,normal,0,0,6.75
50,female,Non-Hispanic White,current,prediabetes,0,0,underweight,0,0,11.37
50,female,Non-Hispanic White,current,prediabetes,0,0,overweight,0,0,5.72
50,female,Non-Hispanic White,current,prediabetes,0,0,obese,0,0,6.44
50,female,Non-Hispanic White,current,prediabetes,0,1,normal,0,0,10.7
50,female,Non-Hispanic White,current,prediabetes,0,1,underweight,0,0,17.75
50,female,Non-Hispanic White,current,prediabetes,0,1,overweight,0,0,9.1
50,female,Non-Hispanic White,current,prediabetes,0,1,obese,0,0,10.22
50,female,Non-Hispanic White,current,prediabetes,1,0,normal,0,0,8.33
50,female,Non-Hispanic White,current,prediabetes,1,0,underweight,0,0,13.95
50,female,Non-Hispanic White,current,prediabetes,1,0,overweight,0,0,7.07
50,female,Non-Hispanic White,current,prediabetes,1,0,obese,0,0,7.96
50,female,Non-Hispanic White,current,prediabetes,1,1,normal,0,0,13.14
50,female,Non-Hispanic White,current,prediabetes,1,1,underweight,0,0,21.6
50,female,Non-Hispanic White,current,prediabetes,1,1,overweight,0,0,11.19
50,female,Non-Hispanic White,current,prediabetes,1,1,obese,0,0,12.57
50,female,Non-Hispanic White,current,undiagnosed diabetes,0,0,normal,0,0,9.18
50,female,Non-Hispanic White,current,undiagnosed diabetes,0,0,underweight,0,0,15.33
50,female,Non-Hispanic White,current,undiagnosed diabetes,0,0,overweight,0,0,7.8
50,female,Non-Hispanic White,current,undiagnosed diabetes,0,0,obese,0,0,8.77
50,female,Non-Hispanic White,current,undiagnosed diabetes,0,1,normal,0,0,14.45
50,female,Non-Hispanic White,current,undiagnosed diabetes,0,1,underweight,0,0,23.63
50,female,Non-Hispanic White,current,undiagnosed diabetes,0,1,overweight,0,0,12.32
50,female,Non-Hispanic White,current,undiagnosed diabetes,0,1,obese,0,0,13.82
50,female,Non-Hispanic White,current,undiagnosed diabetes,1,0,normal,0,0,11.3
50,female,Non-Hispanic White,current,undiagnosed diabetes,1,0,underweight,0,0,18.71
50,female,Non-Hispanic White,current,undiagnosed diabetes,1,0,overweight,0,0,9.62
50,female,Non-Hispanic White,current,undiagnosed diabetes,1,0,obese,0,0,10.8
50,female,Non-Hispanic White,current,undiagnosed diabetes,1,1,normal,0,0,17.65
50,female,Non-Hispanic White,current,undiagnosed diabetes,1,1,underweight,0,0,28.51
50,female,Non-Hispanic White,current,undiagnosed diabetes,1,1,overweight,0,0,15.1
50,female,Non-Hispanic White,current,undiagnosed diabetes,1,1,obese,0,0,16.91
50,female,Non-Hispanic White,current,diagnosed diabetes,0,0,normal,0,0,10.17
50,female,Non-Hispanic White,current,diagnosed diabetes,0,0,underweight,0,0,16.91
50,female,Non-Hispanic White,current,diagnosed diabetes,0,0,overweight,0,0,8.64
50,female,Non-Hispanic White,current,diagnosed diabetes,0,0,obese,0,0,9.72
50,female,Non-Hispanic White,current,diagnosed diabetes,0,1,normal,0,0,15.94
50,female,Non-Hispanic White,current,diagnosed diabetes,0,1,underweight,0,0,25.92
50,female,Non-Hispanic White,current,diagnosed diabetes,0,1,overweight,0,0,13.62
50,female,Non-Hispanic White,current,diagnosed diabetes,0,1,obese,0,0,15.26
50,female,Non-Hispanic White,current,diagnosed diabetes,1,0,normal,0,0,12.5
50,female,Non-Hispanic White,current,diagnosed diabetes,1,0,underweight,0,0,20.6
50,female,Non-Hispanic White,current,diagnosed diabetes,1,0,overweight,0,0,10.64
50,female,Non-Hispanic White,current,diagnosed diabetes,1,0,obese,0,0,11.95
50,female,Non-Hispanic White,current,diagnosed diabetes,1,1,normal,0,0,19.45
50,female,Non-Hispanic White,current,diagnosed diabetes,1,1,underweight,0,0,31.18
50,female,Non-Hispanic White,current,diagnosed diabetes,1,1,overweight,0,0,16.66
50,female,Non-Hispanic White,current,diagnosed diabetes,1,1,obese,0,0,18.63
50,female,Non-Hispanic Black,never,normal,0,0,normal,0,0,2.92
50,female,Non-Hispanic Black,never,normal,0,0,underweight,0,0,4.98
50,female,Non-Hispanic Black,never,normal,0,0,overweight,0,0,2.46
50,female,Non-Hispanic Black,never,normal,0,0,obese,0,0,2.78
50,female,Non-Hispanic Black,never,normal,0,1,normal,0,0,4.68
50,female,Non-Hispanic Black,never,normal,0,1,underweight,0,0,7.95
50,female,Non-Hispanic Black,never,normal,0,1,overweight,0,0,3.96
50,female,Non-Hispanic Black,never,normal,0,1,obese,0,0,4.47
50,female,Non-Hispanic Black,never,normal,1,0,normal,0,0,3.62
50,female,Non-Hispanic Black,never,normal,1,0,underweight,0,0,6.17
50,female,Non-Hispanic Black,never,normal,1,0,overweight,0,0,3.06
50,female,Non-Hispanic Black,never,normal,1,0,obese,0,0,3.45
50,female,Non-Hispanic Black,never,normal,1,1,normal,0,0,5.79
50,female,Non-Hispanic Black,never,normal,1,1,underweight,0,0,9.8
50,female,Non-Hispanic Black,never,normal,1,1,overweight,0,0,4.91
50,female,Non-Hispanic Black,never,normal,1,1,obese,0,0,5.53
50,female,Non-Hispanic Black,never,prediabetes,0,0,normal,0,0,2.92
50,female,Non-Hispanic Black,never,prediabetes,0,0,underweight,0,0,4.99
50,female,Non-Hispanic Black,never,prediabetes,0,0,overweight,0,0,2.47
50,female,Non-Hispanic Black,never,prediabetes,0,0,obese,0,0,2.78
50,female,Non-Hispanic Black,never,prediabetes,0,1,normal,0,0,4.68
50,female,Non-Hispanic Black,never,prediabetes,0,1,underweight,0,0,7.95
50,female,Non-Hispanic Black,never,prediabetes,0,1,overweight,0,0,3.96
50,female,Non-Hispanic Black,never,prediabetes,0,1,obese,0,0,4.47
50,female,Non-Hispanic Black,never,prediabetes,1,0,normal,0,0,3.62
50,female,Non-Hispanic Black,never,prediabetes,1,0,underweight,0,0,6.17
50,female,Non-Hispanic Black,never,prediabetes,1,0,overweight,0,0,3.06
50,female,Non-Hispanic Black,never,prediabetes,1,0,obese,0,0,3.45
50,female,Non-Hispanic Black,never,prediabetes,1,1,normal,0,0,5.8
50,female,Non-Hispanic Black,never,prediabetes,1,1,underweight,0,0,9.8
50,female,Non-Hispanic Black,never,prediabetes,1,1,overweight,0,0,4.91
50,female,Non-Hispanic Black,never,prediabetes,1,1,obese,0,0,5.53
50,female,Non-Hispanic Black,never,undiagnosed diabetes,0,0,normal,0,0,4
50,female,Non-Hispanic Black,never,undiagnosed diabetes,0,0,underweight,0,0,6.81
50,female,Non-Hispanic Black,never,undiagnosed diabetes,0,0,overweight,0,0,3.38
50,female,Non-Hispanic Black,never,undiagnosed diabetes,0,0,obese,0,0,3.82
50,female,Non-Hispanic Black,never,undiagnosed diabetes,0,1,normal,0,0,6.4
50,female,Non-Hispanic Black,never,undiagnosed diabetes,0,1,underweight,0,0,10.8
50,female,Non-Hispanic Black,never,undiagnosed diabetes,0,1,overweight,0,0,5.42
50,female,Non-Hispanic Black,never,undiagnosed diabetes,0,1,obese,0,0,6.11
50,female,Non-Hispanic Black,never,undiagnosed diabetes,1,0,normal,0,0,4.96
50,female,Non-Hispanic Black,never,undiagnosed diabetes,1,0,underweight,0,0,8.41
50,female,Non-Hispanic Black,never,undiagnosed diabetes,1,0,overweight,0,0,4.2
50,female,Non-Hispanic Black,never,undiagnosed diabetes,1,0,obese,0,0,4.73
50,female,Non-Hispanic Black,never,undiagnosed diabetes,1,1,normal,0,0,7.91
50,female,Non-Hispanic Black,never,undiagnosed diabetes,1,1,underweight,0,0,13.26
50,female,Non-Hispanic Black,never,undiagnosed diabetes,1,1,overweight,0,0,6.71
50,female,Non-Hispanic Black,never,undiagnosed diabetes,1,1,obese,0,0,7.55
50,female,Non-Hispanic Black,never,diagnosed diabetes,0,0,normal,0,0,4.45
50,female,Non-Hispanic Black,never,diagnosed diabetes,0,0,underweight,0,0,7.56
50,female,Non-Hispanic Black,never,diagnosed diabetes,0,0,overweight,0,0,3.76
50,female,Non-Hispanic Black,never,diagnosed diabetes,0,0,obese,0,0,4.24
50,female,Non-Hispanic Black,never,diagnosed diabetes,0,1,normal,0,0,7.1
50,female,Non-Hispanic Black,never,diagnosed diabetes,0,1,underweight,0,0,11.95
50,female,Non-Hispanic Black,never,diagnosed diabetes,0,1,overweight,0,0,6.02
50,female,Non-Hispanic Black,never,diagnosed diabetes,0,1,obese,0,0,6.78
50,female,Non-Hispanic Black,never,diagnosed diabetes,1,0,normal,0,0,5.5
50,female,Non-Hispanic Black,never,diagnosed diabetes,1,0,underweight,0,0,9.32
50,female,Non-Hispanic Black,never,diagnosed diabetes,1,0,overweight,0,0,4.66
50,female,Non-Hispanic Black,never,diagnosed diabetes,1,0,obese,0,0,5.25
50,female,Non-Hispanic Black,never,diagnosed diabetes,1,1,normal,0,0,8.76
50,female,Non-Hispanic Black,never,diagnosed diabetes,1,1,underweight,0,0,14.65
50,female,Non-Hispanic Black,never,diagnosed diabetes,1,1,overweight,0,0,7.44
50,female,Non-Hispanic Black,never,diagnosed diabetes,1,1,obese,0,0,8.37
50,female,Non-Hispanic Black,former,normal,0,0,normal,0,0,3.57
50,female,Non-Hispanic Black,former,normal,0,0,underweight,0,0,6.09
50,female,Non-Hispanic Black,former,normal,0,0,overweight,0,0,3.02
50,female,Non-Hispanic Black,former,normal,0,0,obese,0,0,3.41
50,female,Non-Hispanic Black,former,normal,0,1,normal,0,0,5.72
50,female,Non-Hispanic Black,former,normal,0,1,underweight,0,0,9.68
50,female,Non-Hispanic Black,former,normal,0,1,overweight,0,0,4.84
50,female,Non-Hispanic Black,former,normal,0,1,obese,0,0,5.46
50,female,Non-Hispanic Black,former,normal,1,0,normal,0,0,4.43
50,female,Non-Hispanic Black,former,normal,1,0,underweight,0,0,7.53
50,female,Non-Hispanic Black,former,normal,1,0,overweight,0,0,3.75
50,female,Non-Hispanic Black,former,normal,1,0,obese,0,0,4.23
50,female,Non-Hispanic Black,former,normal,1,1,normal,0,0,7.07
50,female,Non-Hispanic Black,former,normal,1,1,underweight,0,0,11.9
50,female,Non-Hispanic Black,former,normal,1,1,overweight,0,0,6
50,female,Non-Hispanic Black,former,normal,1,1,obese,0,0,6.75
50,female,Non-Hispanic Black,former,prediabetes,0,0,normal,0,0,3.57
50,female,Non-Hispanic Black,former,prediabetes,0,0,underweight,0,0,6.1
50,female,Non-Hispanic Black,former,prediabetes,0,0,overweight,0,0,3.02
50,female,Non-Hispanic Black,former,prediabetes,0,0,obese,0,0,3.41
50,female,Non-Hispanic Black,former,prediabetes,0,1,normal,0,0,5.73
50,female,Non-Hispanic Black,former,prediabetes,0,1,underweight,0,0,9.68
50,female,Non-Hispanic Black,former,prediabetes,0,1,overweight,0,0,4.85
50,female,Non-Hispanic Black,former,prediabetes,0,1,obese,0,0,5.47
50,female,Non-Hispanic Black,former,prediabetes,1,0,normal,0,0,4.43
50,female,Non-Hispanic Black,former,prediabetes,1,0,underweight,0,0,7.53
50,female,Non-Hispanic Black,former,prediabetes,1,0,overweight,0,0,3.75
50,female,Non-Hispanic Black,former,prediabetes,1,0,obese,0,0,4.23
50,female,Non-Hispanic Black,former,prediabetes,1,1,normal,0,0,7.08
50,female,Non-Hispanic Black,former,prediabetes,1,1,underweight,0,0,11.91
50,female,Non-Hispanic Black,former,prediabetes,1,1,overweight,0,0,6
50,female,Non-Hispanic Black,former,prediabetes,1,1,obese,0,0,6.76
50,female,Non-Hispanic Black,former,undiagnosed diabetes,0,0,normal,0,0,4.9
50,female,Non-Hispanic Black,former,undiagnosed diabetes,0,0,underweight,0,0,8.31
50,female,Non-Hispanic Black,former,undiagnosed diabetes,0,0,overweight,0,0,4.14
50,female,Non-Hispanic Black,former,undiagnosed diabetes,0,0,obese,0,0,4.67
50,female,Non-Hispanic Black,former,undiagnosed diabetes,0,1,normal,0,0,7.81
50,female,Non-Hispanic Black,former,undiagnosed diabetes,0,1,underweight,0,0,13.11
50,female,Non-Hispanic Black,former,undiagnosed diabetes,0,1,overweight,0,0,6.62
50,female,Non-Hispanic Black,former,undiagnosed diabetes,0,1,obese,0,0,7.46
50,female,Non-Hispanic Black,former,undiagnosed diabetes,1,0,normal,0,0,6.06
50,female,Non-Hispanic Black,former,undiagnosed diabetes,1,0,underweight,0,0,10.24
50,female,Non-Hispanic Black,former,undiagnosed diabetes,1,0,overweight,0,0,5.13
50,female,Non-Hispanic Black,former,undiagnosed diabetes,1,0,obese,0,0,5.79
50,female,Non-Hispanic Black,former,undiagnosed diabetes,1,1,normal,0,0,9.63
50,female,Non-Hispanic Black,former,undiagnosed diabetes,1,1,underweight,0,0,16.05
50,female,Non-Hispanic Black,former,undiagnosed diabetes,1,1,overweight,0,0,8.18
50,female,Non-Hispanic Black,former,undiagnosed diabetes,1,1,obese,0,0,9.2
50,female,Non-Hispanic Black,former,diagnosed diabetes,0,0,normal,0,0,5.44
50,female,Non-Hispanic Black,former,diagnosed diabetes,0,0,underweight,0,0,9.2
50,female,Non-Hispanic Black,former,diagnosed diabetes,0,0,overweight,0,0,4.6
50,female,Non-Hispanic Black,former,diagnosed diabetes,0,0,obese,0,0,5.19
50,female,Non-Hispanic Black,former,diagnosed diabetes,0,1,normal,0,0,8.65
50,female,Non-Hispanic Black,former,diagnosed diabetes,0,1,underweight,0,0,14.48
50,female,Non-Hispanic Black,former,diagnosed diabetes,0,1,overweight,0,0,7.35
50,female,Non-Hispanic Black,former,diagnosed diabetes,0,1,obese,0,0,8.27
50,female,Non-Hispanic Black,former,diagnosed diabetes,1,0,normal,0,0,6.72
50,female,Non-Hispanic Black,former,diagnosed diabetes,1,0,underweight,0,0,11.33
50,female,Non-Hispanic Black,former,diagnosed diabetes,1,0,overweight,0,0,5.7
50,female,Non-Hispanic Black,former,diagnosed diabetes,1,0,obese,0,0,6.42
50,female,Non-Hispanic Black,former,diagnosed diabetes,1,1,normal,0,0,10.66
50,female,Non-Hispanic Black,former,diagnosed diabetes,1,1,underweight,0,0,17.69
50,female,Non-Hispanic Black,former,diagnosed diabetes,1,1,overweight,0,0,9.06
50,female,Non-Hispanic Black,former,diagnosed diabetes,1,1,obese,0,0,10.19
50,female,Non-Hispanic Black,current,normal,0,0,normal,0,0,7.31
50,female,Non-Hispanic Black,current,normal,0,0,underweight,0,0,12.29
50,female,Non-Hispanic Black,current,normal,0,0,overweight,0,0,6.2
50,female,Non-Hispanic Black,current,normal,0,0,obese,0,0,6.98
50,female,Non-Hispanic Black,current,normal,0,1,normal,0,0,11.56
50,female,Non-Hispanic Black,current,normal,0,1,underweight,0,0,19.13
50,female,Non-Hispanic Black,current,normal,0,1,overweight,0,0,9.84
50,female,Non-Hispanic Black,current,normal,0,1,obese,0,0,11.06
50,female,Non-Hispanic Black,current,normal,1,0,normal,0,0,9.01
50,female,Non-Hispanic Black,current,normal,1,0,underweight,0,0,15.06
50,female,Non-Hispanic Black,current,normal,1,0,overweight,0,0,7.65
50,female,Non-Hispanic Black,current,normal,1,0,obese,0,0,8.61
50,female,Non-Hispanic Black,current,normal,1,1,normal,0,0,14.19
50,female,Non-Hispanic Black,current,normal,1,1,underweight,0,0,23.23
50,female,Non-Hispanic Black,current,normal,1,1,overweight,0,0,12.1
50,female,Non-Hispanic Black,current,normal,1,1,obese,0,0,13.57
50,female,Non-Hispanic Black,current,prediabetes,0,0,normal,0,0,7.31
50,female,Non-Hispanic Black,current,prediabetes,0,0,underweight,0,0,12.29
50,female,Non-Hispanic Black,current,prediabetes,0,0,overweight,0,0,6.2
50,female,Non-Hispanic Black,current,prediabetes,0,0,obese,0,0,6.98
50,female,Non-Hispanic Black,current,prediabetes,0,1,normal,0,0,11.57
50,female,Non-Hispanic Black,current,prediabetes,0,1,underweight,0,0,19.14
50,female,Non-Hispanic Black,current,prediabetes,0,1,overweight,0,0,9.85
50,female,Non-Hispanic Black,current,prediabetes,0,1,obese,0,0,11.06
50,female,Non-Hispanic Black,current,prediabetes,1,0,normal,0,0,9.02
50,female,Non-Hispanic Black,current,prediabetes,1,0,underweight,0,0,15.07
50,female,Non-Hispanic Black,current,prediabetes,1,0,overweight,0,0,7.66
50,female,Non-Hispanic Black,current,prediabetes,1,0,obese,0,0,8.62
50,female,Non-Hispanic Black,current,prediabetes,1,1,normal,0,0,14.2
50,female,Non-Hispanic Black,current,prediabetes,1,1,underweight,0,0,23.25
50,female,Non-Hispanic Black,current,prediabetes,1,1,overweight,0,0,12.11
50,female,Non-Hispanic Black,current,prediabetes,1,1,obese,0,0,13.58
50,female,Non-Hispanic Black,current,undiagnosed diabetes,0,0,normal,0,0,9.94
50,female,Non-Hispanic Black,current,undiagnosed diabetes,0,0,underweight,0,0,16.55
50,female,Non-Hispanic Black,current,undiagnosed diabetes,0,0,overweight,0,0,8.45
50,female,Non-Hispanic Black,current,undiagnosed diabetes,0,0,obese,0,0,9.5
50,female,Non-Hispanic Black,current,undiagnosed diabetes,0,1,normal,0,0,15.6
50,female,Non-Hispanic Black,current,undiagnosed diabetes,0,1,underweight,0,0,25.4
50,female,Non-Hispanic Black,current,undiagnosed diabetes,0,1,overweight,0,0,13.32
50,female,Non-Hispanic Black,current,undiagnosed diabetes,0,1,obese,0,0,14.93
50,female,Non-Hispanic Black,current,undiagnosed diabetes,1,0,normal,0,0,12.22
50,female,Non-Hispanic Black,current,undiagnosed diabetes,1,0,underweight,0,0,20.17
50,female,Non-Hispanic Black,current,undiagnosed diabetes,1,0,overweight,0,0,10.41
50,female,Non-Hispanic Black,current,undiagnosed diabetes,1,0,obese,0,0,11.69
50,female,Non-Hispanic Black,current,undiagnosed diabetes,1,1,normal,0,0,19.04
50,female,Non-Hispanic Black,current,undiagnosed diabetes,1,1,underweight,0,0,30.57
50,female,Non-Hispanic Black,current,undiagnosed diabetes,1,1,overweight,0,0,16.31
50,female,Non-Hispanic Black,current,undiagnosed diabetes,1,1,obese,0,0,18.24
50,female,Non-Hispanic Black,current,diagnosed diabetes,0,0,normal,0,0,11
50,female,Non-Hispanic Black,current,diagnosed diabetes,0,0,underweight,0,0,18.24
50,female,Non-Hispanic Black,current,diagnosed diabetes,0,0,overweight,0,0,9.36
50,female,Non-Hispanic Black,current,diagnosed diabetes,0,0,obese,0,0,10.52
50,female,Non-Hispanic Black,current,diagnosed diabetes,0,1,normal,0,0,17.21
50,female,Non-Hispanic Black,current,diagnosed diabetes,0,1,underweight,0,0,27.84
50,female,Non-Hispanic Black,current,diagnosed diabetes,0,1,overweight,0,0,14.71
50,female,Non-Hispanic Black,current,diagnosed diabetes,0,1,obese,0,0,16.48
50,female,Non-Hispanic Black,current,diagnosed diabetes,1,0,normal,0,0,13.51
50,female,Non-Hispanic Black,current,diagnosed diabetes,1,0,underweight,0,0,22.18
50,female,Non-Hispanic Black,current,diagnosed diabetes,1,0,overweight,0,0,11.52
50,female,Non-Hispanic Black,current,diagnosed diabetes,1,0,obese,0,0,12.92
50,female,Non-Hispanic Black,current,diagnosed diabetes,1,1,normal,0,0,20.95
50,female,Non-Hispanic Black,current,diagnosed diabetes,1,1,underweight,0,0,33.38
50,female,Non-Hispanic Black,current,diagnosed diabetes,1,1,overweight,0,0,17.98
50,female,Non-Hispanic Black,current,diagnosed diabetes,1,1,obese,0,0,20.08
50,female,Mexican American,never,normal,0,0,normal,0,0,2.28
50,female,Mexican American,never,normal,0,0,underweight,0,0,3.91
50,female,Mexican American,never,normal,0,0,overweight,0,0,1.92
50,female,Mexican American,never,normal,0,0,obese,0,0,2.17
50,female,Mexican American,never,normal,0,1,normal,0,0,3.67
50,female,Mexican American,never,normal,0,1,underweight,0,0,6.25
50,female,Mexican American,never,normal,0,1,overweight,0,0,3.1
50,female,Mexican American,never,normal,0,1,obese,0,0,3.5
50,female,Mexican American,never,normal,1,0,normal,0,0,2.83
50,female,Mexican American,never,normal,1,0,underweight,0,0,4.84
50,female,Mexican American,never,normal,1,0,overweight,0,0,2.39
50,female,Mexican American,never,normal,1,0,obese,0,0,2.7
50,female,Mexican American,never,normal,1,1,normal,0,0,4.54
50,female,Mexican American,never,normal,1,1,underweight,0,0,7.72
50,female,Mexican American,never,normal,1,1,overweight,0,0,3.84
50,female,Mexican American,never,normal,1,1,obese,0,0,4.34
50,female,Mexican American,never,prediabetes,0,0,normal,0,0,2.28
50,female,Mexican American,never,prediabetes,0,0,underweight,0,0,3.91
50,female,Mexican American,never,prediabetes,0,0,overweight,0,0,1.93
50,female,Mexican American,never,prediabetes,0,0,obese,0,0,2.18
50,female,Mexican American,never,prediabetes,0,1,normal,0,0,3.67
50,female,Mexican American,never,prediabetes,0,1,underweight,0,0,6.25
50,female,Mexican American,never,prediabetes,0,1,overweight,0,0,3.1
50,female,Mexican American,never,prediabetes,0,1,obese,0,0,3.5
50,female,Mexican American,never,prediabetes,1,0,normal,0,0,2.83
50,female,Mexican American,never,prediabetes,1,0,underweight,0,0,4.84
50,female,Mexican American,never,prediabetes,1,0,overweight,0,0,2.39
50,female,Mexican American,never,prediabetes,1,0,obese,0,0,2.7
50,female,Mexican American,never,prediabetes,1,1,normal,0,0,4.55
50,female,Mexican American,never,prediabetes,1,1,underweight,0,0,7.73
50,female,Mexican American,never,prediabetes,1,1,overweight,0,0,3.85
50,female,Mexican American,never,prediabetes,1,1,obese,0,0,4.34
50,female,Mexican American,never,undiagnosed diabetes,0,0,normal,0,0,3.13
50,female,Mexican American,never,undiagnosed diabetes,0,0,underweight,0,0,5.35
50,female,Mexican American,never,undiagnosed diabetes,0,0,overweight,0,0,2.65
50,female,Mexican American,never,undiagnosed diabetes,0,0,obese,0,0,2.99
50,female,Mexican American,never,undiagnosed diabetes,0,1,normal,0,0,5.02
50,female,Mexican American,never,undiagnosed diabetes,0,1,underweight,0,0,8.52
50,female,Mexican American,never,undiagnosed diabetes,0,1,overweight,0,0,4.25
50,female,Mexican American,never,undiagnosed diabetes,0,1,obese,0,0,4.8
50,female,Mexican American,never,undiagnosed diabetes,1,0,normal,0,0,3.89
50,female,Mexican American,never,undiagnosed diabetes,1,0,underweight,0,0,6.62
50,female,Mexican American,never,undiagnosed diabetes,1,0,overweight,0,0,3.29
50,female,Mexican American,never,undiagnosed diabetes,1,0,obese,0,0,3.71
50,female,Mexican American,never,undiagnosed diabetes,1,1,normal,0,0,6.22
50,female,Mexican American,never,undiagnosed diabetes,1,1,underweight,0,0,10.5
50,female,Mexican American,never,undiagnosed diabetes,1,1,overweight,0,0,5.27
50,female,Mexican American,never,undiagnosed diabetes,1,1,obese,0,0,5.94
50,female,Mexican American,never,diagnosed diabetes,0,0,normal,0,0,3.48
50,female,Mexican American,never,diagnosed diabetes,0,0,underweight,0,0,5.94
50,female,Mexican American,never,diagnosed diabetes,0,0,overweight,0,0,2.94
50,female,Mexican American,never,diagnosed diabetes,0,0,obese,0,0,3.32
50,female,Mexican American,never,diagnosed diabetes,0,1,normal,0,0,5.58
50,female,Mexican American,never,diagnosed diabetes,0,1,underweight,0,0,9.44
50,female,Mexican American,never,diagnosed diabetes,0,1,overweight,0,0,4.72
50,female,Mexican American,never,diagnosed diabetes,0,1,obese,0,0,5.32
50,female,Mexican American,never,diagnosed diabetes,1,0,normal,0,0,4.32
50,female,Mexican American,never,diagnosed diabetes,1,0,underweight,0,0,7.34
50,female,Mexican American,never,diagnosed diabetes,1,0,overweight,0,0,3.65
50,female,Mexican American,never,diagnosed diabetes,1,0,obese,0,0,4.12
50,female,Mexican American,never,diagnosed diabetes,1,1,normal,0,0,6.9
50,female,Mexican American,never,diagnosed diabetes,1,1,underweight,0,0,11.61
50,female,Mexican American,never,diagnosed diabetes,1,1,overweight,0,0,5.84
50,female,Mexican American,never,diagnosed diabetes,1,1,obese,0,0,6.59
50,female,Mexican American,former,normal,0,0,normal,0,0,2.79
50,female,Mexican American,former,normal,0,0,underweight,0,0,4.78
50,female,Mexican American,former,normal,0,0,overweight,0,0,2.36
50,female,Mexican American,former,normal,0,0,obese,0,0,2.67
50,female,Mexican American,former,normal,0,1,normal,0,0,4.49
50,female,Mexican American,former,normal,0,1,underweight,0,0,7.62
50,female,Mexican American,former,normal,0,1,overweight,0,0,3.8
50,female,Mexican American,former,normal,0,1,obese,0,0,4.28
50,female,Mexican American,former,normal,1,0,normal,0,0,3.47
50,female,Mexican American,former,normal,1,0,underweight,0,0,5.91
50,female,Mexican American,former,normal,1,0,overweight,0,0,2.93
50,female,Mexican American,former,normal,1,0,obese,0,0,3.31
50,female,Mexican American,former,normal,1,1,normal,0,0,5.56
50,female,Mexican American,former,normal,1,1,underweight,0,0,9.4
50,female,Mexican American,former,normal,1,1,overweight,0,0,4.7
50,female,Mexican American,former,normal,1,1,obese,0,0,5.3
50,female,Mexican American,former,prediabetes,0,0,normal,0,0,2.8
50,female,Mexican American,former,prediabetes,0,0,underweight,0,0,4.78
50,female,Mexican American,former,prediabetes,0,0,overweight,0,0,2.36
50,female,Mexican American,former,prediabetes,0,0,obese,0,0,2.67
50,female,Mexican American,former,prediabetes,0,1,normal,0,0,4.49
50,female,Mexican American,former,prediabetes,0,1,underweight,0,0,7.63
50,female,Mexican American,former,prediabetes,0,1,overweight,0,0,3.8
50,female,Mexican American,former,prediabetes,0,1,obese,0,0,4.29
50,female,Mexican American,former,prediabetes,1,0,normal,0,0,3.47
50,female,Mexican American,former,prediabetes,1,0,underweight,0,0,5.92
50,female,Mexican American,former,prediabetes,1,0,overweight,0,0,2.93
50,female,Mexican American,former,prediabetes,1,0,obese,0,0,3.31
50,female,Mexican American,former,prediabetes,1,1,normal,0,0,5.56
50,female,Mexican American,former,prediabetes,1,1,underweight,0,0,9.41
50,female,Mexican American,former,prediabetes,1,1,overweight,0,0,4.71
50,female,Mexican American,former,prediabetes,1,1,obese,0,0,5.31
50,female,Mexican American,former,undiagnosed diabetes,0,0,normal,0,0,3.84
50,female,Mexican American,former,undiagnosed diabetes,0,0,underweight,0,0,6.54
50,female,Mexican American,former,undiagnosed diabetes,0,0,overweight,0,0,3.24
50,female,Mexican American,former,undiagnosed diabetes,0,0,obese,0,0,3.66
50,female,Mexican American,former,undiagnosed diabetes,0,1,normal,0,0,6.14
50,female,Mexican American,former,undiagnosed diabetes,0,1,underweight,0,0,10.37
50,female,Mexican American,former,undiagnosed diabetes,0,1,overweight,0,0,5.2
50,female,Mexican American,former,undiagnosed diabetes,0,1,obese,0,0,5.86
50,female,Mexican American,former,undiagnosed diabetes,1,0,normal,0,0,4.75
50,female,Mexican American,former,undiagnosed diabetes,1,0,underweight,0,0,8.07
50,female,Mexican American,former,undiagnosed diabetes,1,0,overweight,0,0,4.02
50,female,Mexican American,former,undiagnosed diabetes,1,0,obese,0,0,4.54
50,female,Mexican American,former,undiagnosed diabetes,1,1,normal,0,0,7.59
50,female,Mexican American,former,undiagnosed diabetes,1,1,underweight,0,0,12.74
50,female,Mexican American,former,undiagnosed diabetes,1,1,overweight,0,0,6.43
50,female,Mexican American,former,undiagnosed diabetes,1,1,obese,0,0,7.25
50,female,Mexican American,former,diagnosed diabetes,0,0,normal,0,0,4.26
50,female,Mexican American,former,diagnosed diabetes,0,0,underweight,0,0,7.25
50,female,Mexican American,former,diagnosed diabetes,0,0,overweight,0,0,3.6
50,female,Mexican American,former,diagnosed diabetes,0,0,obese,0,0,4.07
50,female,Mexican American,former,diagnosed diabetes,0,1,normal,0,0,6.81
50,female,Mexican American,former,diagnosed diabetes,0,1,underweight,0,0,11.47
50,female,Mexican American,former,diagnosed diabetes,0,1,overweight,0,0,5.77
50,female,Mexican American,former,diagnosed diabetes,0,1,obese,0,0,6.5
50,female,Mexican American,former,diagnosed diabetes,1,0,normal,0,0,5.28
50,female,Mexican American,former,diagnosed diabetes,1,0,underweight,0,0,8.94
50,female,Mexican American,former,diagnosed diabetes,1,0,overweight,0,0,4.47
50,female,Mexican American,former,diagnosed diabetes,1,0,obese,0,0,5.04
50,female,Mexican American,former,diagnosed diabetes,1,1,normal,0,0,8.41
50,female,Mexican American,former,diagnosed diabetes,1,1,underweight,0,0,14.08
50,female,Mexican American,former,diagnosed diabetes,1,1,overweight,0,0,7.14
50,female,Mexican American,former,diagnosed diabetes,1,1,obese,0,0,8.03
50,female,Mexican American,current,normal,0,0,normal,0,0,5.74
50,female,Mexican American,current,normal,0,0,underweight,0,0,9.71
50,female,Mexican American,current,normal,0,0,overweight,0,0,4.86
50,female,Mexican American,current,normal,0,0,obese,0,0,5.48
50,female,Mexican American,current,normal,0,1,normal,0,0,9.13
50,female,Mexican American,current,normal,0,1,underweight,0,0,15.25
50,female,Mexican American,current,normal,0,1,overweight,0,0,7.75
50,female,Mexican American,current,normal,0,1,obese,0,0,8.73
50,female,Mexican American,current,normal,1,0,normal,0,0,7.1
50,female,Mexican American,current,normal,1,0,underweight,0,0,11.94
50,female,Mexican American,current,normal,1,0,overweight,0,0,6.02
50,female,Mexican American,current,normal,1,0,obese,0,0,6.78
50,female,Mexican American,current,normal,1,1,normal,0,0,11.24
50,female,Mexican American,current,normal,1,1,underweight,0,0,18.62
50,female,Mexican American,current,normal,1,1,overweight,0,0,9.56
50,female,Mexican American,current,normal,1,1,obese,0,0,10.74
50,female,Mexican American,current,prediabetes,0,0,normal,0,0,5.75
50,female,Mexican American,current,prediabetes,0,0,underweight,0,0,9.72
50,female,Mexican American,current,prediabetes,0,0,overweight,0,0,4.87
50,female,Mexican American,current,prediabetes,0,0,obese,0,0,5.48
50,female,Mexican American,current,prediabetes,0,1,normal,0,0,9.14
50,female,Mexican American,current,prediabetes,0,1,underweight,0,0,15.26
50,female,Mexican American,current,prediabetes,0,1,overweight,0,0,7.76
50,female,Mexican American,current,prediabetes,0,1,obese,0,0,8.73
50,female,Mexican American,current,prediabetes,1,0,normal,0,0,7.1
50,female,Mexican American,current,prediabetes,1,0,underweight,0,0,11.95
50,female,Mexican American,current,prediabetes,1,0,overweight,0,0,6.02
50,female,Mexican American,current,prediabetes,1,0,obese,0,0,6.78
50,female,Mexican American,current,prediabetes,1,1,normal,0,0,11.25
50,female,Mexican American,current,prediabetes,1,1,underweight,0,0,18.63
50,female,Mexican American,current,prediabetes,1,1,overweight,0,0,9.57
50,female,Mexican American,current,prediabetes,1,1,obese,0,0,10.75
50,female,Mexican American,current,undiagnosed diabetes,0,0,normal,0,0,7.84
50,female,Mexican American,current,undiagnosed diabetes,0,0,underweight,0,0,13.15
50,female,Mexican American,current,undiagnosed diabetes,0,0,overweight,0,0,6.65
50,female,Mexican American,current,undiagnosed diabetes,0,0,obese,0,0,7.48
50,female,Mexican American,current,undiagnosed diabetes,0,1,normal,0,0,12.38
50,female,Mexican American,current,undiagnosed diabetes,0,1,underweight,0,0,20.42
50,female,Mexican American,current,undiagnosed diabetes,0,1,overweight,0,0,10.54
50,female,Mexican American,current,undiagnosed diabetes,0,1,obese,0,0,11.84
50,female,Mexican American,current,undiagnosed diabetes,1,0,normal,0,0,9.66
50,female,Mexican American,current,undiagnosed diabetes,1,0,underweight,0,0,16.1
50,female,Mexican American,current,undiagnosed diabetes,1,0,overweight,0,0,8.21
50,female,Mexican American,current,undiagnosed diabetes,1,0,obese,0,0,9.23
50,female,Mexican American,current,undiagnosed diabetes,1,1,normal,0,0,15.17
50,female,Mexican American,current,undiagnosed diabetes,1,1,underweight,0,0,24.75
50,female,Mexican American,current,undiagnosed diabetes,1,1,overweight,0,0,12.95
50,female,Mexican American,current,undiagnosed diabetes,1,1,obese,0,0,14.52
50,female,Mexican American,current,diagnosed diabetes,0,0,normal,0,0,8.68
50,female,Mexican American,current,diagnosed diabetes,0,0,underweight,0,0,14.53
50,female,Mexican American,current,diagnosed diabetes,0,0,overweight,0,0,7.37
50,female,Mexican American,current,diagnosed diabetes,0,0,obese,0,0,8.3
50,female,Mexican American,current,diagnosed diabetes,0,1,normal,0,0,13.68
50,female,Mexican American,current,diagnosed diabetes,0,1,underweight,0,0,22.45
50,female,Mexican American,current,diagnosed diabetes,0,1,overweight,0,0,11.66
50,female,Mexican American,current,diagnosed diabetes,0,1,obese,0,0,13.09
50,female,Mexican American,current,diagnosed diabetes,1,0,normal,0,0,10.69
50,female,Mexican American,current,diagnosed diabetes,1,0,underweight,0,0,17.75
50,female,Mexican American,current,diagnosed diabetes,1,0,overweight,0,0,9.09
50,female,Mexican American,current,diagnosed diabetes,1,0,obese,0,0,10.22
50,female,Mexican American,current,diagnosed diabetes,1,1,normal,0,0,16.74
50,female,Mexican American,current,diagnosed diabetes,1,1,underweight,0,0,27.13
50,female,Mexican American,current,diagnosed diabetes,1,1,overweight,0,0,14.31
50,female,Mexican American,current,diagnosed diabetes,1,1,obese,0,0,16.03
50,female,Other Hispanic,never,normal,0,0,normal,0,0,2.35
50,female,Other Hispanic,never,normal,0,0,underweight,0,0,4.02
50,female,Other Hispanic,never,normal,0,0,overweight,0,0,1.98
50,female,Other Hispanic,never,normal,0,0,obese,0,0,2.24
50,female,Other Hispanic,never,normal,0,1,normal,0,0,3.78
50,female,Other Hispanic,never,normal,0,1,underweight,0,0,6.44
50,female,Other Hispanic,never,normal,0,1,overweight,0,0,3.19
50,female,Other Hispanic,never,normal,0,1,obese,0,0,3.6
50,female,Other Hispanic,never,normal,1,0,normal,0,0,2.92
50,female,Other Hispanic,never,normal,1,0,underweight,0,0,4.99
50,female,Other Hispanic,never,normal,1,0,overweight,0,0,2.46
50,female,Other Hispanic,never,normal,1,0,obese,0,0,2.78
50,female,Other Hispanic,never,normal,1,1,normal,0,0,4.68
50,female,Other Hispanic,never,normal,1,1,underweight,0,0,7.95
50,female,Other Hispanic,never,normal,1,1,overweight,0,0,3.96
50,female,Other Hispanic,never,normal,1,1,obese,0,0,4.47
50,female,Other Hispanic,never,prediabetes,0,0,normal,0,0,2.35
50,female,Other Hispanic,never,prediabetes,0,0,underweight,0,0,4.03
50,female,Other Hispanic,never,prediabetes,0,0,overweight,0,0,1.99
50,female,Other Hispanic,never,prediabetes,0,0,obese,0,0,2.24
50,female,Other Hispanic,never,prediabetes,0,1,normal,0,0,3.78
50,female,Other Hispanic,never,prediabetes,0,1,underweight,0,0,6.44
50,female,Other Hispanic,never,prediabetes,0,1,overweight,0,0,3.2
50,female,Other Hispanic,never,prediabetes,0,1,obese,0,0,3.61
50,female,Other Hispanic,never,prediabetes,1,0,normal,0,0,2.92
50,female,Other Hispanic,never,prediabetes,1,0,underweight,0,0,4.99
50,female,Other Hispanic,never,prediabetes,1,0,overweight,0,0,2.47
50,female,Other Hispanic,never,prediabetes,1,0,obese,0,0,2.78
50,female,Other Hispanic,never,prediabetes,1,1,normal,0,0,4.68
50,female,Other Hispanic,never,prediabetes,1,1,underweight,0,0,7.95
50,female,Other Hispanic,never,prediabetes,1,1,overweight,0,0,3.96
50,female,Other Hispanic,never,prediabetes,1,1,obese,0,0,4.47
50,female,Other Hispanic,never,undiagnosed diabetes,0,0,normal,0,0,3.23
50,female,Other Hispanic,never,undiagnosed diabetes,0,0,underweight,0,0,5.51
50,female,Other Hispanic,never,undiagnosed diabetes,0,0,overweight,0,0,2.73
50,female,Other Hispanic,never,undiagnosed diabetes,0,0,obese,0,0,3.08
50,female,Other Hispanic,never,undiagnosed diabetes,0,1,normal,0,0,5.18
50,female,Other Hispanic,never,undiagnosed diabetes,0,1,underweight,0,0,8.77
50,female,Other Hispanic,never,undiagnosed diabetes,0,1,overweight,0,0,4.38
50,female,Other Hispanic,never,undiagnosed diabetes,0,1,obese,0,0,4.94
50,female,Other Hispanic,never,undiagnosed diabetes,1,0,normal,0,0,4
50,female,Other Hispanic,never,undiagnosed diabetes,1,0,underweight,0,0,6.81
50,female,Other Hispanic,never,undiagnosed diabetes,1,0,overweight,0,0,3.39
50,female,Other Hispanic,never,undiagnosed diabetes,1,0,obese,0,0,3.82
50,female,Other Hispanic,never,undiagnosed diabetes,1,1,normal,0,0,6.4
50,female,Other Hispanic,never,undiagnosed diabetes,1,1,underweight,0,0,10.8
50,female,Other Hispanic,never,undiagnosed diabetes,1,1,overweight,0,0,5.42
50,female,Other Hispanic,never,undiagnosed diabetes,1,1,obese,0,0,6.11
50,female,Other Hispanic,never,diagnosed diabetes,0,0,normal,0,0,3.59
50,female,Other Hispanic,never,diagnosed diabetes,0,0,underweight,0,0,6.12
50,female,Other Hispanic,never,diagnosed diabetes,0,0,overweight,0,0,3.03
50,female,Other Hispanic,never,diagnosed diabetes,0,0,obese,0,0,3.42
50,female,Other Hispanic,never,diagnosed diabetes,0,1,normal,0,0,5.74
50,female,Other Hispanic,never,diagnosed diabetes,0,1,underweight,0,0,9.72
50,female,Other Hispanic,never,diagnosed diabetes,0,1,overweight,0,0,4.86
50,female,Other Hispanic,never,diagnosed diabetes,0,1,obese,0,0,5.48
50,female,Other Hispanic,never,diagnosed diabetes,1,0,normal,0,0,4.45
50,female,Other Hispanic,never,diagnosed diabetes,1,0,underweight,0,0,7.56
50,female,Other Hispanic,never,diagnosed diabetes,1,0,overweight,0,0,3.76
50,female,Other Hispanic,never,diagnosed diabetes,1,0,obese,0,0,4.24
50,female,Other Hispanic,never,diagnosed diabetes,1,1,normal,0,0,7.1
50,female,Other Hispanic,never,diagnosed diabetes,1,1,underweight,0,0,11.95
50,female,Other Hispanic,never,diagnosed diabetes,1,1,overweight,0,0,6.02
50,female,Other Hispanic,never,diagnosed diabetes,1,1,obese,0,0,6.78
50,female,Other Hispanic,former,normal,0,0,normal,0,0,2.88
50,female,Other Hispanic,former,normal,0,0,underweight,0,0,4.92
50,female,Other Hispanic,former,normal,0,0,overweight,0,0,2.43
50,female,Other Hispanic,former,normal,0,0,obese,0,0,2.75
50,female,Other Hispanic,former,normal,0,1,normal,0,0,4.62
50,female,Other Hispanic,former,normal,0,1,underweight,0,0,7.85
50,female,Other Hispanic,former,normal,0,1,overweight,0,0,3.91
50,female,Other Hispanic,former,normal,0,1,obese,0,0,4.41
50,female,Other Hispanic,former,normal,1,0,normal,0,0,3.57
50,female,Other Hispanic,former,normal,1,0,underweight,0,0,6.09
50,female,Other Hispanic,former,normal,1,0,overweight,0,0,3.02
50,female,Other Hispanic,former,normal,1,0,obese,0,0,3.41
50,female,Other Hispanic,former,normal,1,1,normal,0,0,5.72
50,female,Other Hispanic,former,normal,1,1,underweight,0,0,9.68
50,female,Other Hispanic,former,normal,1,1,overweight,0,0,4.85
50,female,Other Hispanic,former,normal,1,1,obese,0,0,5.46
50,female,Other Hispanic,former,prediabetes,0,0,normal,0,0,2.88
50,female,Other Hispanic,former,prediabetes,0,0,underweight,0,0,4.93
50,female,Other Hispanic,former,prediabetes,0,0,overweight,0,0,2.43
50,female,Other Hispanic,former,prediabetes,0,0,obese,0,0,2.75
50,female,Other Hispanic,former,prediabetes,0,1,normal,0,0,4.63
50,female,Other Hispanic,former,prediabetes,0,1,underweight,0,0,7.86
50,female,Other Hispanic,former,prediabetes,0,1,overweight,0,0,3.91
50,female,Other Hispanic,former,prediabetes,0,1,obese,0,0,4.42
50,female,Other Hispanic,former,prediabetes,1,0,normal,0,0,3.58
50,female,Other Hispanic,former,prediabetes,1,0,underweight,0,0,6.1
50,female,Other Hispanic,former,prediabetes,1,0,overweight,0,0,3.02
50,female,Other Hispanic,former,prediabetes,1,0,obese,0,0,3.41
50,female,Other Hispanic,former,prediabetes,1,1,normal,0,0,5.73
50,female,Other Hispanic,former,prediabetes,1,1,underweight,0,0,9.69
50,female,Other Hispanic,former,prediabetes,1,1,overweight,0,0,4.85
50,female,Other Hispanic,former,prediabetes,1,1,obese,0,0,5.47
50,female,Other Hispanic,former,undiagnosed diabetes,0,0,normal,0,0,3.95
50,female,Other Hispanic,former,undiagnosed diabetes,0,0,underweight,0,0,6.73
50,female,Other Hispanic,former,undiagnosed diabetes,0,0,overweight,0,0,3.34
50,female,Other Hispanic,former,undiagnosed diabetes,0,0,obese,0,0,3.77
50,female,Other Hispanic,former,undiagnosed diabetes,0,1,normal,0,0,6.32
50,female,Other Hispanic,former,undiagnosed diabetes,0,1,underweight,0,0,10.67
50,female,Other Hispanic,former,undiagnosed diabetes,0,1,overweight,0,0,5.36
50,female,Other Hispanic,former,undiagnosed diabetes,0,1,obese,0,0,6.04
50,female,Other Hispanic,former,undiagnosed diabetes,1,0,normal,0,0,4.9
50,female,Other Hispanic,former,undiagnosed diabetes,1,0,underweight,0,0,8.31
50,female,Other Hispanic,former,undiagnosed diabetes,1,0,overweight,0,0,4.14
50,female,Other Hispanic,former,undiagnosed diabetes,1,0,obese,0,0,4.67
50,female,Other Hispanic,former,undiagnosed diabetes,1,1,normal,0,0,7.81
50,female,Other Hispanic,former,undiagnosed diabetes,1,1,underweight,0,0,13.11
50,female,Other Hispanic,former,undiagnosed diabetes,1,1,overweight,0,0,6.63
50,female,Other Hispanic,former,undiagnosed diabetes,1,1,obese,0,0,7.46
50,female,Other Hispanic,former,diagnosed diabetes,0,0,normal,0,0,4.39
50,female,Other Hispanic,former,diagnosed diabetes,0,0,underweight,0,0,7.46
50,female,Other Hispanic,former,diagnosed diabetes,0,0,overweight,0,0,3.71
50,female,Other Hispanic,former,diagnosed diabetes,0,0,obese,0,0,4.19
50,female,Other Hispanic,former,diagnosed diabetes,0,1,normal,0,0,7.01
50,female,Other Hispanic,former,diagnosed diabetes,0,1,underweight,0,0,11.81
50,female,Other Hispanic,former,diagnosed diabetes,0,1,overweight,0,0,5.95
50,female,Other Hispanic,former,diagnosed diabetes,0,1,obese,0,0,6.7
50,female,Other Hispanic,former,diagnosed diabetes,1,0,normal,0,0,5.44
50,female,Other Hispanic,former,diagnosed diabetes,1,0,underweight,0,0,9.21
50,female,Other Hispanic,former,diagnosed diabetes,1,0,overweight,0,0,4.6
50,female,Other Hispanic,former,diagnosed diabetes,1,0,obese,0,0,5.19
50,female,Other Hispanic,former,diagnosed diabetes,1,1,normal,0,0,8.66
50,female,Other Hispanic,former,diagnosed diabetes,1,1,underweight,0,0,14.48
50,female,Other Hispanic,former,diagnosed diabetes,1,1,overweight,0,0,7.35
50,female,Other Hispanic,former,diagnosed diabetes,1,1,obese,0,0,8.27
50,female,Other Hispanic,current,normal,0,0,normal,0,0,5.91
50,female,Other Hispanic,current,normal,0,0,underweight,0,0,10
50,female,Other Hispanic,current,normal,0,0,overweight,0,0,5.01
50,female,Other Hispanic,current,normal,0,0,obese,0,0,5.65
50,female,Other Hispanic,current,normal,0,1,normal,0,0,9.4
50,female,Other Hispanic,current,normal,0,1,underweight,0,0,15.68
50,female,Other Hispanic,current,normal,0,1,overweight,0,0,7.99
50,female,Other Hispanic,current,normal,0,1,obese,0,0,8.98
50,female,Other Hispanic,current,normal,1,0,normal,0,0,7.31
50,female,Other Hispanic,current,normal,1,0,underweight,0,0,12.29
50,female,Other Hispanic,current,normal,1,0,overweight,0,0,6.2
50,female,Other Hispanic,current,normal,1,0,obese,0,0,6.98
50,female,Other Hispanic,current,normal,1,1,normal,0,0,11.57
50,female,Other Hispanic,current,normal,1,1,underweight,0,0,19.13
50,female,Other Hispanic,current,normal,1,1,overweight,0,0,9.84
50,female,Other Hispanic,current,normal,1,1,obese,0,0,11.06
50,female,Other Hispanic,current,prediabetes,0,0,normal,0,0,5.92
50,female,Other Hispanic,current,prediabetes,0,0,underweight,0,0,10
50,female,Other Hispanic,current,prediabetes,0,0,overweight,0,0,5.01
50,female,Other Hispanic,current,prediabetes,0,0,obese,0,0,5.65
50,female,Other Hispanic,current,prediabetes,0,1,normal,0,0,9.41
50,female,Other Hispanic,current,prediabetes,0,1,underweight,0,0,15.69
50,female,Other Hispanic,current,prediabetes,0,1,overweight,0,0,7.99
50,female,Other Hispanic,current,prediabetes,0,1,obese,0,0,8.99
50,female,Other Hispanic,current,prediabetes,1,0,normal,0,0,7.31
50,female,Other Hispanic,current,prediabetes,1,0,underweight,0,0,12.3
50,female,Other Hispanic,current,prediabetes,1,0,overweight,0,0,6.2
50,female,Other Hispanic,current,prediabetes,1,0,obese,0,0,6.98
50,female,Other Hispanic,current,prediabetes,1,1,normal,0,0,11.57
50,female,Other Hispanic,current,prediabetes,1,1,underweight,0,0,19.15
50,female,Other Hispanic,current,prediabetes,1,1,overweight,0,0,9.85
50,female,Other Hispanic,current,prediabetes,1,1,obese,0,0,11.07
50,female,Other Hispanic,current,undiagnosed diabetes,0,0,normal,0,0,8.07
50,female,Other Hispanic,current,undiagnosed diabetes,0,0,underweight,0,0,13.53
50,female,Other Hispanic,current,undiagnosed diabetes,0,0,overweight,0,0,6.85
50,female,Other Hispanic,current,undiagnosed diabetes,0,0,obese,0,0,7.71
50,female,Other Hispanic,current,undiagnosed diabetes,0,1,normal,0,0,12.74
50,female,Other Hispanic,current,undiagnosed diabetes,0,1,underweight,0,0,20.98
50,female,Other Hispanic,current,undiagnosed diabetes,0,1,overweight,0,0,10.85
50,female,Other Hispanic,current,undiagnosed diabetes,0,1,obese,0,0,12.18
50,female,Other Hispanic,current,undiagnosed diabetes,1,0,normal,0,0,9.94
50,female,Other Hispanic,current,undiagnosed diabetes,1,0,underweight,0,0,16.55
50,female,Other Hispanic,current,undiagnosed diabetes,1,0,overweight,0,0,8.45
50,female,Other Hispanic,current,undiagnosed diabetes,1,0,obese,0,0,9.5
50,female,Other Hispanic,current,undiagnosed diabetes,1,1,normal,0,0,15.6
50,female,Other Hispanic,current,undiagnosed diabetes,1,1,underweight,0,0,25.41
50,female,Other Hispanic,current,undiagnosed diabetes,1,1,overweight,0,0,13.33
50,female,Other Hispanic,current,undiagnosed diabetes,1,1,obese,0,0,14.93
50,female,Other Hispanic,current,diagnosed diabetes,0,0,normal,0,0,8.94
50,female,Other Hispanic,current,diagnosed diabetes,0,0,underweight,0,0,14.94
50,female,Other Hispanic,current,diagnosed diabetes,0,0,overweight,0,0,7.59
50,female,Other Hispanic,current,diagnosed diabetes,0,0,obese,0,0,8.54
50,female,Other Hispanic,current,diagnosed diabetes,0,1,normal,0,0,14.08
50,female,Other Hispanic,current,diagnosed diabetes,0,1,underweight,0,0,23.06
50,female,Other Hispanic,current,diagnosed diabetes,0,1,overweight,0,0,12
50,female,Other Hispanic,current,diagnosed diabetes,0,1,obese,0,0,13.47
50,female,Other Hispanic,current,diagnosed diabetes,1,0,normal,0,0,11.01
50,female,Other Hispanic,current,diagnosed diabetes,1,0,underweight,0,0,18.25
50,female,Other Hispanic,current,diagnosed diabetes,1,0,overweight,0,0,9.36
50,female,Other Hispanic,current,diagnosed diabetes,1,0,obese,0,0,10.52
50,female,Other Hispanic,current,diagnosed diabetes,1,1,normal,0,0,17.21
50,female,Other Hispanic,current,diagnosed diabetes,1,1,underweight,0,0,27.84
50,female,Other Hispanic,current,diagnosed diabetes,1,1,overweight,0,0,14.72
50,female,Other Hispanic,current,diagnosed diabetes,1,1,obese,0,0,16.48
50,female,Other/Multiracial,never,normal,0,0,normal,0,0,2.19
50,female,Other/Multiracial,never,normal,0,0,underweight,0,0,3.76
50,female,Other/Multiracial,never,normal,0,0,overweight,0,0,1.85
50,female,Other/Multiracial,never,normal,0,0,obese,0,0,2.09
50,female,Other/Multiracial,never,normal,0,1,normal,0,0,3.53
50,female,Other/Multiracial,never,normal,0,1,underweight,0,0,6.01
50,female,Other/Multiracial,never,normal,0,1,overweight,0,0,2.98
50,female,Other/Multiracial,never,normal,0,1,obese,0,0,3.36
50,female,Other/Multiracial,never,normal,1,0,normal,0,0,2.72
50,female,Other/Multiracial,never,normal,1,0,underweight,0,0,4.66
50,female,Other/Multiracial,never,normal,1,0,overweight,0,0,2.3
50,female,Other/Multiracial,never,normal,1,0,obese,0,0,2.6
50,female,Other/Multiracial,never,normal,1,1,normal,0,0,4.37
50,female,Other/Multiracial,never,normal,1,1,underweight,0,0,7.43
50,female,Other/Multiracial,never,normal,1,1,overweight,0,0,3.7
50,female,Other/Multiracial,never,normal,1,1,obese,0,0,4.17
50,female,Other/Multiracial,never,prediabetes,0,0,normal,0,0,2.19
50,female,Other/Multiracial,never,prediabetes,0,0,underweight,0,0,3.76
50,female,Other/Multiracial,never,prediabetes,0,0,overweight,0,0,1.85
50,female,Other/Multiracial,never,prediabetes,0,0,obese,0,0,2.09
50,female,Other/Multiracial,never,prediabetes,0,1,normal,0,0,3.53
50,female,Other/Multiracial,never,prediabetes,0,1,underweight,0,0,6.02
50,female,Other/Multiracial,never,prediabetes,0,1,overweight,0,0,2.98
50,female,Other/Multiracial,never,prediabetes,0,1,obese,0,0,3.37
50,female,Other/Multiracial,never,prediabetes,1,0,normal,0,0,2.72
50,female,Other/Multiracial,never,prediabetes,1,0,underweight,0,0,4.66
50,female,Other/Multiracial,never,prediabetes,1,0,overweight,0,0,2.3
50,female,Other/Multiracial,never,prediabetes,1,0,obese,0,0,2.6
50,female,Other/Multiracial,never,prediabetes,1,1,normal,0,0,4.37
50,female,Other/Multiracial,never,prediabetes,1,1,underweight,0,0,7.44
50,female,Other/Multiracial,never,prediabetes,1,1,overweight,0,0,3.7
50,female,Other/Multiracial,never,prediabetes,1,1,obese,0,0,4.17
50,female,Other/Multiracial,never,undiagnosed diabetes,0,0,normal,0,0,3.01
50,female,Other/Multiracial,never,undiagnosed diabetes,0,0,underweight,0,0,5.15
50,female,Other/Multiracial,never,undiagnosed diabetes,0,0,overweight,0,0,2.55
50,female,Other/Multiracial,never,undiagnosed diabetes,0,0,obese,0,0,2.87
50,female,Other/Multiracial,never,undiagnosed diabetes,0,1,normal,0,0,4.83
50,female,Other/Multiracial,never,undiagnosed diabetes,0,1,underweight,0,0,8.2
50,female,Other/Multiracial,never,undiagnosed diabetes,0,1,overweight,0,0,4.09
50,female,Other/Multiracial,never,undiagnosed diabetes,0,1,obese,0,0,4.61
50,female,Other/Multiracial,never,undiagnosed diabetes,1,0,normal,0,0,3.74
50,female,Other/Multiracial,never,undiagnosed diabetes,1,0,underweight,0,0,6.37
50,female,Other/Multiracial,never,undiagnosed diabetes,1,0,overweight,0,0,3.16
50,female,Other/Multiracial,never,undiagnosed diabetes,1,0,obese,0,0,3.57
50,female,Other/Multiracial,never,undiagnosed diabetes,1,1,normal,0,0,5.98
50,female,Other/Multiracial,never,undiagnosed diabetes,1,1,underweight,0,0,10.11
50,female,Other/Multiracial,never,undiagnosed diabetes,1,1,overweight,0,0,5.07
50,female,Other/Multiracial,never,undiagnosed diabetes,1,1,obese,0,0,5.71
50,female,Other/Multiracial,never,diagnosed diabetes,0,0,normal,0,0,3.35
50,female,Other/Multiracial,never,diagnosed diabetes,0,0,underweight,0,0,5.71
50,female,Other/Multiracial,never,diagnosed diabetes,0,0,overweight,0,0,2.83
50,female,Other/Multiracial,never,diagnosed diabetes,0,0,obese,0,0,3.19
50,female,Other/Multiracial,never,diagnosed diabetes,0,1,normal,0,0,5.37
50,female,Other/Multiracial,never,diagnosed diabetes,0,1,underweight,0,0,9.09
50,female,Other/Multiracial,never,diagnosed diabetes,0,1,overweight,0,0,4.54
50,female,Other/Multiracial,never,diagnosed diabetes,0,1,obese,0,0,5.12
50,female,Other/Multiracial,never,diagnosed diabetes,1,0,normal,0,0,4.15
50,female,Other/Multiracial,never,diagnosed diabetes,1,0,underweight,0,0,7.06
50,female,Other/Multiracial,never,diagnosed diabetes,1,0,overweight,0,0,3.51
50,female,Other/Multiracial,never,diagnosed diabetes,1,0,obese,0,0,3.96
50,female,Other/Multiracial,never,diagnosed diabetes,1,1,normal,0,0,6.64
50,female,Other/Multiracial,never,diagnosed diabetes,1,1,underweight,0,0,11.19
50,female,Other/Multiracial,never,diagnosed diabetes,1,1,overweight,0,0,5.62
50,female,Other/Multiracial,never,diagnosed diabetes,1,1,obese,0,0,6.34
50,female,Other/Multiracial,former,normal,0,0,normal,0,0,2.69
50,female,Other/Multiracial,former,normal,0,0,underweight,0,0,4.6
50,female,Other/Multiracial,former,normal,0,0,overweight,0,0,2.27
50,female,Other/Multiracial,former,normal,0,0,obese,0,0,2.56
50,female,Other/Multiracial,former,normal,0,1,normal,0,0,4.32
50,female,Other/Multiracial,former,normal,0,1,underweight,0,0,7.34
50,female,Other/Multiracial,former,normal,0,1,overweight,0,0,3.65
50,female,Other/Multiracial,former,normal,0,1,obese,0,0,4.12
50,female,Other/Multiracial,former,normal,1,0,normal,0,0,3.33
50,female,Other/Multiracial,former,normal,1,0,underweight,0,0,5.69
50,female,Other/Multiracial,former,normal,1,0,overweight,0,0,2.82
50,female,Other/Multiracial,former,normal,1,0,obese,0,0,3.18
50,female,Other/Multiracial,former,normal,1,1,normal,0,0,5.35
50,female,Other/Multiracial,former,normal,1,1,underweight,0,0,9.05
50,female,Other/Multiracial,former,normal,1,1,overweight,0,0,4.52
50,female,Other/Multiracial,former,normal,1,1,obese,0,0,5.1
50,female,Other/Multiracial,former,prediabetes,0,0,normal,0,0,2.69
50,female,Other/Multiracial,former,prediabetes,0,0,underweight,0,0,4.6
50,female,Other/Multiracial,former,prediabetes,0,0,overweight,0,0,2.27
50,female,Other/Multiracial,former,prediabetes,0,0,obese,0,0,2.57
50,female,Other/Multiracial,former,prediabetes,0,1,normal,0,0,4.32
50,female,Other/Multiracial,former,prediabetes,0,1,underweight,0,0,7.34
50,female,Other/Multiracial,former,prediabetes,0,1,overweight,0,0,3.65
50,female,Other/Multiracial,former,prediabetes,0,1,obese,0,0,4.12
50,female,Other/Multiracial,former,prediabetes,1,0,normal,0,0,3.34
50,female,Other/Multiracial,former,prediabetes,1,0,underweight,0,0,5.7
50,female,Other/Multiracial,former,prediabetes,1,0,overweight,0,0,2.82
50,female,Other/Multiracial,former,prediabetes,1,0,obese,0,0,3.18
50,female,Other/Multiracial,former,prediabetes,1,1,normal,0,0,5.35
50,female,Other/Multiracial,former,prediabetes,1,1,underweight,0,0,9.06
50,female,Other/Multiracial,former,prediabetes,1,1,overweight,0,0,4.53
50,female,Other/Multiracial,former,prediabetes,1,1,obese,0,0,5.11
50,female,Other/Multiracial,former,undiagnosed diabetes,0,0,normal,0,0,3.69
50,female,Other/Multiracial,former,undiagnosed diabetes,0,0,underweight,0,0,6.29
50,female,Other/Multiracial,former,undiagnosed diabetes,0,0,overweight,0,0,3.12
50,female,Other/Multiracial,former,undiagnosed diabetes,0,0,obese,0,0,3.52
50,female,Other/Multiracial,former,undiagnosed diabetes,0,1,normal,0,0,5.91
50,female,Other/Multiracial,former,undiagnosed diabetes,0,1,underweight,0,0,9.99
50,female,Other/Multiracial,former,undiagnosed diabetes,0,1,overweight,0,0,5
50,female,Other/Multiracial,former,undiagnosed diabetes,0,1,obese,0,0,5.64
50,female,Other/Multiracial,former,undiagnosed diabetes,1,0,normal,0,0,4.57
50,female,Other/Multiracial,former,undiagnosed diabetes,1,0,underweight,0,0,7.77
50,female,Other/Multiracial,former,undiagnosed diabetes,1,0,overweight,0,0,3.87
50,female,Other/Multiracial,former,undiagnosed diabetes,1,0,obese,0,0,4.36
50,female,Other/Multiracial,former,undiagnosed diabetes,1,1,normal,0,0,7.3
50,female,Other/Multiracial,former,undiagnosed diabetes,1,1,underweight,0,0,12.28
50,female,Other/Multiracial,former,undiagnosed diabetes,1,1,overweight,0,0,6.19
50,female,Other/Multiracial,former,undiagnosed diabetes,1,1,obese,0,0,6.97
50,female,Other/Multiracial,former,diagnosed diabetes,0,0,normal,0,0,4.1
50,female,Other/Multiracial,former,diagnosed diabetes,0,0,underweight,0,0,6.98
50,female,Other/Multiracial,former,diagnosed diabetes,0,0,overweight,0,0,3.47
50,female,Other/Multiracial,former,diagnosed diabetes,0,0,obese,0,0,3.91
50,female,Other/Multiracial,former,diagnosed diabetes,0,1,normal,0,0,6.55
50,female,Other/Multiracial,former,diagnosed diabetes,0,1,underweight,0,0,11.05
50,female,Other/Multiracial,former,diagnosed diabetes,0,1,overweight,0,0,5.55
50,female,Other/Multiracial,former,diagnosed diabetes,0,1,obese,0,0,6.26
50,female,Other/Multiracial,former,diagnosed diabetes,1,0,normal,0,0,5.08
50,female,Other/Multiracial,former,diagnosed diabetes,1,0,underweight,0,0,8.61
50,female,Other/Multiracial,former,diagnosed diabetes,1,0,overweight,0,0,4.3
50,female,Other/Multiracial,former,diagnosed diabetes,1,0,obese,0,0,4.85
50,female,Other/Multiracial,former,diagnosed diabetes,1,1,normal,0,0,8.09
50,female,Other/Multiracial,former,diagnosed diabetes,1,1,underweight,0,0,13.57
50,female,Other/Multiracial,former,diagnosed diabetes,1,1,overweight,0,0,6.87
50,female,Other/Multiracial,former,diagnosed diabetes,1,1,obese,0,0,7.73
50,female,Other/Multiracial,current,normal,0,0,normal,0,0,5.52
50,female,Other/Multiracial,current,normal,0,0,underweight,0,0,9.35
50,female,Other/Multiracial,current,normal,0,0,overweight,0,0,4.68
50,female,Other/Multiracial,current,normal,0,0,obese,0,0,5.27
50,female,Other/Multiracial,current,normal,0,1,normal,0,0,8.79
50,female,Other/Multiracial,current,normal,0,1,underweight,0,0,14.7
50,female,Other/Multiracial,current,normal,0,1,overweight,0,0,7.46
50,female,Other/Multiracial,current,normal,0,1,obese,0,0,8.4
50,female,Other/Multiracial,current,normal,1,0,normal,0,0,6.83
50,female,Other/Multiracial,current,normal,1,0,underweight,0,0,11.51
50,female,Other/Multiracial,current,normal,1,0,overweight,0,0,5.79
50,female,Other/Multiracial,current,normal,1,0,obese,0,0,6.52
50,female,Other/Multiracial,current,normal,1,1,normal,0,0,10.83
50,female,Other/Multiracial,current,normal,1,1,underweight,0,0,17.96
50,female,Other/Multiracial,current,normal,1,1,overweight,0,0,9.21
50,female,Other/Multiracial,current,normal,1,1,obese,0,0,10.35
50,female,Other/Multiracial,current,prediabetes,0,0,normal,0,0,5.53
50,female,Other/Multiracial,current,prediabetes,0,0,underweight,0,0,9.36
50,female,Other/Multiracial,current,prediabetes,0,0,overweight,0,0,4.68
50,female,Other/Multiracial,current,prediabetes,0,0,obese,0,0,5.28
50,female,Other/Multiracial,current,prediabetes,0,1,normal,0,0,8.8
50,female,Other/Multiracial,current,prediabetes,0,1,underweight,0,0,14.71
50,female,Other/Multiracial,current,prediabetes,0,1,overweight,0,0,7.47
50,female,Other/Multiracial,current,prediabetes,0,1,obese,0,0,8.41
50,female,Other/Multiracial,current,prediabetes,1,0,normal,0,0,6.84
50,female,Other/Multiracial,current,prediabetes,1,0,underweight,0,0,11.51
50,female,Other/Multiracial,current,prediabetes,1,0,overweight,0,0,5.79
50,female,Other/Multiracial,current,prediabetes,1,0,obese,0,0,6.53
50,female,Other/Multiracial,current,prediabetes,1,1,normal,0,0,10.83
50,female,Other/Multiracial,current,prediabetes,1,1,underweight,0,0,17.97
50,female,Other/Multiracial,current,prediabetes,1,1,overweight,0,0,9.21
50,female,Other/Multiracial,current,prediabetes,1,1,obese,0,0,10.36
50,female,Other/Multiracial,current,undiagnosed diabetes,0,0,normal,0,0,7.54
50,female,Other/Multiracial,current,undiagnosed diabetes,0,0,underweight,0,0,12.67
50,female,Other/Multiracial,current,undiagnosed diabetes,0,0,overweight,0,0,6.4
50,female,Other/Multiracial,current,undiagnosed diabetes,0,0,obese,0,0,7.2
50,female,Other/Multiracial,current,undiagnosed diabetes,0,1,normal,0,0,11.93
50,female,Other/Multiracial,current,undiagnosed diabetes,0,1,underweight,0,0,19.71
50,female,Other/Multiracial,current,undiagnosed diabetes,0,1,overweight,0,0,10.15
50,female,Other/Multiracial,current,undiagnosed diabetes,0,1,obese,0,0,11.41
50,female,Other/Multiracial,current,undiagnosed diabetes,1,0,normal,0,0,9.3
50,female,Other/Multiracial,current,undiagnosed diabetes,1,0,underweight,0,0,15.52
50,female,Other/Multiracial,current,undiagnosed diabetes,1,0,overweight,0,0,7.9
50,female,Other/Multiracial,current,undiagnosed diabetes,1,0,obese,0,0,8.89
50,female,Other/Multiracial,current,undiagnosed diabetes,1,1,normal,0,0,14.63
50,female,Other/Multiracial,current,undiagnosed diabetes,1,1,underweight,0,0,23.91
50,female,Other/Multiracial,current,undiagnosed diabetes,1,1,overweight,0,0,12.48
50,female,Other/Multiracial,current,undiagnosed diabetes,1,1,obese,0,0,14
50,female,Other/Multiracial,current,diagnosed diabetes,0,0,normal,0,0,8.36
50,female,Other/Multiracial,current,diagnosed diabetes,0,0,underweight,0,0,14
50,female,Other/Multiracial,current,diagnosed diabetes,0,0,overweight,0,0,7.1
50,female,Other/Multiracial,current,diagnosed diabetes,0,0,obese,0,0,7.99
50,female,Other/Multiracial,current,diagnosed diabetes,0,1,normal,0,0,13.19
50,female,Other/Multiracial,current,diagnosed diabetes,0,1,underweight,0,0,21.68
50,female,Other/Multiracial,current,diagnosed diabetes,0,1,overweight,0,0,11.24
50,female,Other/Multiracial,current,diagnosed diabetes,0,1,obese,0,0,12.61
50,female,Other/Multiracial,current,diagnosed diabetes,1,0,normal,0,0,10.3
50,female,Other/Multiracial,current,diagnosed diabetes,1,0,underweight,0,0,17.12
50,female,Other/Multiracial,current,diagnosed diabetes,1,0,overweight,0,0,8.76
50,female,Other/Multiracial,current,diagnosed diabetes,1,0,obese,0,0,9.85
50,female,Other/Multiracial,current,diagnosed diabetes,1,1,normal,0,0,16.14
50,female,Other/Multiracial,current,diagnosed diabetes,1,1,underweight,0,0,26.23
50,female,Other/Multiracial,current,diagnosed diabetes,1,1,overweight,0,0,13.79
50,female,Other/Multiracial,current,diagnosed diabetes,1,1,obese,0,0,15.45
60,male,Non-Hispanic White,never,normal,0,0,normal,0,0,7.24
60,male,Non-Hispanic White,never,normal,0,0,underweight,0,0,12.18
60,male,Non-Hispanic White,never,normal,0,0,overweight,0,0,6.14
60,male,Non-Hispanic White,never,normal,0,0,obese,0,0,6.92
60,male,Non-Hispanic White,never,normal,0,1,normal,0,0,11.47
60,male,Non-Hispanic White,never,normal,0,1,underweight,0,0,18.98
60,male,Non-Hispanic White,never,normal,0,1,overweight,0,0,9.76
60,male,Non-Hispanic White,never,normal,0,1,obese,0,0,10.96
60,male,Non-Hispanic White,never,normal,1,0,normal,0,0,8.94
60,male,Non-Hispanic White,never,normal,1,0,underweight,0,0,14.93
60,male,Non-Hispanic White,never,normal,1,0,overweight,0,0,7.59
60,male,Non-Hispanic White,never,normal,1,0,obese,0,0,8.54
60,male,Non-Hispanic White,never,normal,1,1,normal,0,0,14.07
60,male,Non-Hispanic White,never,normal,1,1,underweight,0,0,23.05
60,male,Non-Hispanic White,never,normal,1,1,overweight,0,0,12
60,male,Non-Hispanic White,never,normal,1,1,obese,0,0,13.46
60,male,Non-Hispanic White,never,prediabetes,0,0,normal,0,0,7.25
60,male,Non-Hispanic White,never,prediabetes,0,0,underweight,0,0,12.19
60,male,Non-Hispanic White,never,prediabetes,0,0,overweight,0,0,6.15
60,male,Non-Hispanic White,never,prediabetes,0,0,obese,0,0,6.92
60,male,Non-Hispanic White,never,prediabetes,0,1,normal,0,0,11.48
60,male,Non-Hispanic White,never,prediabetes,0,1,underweight,0,0,18.99
60,male,Non-Hispanic White,never,prediabetes,0,1,overweight,0,0,9.76
60,male,Non-Hispanic White,never,prediabetes,0,1,obese,0,0,10.97
60,male,Non-Hispanic White,never,prediabetes,1,0,normal,0,0,8.94
60,male,Non-Hispanic White,never,prediabetes,1,0,underweight,0,0,14.95
60,male,Non-Hispanic White,never,prediabetes,1,0,overweight,0,0,7.59
60,male,Non-Hispanic White,never,prediabetes,1,0,obese,0,0,8.55
60,male,Non-Hispanic White,never,prediabetes,1,1,normal,0,0,14.08
60,male,Non-Hispanic White,never,prediabetes,1,1,underweight,0,0,23.06
60,male,Non-Hispanic White,never,prediabetes,1,1,overweight,0,0,12.01
60,male,Non-Hispanic White,never,prediabetes,1,1,obese,0,0,13.47
60,male,Non-Hispanic White,never,undiagnosed diabetes,0,0,normal,0,0,9.86
60,male,Non-Hispanic White,never,undiagnosed diabetes,0,0,underweight,0,0,16.42
60,male,Non-Hispanic White,never,undiagnosed diabetes,0,0,overweight,0,0,8.38
60,male,Non-Hispanic White,never,undiagnosed diabetes,0,0,obese,0,0,9.42
60,male,Non-Hispanic White,never,undiagnosed diabetes,0,1,normal,0,0,15.47
60,male,Non-Hispanic White,never,undiagnosed diabetes,0,1,underweight,0,0,25.21
60,male,Non-Hispanic White,never,undiagnosed diabetes,0,1,overweight,0,0,13.21
60,male,Non-Hispanic White,never,undiagnosed diabetes,0,1,obese,0,0,14.81
60,male,Non-Hispanic White,never,undiagnosed diabetes,1,0,normal,0,0,12.12
60,male,Non-Hispanic White,never,undiagnosed diabetes,1,0,underweight,0,0,20.01
60,male,Non-Hispanic White,never,undiagnosed diabetes,1,0,overweight,0,0,10.32
60,male,Non-Hispanic White,never,undiagnosed diabetes,1,0,obese,0,0,11.59
60,male,Non-Hispanic White,never,undiagnosed diabetes,1,1,normal,0,0,18.88
60,male,Non-Hispanic White,never,undiagnosed diabetes,1,1,underweight,0,0,30.34
60,male,Non-Hispanic White,never,undiagnosed diabetes,1,1,overweight,0,0,16.17
60,male,Non-Hispanic White,never,undiagnosed diabetes,1,1,obese,0,0,18.09
60,male,Non-Hispanic White,never,diagnosed diabetes,0,0,normal,0,0,10.91
60,male,Non-Hispanic White,never,diagnosed diabetes,0,0,underweight,0,0,18.1
60,male,Non-Hispanic White,never,diagnosed diabetes,0,0,overweight,0,0,9.28
60,male,Non-Hispanic White,never,diagnosed diabetes,0,0,obese,0,0,10.43
60,male,Non-Hispanic White,never,diagnosed diabetes,0,1,normal,0,0,17.07
60,male,Non-Hispanic White,never,diagnosed diabetes,0,1,underweight,0,0,27.63
60,male,Non-Hispanic White,never,diagnosed diabetes,0,1,overweight,0,0,14.59
60,male,Non-Hispanic White,never,diagnosed diabetes,0,1,obese,0,0,16.34
60,male,Non-Hispanic White,never,diagnosed diabetes,1,0,normal,0,0,13.4
60,male,Non-Hispanic White,never,diagnosed diabetes,1,0,underweight,0,0,22.01
60,male,Non-Hispanic White,never,diagnosed diabetes,1,0,overweight,0,0,11.42
60,male,Non-Hispanic White,never,diagnosed diabetes,1,0,obese,0,0,12.82
60,male,Non-Hispanic White,never,diagnosed diabetes,1,1,normal,0,0,20.78
60,male,Non-Hispanic White,never,diagnosed diabetes,1,1,underweight,0,0,33.14
60,male,Non-Hispanic White,never,diagnosed diabetes,1,1,overweight,0,0,17.83
60,male,Non-Hispanic White,never,diagnosed diabetes,1,1,obese,0,0,19.92
60,male,Non-Hispanic White,former,normal,0,0,normal,0,0,8.83
60,male,Non-Hispanic White,former,normal,0,0,underweight,0,0,14.76
60,male,Non-Hispanic White,former,normal,0,0,overweight,0,0,7.49
60,male,Non-Hispanic White,former,normal,0,0,obese,0,0,8.43
60,male,Non-Hispanic White,former,normal,0,1,normal,0,0,13.9
60,male,Non-Hispanic White,former,normal,0,1,underweight,0,0,22.79
60,male,Non-Hispanic White,former,normal,0,1,overweight,0,0,11.85
60,male,Non-Hispanic White,former,normal,0,1,obese,0,0,13.3
60,male,Non-Hispanic White,former,normal,1,0,normal,0,0,10.87
60,male,Non-Hispanic White,former,normal,1,0,underweight,0,0,18.03
60,male,Non-Hispanic White,former,normal,1,0,overweight,0,0,9.24
60,male,Non-Hispanic White,former,normal,1,0,obese,0,0,10.39
60,male,Non-Hispanic White,former,normal,1,1,normal,0,0,17
60,male,Non-Hispanic White,former,normal,1,1,underweight,0,0,27.53
60,male,Non-Hispanic White,former,normal,1,1,overweight,0,0,14.54
60,male,Non-Hispanic White,former,normal,1,1,obese,0,0,16.28
60,male,Non-Hispanic White,former,prediabetes,0,0,normal,0,0,8.83
60,male,Non-Hispanic White,former,prediabetes,0,0,underweight,0,0,14.77
60,male,Non-Hispanic White,former,prediabetes,0,0,overweight,0,0,7.5
60,male,Non-Hispanic White,former,prediabetes,0,0,obese,0,0,8.44
60,male,Non-Hispanic White,former,prediabetes,0,1,normal,0,0,13.91
60,male,Non-Hispanic White,former,prediabetes,0,1,underweight,0,0,22.8
60,male,Non-Hispanic White,former,prediabetes,0,1,overweight,0,0,11.86
60,male,Non-Hispanic White,former,prediabetes,0,1,obese,0,0,13.31
60,male,Non-Hispanic White,former,prediabetes,1,0,normal,0,0,10.88
60,male,Non-Hispanic White,former,prediabetes,1,0,underweight,0,0,18.04
60,male,Non-Hispanic White,former,prediabetes,1,0,overweight,0,0,9.25
60,male,Non-Hispanic White,former,prediabetes,1,0,obese,0,0,10.4
60,male,Non-Hispanic White,former,prediabetes,1,1,normal,0,0,17.02
60,male,Non-Hispanic White,former,prediabetes,1,1,underweight,0,0,27.55
60,male,Non-Hispanic White,former,prediabetes,1,1,overweight,0,0,14.55
60,male,Non-Hispanic White,former,prediabetes,1,1,obese,0,0,16.29
60,male,Non-Hispanic White,former,undiagnosed diabetes,0,0,normal,0,0,11.98
60,male,Non-Hispanic White,former,undiagnosed diabetes,0,0,underweight,0,0,19.78
60,male,Non-Hispanic White,former,undiagnosed diabetes,0,0,overweight,0,0,10.19
60,male,Non-Hispanic White,former,undiagnosed diabetes,0,0,obese,0,0,11.45
60,male,Non-Hispanic White,former,undiagnosed diabetes,0,1,normal,0,0,18.67
60,male,Non-Hispanic White,former,undiagnosed diabetes,0,1,underweight,0,0,30.02
60,male,Non-Hispanic White,former,undiagnosed diabetes,0,1,overweight,0,0,15.98
60,male,Non-Hispanic White,former,undiagnosed diabetes,0,1,obese,0,0,17.88
60,male,Non-Hispanic White,former,undiagnosed diabetes,1,0,normal,0,0,14.69
60,male,Non-Hispanic White,former,undiagnosed diabetes,1,0,underweight,0,0,24
60,male,Non-Hispanic White,former,undiagnosed diabetes,1,0,overweight,0,0,12.53
60,male,Non-Hispanic White,former,undiagnosed diabetes,1,0,obese,0,0,14.05
60,male,Non-Hispanic White,former,undiagnosed diabetes,1,1,normal,0,0,22.68
60,male,Non-Hispanic White,former,undiagnosed diabetes,1,1,underweight,0,0,35.88
60,male,Non-Hispanic White,former,undiagnosed diabetes,1,1,overweight,0,0,19.49
60,male,Non-Hispanic White,former,undiagnosed diabetes,1,1,obese,0,0,21.75
60,male,Non-Hispanic White,former,diagnosed diabetes,0,0,normal,0,0,13.24
60,male,Non-Hispanic White,former,diagnosed diabetes,0,0,underweight,0,0,21.76
60,male,Non-Hispanic White,former,diagnosed diabetes,0,0,overweight,0,0,11.28
60,male,Non-Hispanic White,former,diagnosed diabetes,0,0,obese,0,0,12.66
60,male,Non-Hispanic White,former,diagnosed diabetes,0,1,normal,0,0,20.55
60,male,Non-Hispanic White,former,diagnosed diabetes,0,1,underweight,0,0,32.79
60,male,Non-Hispanic White,former,diagnosed diabetes,0,1,overweight,0,0,17.62
60,male,Non-Hispanic White,former,diagnosed diabetes,0,1,obese,0,0,19.69
60,male,Non-Hispanic White,former,diagnosed diabetes,1,0,normal,0,0,16.21
60,male,Non-Hispanic White,former,diagnosed diabetes,1,0,underweight,0,0,26.32
60,male,Non-Hispanic White,former,diagnosed diabetes,1,0,overweight,0,0,13.85
60,male,Non-Hispanic White,former,diagnosed diabetes,1,0,obese,0,0,15.51
60,male,Non-Hispanic White,former,diagnosed diabetes,1,1,normal,0,0,24.9
60,male,Non-Hispanic White,former,diagnosed diabetes,1,1,underweight,0,0,39.03
60,male,Non-Hispanic White,former,diagnosed diabetes,1,1,overweight,0,0,21.45
60,male,Non-Hispanic White,former,diagnosed diabetes,1,1,obese,0,0,23.89
60,male,Non-Hispanic White,current,normal,0,0,normal,0,0,17.54
60,male,Non-Hispanic White,current,normal,0,0,underweight,0,0,28.33
60,male,Non-Hispanic White,current,normal,0,0,overweight,0,0,15
60,male,Non-Hispanic White,current,normal,0,0,obese,0,0,16.79
60,male,Non-Hispanic White,current,normal,0,1,normal,0,0,26.82
60,male,Non-Hispanic White,current,normal,0,1,underweight,0,0,41.7
60,male,Non-Hispanic White,current,normal,0,1,overweight,0,0,23.14
60,male,Non-Hispanic White,current,normal,0,1,obese,0,0,25.75
60,male,Non-Hispanic White,current,normal,1,0,normal,0,0,21.34
60,male,Non-Hispanic White,current,normal,1,0,underweight,0,0,33.95
60,male,Non-Hispanic White,current,normal,1,0,overweight,0,0,18.32
60,male,Non-Hispanic White,current,normal,1,0,obese,0,0,20.46
60,male,Non-Hispanic White,current,normal,1,1,normal,0,0,32.21
60,male,Non-Hispanic White,current,normal,1,1,underweight,0,0,48.92
60,male,Non-Hispanic White,current,normal,1,1,overweight,0,0,27.94
60,male,Non-Hispanic White,current,normal,1,1,obese,0,0,30.97
60,male,Non-Hispanic White,current,prediabetes,0,0,normal,0,0,17.55
60,male,Non-Hispanic White,current,prediabetes,0,0,underweight,0,0,28.35
60,male,Non-Hispanic White,current,prediabetes,0,0,overweight,0,0,15.01
60,male,Non-Hispanic White,current,prediabetes,0,0,obese,0,0,16.8
60,male,Non-Hispanic White,current,prediabetes,0,1,normal,0,0,26.84
60,male,Non-Hispanic White,current,prediabetes,0,1,underweight,0,0,41.72
60,male,Non-Hispanic White,current,prediabetes,0,1,overweight,0,0,23.16
60,male,Non-Hispanic White,current,prediabetes,0,1,obese,0,0,25.77
60,male,Non-Hispanic White,current,prediabetes,1,0,normal,0,0,21.36
60,male,Non-Hispanic White,current,prediabetes,1,0,underweight,0,0,33.97
60,male,Non-Hispanic White,current,prediabetes,1,0,overweight,0,0,18.33
60,male,Non-Hispanic White,current,prediabetes,1,0,obese,0,0,20.47
60,male,Non-Hispanic White,current,prediabetes,1,1,normal,0,0,32.23
60,male,Non-Hispanic White,current,prediabetes,1,1,underweight,0,0,48.94
60,male,Non-Hispanic White,current,prediabetes,1,1,overweight,0,0,27.96
60,male,Non-Hispanic White,current,prediabetes,1,1,obese,0,0,30.99
60,male,Non-Hispanic White,current,undiagnosed diabetes,0,0,normal,0,0,23.36
60,male,Non-Hispanic White,current,undiagnosed diabetes,0,0,underweight,0,0,36.86
60,male,Non-Hispanic White,current,undiagnosed diabetes,0,0,overweight,0,0,20.09
60,male,Non-Hispanic White,current,undiagnosed diabetes,0,0,obese,0,0,22.41
60,male,Non-Hispanic White,current,undiagnosed diabetes,0,1,normal,0,0,35.01
60,male,Non-Hispanic White,current,undiagnosed diabetes,0,1,underweight,0,0,52.51
60,male,Non-Hispanic White,current,undiagnosed diabetes,0,1,overweight,0,0,30.46
60,male,Non-Hispanic White,current,undiagnosed diabetes,0,1,obese,0,0,33.7
60,male,Non-Hispanic White,current,undiagnosed diabetes,1,0,normal,0,0,28.2
60,male,Non-Hispanic White,current,undiagnosed diabetes,1,0,underweight,0,0,43.58
60,male,Non-Hispanic White,current,undiagnosed diabetes,1,0,overweight,0,0,24.37
60,male,Non-Hispanic White,current,undiagnosed diabetes,1,0,obese,0,0,27.08
60,male,Non-Hispanic White,current,undiagnosed diabetes,1,1,normal,0,0,41.53
60,male,Non-Hispanic White,current,undiagnosed diabetes,1,1,underweight,0,0,60.43
60,male,Non-Hispanic White,current,undiagnosed diabetes,1,1,overweight,0,0,36.39
60,male,Non-Hispanic White,current,undiagnosed diabetes,1,1,obese,0,0,40.05
60,male,Non-Hispanic White,current,diagnosed diabetes,0,0,normal,0,0,25.64
60,male,Non-Hispanic White,current,diagnosed diabetes,0,0,underweight,0,0,40.06
60,male,Non-Hispanic White,current,diagnosed diabetes,0,0,overweight,0,0,22.1
60,male,Non-Hispanic White,current,diagnosed diabetes,0,0,obese,0,0,24.61
60,male,Non-Hispanic White,current,diagnosed diabetes,0,1,normal,0,0,38.11
60,male,Non-Hispanic White,current,diagnosed diabetes,0,1,underweight,0,0,56.35
60,male,Non-Hispanic White,current,diagnosed diabetes,0,1,overweight,0,0,33.27
60,male,Non-Hispanic White,current,diagnosed diabetes,0,1,obese,0,0,36.71
60,male,Non-Hispanic White,current,diagnosed diabetes,1,0,normal,0,0,30.85
60,male,Non-Hispanic White,current,diagnosed diabetes,1,0,underweight,0,0,47.13
60,male,Non-Hispanic White,current,diagnosed diabetes,1,0,overweight,0,0,26.72
60,male,Non-Hispanic White,current,diagnosed diabetes,1,0,obese,0,0,29.65
60,male,Non-Hispanic White,current,diagnosed diabetes,1,1,normal,0,0,44.98
60,male,Non-Hispanic White,current,diagnosed diabetes,1,1,underweight,0,0,64.38
60,male,Non-Hispanic White,current,diagnosed diabetes,1,1,overweight,0,0,39.56
60,male,Non-Hispanic White,current,diagnosed diabetes,1,1,obese,0,0,43.42
60,male,Non-Hispanic Black,never,normal,0,0,normal,0,0,7.85
60,male,Non-Hispanic Black,never,normal,0,0,underweight,0,0,13.17
60,male,Non-Hispanic Black,never,normal,0,0,overweight,0,0,6.66
60,male,Non-Hispanic Black,never,normal,0,0,obese,0,0,7.5
60,male,Non-Hispanic Black,never,normal,0,1,normal,0,0,12.4
60,male,Non-Hispanic Black,never,normal,0,1,underweight,0,0,20.45
60,male,Non-Hispanic Black,never,normal,0,1,overweight,0,0,10.56
60,male,Non-Hispanic Black,never,normal,0,1,obese,0,0,11.86
60,male,Non-Hispanic Black,never,normal,1,0,normal,0,0,9.68
60,male,Non-Hispanic Black,never,normal,1,0,underweight,0,0,16.13
60,male,Non-Hispanic Black,never,normal,1,0,overweight,0,0,8.22
60,male,Non-Hispanic Black,never,normal,1,0,obese,0,0,9.25
60,male,Non-Hispanic Black,never,normal,1,1,normal,0,0,15.2
60,male,Non-Hispanic Black,never,normal,1,1,underweight,0,0,24.79
60,male,Non-Hispanic Black,never,normal,1,1,overweight,0,0,12.97
60,male,Non-Hispanic Black,never,normal,1,1,obese,0,0,14.54
60,male,Non-Hispanic Black,never,prediabetes,0,0,normal,0,0,7.86
60,male,Non-Hispanic Black,never,prediabetes,0,0,underweight,0,0,13.18
60,male,Non-Hispanic Black,never,prediabetes,0,0,overweight,0,0,6.66
60,male,Non-Hispanic Black,never,prediabetes,0,0,obese,0,0,7.5
60,male,Non-Hispanic Black,never,prediabetes,0,1,normal,0,0,12.41
60,male,Non-Hispanic Black,never,prediabetes,0,1,underweight,0,0,20.46
60,male,Non-Hispanic Black,never,prediabetes,0,1,overweight,0,0,10.57
60,male,Non-Hispanic Black,never,prediabetes,0,1,obese,0,0,11.87
60,male,Non-Hispanic Black,never,prediabetes,1,0,normal,0,0,9.68
60,male,Non-Hispanic Black,never,prediabetes,1,0,underweight,0,0,16.14
60,male,Non-Hispanic Black,never,prediabetes,1,0,overweight,0,0,8.23
60,male,Non-Hispanic Black,never,prediabetes,1,0,obese,0,0,9.25
60,male,Non-Hispanic Black,never,prediabetes,1,1,normal,0,0,15.21
60,male,Non-Hispanic Black,never,prediabetes,1,1,underweight,0,0,24.8
60,male,Non-Hispanic Black,never,prediabetes,1,1,overweight,0,0,12.98
60,male,Non-Hispanic Black,never,prediabetes,1,1,obese,0,0,14.55
60,male,Non-Hispanic Black,never,undiagnosed diabetes,0,0,normal,0,0,10.67
60,male,Non-Hispanic Black,never,undiagnosed diabetes,0,0,underweight,0,0,17.71
60,male,Non-Hispanic Black,never,undiagnosed diabetes,0,0,overweight,0,0,9.07
60,male,Non-Hispanic Black,never,undiagnosed diabetes,0,0,obese,0,0,10.2
60,male,Non-Hispanic Black,never,undiagnosed diabetes,0,1,normal,0,0,16.7
60,male,Non-Hispanic Black,never,undiagnosed diabetes,0,1,underweight,0,0,27.08
60,male,Non-Hispanic Black,never,undiagnosed diabetes,0,1,overweight,0,0,14.28
60,male,Non-Hispanic Black,never,undiagnosed diabetes,0,1,obese,0,0,15.99
60,male,Non-Hispanic Black,never,undiagnosed diabetes,1,0,normal,0,0,13.11
60,male,Non-Hispanic Black,never,undiagnosed diabetes,1,0,underweight,0,0,21.55
60,male,Non-Hispanic Black,never,undiagnosed diabetes,1,0,overweight,0,0,11.17
60,male,Non-Hispanic Black,never,undiagnosed diabetes,1,0,obese,0,0,12.54
60,male,Non-Hispanic Black,never,undiagnosed diabetes,1,1,normal,0,0,20.35
60,male,Non-Hispanic Black,never,undiagnosed diabetes,1,1,underweight,0,0,32.51
60,male,Non-Hispanic Black,never,undiagnosed diabetes,1,1,overweight,0,0,17.45
60,male,Non-Hispanic Black,never,undiagnosed diabetes,1,1,obese,0,0,19.5
60,male,Non-Hispanic Black,never,diagnosed diabetes,0,0,normal,0,0,11.8
60,male,Non-Hispanic Black,never,diagnosed diabetes,0,0,underweight,0,0,19.51
60,male,Non-Hispanic Black,never,diagnosed diabetes,0,0,overweight,0,0,10.05
60,male,Non-Hispanic Black,never,diagnosed diabetes,0,0,obese,0,0,11.29
60,male,Non-Hispanic Black,never,diagnosed diabetes,0,1,normal,0,0,18.41
60,male,Non-Hispanic Black,never,diagnosed diabetes,0,1,underweight,0,0,29.64
60,male,Non-Hispanic Black,never,diagnosed diabetes,0,1,overweight,0,0,15.76
60,male,Non-Hispanic Black,never,diagnosed diabetes,0,1,obese,0,0,17.63
60,male,Non-Hispanic Black,never,diagnosed diabetes,1,0,normal,0,0,14.48
60,male,Non-Hispanic Black,never,diagnosed diabetes,1,0,underweight,0,0,23.68
60,male,Non-Hispanic Black,never,diagnosed diabetes,1,0,overweight,0,0,12.35
60,male,Non-Hispanic Black,never,diagnosed diabetes,1,0,obese,0,0,13.85
60,male,Non-Hispanic Black,never,diagnosed diabetes,1,1,normal,0,0,22.38
60,male,Non-Hispanic Black,never,diagnosed diabetes,1,1,underweight,0,0,35.44
60,male,Non-Hispanic Black,never,diagnosed diabetes,1,1,overweight,0,0,19.23
60,male,Non-Hispanic Black,never,diagnosed diabetes,1,1,obese,0,0,21.46
60,male,Non-Hispanic Black,former,normal,0,0,normal,0,0,9.56
60,male,Non-Hispanic Black,former,normal,0,0,underweight,0,0,15.94
60,male,Non-Hispanic Black,former,normal,0,0,overweight,0,0,8.12
60,male,Non-Hispanic Black,former,normal,0,0,obese,0,0,9.14
60,male,Non-Hispanic Black,former,normal,0,1,normal,0,0,15.02
60,male,Non-Hispanic Black,former,normal,0,1,underweight,0,0,24.51
60,male,Non-Hispanic Black,former,normal,0,1,overweight,0,0,12.82
60,male,Non-Hispanic Black,former,normal,0,1,obese,0,0,14.37
60,male,Non-Hispanic Black,former,normal,1,0,normal,0,0,11.76
60,male,Non-Hispanic Black,former,normal,1,0,underweight,0,0,19.44
60,male,Non-Hispanic Black,former,normal,1,0,overweight,0,0,10.01
60,male,Non-Hispanic Black,former,normal,1,0,obese,0,0,11.24
60,male,Non-Hispanic Black,former,normal,1,1,normal,0,0,18.34
60,male,Non-Hispanic Black,former,normal,1,1,underweight,0,0,29.54
60,male,Non-Hispanic Black,former,normal,1,1,overweight,0,0,15.7
60,male,Non-Hispanic Black,former,normal,1,1,obese,0,0,17.57
60,male,Non-Hispanic Black,former,prediabetes,0,0,normal,0,0,9.57
60,male,Non-Hispanic Black,former,prediabetes,0,0,underweight,0,0,15.95
60,male,Non-Hispanic Black,former,prediabetes,0,0,overweight,0,0,8.13
60,male,Non-Hispanic Black,former,prediabetes,0,0,obese,0,0,9.14
60,male,Non-Hispanic Black,former,prediabetes,0,1,normal,0,0,15.03
60,male,Non-Hispanic Black,former,prediabetes,0,1,underweight,0,0,24.53
60,male,Non-Hispanic Black,former,prediabetes,0,1,overweight,0,0,12.83
60,male,Non-Hispanic Black,former,prediabetes,0,1,obese,0,0,14.38
60,male,Non-Hispanic Black,former,prediabetes,1,0,normal,0,0,11.77
60,male,Non-Hispanic Black,former,prediabetes,1,0,underweight,0,0,19.45
60,male,Non-Hispanic Black,former,prediabetes,1,0,overweight,0,0,10.02
60,male,Non-Hispanic Black,former,prediabetes,1,0,obese,0,0,11.25
60,male,Non-Hispanic Black,former,prediabetes,1,1,normal,0,0,18.35
60,male,Non-Hispanic Black,former,prediabetes,1,1,underweight,0,0,29.56
60,male,Non-Hispanic Black,former,prediabetes,1,1,overweight,0,0,15.71
60,male,Non-Hispanic Black,former,prediabetes,1,1,obese,0,0,17.58
60,male,Non-Hispanic Black,former,undiagnosed diabetes,0,0,normal,0,0,12.95
60,male,Non-Hispanic Black,former,undiagnosed diabetes,0,0,underweight,0,0,21.31
60,male,Non-Hispanic Black,former,undiagnosed diabetes,0,0,overweight,0,0,11.03
60,male,Non-Hispanic Black,former,undiagnosed diabetes,0,0,obese,0,0,12.39
60,male,Non-Hispanic Black,former,undiagnosed diabetes,0,1,normal,0,0,20.12
60,male,Non-Hispanic Black,former,undiagnosed diabetes,0,1,underweight,0,0,32.17
60,male,Non-Hispanic Black,former,undiagnosed diabetes,0,1,overweight,0,0,17.25
60,male,Non-Hispanic Black,former,undiagnosed diabetes,0,1,obese,0,0,19.28
60,male,Non-Hispanic Black,former,undiagnosed diabetes,1,0,normal,0,0,15.86
60,male,Non-Hispanic Black,former,undiagnosed diabetes,1,0,underweight,0,0,25.79
60,male,Non-Hispanic Black,former,undiagnosed diabetes,1,0,overweight,0,0,13.55
60,male,Non-Hispanic Black,former,undiagnosed diabetes,1,0,obese,0,0,15.18
60,male,Non-Hispanic Black,former,undiagnosed diabetes,1,1,normal,0,0,24.4
60,male,Non-Hispanic Black,former,undiagnosed diabetes,1,1,underweight,0,0,38.32
60,male,Non-Hispanic Black,former,undiagnosed diabetes,1,1,overweight,0,0,21
60,male,Non-Hispanic Black,former,undiagnosed diabetes,1,1,obese,0,0,23.41
60,male,Non-Hispanic Black,former,diagnosed diabetes,0,0,normal,0,0,14.31
60,male,Non-Hispanic Black,former,diagnosed diabetes,0,0,underweight,0,0,23.41
60,male,Non-Hispanic Black,former,diagnosed diabetes,0,0,overweight,0,0,12.2
60,male,Non-Hispanic Black,former,diagnosed diabetes,0,0,obese,0,0,13.69
60,male,Non-Hispanic Black,former,diagnosed diabetes,0,1,normal,0,0,22.13
60,male,Non-Hispanic Black,former,diagnosed diabetes,0,1,underweight,0,0,35.08
60,male,Non-Hispanic Black,former,diagnosed diabetes,0,1,overweight,0,0,19.01
60,male,Non-Hispanic Black,former,diagnosed diabetes,0,1,obese,0,0,21.21
60,male,Non-Hispanic Black,former,diagnosed diabetes,1,0,normal,0,0,17.49
60,male,Non-Hispanic Black,former,diagnosed diabetes,1,0,underweight,0,0,28.26
60,male,Non-Hispanic Black,former,diagnosed diabetes,1,0,overweight,0,0,14.96
60,male,Non-Hispanic Black,former,diagnosed diabetes,1,0,obese,0,0,16.75
60,male,Non-Hispanic Black,former,diagnosed diabetes,1,1,normal,0,0,26.75
60,male,Non-Hispanic Black,former,diagnosed diabetes,1,1,underweight,0,0,41.6
60,male,Non-Hispanic Black,former,diagnosed diabetes,1,1,overweight,0,0,23.08
60,male,Non-Hispanic Black,former,diagnosed diabetes,1,1,obese,0,0,25.68
60,male,Non-Hispanic Black,current,normal,0,0,normal,0,0,18.91
60,male,Non-Hispanic Black,current,normal,0,0,underweight,0,0,30.38
60,male,Non-Hispanic Black,current,normal,0,0,overweight,0,0,16.2
60,male,Non-Hispanic Black,current,normal,0,0,obese,0,0,18.11
60,male,Non-Hispanic Black,current,normal,0,1,normal,0,0,28.79
60,male,Non-Hispanic Black,current,normal,0,1,underweight,0,0,44.38
60,male,Non-Hispanic Black,current,normal,0,1,overweight,0,0,24.89
60,male,Non-Hispanic Black,current,normal,0,1,obese,0,0,27.65
60,male,Non-Hispanic Black,current,normal,1,0,normal,0,0,22.97
60,male,Non-Hispanic Black,current,normal,1,0,underweight,0,0,36.29
60,male,Non-Hispanic Black,current,normal,1,0,overweight,0,0,19.75
60,male,Non-Hispanic Black,current,normal,1,0,obese,0,0,22.03
60,male,Non-Hispanic Black,current,normal,1,1,normal,0,0,34.47
60,male,Non-Hispanic Black,current,normal,1,1,underweight,0,0,51.82
60,male,Non-Hispanic Black,current,normal,1,1,overweight,0,0,29.97
60,male,Non-Hispanic Black,current,normal,1,1,obese,0,0,33.17
60,male,Non-Hispanic Black,current,prediabetes,0,0,normal,0,0,18.92
60,male,Non-Hispanic Black,current,prediabetes,0,0,underweight,0,0,30.4
60,male,Non-Hispanic Black,current,prediabetes,0,0,overweight,0,0,16.21
60,male,Non-Hispanic Black,current,prediabetes,0,0,obese,0,0,18.13
60,male,Non-Hispanic Black,current,prediabetes,0,1,normal,0,0,28.81
60,male,Non-Hispanic Black,current,prediabetes,0,1,underweight,0,0,44.4
60,male,Non-Hispanic Black,current,prediabetes,0,1,overweight,0,0,24.9
60,male,Non-Hispanic Black,current,prediabetes,0,1,obese,0,0,27.67
60,male,Non-Hispanic Black,current,prediabetes,1,0,normal,0,0,22.99
60,male,Non-Hispanic Black,current,prediabetes,1,0,underweight,0,0,36.32
60,male,Non-Hispanic Black,current,prediabetes,1,0,overweight,0,0,19.76
60,male,Non-Hispanic Black,current,prediabetes,1,0,obese,0,0,22.04
60,male,Non-Hispanic Black,current,prediabetes,1,1,normal,0,0,34.49
60,male,Non-Hispanic Black,current,prediabetes,1,1,underweight,0,0,51.85
60,male,Non-Hispanic Black,current,prediabetes,1,1,overweight,0,0,29.99
60,male,Non-Hispanic Black,current,prediabetes,1,1,obese,0,0,33.19
60,male,Non-Hispanic Black,current,undiagnosed diabetes,0,0,normal,0,0,25.12
60,male,Non-Hispanic Black,current,undiagnosed diabetes,0,0,underweight,0,0,39.34
60,male,Non-Hispanic Black,current,undiagnosed diabetes,0,0,overweight,0,0,21.64
60,male,Non-Hispanic Black,current,undiagnosed diabetes,0,0,obese,0,0,24.11
60,male,Non-Hispanic Black,current,undiagnosed diabetes,0,1,normal,0,0,37.41
60,male,Non-Hispanic Black,current,undiagnosed diabetes,0,1,underweight,0,0,55.5
60,male,Non-Hispanic Black,current,undiagnosed diabetes,0,1,overweight,0,0,32.63
60,male,Non-Hispanic Black,current,undiagnosed diabetes,0,1,obese,0,0,36.03
60,male,Non-Hispanic Black,current,undiagnosed diabetes,1,0,normal,0,0,30.25
60,male,Non-Hispanic Black,current,undiagnosed diabetes,1,0,underweight,0,0,46.33
60,male,Non-Hispanic Black,current,undiagnosed diabetes,1,0,overweight,0,0,26.19
60,male,Non-Hispanic Black,current,undiagnosed diabetes,1,0,obese,0,0,29.07
60,male,Non-Hispanic Black,current,undiagnosed diabetes,1,1,normal,0,0,44.2
60,male,Non-Hispanic Black,current,undiagnosed diabetes,1,1,underweight,0,0,63.5
60,male,Non-Hispanic Black,current,undiagnosed diabetes,1,1,overweight,0,0,38.85
60,male,Non-Hispanic Black,current,undiagnosed diabetes,1,1,obese,0,0,42.66
60,male,Non-Hispanic Black,current,diagnosed diabetes,0,0,normal,0,0,27.54
60,male,Non-Hispanic Black,current,diagnosed diabetes,0,0,underweight,0,0,42.68
60,male,Non-Hispanic Black,current,diagnosed diabetes,0,0,overweight,0,0,23.78
60,male,Non-Hispanic Black,current,diagnosed diabetes,0,0,obese,0,0,26.44
60,male,Non-Hispanic Black,current,diagnosed diabetes,0,1,normal,0,0,40.65
60,male,Non-Hispanic Black,current,diagnosed diabetes,0,1,underweight,0,0,59.39
60,male,Non-Hispanic Black,current,diagnosed diabetes,0,1,overweight,0,0,35.58
60,male,Non-Hispanic Black,current,diagnosed diabetes,0,1,obese,0,0,39.19
60,male,Non-Hispanic Black,current,diagnosed diabetes,1,0,normal,0,0,33.03
60,male,Non-Hispanic Black,current,diagnosed diabetes,1,0,underweight,0,0,49.98
60,male,Non-Hispanic Black,current,diagnosed diabetes,1,0,overweight,0,0,28.68
60,male,Non-Hispanic Black,current,diagnosed diabetes,1,0,obese,0,0,31.77
60,male,Non-Hispanic Black,current,diagnosed diabetes,1,1,normal,0,0,47.77
60,male,Non-Hispanic Black,current,diagnosed diabetes,1,1,underweight,0,0,67.44
60,male,Non-Hispanic Black,current,diagnosed diabetes,1,1,overweight,0,0,42.16
60,male,Non-Hispanic Black,current,diagnosed diabetes,1,1,obese,0,0,46.16
60,male,Mexican American,never,normal,0,0,normal,0,0,6.17
60,male,Mexican American,never,normal,0,0,underweight,0,0,10.42
60,male,Mexican American,never,normal,0,0,overweight,0,0,5.23
60,male,Mexican American,never,normal,0,0,obese,0,0,5.89
60,male,Mexican American,never,normal,0,1,normal,0,0,9.8
60,male,Mexican American,never,normal,0,1,underweight,0,0,16.33
60,male,Mexican American,never,normal,0,1,overweight,0,0,8.33
60,male,Mexican American,never,normal,0,1,obese,0,0,9.37
60,male,Mexican American,never,normal,1,0,normal,0,0,7.62
60,male,Mexican American,never,normal,1,0,underweight,0,0,12.81
60,male,Mexican American,never,normal,1,0,overweight,0,0,6.47
60,male,Mexican American,never,normal,1,0,obese,0,0,7.28
60,male,Mexican American,never,normal,1,1,normal,0,0,12.06
60,male,Mexican American,never,normal,1,1,underweight,0,0,19.9
60,male,Mexican American,never,normal,1,1,overweight,0,0,10.26
60,male,Mexican American,never,normal,1,1,obese,0,0,11.53
60,male,Mexican American,never,prediabetes,0,0,normal,0,0,6.18
60,male,Mexican American,never,prediabetes,0,0,underweight,0,0,10.43
60,male,Mexican American,never,prediabetes,0,0,overweight,0,0,5.23
60,male,Mexican American,never,prediabetes,0,0,obese,0,0,5.9
60,male,Mexican American,never,prediabetes,0,1,normal,0,0,9.81
60,male,Mexican American,never,prediabetes,0,1,underweight,0,0,16.34
60,male,Mexican American,never,prediabetes,0,1,overweight,0,0,8.34
60,male,Mexican American,never,prediabetes,0,1,obese,0,0,9.38
60,male,Mexican American,never,prediabetes,1,0,normal,0,0,7.63
60,male,Mexican American,never,prediabetes,1,0,underweight,0,0,12.81
60,male,Mexican American,never,prediabetes,1,0,overweight,0,0,6.47
60,male,Mexican American,never,prediabetes,1,0,obese,0,0,7.29
60,male,Mexican American,never,prediabetes,1,1,normal,0,0,12.06
60,male,Mexican American,never,prediabetes,1,1,underweight,0,0,19.92
60,male,Mexican American,never,prediabetes,1,1,overweight,0,0,10.27
60,male,Mexican American,never,prediabetes,1,1,obese,0,0,11.54
60,male,Mexican American,never,undiagnosed diabetes,0,0,normal,0,0,8.42
60,male,Mexican American,never,undiagnosed diabetes,0,0,underweight,0,0,14.09
60,male,Mexican American,never,undiagnosed diabetes,0,0,overweight,0,0,7.14
60,male,Mexican American,never,undiagnosed diabetes,0,0,obese,0,0,8.04
60,male,Mexican American,never,undiagnosed diabetes,0,1,normal,0,0,13.27
60,male,Mexican American,never,undiagnosed diabetes,0,1,underweight,0,0,21.81
60,male,Mexican American,never,undiagnosed diabetes,0,1,overweight,0,0,11.31
60,male,Mexican American,never,undiagnosed diabetes,0,1,obese,0,0,12.7
60,male,Mexican American,never,undiagnosed diabetes,1,0,normal,0,0,10.37
60,male,Mexican American,never,undiagnosed diabetes,1,0,underweight,0,0,17.23
60,male,Mexican American,never,undiagnosed diabetes,1,0,overweight,0,0,8.81
60,male,Mexican American,never,undiagnosed diabetes,1,0,obese,0,0,9.91
60,male,Mexican American,never,undiagnosed diabetes,1,1,normal,0,0,16.25
60,male,Mexican American,never,undiagnosed diabetes,1,1,underweight,0,0,26.39
60,male,Mexican American,never,undiagnosed diabetes,1,1,overweight,0,0,13.88
60,male,Mexican American,never,undiagnosed diabetes,1,1,obese,0,0,15.55
60,male,Mexican American,never,diagnosed diabetes,0,0,normal,0,0,9.32
60,male,Mexican American,never,diagnosed diabetes,0,0,underweight,0,0,15.56
60,male,Mexican American,never,diagnosed diabetes,0,0,overweight,0,0,7.92
60,male,Mexican American,never,diagnosed diabetes,0,0,obese,0,0,8.91
60,male,Mexican American,never,diagnosed diabetes,0,1,normal,0,0,14.66
60,male,Mexican American,never,diagnosed diabetes,0,1,underweight,0,0,23.96
60,male,Mexican American,never,diagnosed diabetes,0,1,overweight,0,0,12.51
60,male,Mexican American,never,diagnosed diabetes,0,1,obese,0,0,14.03
60,male,Mexican American,never,diagnosed diabetes,1,0,normal,0,0,11.47
60,male,Mexican American,never,diagnosed diabetes,1,0,underweight,0,0,18.99
60,male,Mexican American,never,diagnosed diabetes,1,0,overweight,0,0,9.76
60,male,Mexican American,never,diagnosed diabetes,1,0,obese,0,0,10.97
60,male,Mexican American,never,diagnosed diabetes,1,1,normal,0,0,17.91
60,male,Mexican American,never,diagnosed diabetes,1,1,underweight,0,0,28.9
60,male,Mexican American,never,diagnosed diabetes,1,1,overweight,0,0,15.33
60,male,Mexican American,never,diagnosed diabetes,1,1,obese,0,0,17.15
60,male,Mexican American,former,normal,0,0,normal,0,0,7.53
60,male,Mexican American,former,normal,0,0,underweight,0,0,12.65
60,male,Mexican American,former,normal,0,0,overweight,0,0,6.39
60,male,Mexican American,former,normal,0,0,obese,0,0,7.19
60,male,Mexican American,former,normal,0,1,normal,0,0,11.91
60,male,Mexican American,former,normal,0,1,underweight,0,0,19.68
60,male,Mexican American,former,normal,0,1,overweight,0,0,10.14
60,male,Mexican American,former,normal,0,1,obese,0,0,11.39
60,male,Mexican American,former,normal,1,0,normal,0,0,9.29
60,male,Mexican American,former,normal,1,0,underweight,0,0,15.5
60,male,Mexican American,former,normal,1,0,overweight,0,0,7.89
60,male,Mexican American,former,normal,1,0,obese,0,0,8.88
60,male,Mexican American,former,normal,1,1,normal,0,0,14.61
60,male,Mexican American,former,normal,1,1,underweight,0,0,23.88
60,male,Mexican American,former,normal,1,1,overweight,0,0,12.46
60,male,Mexican American,former,normal,1,1,obese,0,0,13.98
60,male,Mexican American,former,prediabetes,0,0,normal,0,0,7.54
60,male,Mexican American,former,prediabetes,0,0,underweight,0,0,12.66
60,male,Mexican American,former,prediabetes,0,0,overweight,0,0,6.39
60,male,Mexican American,former,prediabetes,0,0,obese,0,0,7.2
60,male,Mexican American,former,prediabetes,0,1,normal,0,0,11.92
60,male,Mexican American,former,prediabetes,0,1,underweight,0,0,19.69
60,male,Mexican American,former,prediabetes,0,1,overweight,0,0,10.15
60,male,Mexican American,former,prediabetes,0,1,obese,0,0,11.4
60,male,Mexican American,former,prediabetes,1,0,normal,0,0,9.29
60,male,Mexican American,former,prediabetes,1,0,underweight,0,0,15.51
60,male,Mexican American,former,prediabetes,1,0,overweight,0,0,7.89
60,male,Mexican American,former,prediabetes,1,0,obese,0,0,8.88
60,male,Mexican American,former,prediabetes,1,1,normal,0,0,14.62
60,male,Mexican American,former,prediabetes,1,1,underweight,0,0,23.89
60,male,Mexican American,former,prediabetes,1,1,overweight,0,0,12.47
60,male,Mexican American,former,prediabetes,1,1,obese,0,0,13.98
60,male,Mexican American,former,undiagnosed diabetes,0,0,normal,0,0,10.24
60,male,Mexican American,former,undiagnosed diabetes,0,0,underweight,0,0,17.03
60,male,Mexican American,former,undiagnosed diabetes,0,0,overweight,0,0,8.71
60,male,Mexican American,former,undiagnosed diabetes,0,0,obese,0,0,9.79
60,male,Mexican American,former,undiagnosed diabetes,0,1,normal,0,0,16.06
60,male,Mexican American,former,undiagnosed diabetes,0,1,underweight,0,0,26.1
60,male,Mexican American,former,undiagnosed diabetes,0,1,overweight,0,0,13.72
60,male,Mexican American,former,undiagnosed diabetes,0,1,obese,0,0,15.37
60,male,Mexican American,former,undiagnosed diabetes,1,0,normal,0,0,12.59
60,male,Mexican American,former,undiagnosed diabetes,1,0,underweight,0,0,20.74
60,male,Mexican American,former,undiagnosed diabetes,1,0,overweight,0,0,10.72
60,male,Mexican American,former,undiagnosed diabetes,1,0,obese,0,0,12.04
60,male,Mexican American,former,undiagnosed diabetes,1,1,normal,0,0,19.58
60,male,Mexican American,former,undiagnosed diabetes,1,1,underweight,0,0,31.38
60,male,Mexican American,former,undiagnosed diabetes,1,1,overweight,0,0,16.78
60,male,Mexican American,former,undiagnosed diabetes,1,1,obese,0,0,18.76
60,male,Mexican American,former,diagnosed diabetes,0,0,normal,0,0,11.33
60,male,Mexican American,former,diagnosed diabetes,0,0,underweight,0,0,18.77
60,male,Mexican American,former,diagnosed diabetes,0,0,overweight,0,0,9.64
60,male,Mexican American,former,diagnosed diabetes,0,0,obese,0,0,10.84
60,male,Mexican American,former,diagnosed diabetes,0,1,normal,0,0,17.7
60,male,Mexican American,former,diagnosed diabetes,0,1,underweight,0,0,28.58
60,male,Mexican American,former,diagnosed diabetes,0,1,overweight,0,0,15.15
60,male,Mexican American,former,diagnosed diabetes,0,1,obese,0,0,16.95
60,male,Mexican American,former,diagnosed diabetes,1,0,normal,0,0,13.91
60,male,Mexican American,former,diagnosed diabetes,1,0,underweight,0,0,22.8
60,male,Mexican American,former,diagnosed diabetes,1,0,overweight,0,0,11.86
60,male,Mexican American,former,diagnosed diabetes,1,0,obese,0,0,13.31
60,male,Mexican American,former,diagnosed diabetes,1,1,normal,0,0,21.54
60,male,Mexican American,former,diagnosed diabetes,1,1,underweight,0,0,34.24
60,male,Mexican American,former,diagnosed diabetes,1,1,overweight,0,0,18.49
60,male,Mexican American,former,diagnosed diabetes,1,1,obese,0,0,20.65
60,male,Mexican American,current,normal,0,0,normal,0,0,15.07
60,male,Mexican American,current,normal,0,0,underweight,0,0,24.59
60,male,Mexican American,current,normal,0,0,overweight,0,0,12.86
60,male,Mexican American,current,normal,0,0,obese,0,0,14.42
60,male,Mexican American,current,normal,0,1,normal,0,0,23.24
60,male,Mexican American,current,normal,0,1,underweight,0,0,36.69
60,male,Mexican American,current,normal,0,1,overweight,0,0,19.99
60,male,Mexican American,current,normal,0,1,obese,0,0,22.29
60,male,Mexican American,current,normal,1,0,normal,0,0,18.4
60,male,Mexican American,current,normal,1,0,underweight,0,0,29.63
60,male,Mexican American,current,normal,1,0,overweight,0,0,15.75
60,male,Mexican American,current,normal,1,0,obese,0,0,17.62
60,male,Mexican American,current,normal,1,1,normal,0,0,28.06
60,male,Mexican American,current,normal,1,1,underweight,0,0,43.39
60,male,Mexican American,current,normal,1,1,overweight,0,0,24.24
60,male,Mexican American,current,normal,1,1,obese,0,0,26.95
60,male,Mexican American,current,prediabetes,0,0,normal,0,0,15.08
60,male,Mexican American,current,prediabetes,0,0,underweight,0,0,24.6
60,male,Mexican American,current,prediabetes,0,0,overweight,0,0,12.87
60,male,Mexican American,current,prediabetes,0,0,obese,0,0,14.43
60,male,Mexican American,current,prediabetes,0,1,normal,0,0,23.26
60,male,Mexican American,current,prediabetes,0,1,underweight,0,0,36.71
60,male,Mexican American,current,prediabetes,0,1,overweight,0,0,20
60,male,Mexican American,current,prediabetes,0,1,obese,0,0,22.31
60,male,Mexican American,current,prediabetes,1,0,normal,0,0,18.41
60,male,Mexican American,current,prediabetes,1,0,underweight,0,0,29.64
60,male,Mexican American,current,prediabetes,1,0,overweight,0,0,15.76
60,male,Mexican American,current,prediabetes,1,0,obese,0,0,17.64
60,male,Mexican American,current,prediabetes,1,1,normal,0,0,28.08
60,male,Mexican American,current,prediabetes,1,1,underweight,0,0,43.42
60,male,Mexican American,current,prediabetes,1,1,overweight,0,0,24.26
60,male,Mexican American,current,prediabetes,1,1,obese,0,0,26.97
60,male,Mexican American,current,undiagnosed diabetes,0,0,normal,0,0,20.18
60,male,Mexican American,current,undiagnosed diabetes,0,0,underweight,0,0,32.26
60,male,Mexican American,current,undiagnosed diabetes,0,0,overweight,0,0,17.31
60,male,Mexican American,current,undiagnosed diabetes,0,0,obese,0,0,19.34
60,male,Mexican American,current,undiagnosed diabetes,0,1,normal,0,0,30.59
60,male,Mexican American,current,undiagnosed diabetes,0,1,underweight,0,0,46.79
60,male,Mexican American,current,undiagnosed diabetes,0,1,overweight,0,0,26.49
60,male,Mexican American,current,undiagnosed diabetes,0,1,obese,0,0,29.4
60,male,Mexican American,current,undiagnosed diabetes,1,0,normal,0,0,24.47
60,male,Mexican American,current,undiagnosed diabetes,1,0,underweight,0,0,38.43
60,male,Mexican American,current,undiagnosed diabetes,1,0,overweight,0,0,21.07
60,male,Mexican American,current,undiagnosed diabetes,1,0,obese,0,0,23.48
60,male,Mexican American,current,undiagnosed diabetes,1,1,normal,0,0,36.53
60,male,Mexican American,current,undiagnosed diabetes,1,1,underweight,0,0,54.41
60,male,Mexican American,current,undiagnosed diabetes,1,1,overweight,0,0,31.83
60,male,Mexican American,current,undiagnosed diabetes,1,1,obese,0,0,35.17
60,male,Mexican American,current,diagnosed diabetes,0,0,normal,0,0,22.19
60,male,Mexican American,current,diagnosed diabetes,0,0,underweight,0,0,35.18
60,male,Mexican American,current,diagnosed diabetes,0,0,overweight,0,0,19.07
60,male,Mexican American,current,diagnosed diabetes,0,0,obese,0,0,21.28
60,male,Mexican American,current,diagnosed diabetes,0,1,normal,0,0,33.4
60,male,Mexican American,current,diagnosed diabetes,0,1,underweight,0,0,50.45
60,male,Mexican American,current,diagnosed diabetes,0,1,overweight,0,0,29.01
60,male,Mexican American,current,diagnosed diabetes,0,1,obese,0,0,32.13
60,male,Mexican American,current,diagnosed diabetes,1,0,normal,0,0,26.84
60,male,Mexican American,current,diagnosed diabetes,1,0,underweight,0,0,41.72
60,male,Mexican American,current,diagnosed diabetes,1,0,overweight,0,0,23.16
60,male,Mexican American,current,diagnosed diabetes,1,0,obese,0,0,25.76
60,male,Mexican American,current,diagnosed diabetes,1,1,normal,0,0,39.71
60,male,Mexican American,current,diagnosed diabetes,1,1,underweight,0,0,58.29
60,male,Mexican American,current,diagnosed diabetes,1,1,overweight,0,0,34.73
60,male,Mexican American,current,diagnosed diabetes,1,1,obese,0,0,38.28
60,male,Other Hispanic,never,normal,0,0,normal,0,0,6.36
60,male,Other Hispanic,never,normal,0,0,underweight,0,0,10.73
60,male,Other Hispanic,never,normal,0,0,overweight,0,0,5.39
60,male,Other Hispanic,never,normal,0,0,obese,0,0,6.07
60,male,Other Hispanic,never,normal,0,1,normal,0,0,10.09
60,male,Other Hispanic,never,normal,0,1,underweight,0,0,16.79
60,male,Other Hispanic,never,normal,0,1,overweight,0,0,8.58
60,male,Other Hispanic,never,normal,0,1,obese,0,0,9.64
60,male,Other Hispanic,never,normal,1,0,normal,0,0,7.85
60,male,Other Hispanic,never,normal,1,0,underweight,0,0,13.17
60,male,Other Hispanic,never,normal,1,0,overweight,0,0,6.66
60,male,Other Hispanic,never,normal,1,0,obese,0,0,7.5
60,male,Other Hispanic,never,normal,1,1,normal,0,0,12.4
60,male,Other Hispanic,never,normal,1,1,underweight,0,0,20.45
60,male,Other Hispanic,never,normal,1,1,overweight,0,0,10.56
60,male,Other Hispanic,never,normal,1,1,obese,0,0,11.86
60,male,Other Hispanic,never,prediabetes,0,0,normal,0,0,6.36
60,male,Other Hispanic,never,prediabetes,0,0,underweight,0,0,10.73
60,male,Other Hispanic,never,prediabetes,0,0,overweight,0,0,5.39
60,male,Other Hispanic,never,prediabetes,0,0,obese,0,0,6.07
60,male,Other Hispanic,never,prediabetes,0,1,normal,0,0,10.1
60,male,Other Hispanic,never,prediabetes,0,1,underweight,0,0,16.8
60,male,Other Hispanic,never,prediabetes,0,1,overweight,0,0,8.58
60,male,Other Hispanic,never,prediabetes,0,1,obese,0,0,9.65
60,male,Other Hispanic,never,prediabetes,1,0,normal,0,0,7.86
60,male,Other Hispanic,never,prediabetes,1,0,underweight,0,0,13.18
60,male,Other Hispanic,never,prediabetes,1,0,overweight,0,0,6.67
60,male,Other Hispanic,never,prediabetes,1,0,obese,0,0,7.51
60,male,Other Hispanic,never,prediabetes,1,1,normal,0,0,12.41
60,male,Other Hispanic,never,prediabetes,1,1,underweight,0,0,20.47
60,male,Other Hispanic,never,prediabetes,1,1,overweight,0,0,10.57
60,male,Other Hispanic,never,prediabetes,1,1,obese,0,0,11.87
60,male,Other Hispanic,never,undiagnosed diabetes,0,0,normal,0,0,8.67
60,male,Other Hispanic,never,undiagnosed diabetes,0,0,underweight,0,0,14.5
60,male,Other Hispanic,never,undiagnosed diabetes,0,0,overweight,0,0,7.36
60,male,Other Hispanic,never,undiagnosed diabetes,0,0,obese,0,0,8.28
60,male,Other Hispanic,never,undiagnosed diabetes,0,1,normal,0,0,13.65
60,male,Other Hispanic,never,undiagnosed diabetes,0,1,underweight,0,0,22.4
60,male,Other Hispanic,never,undiagnosed diabetes,0,1,overweight,0,0,11.64
60,male,Other Hispanic,never,undiagnosed diabetes,0,1,obese,0,0,13.06
60,male,Other Hispanic,never,undiagnosed diabetes,1,0,normal,0,0,10.67
60,male,Other Hispanic,never,undiagnosed diabetes,1,0,underweight,0,0,17.72
60,male,Other Hispanic,never,undiagnosed diabetes,1,0,overweight,0,0,9.07
60,male,Other Hispanic,never,undiagnosed diabetes,1,0,obese,0,0,10.2
60,male,Other Hispanic,never,undiagnosed diabetes,1,1,normal,0,0,16.71
60,male,Other Hispanic,never,undiagnosed diabetes,1,1,underweight,0,0,27.08
60,male,Other Hispanic,never,undiagnosed diabetes,1,1,overweight,0,0,14.28
60,male,Other Hispanic,never,undiagnosed diabetes,1,1,obese,0,0,15.99
60,male,Other Hispanic,never,diagnosed diabetes,0,0,normal,0,0,9.6
60,male,Other Hispanic,never,diagnosed diabetes,0,0,underweight,0,0,16
60,male,Other Hispanic,never,diagnosed diabetes,0,0,overweight,0,0,8.15
60,male,Other Hispanic,never,diagnosed diabetes,0,0,obese,0,0,9.17
60,male,Other Hispanic,never,diagnosed diabetes,0,1,normal,0,0,15.08
60,male,Other Hispanic,never,diagnosed diabetes,0,1,underweight,0,0,24.6
60,male,Other Hispanic,never,diagnosed diabetes,0,1,overweight,0,0,12.87
60,male,Other Hispanic,never,diagnosed diabetes,0,1,obese,0,0,14.43
60,male,Other Hispanic,never,diagnosed diabetes,1,0,normal,0,0,11.81
60,male,Other Hispanic,never,diagnosed diabetes,1,0,underweight,0,0,19.51
60,male,Other Hispanic,never,diagnosed diabetes,1,0,overweight,0,0,10.05
60,male,Other Hispanic,never,diagnosed diabetes,1,0,obese,0,0,11.29
60,male,Other Hispanic,never,diagnosed diabetes,1,1,normal,0,0,18.41
60,male,Other Hispanic,never,diagnosed diabetes,1,1,underweight,0,0,29.64
60,male,Other Hispanic,never,diagnosed diabetes,1,1,overweight,0,0,15.76
60,male,Other Hispanic,never,diagnosed diabetes,1,1,obese,0,0,17.64
60,male,Other Hispanic,former,normal,0,0,normal,0,0,7.75
60,male,Other Hispanic,former,normal,0,0,underweight,0,0,13.02
60,male,Other Hispanic,former,normal,0,0,overweight,0,0,6.58
60,male,Other Hispanic,former,normal,0,0,obese,0,0,7.41
60,male,Other Hispanic,former,normal,0,1,normal,0,0,12.26
60,male,Other Hispanic,former,normal,0,1,underweight,0,0,20.22
60,male,Other Hispanic,former,normal,0,1,overweight,0,0,10.44
60,male,Other Hispanic,former,normal,0,1,obese,0,0,11.72
60,male,Other Hispanic,former,normal,1,0,normal,0,0,9.56
60,male,Other Hispanic,former,normal,1,0,underweight,0,0,15.94
60,male,Other Hispanic,former,normal,1,0,overweight,0,0,8.12
60,male,Other Hispanic,former,normal,1,0,obese,0,0,9.14
60,male,Other Hispanic,former,normal,1,1,normal,0,0,15.02
60,male,Other Hispanic,former,normal,1,1,underweight,0,0,24.52
60,male,Other Hispanic,former,normal,1,1,overweight,0,0,12.82
60,male,Other Hispanic,former,normal,1,1,obese,0,0,14.38
60,male,Other Hispanic,former,prediabetes,0,0,normal,0,0,7.76
60,male,Other Hispanic,former,prediabetes,0,0,underweight,0,0,13.03
60,male,Other Hispanic,former,prediabetes,0,0,overweight,0,0,6.58
60,male,Other Hispanic,former,prediabetes,0,0,obese,0,0,7.41
60,male,Other Hispanic,former,prediabetes,0,1,normal,0,0,12.26
60,male,Other Hispanic,former,prediabetes,0,1,underweight,0,0,20.23
60,male,Other Hispanic,former,prediabetes,0,1,overweight,0,0,10.44
60,male,Other Hispanic,former,prediabetes,0,1,obese,0,0,11.73
60,male,Other Hispanic,former,prediabetes,1,0,normal,0,0,9.57
60,male,Other Hispanic,former,prediabetes,1,0,underweight,0,0,15.95
60,male,Other Hispanic,former,prediabetes,1,0,overweight,0,0,8.13
60,male,Other Hispanic,former,prediabetes,1,0,obese,0,0,9.14
60,male,Other Hispanic,former,prediabetes,1,1,normal,0,0,15.03
60,male,Other Hispanic,former,prediabetes,1,1,underweight,0,0,24.53
60,male,Other Hispanic,former,prediabetes,1,1,overweight,0,0,12.83
60,male,Other Hispanic,former,prediabetes,1,1,obese,0,0,14.39
60,male,Other Hispanic,former,undiagnosed diabetes,0,0,normal,0,0,10.54
60,male,Other Hispanic,former,undiagnosed diabetes,0,0,underweight,0,0,17.51
60,male,Other Hispanic,former,undiagnosed diabetes,0,0,overweight,0,0,8.96
60,male,Other Hispanic,former,undiagnosed diabetes,0,0,obese,0,0,10.08
60,male,Other Hispanic,former,undiagnosed diabetes,0,1,normal,0,0,16.51
60,male,Other Hispanic,former,undiagnosed diabetes,0,1,underweight,0,0,26.79
60,male,Other Hispanic,former,undiagnosed diabetes,0,1,overweight,0,0,14.11
60,male,Other Hispanic,former,undiagnosed diabetes,0,1,obese,0,0,15.81
60,male,Other Hispanic,former,undiagnosed diabetes,1,0,normal,0,0,12.95
60,male,Other Hispanic,former,undiagnosed diabetes,1,0,underweight,0,0,21.31
60,male,Other Hispanic,former,undiagnosed diabetes,1,0,overweight,0,0,11.04
60,male,Other Hispanic,former,undiagnosed diabetes,1,0,obese,0,0,12.39
60,male,Other Hispanic,former,undiagnosed diabetes,1,1,normal,0,0,20.12
60,male,Other Hispanic,former,undiagnosed diabetes,1,1,underweight,0,0,32.17
60,male,Other Hispanic,former,undiagnosed diabetes,1,1,overweight,0,0,17.25
60,male,Other Hispanic,former,undiagnosed diabetes,1,1,obese,0,0,19.28
60,male,Other Hispanic,former,diagnosed diabetes,0,0,normal,0,0,11.66
60,male,Other Hispanic,former,diagnosed diabetes,0,0,underweight,0,0,19.29
60,male,Other Hispanic,former,diagnosed diabetes,0,0,overweight,0,0,9.93
60,male,Other Hispanic,former,diagnosed diabetes,0,0,obese,0,0,11.15
60,male,Other Hispanic,former,diagnosed diabetes,0,1,normal,0,0,18.2
60,male,Other Hispanic,former,diagnosed diabetes,0,1,underweight,0,0,29.33
60,male,Other Hispanic,former,diagnosed diabetes,0,1,overweight,0,0,15.58
60,male,Other Hispanic,former,diagnosed diabetes,0,1,obese,0,0,17.43
60,male,Other Hispanic,former,diagnosed diabetes,1,0,normal,0,0,14.31
60,male,Other Hispanic,former,diagnosed diabetes,1,0,underweight,0,0,23.42
60,male,Other Hispanic,former,diagnosed diabetes,1,0,overweight,0,0,12.21
60,male,Other Hispanic,former,diagnosed diabetes,1,0,obese,0,0,13.69
60,male,Other Hispanic,former,diagnosed diabetes,1,1,normal,0,0,22.13
60,male,Other Hispanic,former,diagnosed diabetes,1,1,underweight,0,0,35.09
60,male,Other Hispanic,former,diagnosed diabetes,1,1,overweight,0,0,19.01
60,male,Other Hispanic,former,diagnosed diabetes,1,1,obese,0,0,21.22
60,male,Other Hispanic,current,normal,0,0,normal,0,0,15.5
60,male,Other Hispanic,current,normal,0,0,underweight,0,0,25.24
60,male,Other Hispanic,current,normal,0,0,overweight,0,0,13.23
60,male,Other Hispanic,current,normal,0,0,obese,0,0,14.83
60,male,Other Hispanic,current,normal,0,1,normal,0,0,23.87
60,male,Other Hispanic,current,normal,0,1,underweight,0,0,37.58
60,male,Other Hispanic,current,normal,0,1,overweight,0,0,20.54
60,male,Other Hispanic,current,normal,0,1,obese,0,0,22.9
60,male,Other Hispanic,current,normal,1,0,normal,0,0,18.91
60,male,Other Hispanic,current,normal,1,0,underweight,0,0,30.39
60,male,Other Hispanic,current,normal,1,0,overweight,0,0,16.2
60,male,Other Hispanic,current,normal,1,0,obese,0,0,18.12
60,male,Other Hispanic,current,normal,1,1,normal,0,0,28.79
60,male,Other Hispanic,current,normal,1,1,underweight,0,0,44.38
60,male,Other Hispanic,current,normal,1,1,overweight,0,0,24.89
60,male,Other Hispanic,current,normal,1,1,obese,0,0,27.66
60,male,Other Hispanic,current,prediabetes,0,0,normal,0,0,15.51
60,male,Other Hispanic,current,prediabetes,0,0,underweight,0,0,25.26
60,male,Other Hispanic,current,prediabetes,0,0,overweight,0,0,13.24
60,male,Other Hispanic,current,prediabetes,0,0,obese,0,0,14.84
60,male,Other Hispanic,current,prediabetes,0,1,normal,0,0,23.89
60,male,Other Hispanic,current,prediabetes,0,1,underweight,0,0,37.6
60,male,Other Hispanic,current,prediabetes,0,1,overweight,0,0,20.55
60,male,Other Hispanic,current,prediabetes,0,1,obese,0,0,22.91
60,male,Other Hispanic,current,prediabetes,1,0,normal,0,0,18.93
60,male,Other Hispanic,current,prediabetes,1,0,underweight,0,0,30.41
60,male,Other Hispanic,current,prediabetes,1,0,overweight,0,0,16.21
60,male,Other Hispanic,current,prediabetes,1,0,obese,0,0,18.13
60,male,Other Hispanic,current,prediabetes,1,1,normal,0,0,28.81
60,male,Other Hispanic,current,prediabetes,1,1,underweight,0,0,44.41
60,male,Other Hispanic,current,prediabetes,1,1,overweight,0,0,24.91
60,male,Other Hispanic,current,prediabetes,1,1,obese,0,0,27.67
60,male,Other Hispanic,current,undiagnosed diabetes,0,0,normal,0,0,20.74
60,male,Other Hispanic,current,undiagnosed diabetes,0,0,underweight,0,0,33.07
60,male,Other Hispanic,current,undiagnosed diabetes,0,0,overweight,0,0,17.79
60,male,Other Hispanic,current,undiagnosed diabetes,0,0,obese,0,0,19.87
60,male,Other Hispanic,current,undiagnosed diabetes,0,1,normal,0,0,31.37
60,male,Other Hispanic,current,undiagnosed diabetes,0,1,underweight,0,0,47.82
60,male,Other Hispanic,current,undiagnosed diabetes,0,1,overweight,0,0,27.19
60,male,Other Hispanic,current,undiagnosed diabetes,0,1,obese,0,0,30.15
60,male,Other Hispanic,current,undiagnosed diabetes,1,0,normal,0,0,25.13
60,male,Other Hispanic,current,undiagnosed diabetes,1,0,underweight,0,0,39.34
60,male,Other Hispanic,current,undiagnosed diabetes,1,0,overweight,0,0,21.64
60,male,Other Hispanic,current,undiagnosed diabetes,1,0,obese,0,0,24.11
60,male,Other Hispanic,current,undiagnosed diabetes,1,1,normal,0,0,37.42
60,male,Other Hispanic,current,undiagnosed diabetes,1,1,underweight,0,0,55.5
60,male,Other Hispanic,current,undiagnosed diabetes,1,1,overweight,0,0,32.64
60,male,Other Hispanic,current,undiagnosed diabetes,1,1,obese,0,0,36.04
60,male,Other Hispanic,current,diagnosed diabetes,0,0,normal,0,0,22.8
60,male,Other Hispanic,current,diagnosed diabetes,0,0,underweight,0,0,36.05
60,male,Other Hispanic,current,diagnosed diabetes,0,0,overweight,0,0,19.6
60,male,Other Hispanic,current,diagnosed diabetes,0,0,obese,0,0,21.86
60,male,Other Hispanic,current,diagnosed diabetes,0,1,normal,0,0,34.23
60,male,Other Hispanic,current,diagnosed diabetes,0,1,underweight,0,0,51.52
60,male,Other Hispanic,current,diagnosed diabetes,0,1,overweight,0,0,29.76
60,male,Other Hispanic,current,diagnosed diabetes,0,1,obese,0,0,32.94
60,male,Other Hispanic,current,diagnosed diabetes,1,0,normal,0,0,27.54
60,male,Other Hispanic,current,diagnosed diabetes,1,0,underweight,0,0,42.68
60,male,Other Hispanic,current,diagnosed diabetes,1,0,overweight,0,0,23.78
60,male,Other Hispanic,current,diagnosed diabetes,1,0,obese,0,0,26.44
60,male,Other Hispanic,current,diagnosed diabetes,1,1,normal,0,0,40.65
60,male,Other Hispanic,current,diagnosed diabetes,1,1,underweight,0,0,59.4
60,male,Other Hispanic,current,diagnosed diabetes,1,1,overweight,0,0,35.58
60,male,Other Hispanic,current,diagnosed diabetes,1,1,obese,0,0,39.19
60,male,Other/Multiracial,never,normal,0,0,normal,0,0,5.94
60,male,Other/Multiracial,never,normal,0,0,underweight,0,0,10.04
60,male,Other/Multiracial,never,normal,0,0,overweight,0,0,5.03
60,male,Other/Multiracial,never,normal,0,0,obese,0,0,5.67
60,male,Other/Multiracial,never,normal,0,1,normal,0,0,9.44
60,male,Other/Multiracial,never,normal,0,1,underweight,0,0,15.75
60,male,Other/Multiracial,never,normal,0,1,overweight,0,0,8.02
60,male,Other/Multiracial,never,normal,0,1,obese,0,0,9.02
60,male,Other/Multiracial,never,normal,1,0,normal,0,0,7.34
60,male,Other/Multiracial,never,normal,1,0,underweight,0,0,12.34
60,male,Other/Multiracial,never,normal,1,0,overweight,0,0,6.22
60,male,Other/Multiracial,never,normal,1,0,obese,0,0,7.01
60,male,Other/Multiracial,never,normal,1,1,normal,0,0,11.62
60,male,Other/Multiracial,never,normal,1,1,underweight,0,0,19.21
60,male,Other/Multiracial,never,normal,1,1,overweight,0,0,9.88
60,male,Other/Multiracial,never,normal,1,1,obese,0,0,11.1
60,male,Other/Multiracial,never,prediabetes,0,0,normal,0,0,5.94
60,male,Other/Multiracial,never,prediabetes,0,0,underweight,0,0,10.05
60,male,Other/Multiracial,never,prediabetes,0,0,overweight,0,0,5.03
60,male,Other/Multiracial,never,prediabetes,0,0,obese,0,0,5.67
60,male,Other/Multiracial,never,prediabetes,0,1,normal,0,0,9.45
60,male,Other/Multiracial,never,prediabetes,0,1,underweight,0,0,15.76
60,male,Other/Multiracial,never,prediabetes,0,1,overweight,0,0,8.03
60,male,Other/Multiracial,never,prediabetes,0,1,obese,0,0,9.03
60,male,Other/Multiracial,never,prediabetes,1,0,normal,0,0,7.35
60,male,Other/Multiracial,never,prediabetes,1,0,underweight,0,0,12.35
60,male,Other/Multiracial,never,prediabetes,1,0,overweight,0,0,6.23
60,male,Other/Multiracial,never,prediabetes,1,0,obese,0,0,7.01
60,male,Other/Multiracial,never,prediabetes,1,1,normal,0,0,11.62
60,male,Other/Multiracial,never,prediabetes,1,1,underweight,0,0,19.22
60,male,Other/Multiracial,never,prediabetes,1,1,overweight,0,0,9.89
60,male,Other/Multiracial,never,prediabetes,1,1,obese,0,0,11.11
60,male,Other/Multiracial,never,undiagnosed diabetes,0,0,normal,0,0,8.1
60,male,Other/Multiracial,never,undiagnosed diabetes,0,0,underweight,0,0,13.58
60,male,Other/Multiracial,never,undiagnosed diabetes,0,0,overweight,0,0,6.88
60,male,Other/Multiracial,never,undiagnosed diabetes,0,0,obese,0,0,7.74
60,male,Other/Multiracial,never,undiagnosed diabetes,0,1,normal,0,0,12.79
60,male,Other/Multiracial,never,undiagnosed diabetes,0,1,underweight,0,0,21.06
60,male,Other/Multiracial,never,undiagnosed diabetes,0,1,overweight,0,0,10.9
60,male,Other/Multiracial,never,undiagnosed diabetes,0,1,obese,0,0,12.23
60,male,Other/Multiracial,never,undiagnosed diabetes,1,0,normal,0,0,9.99
60,male,Other/Multiracial,never,undiagnosed diabetes,1,0,underweight,0,0,16.62
60,male,Other/Multiracial,never,undiagnosed diabetes,1,0,overweight,0,0,8.49
60,male,Other/Multiracial,never,undiagnosed diabetes,1,0,obese,0,0,9.54
60,male,Other/Multiracial,never,undiagnosed diabetes,1,1,normal,0,0,15.67
60,male,Other/Multiracial,never,undiagnosed diabetes,1,1,underweight,0,0,25.5
60,male,Other/Multiracial,never,undiagnosed diabetes,1,1,overweight,0,0,13.38
60,male,Other/Multiracial,never,undiagnosed diabetes,1,1,obese,0,0,15
60,male,Other/Multiracial,never,diagnosed diabetes,0,0,normal,0,0,8.98
60,male,Other/Multiracial,never,diagnosed diabetes,0,0,underweight,0,0,15
60,male,Other/Multiracial,never,diagnosed diabetes,0,0,overweight,0,0,7.62
60,male,Other/Multiracial,never,diagnosed diabetes,0,0,obese,0,0,8.58
60,male,Other/Multiracial,never,diagnosed diabetes,0,1,normal,0,0,14.13
60,male,Other/Multiracial,never,diagnosed diabetes,0,1,underweight,0,0,23.15
60,male,Other/Multiracial,never,diagnosed diabetes,0,1,overweight,0,0,12.05
60,male,Other/Multiracial,never,diagnosed diabetes,0,1,obese,0,0,13.52
60,male,Other/Multiracial,never,diagnosed diabetes,1,0,normal,0,0,11.05
60,male,Other/Multiracial,never,diagnosed diabetes,1,0,underweight,0,0,18.32
60,male,Other/Multiracial,never,diagnosed diabetes,1,0,overweight,0,0,9.4
60,male,Other/Multiracial,never,diagnosed diabetes,1,0,obese,0,0,10.57
60,male,Other/Multiracial,never,diagnosed diabetes,1,1,normal,0,0,17.28
60,male,Other/Multiracial,never,diagnosed diabetes,1,1,underweight,0,0,27.95
60,male,Other/Multiracial,never,diagnosed diabetes,1,1,overweight,0,0,14.78
60,male,Other/Multiracial,never,diagnosed diabetes,1,1,obese,0,0,16.55
60,male,Other/Multiracial,former,normal,0,0,normal,0,0,7.25
60,male,Other/Multiracial,former,normal,0,0,underweight,0,0,12.19
60,male,Other/Multiracial,former,normal,0,0,overweight,0,0,6.15
60,male,Other/Multiracial,former,normal,0,0,obese,0,0,6.92
60,male,Other/Multiracial,former,normal,0,1,normal,0,0,11.48
60,male,Other/Multiracial,former,normal,0,1,underweight,0,0,18.99
60,male,Other/Multiracial,former,normal,0,1,overweight,0,0,9.76
60,male,Other/Multiracial,former,normal,0,1,obese,0,0,10.97
60,male,Other/Multiracial,former,normal,1,0,normal,0,0,8.94
60,male,Other/Multiracial,former,normal,1,0,underweight,0,0,14.95
60,male,Other/Multiracial,former,normal,1,0,overweight,0,0,7.59
60,male,Other/Multiracial,former,normal,1,0,obese,0,0,8.55
60,male,Other/Multiracial,former,normal,1,1,normal,0,0,14.08
60,male,Other/Multiracial,former,normal,1,1,underweight,0,0,23.06
60,male,Other/Multiracial,former,normal,1,1,overweight,0,0,12.01
60,male,Other/Multiracial,former,normal,1,1,obese,0,0,13.47
60,male,Other/Multiracial,former,prediabetes,0,0,normal,0,0,7.25
60,male,Other/Multiracial,former,prediabetes,0,0,underweight,0,0,12.2
60,male,Other/Multiracial,former,prediabetes,0,0,overweight,0,0,6.15
60,male,Other/Multiracial,former,prediabetes,0,0,obese,0,0,6.93
60,male,Other/Multiracial,former,prediabetes,0,1,normal,0,0,11.48
60,male,Other/Multiracial,former,prediabetes,0,1,underweight,0,0,19
60,male,Other/Multiracial,former,prediabetes,0,1,overweight,0,0,9.77
60,male,Other/Multiracial,former,prediabetes,0,1,obese,0,0,10.98
60,male,Other/Multiracial,former,prediabetes,1,0,normal,0,0,8.95
60,male,Other/Multiracial,former,prediabetes,1,0,underweight,0,0,14.96
60,male,Other/Multiracial,former,prediabetes,1,0,overweight,0,0,7.6
60,male,Other/Multiracial,former,prediabetes,1,0,obese,0,0,8.55
60,male,Other/Multiracial,former,prediabetes,1,1,normal,0,0,14.09
60,male,Other/Multiracial,former,prediabetes,1,1,underweight,0,0,23.08
60,male,Other/Multiracial,former,prediabetes,1,1,overweight,0,0,12.02
60,male,Other/Multiracial,former,prediabetes,1,1,obese,0,0,13.48
60,male,Other/Multiracial,former,undiagnosed diabetes,0,0,normal,0,0,9.87
60,male,Other/Multiracial,former,undiagnosed diabetes,0,0,underweight,0,0,16.43
60,male,Other/Multiracial,former,undiagnosed diabetes,0,0,overweight,0,0,8.38
60,male,Other/Multiracial,former,undiagnosed diabetes,0,0,obese,0,0,9.43
60,male,Other/Multiracial,former,undiagnosed diabetes,0,1,normal,0,0,15.48
60,male,Other/Multiracial,former,undiagnosed diabetes,0,1,underweight,0,0,25.22
60,male,Other/Multiracial,former,undiagnosed diabetes,0,1,overweight,0,0,13.22
60,male,Other/Multiracial,former,undiagnosed diabetes,0,1,obese,0,0,14.82
60,male,Other/Multiracial,former,undiagnosed diabetes,1,0,normal,0,0,12.13
60,male,Other/Multiracial,former,undiagnosed diabetes,1,0,underweight,0,0,20.02
60,male,Other/Multiracial,former,undiagnosed diabetes,1,0,overweight,0,0,10.33
60,male,Other/Multiracial,former,undiagnosed diabetes,1,0,obese,0,0,11.6
60,male,Other/Multiracial,former,undiagnosed diabetes,1,1,normal,0,0,18.9
60,male,Other/Multiracial,former,undiagnosed diabetes,1,1,underweight,0,0,30.36
60,male,Other/Multiracial,former,undiagnosed diabetes,1,1,overweight,0,0,16.18
60,male,Other/Multiracial,former,undiagnosed diabetes,1,1,obese,0,0,18.1
60,male,Other/Multiracial,former,diagnosed diabetes,0,0,normal,0,0,10.92
60,male,Other/Multiracial,former,diagnosed diabetes,0,0,underweight,0,0,18.11
60,male,Other/Multiracial,former,diagnosed diabetes,0,0,overweight,0,0,9.29
60,male,Other/Multiracial,former,diagnosed diabetes,0,0,obese,0,0,10.44
60,male,Other/Multiracial,former,diagnosed diabetes,0,1,normal,0,0,17.08
60,male,Other/Multiracial,former,diagnosed diabetes,0,1,underweight,0,0,27.64
60,male,Other/Multiracial,former,diagnosed diabetes,0,1,overweight,0,0,14.6
60,male,Other/Multiracial,former,diagnosed diabetes,0,1,obese,0,0,16.35
60,male,Other/Multiracial,former,diagnosed diabetes,1,0,normal,0,0,13.41
60,male,Other/Multiracial,former,diagnosed diabetes,1,0,underweight,0,0,22.02
60,male,Other/Multiracial,former,diagnosed diabetes,1,0,overweight,0,0,11.43
60,male,Other/Multiracial,former,diagnosed diabetes,1,0,obese,0,0,12.82
60,male,Other/Multiracial,former,diagnosed diabetes,1,1,normal,0,0,20.8
60,male,Other/Multiracial,former,diagnosed diabetes,1,1,underweight,0,0,33.16
60,male,Other/Multiracial,former,diagnosed diabetes,1,1,overweight,0,0,17.84
60,male,Other/Multiracial,former,diagnosed diabetes,1,1,obese,0,0,19.93
60,male,Other/Multiracial,current,normal,0,0,normal,0,0,14.53
60,male,Other/Multiracial,current,normal,0,0,underweight,0,0,23.76
60,male,Other/Multiracial,current,normal,0,0,overweight,0,0,12.39
60,male,Other/Multiracial,current,normal,0,0,obese,0,0,13.9
60,male,Other/Multiracial,current,normal,0,1,normal,0,0,22.45
60,male,Other/Multiracial,current,normal,0,1,underweight,0,0,35.55
60,male,Other/Multiracial,current,normal,0,1,overweight,0,0,19.29
60,male,Other/Multiracial,current,normal,0,1,obese,0,0,21.53
60,male,Other/Multiracial,current,normal,1,0,normal,0,0,17.75
60,male,Other/Multiracial,current,normal,1,0,underweight,0,0,28.66
60,male,Other/Multiracial,current,normal,1,0,overweight,0,0,15.19
60,male,Other/Multiracial,current,normal,1,0,obese,0,0,17
60,male,Other/Multiracial,current,normal,1,1,normal,0,0,27.14
60,male,Other/Multiracial,current,normal,1,1,underweight,0,0,42.13
60,male,Other/Multiracial,current,normal,1,1,overweight,0,0,23.42
60,male,Other/Multiracial,current,normal,1,1,obese,0,0,26.05
60,male,Other/Multiracial,current,prediabetes,0,0,normal,0,0,14.54
60,male,Other/Multiracial,current,prediabetes,0,0,underweight,0,0,23.77
60,male,Other/Multiracial,current,prediabetes,0,0,overweight,0,0,12.4
60,male,Other/Multiracial,current,prediabetes,0,0,obese,0,0,13.91
60,male,Other/Multiracial,current,prediabetes,0,1,normal,0,0,22.47
60,male,Other/Multiracial,current,prediabetes,0,1,underweight,0,0,35.57
60,male,Other/Multiracial,current,prediabetes,0,1,overweight,0,0,19.3
60,male,Other/Multiracial,current,prediabetes,0,1,obese,0,0,21.54
60,male,Other/Multiracial,current,prediabetes,1,0,normal,0,0,17.77
60,male,Other/Multiracial,current,prediabetes,1,0,underweight,0,0,28.68
60,male,Other/Multiracial,current,prediabetes,1,0,overweight,0,0,15.2
60,male,Other/Multiracial,current,prediabetes,1,0,obese,0,0,17.01
60,male,Other/Multiracial,current,prediabetes,1,1,normal,0,0,27.15
60,male,Other/Multiracial,current,prediabetes,1,1,underweight,0,0,42.15
60,male,Other/Multiracial,current,prediabetes,1,1,overweight,0,0,23.44
60,male,Other/Multiracial,current,prediabetes,1,1,obese,0,0,26.07
60,male,Other/Multiracial,current,undiagnosed diabetes,0,0,normal,0,0,19.48
60,male,Other/Multiracial,current,undiagnosed diabetes,0,0,underweight,0,0,31.23
60,male,Other/Multiracial,current,undiagnosed diabetes,0,0,overweight,0,0,16.69
60,male,Other/Multiracial,current,undiagnosed diabetes,0,0,obese,0,0,18.66
60,male,Other/Multiracial,current,undiagnosed diabetes,0,1,normal,0,0,29.6
60,male,Other/Multiracial,current,undiagnosed diabetes,0,1,underweight,0,0,45.46
60,male,Other/Multiracial,current,undiagnosed diabetes,0,1,overweight,0,0,25.61
60,male,Other/Multiracial,current,undiagnosed diabetes,0,1,obese,0,0,28.44
60,male,Other/Multiracial,current,undiagnosed diabetes,1,0,normal,0,0,23.64
60,male,Other/Multiracial,current,undiagnosed diabetes,1,0,underweight,0,0,37.25
60,male,Other/Multiracial,current,undiagnosed diabetes,1,0,overweight,0,0,20.34
60,male,Other/Multiracial,current,undiagnosed diabetes,1,0,obese,0,0,22.68
60,male,Other/Multiracial,current,undiagnosed diabetes,1,1,normal,0,0,35.4
60,male,Other/Multiracial,current,undiagnosed diabetes,1,1,underweight,0,0,52.99
60,male,Other/Multiracial,current,undiagnosed diabetes,1,1,overweight,0,0,30.81
60,male,Other/Multiracial,current,undiagnosed diabetes,1,1,obese,0,0,34.07
60,male,Other/Multiracial,current,diagnosed diabetes,0,0,normal,0,0,21.43
60,male,Other/Multiracial,current,diagnosed diabetes,0,0,underweight,0,0,34.08
60,male,Other/Multiracial,current,diagnosed diabetes,0,0,overweight,0,0,18.4
60,male,Other/Multiracial,current,diagnosed diabetes,0,0,obese,0,0,20.54
60,male,Other/Multiracial,current,diagnosed diabetes,0,1,normal,0,0,32.34
60,male,Other/Multiracial,current,diagnosed diabetes,0,1,underweight,0,0,49.08
60,male,Other/Multiracial,current,diagnosed diabetes,0,1,overweight,0,0,28.06
60,male,Other/Multiracial,current,diagnosed diabetes,0,1,obese,0,0,31.1
60,male,Other/Multiracial,current,diagnosed diabetes,1,0,normal,0,0,25.94
60,male,Other/Multiracial,current,diagnosed diabetes,1,0,underweight,0,0,40.48
60,male,Other/Multiracial,current,diagnosed diabetes,1,0,overweight,0,0,22.36
60,male,Other/Multiracial,current,diagnosed diabetes,1,0,obese,0,0,24.9
60,male,Other/Multiracial,current,diagnosed diabetes,1,1,normal,0,0,38.52
60,male,Other/Multiracial,current,diagnosed diabetes,1,1,underweight,0,0,56.85
60,male,Other/Multiracial,current,diagnosed diabetes,1,1,overweight,0,0,33.64
60,male,Other/Multiracial,current,diagnosed diabetes,1,1,obese,0,0,37.11
60,female,Non-Hispanic White,never,normal,0,0,normal,0,0,5.32
60,female,Non-Hispanic White,never,normal,0,0,underweight,0,0,9.02
60,female,Non-Hispanic White,never,normal,0,0,overweight,0,0,4.51
60,female,Non-Hispanic White,never,normal,0,0,obese,0,0,5.08
60,female,Non-Hispanic White,never,normal,0,1,normal,0,0,8.48
60,female,Non-Hispanic White,never,normal,0,1,underweight,0,0,14.19
60,female,Non-Hispanic White,never,normal,0,1,overweight,0,0,7.19
60,female,Non-Hispanic White,never,normal,0,1,obese,0,0,8.1
60,female,Non-Hispanic White,never,normal,1,0,normal,0,0,6.58
60,female,Non-Hispanic White,never,normal,1,0,underweight,0,0,11.1
60,female,Non-Hispanic White,never,normal,1,0,overweight,0,0,5.58
60,female,Non-Hispanic White,never,normal,1,0,obese,0,0,6.29
60,female,Non-Hispanic White,never,normal,1,1,normal,0,0,10.44
60,female,Non-Hispanic White,never,normal,1,1,underweight,0,0,17.35
60,female,Non-Hispanic White,never,normal,1,1,overweight,0,0,8.88
60,female,Non-Hispanic White,never,normal,1,1,obese,0,0,9.98
60,female,Non-Hispanic White,never,prediabetes,0,0,normal,0,0,5.33
60,female,Non-Hispanic White,never,prediabetes,0,0,underweight,0,0,9.02
60,female,Non-Hispanic White,never,prediabetes,0,0,overweight,0,0,4.51
60,female,Non-Hispanic White,never,prediabetes,0,0,obese,0,0,5.08
60,female,Non-Hispanic White,never,prediabetes,0,1,normal,0,0,8.48
60,female,Non-Hispanic White,never,prediabetes,0,1,underweight,0,0,14.2
60,female,Non-Hispanic White,never,prediabetes,0,1,overweight,0,0,7.2
60,female,Non-Hispanic White,never,prediabetes,0,1,obese,0,0,8.1
60,female,Non-Hispanic White,never,prediabetes,1,0,normal,0,0,6.59
60,female,Non-Hispanic White,never,prediabetes,1,0,underweight,0,0,11.11
60,female,Non-Hispanic White,never,prediabetes,1,0,overweight,0,0,5.58
60,female,Non-Hispanic White,never,prediabetes,1,0,obese,0,0,6.29
60,female,Non-Hispanic White,never,prediabetes,1,1,normal,0,0,10.45
60,female,Non-Hispanic White,never,prediabetes,1,1,underweight,0,0,17.36
60,female,Non-Hispanic White,never,prediabetes,1,1,overweight,0,0,8.88
60,female,Non-Hispanic White,never,prediabetes,1,1,obese,0,0,9.99
60,female,Non-Hispanic White,never,undiagnosed diabetes,0,0,normal,0,0,7.27
60,female,Non-Hispanic White,never,undiagnosed diabetes,0,0,underweight,0,0,12.23
60,female,Non-Hispanic White,never,undiagnosed diabetes,0,0,overweight,0,0,6.16
60,female,Non-Hispanic White,never,undiagnosed diabetes,0,0,obese,0,0,6.94
60,female,Non-Hispanic White,never,undiagnosed diabetes,0,1,normal,0,0,11.51
60,female,Non-Hispanic White,never,undiagnosed diabetes,0,1,underweight,0,0,19.04
60,female,Non-Hispanic White,never,undiagnosed diabetes,0,1,overweight,0,0,9.79
60,female,Non-Hispanic White,never,undiagnosed diabetes,0,1,obese,0,0,11
60,female,Non-Hispanic White,never,undiagnosed diabetes,1,0,normal,0,0,8.97
60,female,Non-Hispanic White,never,undiagnosed diabetes,1,0,underweight,0,0,14.99
60,female,Non-Hispanic White,never,undiagnosed diabetes,1,0,overweight,0,0,7.62
60,female,Non-Hispanic White,never,undiagnosed diabetes,1,0,obese,0,0,8.57
60,female,Non-Hispanic White,never,undiagnosed diabetes,1,1,normal,0,0,14.12
60,female,Non-Hispanic White,never,undiagnosed diabetes,1,1,underweight,0,0,23.12
60,female,Non-Hispanic White,never,undiagnosed diabetes,1,1,overweight,0,0,12.04
60,female,Non-Hispanic White,never,undiagnosed diabetes,1,1,obese,0,0,13.51
60,female,Non-Hispanic White,never,diagnosed diabetes,0,0,normal,0,0,8.06
60,female,Non-Hispanic White,never,diagnosed diabetes,0,0,underweight,0,0,13.51
60,female,Non-Hispanic White,never,diagnosed diabetes,0,0,overweight,0,0,6.84
60,female,Non-Hispanic White,never,diagnosed diabetes,0,0,obese,0,0,7.7
60,female,Non-Hispanic White,never,diagnosed diabetes,0,1,normal,0,0,12.72
60,female,Non-Hispanic White,never,diagnosed diabetes,0,1,underweight,0,0,20.95
60,female,Non-Hispanic White,never,diagnosed diabetes,0,1,overweight,0,0,10.84
60,female,Non-Hispanic White,never,diagnosed diabetes,0,1,obese,0,0,12.17
60,female,Non-Hispanic White,never,diagnosed diabetes,1,0,normal,0,0,9.93
60,female,Non-Hispanic White,never,diagnosed diabetes,1,0,underweight,0,0,16.54
60,female,Non-Hispanic White,never,diagnosed diabetes,1,0,overweight,0,0,8.44
60,female,Non-Hispanic White,never,diagnosed diabetes,1,0,obese,0,0,9.49
60,female,Non-Hispanic White,never,diagnosed diabetes,1,1,normal,0,0,15.59
60,female,Non-Hispanic White,never,diagnosed diabetes,1,1,underweight,0,0,25.38
60,female,Non-Hispanic White,never,diagnosed diabetes,1,1,overweight,0,0,13.31
60,female,Non-Hispanic White,never,diagnosed diabetes,1,1,obese,0,0,14.92
60,female,Non-Hispanic White,former,normal,0,0,normal,0,0,6.5
60,female,Non-Hispanic White,former,normal,0,0,underweight,0,0,10.96
60,female,Non-Hispanic White,former,normal,0,0,overweight,0,0,5.51
60,female,Non-Hispanic White,former,normal,0,0,obese,0,0,6.21
60,female,Non-Hispanic White,former,normal,0,1,normal,0,0,10.32
60,female,Non-Hispanic White,former,normal,0,1,underweight,0,0,17.15
60,female,Non-Hispanic White,former,normal,0,1,overweight,0,0,8.77
60,female,Non-Hispanic White,former,normal,0,1,obese,0,0,9.86
60,female,Non-Hispanic White,former,normal,1,0,normal,0,0,8.03
60,female,Non-Hispanic White,former,normal,1,0,underweight,0,0,13.46
60,female,Non-Hispanic White,former,normal,1,0,overweight,0,0,6.81
60,female,Non-Hispanic White,former,normal,1,0,obese,0,0,7.67
60,female,Non-Hispanic White,former,normal,1,1,normal,0,0,12.68
60,female,Non-Hispanic White,former,normal,1,1,underweight,0,0,20.88
60,female,Non-Hispanic White,former,normal,1,1,overweight,0,0,10.8
60,female,Non-Hispanic White,former,normal,1,1,obese,0,0,12.12
60,female,Non-Hispanic White,former,prediabetes,0,0,normal,0,0,6.51
60,female,Non-Hispanic White,former,prediabetes,0,0,underweight,0,0,10.97
60,female,Non-Hispanic White,former,prediabetes,0,0,overweight,0,0,5.51
60,female,Non-Hispanic White,former,prediabetes,0,0,obese,0,0,6.21
60,female,Non-Hispanic White,former,prediabetes,0,1,normal,0,0,10.32
60,female,Non-Hispanic White,former,prediabetes,0,1,underweight,0,0,17.16
60,female,Non-Hispanic White,former,prediabetes,0,1,overweight,0,0,8.77
60,female,Non-Hispanic White,former,prediabetes,0,1,obese,0,0,9.87
60,female,Non-Hispanic White,former,prediabetes,1,0,normal,0,0,8.03
60,female,Non-Hispanic White,former,prediabetes,1,0,underweight,0,0,13.47
60,female,Non-Hispanic White,former,prediabetes,1,0,overweight,0,0,6.82
60,female,Non-Hispanic White,former,prediabetes,1,0,obese,0,0,7.67
60,female,Non-Hispanic White,former,prediabetes,1,1,normal,0,0,12.69
60,female,Non-Hispanic White,former,prediabetes,1,1,underweight,0,0,20.89
60,female,Non-Hispanic White,former,prediabetes,1,1,overweight,0,0,10.81
60,female,Non-Hispanic White,former,prediabetes,1,1,obese,0,0,12.13
60,female,Non-Hispanic White,former,undiagnosed diabetes,0,0,normal,0,0,8.86
60,female,Non-Hispanic White,former,undiagnosed diabetes,0,0,underweight,0,0,14.81
60,female,Non-Hispanic White,former,undiagnosed diabetes,0,0,overweight,0,0,7.52
60,female,Non-Hispanic White,former,undiagnosed diabetes,0,0,obese,0,0,8.47
60,female,Non-Hispanic White,former,undiagnosed diabetes,0,1,normal,0,0,13.95
60,female,Non-Hispanic White,former,undiagnosed diabetes,0,1,underweight,0,0,22.87
60,female,Non-Hispanic White,former,undiagnosed diabetes,0,1,overweight,0,0,11.9
60,female,Non-Hispanic White,former,undiagnosed diabetes,0,1,obese,0,0,13.35
60,female,Non-Hispanic White,former,undiagnosed diabetes,1,0,normal,0,0,10.91
60,female,Non-Hispanic White,former,undiagnosed diabetes,1,0,underweight,0,0,18.09
60,female,Non-Hispanic White,former,undiagnosed diabetes,1,0,overweight,0,0,9.28
60,female,Non-Hispanic White,former,undiagnosed diabetes,1,0,obese,0,0,10.43
60,female,Non-Hispanic White,former,undiagnosed diabetes,1,1,normal,0,0,17.06
60,female,Non-Hispanic White,former,undiagnosed diabetes,1,1,underweight,0,0,27.62
60,female,Non-Hispanic White,former,undiagnosed diabetes,1,1,overweight,0,0,14.59
60,female,Non-Hispanic White,former,undiagnosed diabetes,1,1,obese,0,0,16.34
60,female,Non-Hispanic White,former,diagnosed diabetes,0,0,normal,0,0,9.81
60,female,Non-Hispanic White,former,diagnosed diabetes,0,0,underweight,0,0,16.34
60,female,Non-Hispanic White,former,diagnosed diabetes,0,0,overweight,0,0,8.34
60,female,Non-Hispanic White,former,diagnosed diabetes,0,0,obese,0,0,9.38
60,female,Non-Hispanic White,former,diagnosed diabetes,0,1,normal,0,0,15.4
60,female,Non-Hispanic White,former,diagnosed diabetes,0,1,underweight,0,0,25.1
60,female,Non-Hispanic White,former,diagnosed diabetes,0,1,overweight,0,0,13.15
60,female,Non-Hispanic White,former,diagnosed diabetes,0,1,obese,0,0,14.74
60,female,Non-Hispanic White,former,diagnosed diabetes,1,0,normal,0,0,12.07
60,female,Non-Hispanic White,former,diagnosed diabetes,1,0,underweight,0,0,19.92
60,female,Non-Hispanic White,former,diagnosed diabetes,1,0,overweight,0,0,10.27
60,female,Non-Hispanic White,former,diagnosed diabetes,1,0,obese,0,0,11.54
60,female,Non-Hispanic White,former,diagnosed diabetes,1,1,normal,0,0,18.8
60,female,Non-Hispanic White,former,diagnosed diabetes,1,1,underweight,0,0,30.22
60,female,Non-Hispanic White,former,diagnosed diabetes,1,1,overweight,0,0,16.1
60,female,Non-Hispanic White,former,diagnosed diabetes,1,1,obese,0,0,18.01
60,female,Non-Hispanic White,current,normal,0,0,normal,0,0,13.08
60,female,Non-Hispanic White,current,normal,0,0,underweight,0,0,21.51
60,female,Non-Hispanic White,current,normal,0,0,overweight,0,0,11.15
60,female,Non-Hispanic White,current,normal,0,0,obese,0,0,12.51
60,female,Non-Hispanic White,current,normal,0,1,normal,0,0,20.32
60,female,Non-Hispanic White,current,normal,0,1,underweight,0,0,32.46
60,female,Non-Hispanic White,current,normal,0,1,overweight,0,0,17.42
60,female,Non-Hispanic White,current,normal,0,1,obese,0,0,19.47
60,female,Non-Hispanic White,current,normal,1,0,normal,0,0,16.02
60,female,Non-Hispanic White,current,normal,1,0,underweight,0,0,26.04
60,female,Non-Hispanic White,current,normal,1,0,overweight,0,0,13.68
60,female,Non-Hispanic White,current,normal,1,0,obese,0,0,15.33
60,female,Non-Hispanic White,current,normal,1,1,normal,0,0,24.63
60,female,Non-Hispanic White,current,normal,1,1,underweight,0,0,38.65
60,female,Non-Hispanic White,current,normal,1,1,overweight,0,0,21.21
60,female,Non-Hispanic White,current,normal,1,1,obese,0,0,23.63
60,female,Non-Hispanic White,current,prediabetes,0,0,normal,0,0,13.09
60,female,Non-Hispanic White,current,prediabetes,0,0,underweight,0,0,21.53
60,female,Non-Hispanic White,current,prediabetes,0,0,overweight,0,0,11.16
60,female,Non-Hispanic White,current,prediabetes,0,0,obese,0,0,12.52
60,female,Non-Hispanic White,current,prediabetes,0,1,normal,0,0,20.33
60,female,Non-Hispanic White,current,prediabetes,0,1,underweight,0,0,32.48
60,female,Non-Hispanic White,current,prediabetes,0,1,overweight,0,0,17.43
60,female,Non-Hispanic White,current,prediabetes,0,1,obese,0,0,19.48
60,female,Non-Hispanic White,current,prediabetes,1,0,normal,0,0,16.03
60,female,Non-Hispanic White,current,prediabetes,1,0,underweight,0,0,26.05
60,female,Non-Hispanic White,current,prediabetes,1,0,overweight,0,0,13.69
60,female,Non-Hispanic White,current,prediabetes,1,0,obese,0,0,15.34
60,female,Non-Hispanic White,current,prediabetes,1,1,normal,0,0,24.65
60,female,Non-Hispanic White,current,prediabetes,1,1,underweight,0,0,38.67
60,female,Non-Hispanic White,current,prediabetes,1,1,overweight,0,0,21.22
60,female,Non-Hispanic White,current,prediabetes,1,1,obese,0,0,23.65
60,female,Non-Hispanic White,current,undiagnosed diabetes,0,0,normal,0,0,17.6
60,female,Non-Hispanic White,current,undiagnosed diabetes,0,0,underweight,0,0,28.42
60,female,Non-Hispanic White,current,undiagnosed diabetes,0,0,overweight,0,0,15.05
60,female,Non-Hispanic White,current,undiagnosed diabetes,0,0,obese,0,0,16.85
60,female,Non-Hispanic White,current,undiagnosed diabetes,0,1,normal,0,0,26.91
60,female,Non-Hispanic White,current,undiagnosed diabetes,0,1,underweight,0,0,41.82
60,female,Non-Hispanic White,current,undiagnosed diabetes,0,1,overweight,0,0,23.22
60,female,Non-Hispanic White,current,undiagnosed diabetes,0,1,obese,0,0,25.83
60,female,Non-Hispanic White,current,undiagnosed diabetes,1,0,normal,0,0,21.41
60,female,Non-Hispanic White,current,undiagnosed diabetes,1,0,underweight,0,0,34.05
60,female,Non-Hispanic White,current,undiagnosed diabetes,1,0,overweight,0,0,18.38
60,female,Non-Hispanic White,current,undiagnosed diabetes,1,0,obese,0,0,20.52
60,female,Non-Hispanic White,current,undiagnosed diabetes,1,1,normal,0,0,32.31
60,female,Non-Hispanic White,current,undiagnosed diabetes,1,1,underweight,0,0,49.05
60,female,Non-Hispanic White,current,undiagnosed diabetes,1,1,overweight,0,0,28.03
60,female,Non-Hispanic White,current,undiagnosed diabetes,1,1,obese,0,0,31.07
60,female,Non-Hispanic White,current,diagnosed diabetes,0,0,normal,0,0,19.38
60,female,Non-Hispanic White,current,diagnosed diabetes,0,0,underweight,0,0,31.08
60,female,Non-Hispanic White,current,diagnosed diabetes,0,0,overweight,0,0,16.61
60,female,Non-Hispanic White,current,diagnosed diabetes,0,0,obese,0,0,18.57
60,female,Non-Hispanic White,current,diagnosed diabetes,0,1,normal,0,0,29.46
60,female,Non-Hispanic White,current,diagnosed diabetes,0,1,underweight,0,0,45.28
60,female,Non-Hispanic White,current,diagnosed diabetes,0,1,overweight,0,0,25.48
60,female,Non-Hispanic White,current,diagnosed diabetes,0,1,obese,0,0,28.3
60,female,Non-Hispanic White,current,diagnosed diabetes,1,0,normal,0,0,23.53
60,female,Non-Hispanic White,current,diagnosed diabetes,1,0,underweight,0,0,37.09
60,female,Non-Hispanic White,current,diagnosed diabetes,1,0,overweight,0,0,20.24
60,female,Non-Hispanic White,current,diagnosed diabetes,1,0,obese,0,0,22.57
60,female,Non-Hispanic White,current,diagnosed diabetes,1,1,normal,0,0,35.24
60,female,Non-Hispanic White,current,diagnosed diabetes,1,1,underweight,0,0,52.79
60,female,Non-Hispanic White,current,diagnosed diabetes,1,1,overweight,0,0,30.67
60,female,Non-Hispanic White,current,diagnosed diabetes,1,1,obese,0,0,33.91
60,female,Non-Hispanic Black,never,normal,0,0,normal,0,0,5.77
60,female,Non-Hispanic Black,never,normal,0,0,underweight,0,0,9.76
60,female,Non-Hispanic Black,never,normal,0,0,overweight,0,0,4.89
60,female,Non-Hispanic Black,never,normal,0,0,obese,0,0,5.51
60,female,Non-Hispanic Black,never,normal,0,1,normal,0,0,9.18
60,female,Non-Hispanic Black,never,normal,0,1,underweight,0,0,15.33
60,female,Non-Hispanic Black,never,normal,0,1,overweight,0,0,7.8
60,female,Non-Hispanic Black,never,normal,0,1,obese,0,0,8.77
60,female,Non-Hispanic Black,never,normal,1,0,normal,0,0,7.14
60,female,Non-Hispanic Black,never,normal,1,0,underweight,0,0,12.01
60,female,Non-Hispanic Black,never,normal,1,0,overweight,0,0,6.05
60,female,Non-Hispanic Black,never,normal,1,0,obese,0,0,6.81
60,female,Non-Hispanic Black,never,normal,1,1,normal,0,0,11.3
60,female,Non-Hispanic Black,never,normal,1,1,underweight,0,0,18.71
60,female,Non-Hispanic Black,never,normal,1,1,overweight,0,0,9.61
60,female,Non-Hispanic Black,never,normal,1,1,obese,0,0,10.8
60,female,Non-Hispanic Black,never,prediabetes,0,0,normal,0,0,5.78
60,female,Non-Hispanic Black,never,prediabetes,0,0,underweight,0,0,9.77
60,female,Non-Hispanic Black,never,prediabetes,0,0,overweight,0,0,4.89
60,female,Non-Hispanic Black,never,prediabetes,0,0,obese,0,0,5.51
60,female,Non-Hispanic Black,never,prediabetes,0,1,normal,0,0,9.19
60,female,Non-Hispanic Black,never,prediabetes,0,1,underweight,0,0,15.34
60,female,Non-Hispanic Black,never,prediabetes,0,1,overweight,0,0,7.8
60,female,Non-Hispanic Black,never,prediabetes,0,1,obese,0,0,8.78
60,female,Non-Hispanic Black,never,prediabetes,1,0,normal,0,0,7.14
60,female,Non-Hispanic Black,never,prediabetes,1,0,underweight,0,0,12.01
60,female,Non-Hispanic Black,never,prediabetes,1,0,overweight,0,0,6.05
60,female,Non-Hispanic Black,never,prediabetes,1,0,obese,0,0,6.82
60,female,Non-Hispanic Black,never,prediabetes,1,1,normal,0,0,11.31
60,female,Non-Hispanic Black,never,prediabetes,1,1,underweight,0,0,18.72
60,female,Non-Hispanic Black,never,prediabetes,1,1,overweight,0,0,9.62
60,female,Non-Hispanic Black,never,prediabetes,1,1,obese,0,0,10.81
60,female,Non-Hispanic Black,never,undiagnosed diabetes,0,0,normal,0,0,7.88
60,female,Non-Hispanic Black,never,undiagnosed diabetes,0,0,underweight,0,0,13.22
60,female,Non-Hispanic Black,never,undiagnosed diabetes,0,0,overweight,0,0,6.68
60,female,Non-Hispanic Black,never,undiagnosed diabetes,0,0,obese,0,0,7.53
60,female,Non-Hispanic Black,never,undiagnosed diabetes,0,1,normal,0,0,12.45
60,female,Non-Hispanic Black,never,undiagnosed diabetes,0,1,underweight,0,0,20.52
60,female,Non-Hispanic Black,never,undiagnosed diabetes,0,1,overweight,0,0,10.6
60,female,Non-Hispanic Black,never,undiagnosed diabetes,0,1,obese,0,0,11.9
60,female,Non-Hispanic Black,never,undiagnosed diabetes,1,0,normal,0,0,9.71
60,female,Non-Hispanic Black,never,undiagnosed diabetes,1,0,underweight,0,0,16.18
60,female,Non-Hispanic Black,never,undiagnosed diabetes,1,0,overweight,0,0,8.25
60,female,Non-Hispanic Black,never,undiagnosed diabetes,1,0,obese,0,0,9.28
60,female,Non-Hispanic Black,never,undiagnosed diabetes,1,1,normal,0,0,15.25
60,female,Non-Hispanic Black,never,undiagnosed diabetes,1,1,underweight,0,0,24.87
60,female,Non-Hispanic Black,never,undiagnosed diabetes,1,1,overweight,0,0,13.02
60,female,Non-Hispanic Black,never,undiagnosed diabetes,1,1,obese,0,0,14.6
60,female,Non-Hispanic Black,never,diagnosed diabetes,0,0,normal,0,0,8.73
60,female,Non-Hispanic Black,never,diagnosed diabetes,0,0,underweight,0,0,14.6
60,female,Non-Hispanic Black,never,diagnosed diabetes,0,0,overweight,0,0,7.41
60,female,Non-Hispanic Black,never,diagnosed diabetes,0,0,obese,0,0,8.34
60,female,Non-Hispanic Black,never,diagnosed diabetes,0,1,normal,0,0,13.75
60,female,Non-Hispanic Black,never,diagnosed diabetes,0,1,underweight,0,0,22.56
60,female,Non-Hispanic Black,never,diagnosed diabetes,0,1,overweight,0,0,11.73
60,female,Non-Hispanic Black,never,diagnosed diabetes,0,1,obese,0,0,13.16
60,female,Non-Hispanic Black,never,diagnosed diabetes,1,0,normal,0,0,10.75
60,female,Non-Hispanic Black,never,diagnosed diabetes,1,0,underweight,0,0,17.84
60,female,Non-Hispanic Black,never,diagnosed diabetes,1,0,overweight,0,0,9.14
60,female,Non-Hispanic Black,never,diagnosed diabetes,1,0,obese,0,0,10.28
60,female,Non-Hispanic Black,never,diagnosed diabetes,1,1,normal,0,0,16.83
60,female,Non-Hispanic Black,never,diagnosed diabetes,1,1,underweight,0,0,27.26
60,female,Non-Hispanic Black,never,diagnosed diabetes,1,1,overweight,0,0,14.38
60,female,Non-Hispanic Black,never,diagnosed diabetes,1,1,obese,0,0,16.11
60,female,Non-Hispanic Black,former,normal,0,0,normal,0,0,7.05
60,female,Non-Hispanic Black,former,normal,0,0,underweight,0,0,11.86
60,female,Non-Hispanic Black,former,normal,0,0,overweight,0,0,5.97
60,female,Non-Hispanic Black,former,normal,0,0,obese,0,0,6.73
60,female,Non-Hispanic Black,former,normal,0,1,normal,0,0,11.16
60,female,Non-Hispanic Black,former,normal,0,1,underweight,0,0,18.49
60,female,Non-Hispanic Black,former,normal,0,1,overweight,0,0,9.5
60,female,Non-Hispanic Black,former,normal,0,1,obese,0,0,10.67
60,female,Non-Hispanic Black,former,normal,1,0,normal,0,0,8.7
60,female,Non-Hispanic Black,former,normal,1,0,underweight,0,0,14.55
60,female,Non-Hispanic Black,former,normal,1,0,overweight,0,0,7.38
60,female,Non-Hispanic Black,former,normal,1,0,obese,0,0,8.31
60,female,Non-Hispanic Black,former,normal,1,1,normal,0,0,13.7
60,female,Non-Hispanic Black,former,normal,1,1,underweight,0,0,22.48
60,female,Non-Hispanic Black,former,normal,1,1,overweight,0,0,11.68
60,female,Non-Hispanic Black,former,normal,1,1,obese,0,0,13.11
60,female,Non-Hispanic Black,former,prediabetes,0,0,normal,0,0,7.05
60,female,Non-Hispanic Black,former,prediabetes,0,0,underweight,0,0,11.87
60,female,Non-Hispanic Black,former,prediabetes,0,0,overweight,0,0,5.98
60,female,Non-Hispanic Black,former,prediabetes,0,0,obese,0,0,6.73
60,female,Non-Hispanic Black,former,prediabetes,0,1,normal,0,0,11.17
60,female,Non-Hispanic Black,former,prediabetes,0,1,underweight,0,0,18.51
60,female,Non-Hispanic Black,former,prediabetes,0,1,overweight,0,0,9.5
60,female,Non-Hispanic Black,former,prediabetes,0,1,obese,0,0,10.68
60,female,Non-Hispanic Black,former,prediabetes,1,0,normal,0,0,8.7
60,female,Non-Hispanic Black,former,prediabetes,1,0,underweight,0,0,14.56
60,female,Non-Hispanic Black,former,prediabetes,1,0,overweight,0,0,7.39
60,female,Non-Hispanic Black,former,prediabetes,1,0,obese,0,0,8.31
60,female,Non-Hispanic Black,former,prediabetes,1,1,normal,0,0,13.71
60,female,Non-Hispanic Black,former,prediabetes,1,1,underweight,0,0,22.49
60,female,Non-Hispanic Black,former,prediabetes,1,1,overweight,0,0,11.69
60,female,Non-Hispanic Black,former,prediabetes,1,1,obese,0,0,13.12
60,female,Non-Hispanic Black,former,undiagnosed diabetes,0,0,normal,0,0,9.59
60,female,Non-Hispanic Black,former,undiagnosed diabetes,0,0,underweight,0,0,15.99
60,female,Non-Hispanic Black,former,undiagnosed diabetes,0,0,overweight,0,0,8.15
60,female,Non-Hispanic Black,former,undiagnosed diabetes,0,0,obese,0,0,9.17
60,female,Non-Hispanic Black,former,undiagnosed diabetes,0,1,normal,0,0,15.07
60,female,Non-Hispanic Black,former,undiagnosed diabetes,0,1,underweight,0,0,24.59
60,female,Non-Hispanic Black,former,undiagnosed diabetes,0,1,overweight,0,0,12.86
60,female,Non-Hispanic Black,former,undiagnosed diabetes,0,1,obese,0,0,14.42
60,female,Non-Hispanic Black,former,undiagnosed diabetes,1,0,normal,0,0,11.8
60,female,Non-Hispanic Black,former,undiagnosed diabetes,1,0,underweight,0,0,19.5
60,female,Non-Hispanic Black,former,undiagnosed diabetes,1,0,overweight,0,0,10.04
60,female,Non-Hispanic Black,former,undiagnosed diabetes,1,0,obese,0,0,11.28
60,female,Non-Hispanic Black,former,undiagnosed diabetes,1,1,normal,0,0,18.4
60,female,Non-Hispanic Black,former,undiagnosed diabetes,1,1,underweight,0,0,29.63
60,female,Non-Hispanic Black,former,undiagnosed diabetes,1,1,overweight,0,0,15.76
60,female,Non-Hispanic Black,former,undiagnosed diabetes,1,1,obese,0,0,17.63
60,female,Non-Hispanic Black,former,diagnosed diabetes,0,0,normal,0,0,10.62
60,female,Non-Hispanic Black,former,diagnosed diabetes,0,0,underweight,0,0,17.63
60,female,Non-Hispanic Black,former,diagnosed diabetes,0,0,overweight,0,0,9.03
60,female,Non-Hispanic Black,former,diagnosed diabetes,0,0,obese,0,0,10.15
60,female,Non-Hispanic Black,former,diagnosed diabetes,0,1,normal,0,0,16.63
60,female,Non-Hispanic Black,former,diagnosed diabetes,0,1,underweight,0,0,26.96
60,female,Non-Hispanic Black,former,diagnosed diabetes,0,1,overweight,0,0,14.21
60,female,Non-Hispanic Black,former,diagnosed diabetes,0,1,obese,0,0,15.92
60,female,Non-Hispanic Black,former,diagnosed diabetes,1,0,normal,0,0,13.05
60,female,Non-Hispanic Black,former,diagnosed diabetes,1,0,underweight,0,0,21.46
60,female,Non-Hispanic Black,former,diagnosed diabetes,1,0,overweight,0,0,11.12
60,female,Non-Hispanic Black,former,diagnosed diabetes,1,0,obese,0,0,12.48
60,female,Non-Hispanic Black,former,diagnosed diabetes,1,1,normal,0,0,20.26
60,female,Non-Hispanic Black,former,diagnosed diabetes,1,1,underweight,0,0,32.38
60,female,Non-Hispanic Black,former,diagnosed diabetes,1,1,overweight,0,0,17.38
60,female,Non-Hispanic Black,former,diagnosed diabetes,1,1,obese,0,0,19.42
60,female,Non-Hispanic Black,current,normal,0,0,normal,0,0,14.14
60,female,Non-Hispanic Black,current,normal,0,0,underweight,0,0,23.15
60,female,Non-Hispanic Black,current,normal,0,0,overweight,0,0,12.06
60,female,Non-Hispanic Black,current,normal,0,0,obese,0,0,13.53
60,female,Non-Hispanic Black,current,normal,0,1,normal,0,0,21.88
60,female,Non-Hispanic Black,current,normal,0,1,underweight,0,0,34.73
60,female,Non-Hispanic Black,current,normal,0,1,overweight,0,0,18.79
60,female,Non-Hispanic Black,current,normal,0,1,obese,0,0,20.97
60,female,Non-Hispanic Black,current,normal,1,0,normal,0,0,17.29
60,female,Non-Hispanic Black,current,normal,1,0,underweight,0,0,27.96
60,female,Non-Hispanic Black,current,normal,1,0,overweight,0,0,14.78
60,female,Non-Hispanic Black,current,normal,1,0,obese,0,0,16.55
60,female,Non-Hispanic Black,current,normal,1,1,normal,0,0,26.47
60,female,Non-Hispanic Black,current,normal,1,1,underweight,0,0,41.21
60,female,Non-Hispanic Black,current,normal,1,1,overweight,0,0,22.83
60,female,Non-Hispanic Black,current,normal,1,1,obese,0,0,25.4
60,female,Non-Hispanic Black,current,prediabetes,0,0,normal,0,0,14.15
60,female,Non-Hispanic Black,current,prediabetes,0,0,underweight,0,0,23.17
60,female,Non-Hispanic Black,current,prediabetes,0,0,overweight,0,0,12.07
60,female,Non-Hispanic Black,current,prediabetes,0,0,obese,0,0,13.54
60,female,Non-Hispanic Black,current,prediabetes,0,1,normal,0,0,21.89
60,female,Non-Hispanic Black,current,prediabetes,0,1,underweight,0,0,34.75
60,female,Non-Hispanic Black,current,prediabetes,0,1,overweight,0,0,18.8
60,female,Non-Hispanic Black,current,prediabetes,0,1,obese,0,0,20.99
60,female,Non-Hispanic Black,current,prediabetes,1,0,normal,0,0,17.3
60,female,Non-Hispanic Black,current,prediabetes,1,0,underweight,0,0,27.98
60,female,Non-Hispanic Black,current,prediabetes,1,0,overweight,0,0,14.79
60,female,Non-Hispanic Black,current,prediabetes,1,0,obese,0,0,16.56
60,female,Non-Hispanic Black,current,prediabetes,1,1,normal,0,0,26.48
60,female,Non-Hispanic Black,current,prediabetes,1,1,underweight,0,0,41.23
60,female,Non-Hispanic Black,current,prediabetes,1,1,overweight,0,0,22.84
60,female,Non-Hispanic Black,current,prediabetes,1,1,obese,0,0,25.42
60,female,Non-Hispanic Black,current,undiagnosed diabetes,0,0,normal,0,0,18.97
60,female,Non-Hispanic Black,current,undiagnosed diabetes,0,0,underweight,0,0,30.48
60,female,Non-Hispanic Black,current,undiagnosed diabetes,0,0,overweight,0,0,16.25
60,female,Non-Hispanic Black,current,undiagnosed diabetes,0,0,obese,0,0,18.18
60,female,Non-Hispanic Black,current,undiagnosed diabetes,0,1,normal,0,0,28.88
60,female,Non-Hispanic Black,current,undiagnosed diabetes,0,1,underweight,0,0,44.5
60,female,Non-Hispanic Black,current,undiagnosed diabetes,0,1,overweight,0,0,24.97
60,female,Non-Hispanic Black,current,undiagnosed diabetes,0,1,obese,0,0,27.74
60,female,Non-Hispanic Black,current,undiagnosed diabetes,1,0,normal,0,0,23.05
60,female,Non-Hispanic Black,current,undiagnosed diabetes,1,0,underweight,0,0,36.4
60,female,Non-Hispanic Black,current,undiagnosed diabetes,1,0,overweight,0,0,19.81
60,female,Non-Hispanic Black,current,undiagnosed diabetes,1,0,obese,0,0,22.1
60,female,Non-Hispanic Black,current,undiagnosed diabetes,1,1,normal,0,0,34.58
60,female,Non-Hispanic Black,current,undiagnosed diabetes,1,1,underweight,0,0,51.96
60,female,Non-Hispanic Black,current,undiagnosed diabetes,1,1,overweight,0,0,30.07
60,female,Non-Hispanic Black,current,undiagnosed diabetes,1,1,obese,0,0,33.27
60,female,Non-Hispanic Black,current,diagnosed diabetes,0,0,normal,0,0,20.88
60,female,Non-Hispanic Black,current,diagnosed diabetes,0,0,underweight,0,0,33.28
60,female,Non-Hispanic Black,current,diagnosed diabetes,0,0,overweight,0,0,17.92
60,female,Non-Hispanic Black,current,diagnosed diabetes,0,0,obese,0,0,20.01
60,female,Non-Hispanic Black,current,diagnosed diabetes,0,1,normal,0,0,31.57
60,female,Non-Hispanic Black,current,diagnosed diabetes,0,1,underweight,0,0,48.08
60,female,Non-Hispanic Black,current,diagnosed diabetes,0,1,overweight,0,0,27.37
60,female,Non-Hispanic Black,current,diagnosed diabetes,0,1,obese,0,0,30.35
60,female,Non-Hispanic Black,current,diagnosed diabetes,1,0,normal,0,0,25.3
60,female,Non-Hispanic Black,current,diagnosed diabetes,1,0,underweight,0,0,39.58
60,female,Non-Hispanic Black,current,diagnosed diabetes,1,0,overweight,0,0,21.79
60,female,Non-Hispanic Black,current,diagnosed diabetes,1,0,obese,0,0,24.27
60,female,Non-Hispanic Black,current,diagnosed diabetes,1,1,normal,0,0,37.65
60,female,Non-Hispanic Black,current,diagnosed diabetes,1,1,underweight,0,0,55.78
60,female,Non-Hispanic Black,current,diagnosed diabetes,1,1,overweight,0,0,32.84
60,female,Non-Hispanic Black,current,diagnosed diabetes,1,1,obese,0,0,36.26
60,female,Mexican American,never,normal,0,0,normal,0,0,4.53
60,female,Mexican American,never,normal,0,0,underweight,0,0,7.69
60,female,Mexican American,never,normal,0,0,overweight,0,0,3.83
60,female,Mexican American,never,normal,0,0,obese,0,0,4.32
60,female,Mexican American,never,normal,0,1,normal,0,0,7.23
60,female,Mexican American,never,normal,0,1,underweight,0,0,12.16
60,female,Mexican American,never,normal,0,1,overweight,0,0,6.13
60,female,Mexican American,never,normal,0,1,obese,0,0,6.9
60,female,Mexican American,never,normal,1,0,normal,0,0,5.6
60,female,Mexican American,never,normal,1,0,underweight,0,0,9.49
60,female,Mexican American,never,normal,1,0,overweight,0,0,4.75
60,female,Mexican American,never,normal,1,0,obese,0,0,5.35
60,female,Mexican American,never,normal,1,1,normal,0,0,8.92
60,female,Mexican American,never,normal,1,1,underweight,0,0,14.91
60,female,Mexican American,never,normal,1,1,overweight,0,0,7.57
60,female,Mexican American,never,normal,1,1,obese,0,0,8.52
60,female,Mexican American,never,prediabetes,0,0,normal,0,0,4.53
60,female,Mexican American,never,prediabetes,0,0,underweight,0,0,7.7
60,female,Mexican American,never,prediabetes,0,0,overweight,0,0,3.83
60,female,Mexican American,never,prediabetes,0,0,obese,0,0,4.32
60,female,Mexican American,never,prediabetes,0,1,normal,0,0,7.23
60,female,Mexican American,never,prediabetes,0,1,underweight,0,0,12.17
60,female,Mexican American,never,prediabetes,0,1,overweight,0,0,6.13
60,female,Mexican American,never,prediabetes,0,1,obese,0,0,6.91
60,female,Mexican American,never,prediabetes,1,0,normal,0,0,5.61
60,female,Mexican American,never,prediabetes,1,0,underweight,0,0,9.49
60,female,Mexican American,never,prediabetes,1,0,overweight,0,0,4.75
60,female,Mexican American,never,prediabetes,1,0,obese,0,0,5.35
60,female,Mexican American,never,prediabetes,1,1,normal,0,0,8.93
60,female,Mexican American,never,prediabetes,1,1,underweight,0,0,14.92
60,female,Mexican American,never,prediabetes,1,1,overweight,0,0,7.58
60,female,Mexican American,never,prediabetes,1,1,obese,0,0,8.53
60,female,Mexican American,never,undiagnosed diabetes,0,0,normal,0,0,6.19
60,female,Mexican American,never,undiagnosed diabetes,0,0,underweight,0,0,10.46
60,female,Mexican American,never,undiagnosed diabetes,0,0,overweight,0,0,5.25
60,female,Mexican American,never,undiagnosed diabetes,0,0,obese,0,0,5.91
60,female,Mexican American,never,undiagnosed diabetes,0,1,normal,0,0,9.84
60,female,Mexican American,never,undiagnosed diabetes,0,1,underweight,0,0,16.38
60,female,Mexican American,never,undiagnosed diabetes,0,1,overweight,0,0,8.36
60,female,Mexican American,never,undiagnosed diabetes,0,1,obese,0,0,9.4
60,female,Mexican American,never,undiagnosed diabetes,1,0,normal,0,0,7.65
60,female,Mexican American,never,undiagnosed diabetes,1,0,underweight,0,0,12.85
60,female,Mexican American,never,undiagnosed diabetes,1,0,overweight,0,0,6.49
60,female,Mexican American,never,undiagnosed diabetes,1,0,obese,0,0,7.31
60,female,Mexican American,never,undiagnosed diabetes,1,1,normal,0,0,12.1
60,female,Mexican American,never,undiagnosed diabetes,1,1,underweight,0,0,19.97
60,female,Mexican American,never,undiagnosed diabetes,1,1,overweight,0,0,10.3
60,female,Mexican American,never,undiagnosed diabetes,1,1,obese,0,0,11.57
60,female,Mexican American,never,diagnosed diabetes,0,0,normal,0,0,6.87
60,female,Mexican American,never,diagnosed diabetes,0,0,underweight,0,0,11.57
60,female,Mexican American,never,diagnosed diabetes,0,0,overweight,0,0,5.82
60,female,Mexican American,never,diagnosed diabetes,0,0,obese,0,0,6.56
60,female,Mexican American,never,diagnosed diabetes,0,1,normal,0,0,10.89
60,female,Mexican American,never,diagnosed diabetes,0,1,underweight,0,0,18.06
60,female,Mexican American,never,diagnosed diabetes,0,1,overweight,0,0,9.26
60,female,Mexican American,never,diagnosed diabetes,0,1,obese,0,0,10.41
60,female,Mexican American,never,diagnosed diabetes,1,0,normal,0,0,8.48
60,female,Mexican American,never,diagnosed diabetes,1,0,underweight,0,0,14.2
60,female,Mexican American,never,diagnosed diabetes,1,0,overweight,0,0,7.2
60,female,Mexican American,never,diagnosed diabetes,1,0,obese,0,0,8.1
60,female,Mexican American,never,diagnosed diabetes,1,1,normal,0,0,13.37
60,female,Mexican American,never,diagnosed diabetes,1,1,underweight,0,0,21.97
60,female,Mexican American,never,diagnosed diabetes,1,1,overweight,0,0,11.4
60,female,Mexican American,never,diagnosed diabetes,1,1,obese,0,0,12.79
60,female,Mexican American,former,normal,0,0,normal,0,0,5.54
60,female,Mexican American,former,normal,0,0,underweight,0,0,9.37
60,female,Mexican American,former,normal,0,0,overweight,0,0,4.69
60,female,Mexican American,former,normal,0,0,obese,0,0,5.28
60,female,Mexican American,former,normal,0,1,normal,0,0,8.81
60,female,Mexican American,former,normal,0,1,underweight,0,0,14.73
60,female,Mexican American,former,normal,0,1,overweight,0,0,7.48
60,female,Mexican American,former,normal,0,1,obese,0,0,8.42
60,female,Mexican American,former,normal,1,0,normal,0,0,6.84
60,female,Mexican American,former,normal,1,0,underweight,0,0,11.53
60,female,Mexican American,former,normal,1,0,overweight,0,0,5.8
60,female,Mexican American,former,normal,1,0,obese,0,0,6.54
60,female,Mexican American,former,normal,1,1,normal,0,0,10.85
60,female,Mexican American,former,normal,1,1,underweight,0,0,18
60,female,Mexican American,former,normal,1,1,overweight,0,0,9.23
60,female,Mexican American,former,normal,1,1,obese,0,0,10.37
60,female,Mexican American,former,prediabetes,0,0,normal,0,0,5.54
60,female,Mexican American,former,prediabetes,0,0,underweight,0,0,9.38
60,female,Mexican American,former,prediabetes,0,0,overweight,0,0,4.69
60,female,Mexican American,former,prediabetes,0,0,obese,0,0,5.29
60,female,Mexican American,former,prediabetes,0,1,normal,0,0,8.82
60,female,Mexican American,former,prediabetes,0,1,underweight,0,0,14.74
60,female,Mexican American,former,prediabetes,0,1,overweight,0,0,7.49
60,female,Mexican American,former,prediabetes,0,1,obese,0,0,8.42
60,female,Mexican American,former,prediabetes,1,0,normal,0,0,6.85
60,female,Mexican American,former,prediabetes,1,0,underweight,0,0,11.54
60,female,Mexican American,former,prediabetes,1,0,overweight,0,0,5.81
60,female,Mexican American,former,prediabetes,1,0,obese,0,0,6.54
60,female,Mexican American,former,prediabetes,1,1,normal,0,0,10.86
60,female,Mexican American,former,prediabetes,1,1,underweight,0,0,18.01
60,female,Mexican American,former,prediabetes,1,1,overweight,0,0,9.23
60,female,Mexican American,former,prediabetes,1,1,obese,0,0,10.38
60,female,Mexican American,former,undiagnosed diabetes,0,0,normal,0,0,7.56
60,female,Mexican American,former,undiagnosed diabetes,0,0,underweight,0,0,12.7
60,female,Mexican American,former,undiagnosed diabetes,0,0,overweight,0,0,6.41
60,female,Mexican American,former,undiagnosed diabetes,0,0,obese,0,0,7.22
60,female,Mexican American,former,undiagnosed diabetes,0,1,normal,0,0,11.95
60,female,Mexican American,former,undiagnosed diabetes,0,1,underweight,0,0,19.74
60,female,Mexican American,former,undiagnosed diabetes,0,1,overweight,0,0,10.17
60,female,Mexican American,former,undiagnosed diabetes,0,1,obese,0,0,11.43
60,female,Mexican American,former,undiagnosed diabetes,1,0,normal,0,0,9.32
60,female,Mexican American,former,undiagnosed diabetes,1,0,underweight,0,0,15.55
60,female,Mexican American,former,undiagnosed diabetes,1,0,overweight,0,0,7.92
60,female,Mexican American,former,undiagnosed diabetes,1,0,obese,0,0,8.91
60,female,Mexican American,former,undiagnosed diabetes,1,1,normal,0,0,14.66
60,female,Mexican American,former,undiagnosed diabetes,1,1,underweight,0,0,23.95
60,female,Mexican American,former,undiagnosed diabetes,1,1,overweight,0,0,12.51
60,female,Mexican American,former,undiagnosed diabetes,1,1,obese,0,0,14.02
60,female,Mexican American,former,diagnosed diabetes,0,0,normal,0,0,8.38
60,female,Mexican American,former,diagnosed diabetes,0,0,underweight,0,0,14.03
60,female,Mexican American,former,diagnosed diabetes,0,0,overweight,0,0,7.11
60,female,Mexican American,former,diagnosed diabetes,0,0,obese,0,0,8
60,female,Mexican American,former,diagnosed diabetes,0,1,normal,0,0,13.21
60,female,Mexican American,former,diagnosed diabetes,0,1,underweight,0,0,21.72
60,female,Mexican American,former,diagnosed diabetes,0,1,overweight,0,0,11.26
60,female,Mexican American,former,diagnosed diabetes,0,1,obese,0,0,12.64
60,female,Mexican American,former,diagnosed diabetes,1,0,normal,0,0,10.32
60,female,Mexican American,former,diagnosed diabetes,1,0,underweight,0,0,17.16
60,female,Mexican American,former,diagnosed diabetes,1,0,overweight,0,0,8.77
60,female,Mexican American,former,diagnosed diabetes,1,0,obese,0,0,9.86
60,female,Mexican American,former,diagnosed diabetes,1,1,normal,0,0,16.17
60,female,Mexican American,former,diagnosed diabetes,1,1,underweight,0,0,26.28
60,female,Mexican American,former,diagnosed diabetes,1,1,overweight,0,0,13.82
60,female,Mexican American,former,diagnosed diabetes,1,1,obese,0,0,15.48
60,female,Mexican American,current,normal,0,0,normal,0,0,11.2
60,female,Mexican American,current,normal,0,0,underweight,0,0,18.55
60,female,Mexican American,current,normal,0,0,overweight,0,0,9.53
60,female,Mexican American,current,normal,0,0,obese,0,0,10.71
60,female,Mexican American,current,normal,0,1,normal,0,0,17.5
60,female,Mexican American,current,normal,0,1,underweight,0,0,28.28
60,female,Mexican American,current,normal,0,1,overweight,0,0,14.97
60,female,Mexican American,current,normal,0,1,obese,0,0,16.76
60,female,Mexican American,current,normal,1,0,normal,0,0,13.75
60,female,Mexican American,current,normal,1,0,underweight,0,0,22.55
60,female,Mexican American,current,normal,1,0,overweight,0,0,11.72
60,female,Mexican American,current,normal,1,0,obese,0,0,13.15
60,female,Mexican American,current,normal,1,1,normal,0,0,21.3
60,female,Mexican American,current,normal,1,1,underweight,0,0,33.89
60,female,Mexican American,current,normal,1,1,overweight,0,0,18.28
60,female,Mexican American,current,normal,1,1,obese,0,0,20.42
60,female,Mexican American,current,prediabetes,0,0,normal,0,0,11.21
60,female,Mexican American,current,prediabetes,0,0,underweight,0,0,18.57
60,female,Mexican American,current,prediabetes,0,0,overweight,0,0,9.53
60,female,Mexican American,current,prediabetes,0,0,obese,0,0,10.71
60,female,Mexican American,current,prediabetes,0,1,normal,0,0,17.51
60,female,Mexican American,current,prediabetes,0,1,underweight,0,0,28.3
60,female,Mexican American,current,prediabetes,0,1,overweight,0,0,14.98
60,female,Mexican American,current,prediabetes,0,1,obese,0,0,16.77
60,female,Mexican American,current,prediabetes,1,0,normal,0,0,13.76
60,female,Mexican American,current,prediabetes,1,0,underweight,0,0,22.56
60,female,Mexican American,current,prediabetes,1,0,overweight,0,0,11.73
60,female,Mexican American,current,prediabetes,1,0,obese,0,0,13.16
60,female,Mexican American,current,prediabetes,1,1,normal,0,0,21.32
60,female,Mexican American,current,prediabetes,1,1,underweight,0,0,33.91
60,female,Mexican American,current,prediabetes,1,1,overweight,0,0,18.3
60,female,Mexican American,current,prediabetes,1,1,obese,0,0,20.43
60,female,Mexican American,current,undiagnosed diabetes,0,0,normal,0,0,15.12
60,female,Mexican American,current,undiagnosed diabetes,0,0,underweight,0,0,24.67
60,female,Mexican American,current,undiagnosed diabetes,0,0,overweight,0,0,12.91
60,female,Mexican American,current,undiagnosed diabetes,0,0,obese,0,0,14.47
60,female,Mexican American,current,undiagnosed diabetes,0,1,normal,0,0,23.32
60,female,Mexican American,current,undiagnosed diabetes,0,1,underweight,0,0,36.79
60,female,Mexican American,current,undiagnosed diabetes,0,1,overweight,0,0,20.06
60,female,Mexican American,current,undiagnosed diabetes,0,1,obese,0,0,22.37
60,female,Mexican American,current,undiagnosed diabetes,1,0,normal,0,0,18.46
60,female,Mexican American,current,undiagnosed diabetes,1,0,underweight,0,0,29.72
60,female,Mexican American,current,undiagnosed diabetes,1,0,overweight,0,0,15.81
60,female,Mexican American,current,undiagnosed diabetes,1,0,obese,0,0,17.68
60,female,Mexican American,current,undiagnosed diabetes,1,1,normal,0,0,28.15
60,female,Mexican American,current,undiagnosed diabetes,1,1,underweight,0,0,43.52
60,female,Mexican American,current,undiagnosed diabetes,1,1,overweight,0,0,24.32
60,female,Mexican American,current,undiagnosed diabetes,1,1,obese,0,0,27.04
60,female,Mexican American,current,diagnosed diabetes,0,0,normal,0,0,16.68
60,female,Mexican American,current,diagnosed diabetes,0,0,underweight,0,0,27.05
60,female,Mexican American,current,diagnosed diabetes,0,0,overweight,0,0,14.26
60,female,Mexican American,current,diagnosed diabetes,0,0,obese,0,0,15.97
60,female,Mexican American,current,diagnosed diabetes,0,1,normal,0,0,25.59
60,female,Mexican American,current,diagnosed diabetes,0,1,underweight,0,0,39.99
60,female,Mexican American,current,diagnosed diabetes,0,1,overweight,0,0,22.06
60,female,Mexican American,current,diagnosed diabetes,0,1,obese,0,0,24.56
60,female,Mexican American,current,diagnosed diabetes,1,0,normal,0,0,20.33
60,female,Mexican American,current,diagnosed diabetes,1,0,underweight,0,0,32.47
60,female,Mexican American,current,diagnosed diabetes,1,0,overweight,0,0,17.43
60,female,Mexican American,current,diagnosed diabetes,1,0,obese,0,0,19.48
60,female,Mexican American,current,diagnosed diabetes,1,1,normal,0,0,30.79
60,female,Mexican American,current,diagnosed diabetes,1,1,underweight,0,0,47.05
60,female,Mexican American,current,diagnosed diabetes,1,1,overweight,0,0,26.67
60,female,Mexican American,current,diagnosed diabetes,1,1,obese,0,0,29.59
60,female,Other Hispanic,never,normal,0,0,normal,0,0,4.66
60,female,Other Hispanic,never,normal,0,0,underweight,0,0,7.92
60,female,Other Hispanic,never,normal,0,0,overweight,0,0,3.95
60,female,Other Hispanic,never,normal,0,0,obese,0,0,4.45
60,female,Other Hispanic,never,normal,0,1,normal,0,0,7.44
60,female,Other Hispanic,never,normal,0,1,underweight,0,0,12.51
60,female,Other Hispanic,never,normal,0,1,overweight,0,0,6.31
60,female,Other Hispanic,never,normal,0,1,obese,0,0,7.11
60,female,Other Hispanic,never,normal,1,0,normal,0,0,5.77
60,female,Other Hispanic,never,normal,1,0,underweight,0,0,9.76
60,female,Other Hispanic,never,normal,1,0,overweight,0,0,4.89
60,female,Other Hispanic,never,normal,1,0,obese,0,0,5.51
60,female,Other Hispanic,never,normal,1,1,normal,0,0,9.18
60,female,Other Hispanic,never,normal,1,1,underweight,0,0,15.33
60,female,Other Hispanic,never,normal,1,1,overweight,0,0,7.8
60,female,Other Hispanic,never,normal,1,1,obese,0,0,8.77
60,female,Other Hispanic,never,prediabetes,0,0,normal,0,0,4.67
60,female,Other Hispanic,never,prediabetes,0,0,underweight,0,0,7.93
60,female,Other Hispanic,never,prediabetes,0,0,overweight,0,0,3.95
60,female,Other Hispanic,never,prediabetes,0,0,obese,0,0,4.45
60,female,Other Hispanic,never,prediabetes,0,1,normal,0,0,7.45
60,female,Other Hispanic,never,prediabetes,0,1,underweight,0,0,12.52
60,female,Other Hispanic,never,prediabetes,0,1,overweight,0,0,6.32
60,female,Other Hispanic,never,prediabetes,0,1,obese,0,0,7.12
60,female,Other Hispanic,never,prediabetes,1,0,normal,0,0,5.78
60,female,Other Hispanic,never,prediabetes,1,0,underweight,0,0,9.77
60,female,Other Hispanic,never,prediabetes,1,0,overweight,0,0,4.89
60,female,Other Hispanic,never,prediabetes,1,0,obese,0,0,5.52
60,female,Other Hispanic,never,prediabetes,1,1,normal,0,0,9.19
60,female,Other Hispanic,never,prediabetes,1,1,underweight,0,0,15.34
60,female,Other Hispanic,never,prediabetes,1,1,overweight,0,0,7.8
60,female,Other Hispanic,never,prediabetes,1,1,obese,0,0,8.78
60,female,Other Hispanic,never,undiagnosed diabetes,0,0,normal,0,0,6.38
60,female,Other Hispanic,never,undiagnosed diabetes,0,0,underweight,0,0,10.77
60,female,Other Hispanic,never,undiagnosed diabetes,0,0,overweight,0,0,5.41
60,female,Other Hispanic,never,undiagnosed diabetes,0,0,obese,0,0,6.09
60,female,Other Hispanic,never,undiagnosed diabetes,0,1,normal,0,0,10.13
60,female,Other Hispanic,never,undiagnosed diabetes,0,1,underweight,0,0,16.85
60,female,Other Hispanic,never,undiagnosed diabetes,0,1,overweight,0,0,8.61
60,female,Other Hispanic,never,undiagnosed diabetes,0,1,obese,0,0,9.68
60,female,Other Hispanic,never,undiagnosed diabetes,1,0,normal,0,0,7.88
60,female,Other Hispanic,never,undiagnosed diabetes,1,0,underweight,0,0,13.22
60,female,Other Hispanic,never,undiagnosed diabetes,1,0,overweight,0,0,6.68
60,female,Other Hispanic,never,undiagnosed diabetes,1,0,obese,0,0,7.53
60,female,Other Hispanic,never,undiagnosed diabetes,1,1,normal,0,0,12.45
60,female,Other Hispanic,never,undiagnosed diabetes,1,1,underweight,0,0,20.52
60,female,Other Hispanic,never,undiagnosed diabetes,1,1,overweight,0,0,10.6
60,female,Other Hispanic,never,undiagnosed diabetes,1,1,obese,0,0,11.9
60,female,Other Hispanic,never,diagnosed diabetes,0,0,normal,0,0,7.08
60,female,Other Hispanic,never,diagnosed diabetes,0,0,underweight,0,0,11.91
60,female,Other Hispanic,never,diagnosed diabetes,0,0,overweight,0,0,6
60,female,Other Hispanic,never,diagnosed diabetes,0,0,obese,0,0,6.76
60,female,Other Hispanic,never,diagnosed diabetes,0,1,normal,0,0,11.21
60,female,Other Hispanic,never,diagnosed diabetes,0,1,underweight,0,0,18.57
60,female,Other Hispanic,never,diagnosed diabetes,0,1,overweight,0,0,9.53
60,female,Other Hispanic,never,diagnosed diabetes,0,1,obese,0,0,10.71
60,female,Other Hispanic,never,diagnosed diabetes,1,0,normal,0,0,8.73
60,female,Other Hispanic,never,diagnosed diabetes,1,0,underweight,0,0,14.6
60,female,Other Hispanic,never,diagnosed diabetes,1,0,overweight,0,0,7.41
60,female,Other Hispanic,never,diagnosed diabetes,1,0,obese,0,0,8.34
60,female,Other Hispanic,never,diagnosed diabetes,1,1,normal,0,0,13.76
60,female,Other Hispanic,never,diagnosed diabetes,1,1,underweight,0,0,22.56
60,female,Other Hispanic,never,diagnosed diabetes,1,1,overweight,0,0,11.73
60,female,Other Hispanic,never,diagnosed diabetes,1,1,obese,0,0,13.16
60,female,Other Hispanic,former,normal,0,0,normal,0,0,5.7
60,female,Other Hispanic,former,normal,0,0,underweight,0,0,9.65
60,female,Other Hispanic,former,normal,0,0,overweight,0,0,4.83
60,female,Other Hispanic,former,normal,0,0,obese,0,0,5.44
60,female,Other Hispanic,former,normal,0,1,normal,0,0,9.07
60,female,Other Hispanic,former,normal,0,1,underweight,0,0,15.15
60,female,Other Hispanic,former,normal,0,1,overweight,0,0,7.7
60,female,Other Hispanic,former,normal,0,1,obese,0,0,8.67
60,female,Other Hispanic,former,normal,1,0,normal,0,0,7.05
60,female,Other Hispanic,former,normal,1,0,underweight,0,0,11.86
60,female,Other Hispanic,former,normal,1,0,overweight,0,0,5.98
60,female,Other Hispanic,former,normal,1,0,obese,0,0,6.73
60,female,Other Hispanic,former,normal,1,1,normal,0,0,11.16
60,female,Other Hispanic,former,normal,1,1,underweight,0,0,18.5
60,female,Other Hispanic,former,normal,1,1,overweight,0,0,9.5
60,female,Other Hispanic,former,normal,1,1,obese,0,0,10.67
60,female,Other Hispanic,former,prediabetes,0,0,normal,0,0,5.71
60,female,Other Hispanic,former,prediabetes,0,0,underweight,0,0,9.65
60,female,Other Hispanic,former,prediabetes,0,0,overweight,0,0,4.83
60,female,Other Hispanic,former,prediabetes,0,0,obese,0,0,5.45
60,female,Other Hispanic,former,prediabetes,0,1,normal,0,0,9.08
60,female,Other Hispanic,former,prediabetes,0,1,underweight,0,0,15.16
60,female,Other Hispanic,former,prediabetes,0,1,overweight,0,0,7.71
60,female,Other Hispanic,former,prediabetes,0,1,obese,0,0,8.67
60,female,Other Hispanic,former,prediabetes,1,0,normal,0,0,7.05
60,female,Other Hispanic,former,prediabetes,1,0,underweight,0,0,11.87
60,female,Other Hispanic,former,prediabetes,1,0,overweight,0,0,5.98
60,female,Other Hispanic,former,prediabetes,1,0,obese,0,0,6.74
60,female,Other Hispanic,former,prediabetes,1,1,normal,0,0,11.17
60,female,Other Hispanic,former,prediabetes,1,1,underweight,0,0,18.51
60,female,Other Hispanic,former,prediabetes,1,1,overweight,0,0,9.5
60,female,Other Hispanic,former,prediabetes,1,1,obese,0,0,10.68
60,female,Other Hispanic,former,undiagnosed diabetes,0,0,normal,0,0,7.78
60,female,Other Hispanic,former,undiagnosed diabetes,0,0,underweight,0,0,13.06
60,female,Other Hispanic,former,undiagnosed diabetes,0,0,overweight,0,0,6.6
60,female,Other Hispanic,former,undiagnosed diabetes,0,0,obese,0,0,7.43
60,female,Other Hispanic,former,undiagnosed diabetes,0,1,normal,0,0,12.3
60,female,Other Hispanic,former,undiagnosed diabetes,0,1,underweight,0,0,20.29
60,female,Other Hispanic,former,undiagnosed diabetes,0,1,overweight,0,0,10.47
60,female,Other Hispanic,former,undiagnosed diabetes,0,1,obese,0,0,11.76
60,female,Other Hispanic,former,undiagnosed diabetes,1,0,normal,0,0,9.6
60,female,Other Hispanic,former,undiagnosed diabetes,1,0,underweight,0,0,16
60,female,Other Hispanic,former,undiagnosed diabetes,1,0,overweight,0,0,8.15
60,female,Other Hispanic,former,undiagnosed diabetes,1,0,obese,0,0,9.17
60,female,Other Hispanic,former,undiagnosed diabetes,1,1,normal,0,0,15.07
60,female,Other Hispanic,former,undiagnosed diabetes,1,1,underweight,0,0,24.6
60,female,Other Hispanic,former,undiagnosed diabetes,1,1,overweight,0,0,12.87
60,female,Other Hispanic,former,undiagnosed diabetes,1,1,obese,0,0,14.43
60,female,Other Hispanic,former,diagnosed diabetes,0,0,normal,0,0,8.63
60,female,Other Hispanic,former,diagnosed diabetes,0,0,underweight,0,0,14.43
60,female,Other Hispanic,former,diagnosed diabetes,0,0,overweight,0,0,7.32
60,female,Other Hispanic,former,diagnosed diabetes,0,0,obese,0,0,8.24
60,female,Other Hispanic,former,diagnosed diabetes,0,1,normal,0,0,13.59
60,female,Other Hispanic,former,diagnosed diabetes,0,1,underweight,0,0,22.31
60,female,Other Hispanic,former,diagnosed diabetes,0,1,overweight,0,0,11.59
60,female,Other Hispanic,former,diagnosed diabetes,0,1,obese,0,0,13
60,female,Other Hispanic,former,diagnosed diabetes,1,0,normal,0,0,10.62
60,female,Other Hispanic,former,diagnosed diabetes,1,0,underweight,0,0,17.64
60,female,Other Hispanic,former,diagnosed diabetes,1,0,overweight,0,0,9.03
60,female,Other Hispanic,former,diagnosed diabetes,1,0,obese,0,0,10.15
60,female,Other Hispanic,former,diagnosed diabetes,1,1,normal,0,0,16.63
60,female,Other Hispanic,former,diagnosed diabetes,1,1,underweight,0,0,26.97
60,female,Other Hispanic,former,diagnosed diabetes,1,1,overweight,0,0,14.22
60,female,Other Hispanic,former,diagnosed diabetes,1,1,obese,0,0,15.92
60,female,Other Hispanic,current,normal,0,0,normal,0,0,11.53
60,female,Other Hispanic,current,normal,0,0,underweight,0,0,19.07
60,female,Other Hispanic,current,normal,0,0,overweight,0,0,9.81
60,female,Other Hispanic,current,normal,0,0,obese,0,0,11.02
60,female,Other Hispanic,current,normal,0,1,normal,0,0,17.99
60,female,Other Hispanic,current,normal,0,1,underweight,0,0,29.01
60,female,Other Hispanic,current,normal,0,1,overweight,0,0,15.4
60,female,Other Hispanic,current,normal,0,1,obese,0,0,17.23
60,female,Other Hispanic,current,normal,1,0,normal,0,0,14.14
60,female,Other Hispanic,current,normal,1,0,underweight,0,0,23.16
60,female,Other Hispanic,current,normal,1,0,overweight,0,0,12.06
60,female,Other Hispanic,current,normal,1,0,obese,0,0,13.53
60,female,Other Hispanic,current,normal,1,1,normal,0,0,21.88
60,female,Other Hispanic,current,normal,1,1,underweight,0,0,34.73
60,female,Other Hispanic,current,normal,1,1,overweight,0,0,18.79
60,female,Other Hispanic,current,normal,1,1,obese,0,0,20.98
60,female,Other Hispanic,current,prediabetes,0,0,normal,0,0,11.53
60,female,Other Hispanic,current,prediabetes,0,0,underweight,0,0,19.08
60,female,Other Hispanic,current,prediabetes,0,0,overweight,0,0,9.82
60,female,Other Hispanic,current,prediabetes,0,0,obese,0,0,11.03
60,female,Other Hispanic,current,prediabetes,0,1,normal,0,0,18
60,female,Other Hispanic,current,prediabetes,0,1,underweight,0,0,29.03
60,female,Other Hispanic,current,prediabetes,0,1,overweight,0,0,15.41
60,female,Other Hispanic,current,prediabetes,0,1,obese,0,0,17.24
60,female,Other Hispanic,current,prediabetes,1,0,normal,0,0,14.15
60,female,Other Hispanic,current,prediabetes,1,0,underweight,0,0,23.17
60,female,Other Hispanic,current,prediabetes,1,0,overweight,0,0,12.07
60,female,Other Hispanic,current,prediabetes,1,0,obese,0,0,13.54
60,female,Other Hispanic,current,prediabetes,1,1,normal,0,0,21.9
60,female,Other Hispanic,current,prediabetes,1,1,underweight,0,0,34.75
60,female,Other Hispanic,current,prediabetes,1,1,overweight,0,0,18.81
60,female,Other Hispanic,current,prediabetes,1,1,obese,0,0,20.99
60,female,Other Hispanic,current,undiagnosed diabetes,0,0,normal,0,0,15.55
60,female,Other Hispanic,current,undiagnosed diabetes,0,0,underweight,0,0,25.33
60,female,Other Hispanic,current,undiagnosed diabetes,0,0,overweight,0,0,13.28
60,female,Other Hispanic,current,undiagnosed diabetes,0,0,obese,0,0,14.88
60,female,Other Hispanic,current,undiagnosed diabetes,0,1,normal,0,0,23.95
60,female,Other Hispanic,current,undiagnosed diabetes,0,1,underweight,0,0,37.69
60,female,Other Hispanic,current,undiagnosed diabetes,0,1,overweight,0,0,20.61
60,female,Other Hispanic,current,undiagnosed diabetes,0,1,obese,0,0,22.97
60,female,Other Hispanic,current,undiagnosed diabetes,1,0,normal,0,0,18.98
60,female,Other Hispanic,current,undiagnosed diabetes,1,0,underweight,0,0,30.48
60,female,Other Hispanic,current,undiagnosed diabetes,1,0,overweight,0,0,16.25
60,female,Other Hispanic,current,undiagnosed diabetes,1,0,obese,0,0,18.18
60,female,Other Hispanic,current,undiagnosed diabetes,1,1,normal,0,0,28.88
60,female,Other Hispanic,current,undiagnosed diabetes,1,1,underweight,0,0,44.51
60,female,Other Hispanic,current,undiagnosed diabetes,1,1,overweight,0,0,24.97
60,female,Other Hispanic,current,undiagnosed diabetes,1,1,obese,0,0,27.75
60,female,Other Hispanic,current,diagnosed diabetes,0,0,normal,0,0,17.15
60,female,Other Hispanic,current,diagnosed diabetes,0,0,underweight,0,0,27.75
60,female,Other Hispanic,current,diagnosed diabetes,0,0,overweight,0,0,14.67
60,female,Other Hispanic,current,diagnosed diabetes,0,0,obese,0,0,16.42
60,female,Other Hispanic,current,diagnosed diabetes,0,1,normal,0,0,26.27
60,female,Other Hispanic,current,diagnosed diabetes,0,1,underweight,0,0,40.94
60,female,Other Hispanic,current,diagnosed diabetes,0,1,overweight,0,0,22.66
60,female,Other Hispanic,current,diagnosed diabetes,0,1,obese,0,0,25.22
60,female,Other Hispanic,current,diagnosed diabetes,1,0,normal,0,0,20.89
60,female,Other Hispanic,current,diagnosed diabetes,1,0,underweight,0,0,33.29
60,female,Other Hispanic,current,diagnosed diabetes,1,0,overweight,0,0,17.92
60,female,Other Hispanic,current,diagnosed diabetes,1,0,obese,0,0,20.02
60,female,Other Hispanic,current,diagnosed diabetes,1,1,normal,0,0,31.58
60,female,Other Hispanic,current,diagnosed diabetes,1,1,underweight,0,0,48.09
60,female,Other Hispanic,current,diagnosed diabetes,1,1,overweight,0,0,27.37
60,female,Other Hispanic,current,diagnosed diabetes,1,1,obese,0,0,30.36
60,female,Other/Multiracial,never,normal,0,0,normal,0,0,4.36
60,female,Other/Multiracial,never,normal,0,0,underweight,0,0,7.4
60,female,Other/Multiracial,never,normal,0,0,overweight,0,0,3.68
60,female,Other/Multiracial,never,normal,0,0,obese,0,0,4.16
60,female,Other/Multiracial,never,normal,0,1,normal,0,0,6.96
60,female,Other/Multiracial,never,normal,0,1,underweight,0,0,11.72
60,female,Other/Multiracial,never,normal,0,1,overweight,0,0,5.9
60,female,Other/Multiracial,never,normal,0,1,obese,0,0,6.64
60,female,Other/Multiracial,never,normal,1,0,normal,0,0,5.39
60,female,Other/Multiracial,never,normal,1,0,underweight,0,0,9.13
60,female,Other/Multiracial,never,normal,1,0,overweight,0,0,4.57
60,female,Other/Multiracial,never,normal,1,0,obese,0,0,5.15
60,female,Other/Multiracial,never,normal,1,1,normal,0,0,8.59
60,female,Other/Multiracial,never,normal,1,1,underweight,0,0,14.37
60,female,Other/Multiracial,never,normal,1,1,overweight,0,0,7.29
60,female,Other/Multiracial,never,normal,1,1,obese,0,0,8.2
60,female,Other/Multiracial,never,prediabetes,0,0,normal,0,0,4.36
60,female,Other/Multiracial,never,prediabetes,0,0,underweight,0,0,7.41
60,female,Other/Multiracial,never,prediabetes,0,0,overweight,0,0,3.69
60,female,Other/Multiracial,never,prediabetes,0,0,obese,0,0,4.16
60,female,Other/Multiracial,never,prediabetes,0,1,normal,0,0,6.96
60,female,Other/Multiracial,never,prediabetes,0,1,underweight,0,0,11.72
60,female,Other/Multiracial,never,prediabetes,0,1,overweight,0,0,5.9
60,female,Other/Multiracial,never,prediabetes,0,1,obese,0,0,6.65
60,female,Other/Multiracial,never,prediabetes,1,0,normal,0,0,5.4
60,female,Other/Multiracial,never,prediabetes,1,0,underweight,0,0,9.14
60,female,Other/Multiracial,never,prediabetes,1,0,overweight,0,0,4.57
60,female,Other/Multiracial,never,prediabetes,1,0,obese,0,0,5.15
60,female,Other/Multiracial,never,prediabetes,1,1,normal,0,0,8.59
60,female,Other/Multiracial,never,prediabetes,1,1,underweight,0,0,14.38
60,female,Other/Multiracial,never,prediabetes,1,1,overweight,0,0,7.3
60,female,Other/Multiracial,never,prediabetes,1,1,obese,0,0,8.21
60,female,Other/Multiracial,never,undiagnosed diabetes,0,0,normal,0,0,5.96
60,female,Other/Multiracial,never,undiagnosed diabetes,0,0,underweight,0,0,10.07
60,female,Other/Multiracial,never,undiagnosed diabetes,0,0,overweight,0,0,5.05
60,female,Other/Multiracial,never,undiagnosed diabetes,0,0,obese,0,0,5.69
60,female,Other/Multiracial,never,undiagnosed diabetes,0,1,normal,0,0,9.47
60,female,Other/Multiracial,never,undiagnosed diabetes,0,1,underweight,0,0,15.8
60,female,Other/Multiracial,never,undiagnosed diabetes,0,1,overweight,0,0,8.05
60,female,Other/Multiracial,never,undiagnosed diabetes,0,1,obese,0,0,9.05
60,female,Other/Multiracial,never,undiagnosed diabetes,1,0,normal,0,0,7.37
60,female,Other/Multiracial,never,undiagnosed diabetes,1,0,underweight,0,0,12.38
60,female,Other/Multiracial,never,undiagnosed diabetes,1,0,overweight,0,0,6.25
60,female,Other/Multiracial,never,undiagnosed diabetes,1,0,obese,0,0,7.04
60,female,Other/Multiracial,never,undiagnosed diabetes,1,1,normal,0,0,11.66
60,female,Other/Multiracial,never,undiagnosed diabetes,1,1,underweight,0,0,19.28
60,female,Other/Multiracial,never,undiagnosed diabetes,1,1,overweight,0,0,9.92
60,female,Other/Multiracial,never,undiagnosed diabetes,1,1,obese,0,0,11.14
60,female,Other/Multiracial,never,diagnosed diabetes,0,0,normal,0,0,6.61
60,female,Other/Multiracial,never,diagnosed diabetes,0,0,underweight,0,0,11.15
60,female,Other/Multiracial,never,diagnosed diabetes,0,0,overweight,0,0,5.6
60,female,Other/Multiracial,never,diagnosed diabetes,0,0,obese,0,0,6.31
60,female,Other/Multiracial,never,diagnosed diabetes,0,1,normal,0,0,10.49
60,female,Other/Multiracial,never,diagnosed diabetes,0,1,underweight,0,0,17.42
60,female,Other/Multiracial,never,diagnosed diabetes,0,1,overweight,0,0,8.92
60,female,Other/Multiracial,never,diagnosed diabetes,0,1,obese,0,0,10.03
60,female,Other/Multiracial,never,diagnosed diabetes,1,0,normal,0,0,8.17
60,female,Other/Multiracial,never,diagnosed diabetes,1,0,underweight,0,0,13.69
60,female,Other/Multiracial,never,diagnosed diabetes,1,0,overweight,0,0,6.93
60,female,Other/Multiracial,never,diagnosed diabetes,1,0,obese,0,0,7.8
60,female,Other/Multiracial,never,diagnosed diabetes,1,1,normal,0,0,12.89
60,female,Other/Multiracial,never,diagnosed diabetes,1,1,underweight,0,0,21.21
60,female,Other/Multiracial,never,diagnosed diabetes,1,1,overweight,0,0,10.98
60,female,Other/Multiracial,never,diagnosed diabetes,1,1,obese,0,0,12.33
60,female,Other/Multiracial,former,normal,0,0,normal,0,0,5.33
60,female,Other/Multiracial,former,normal,0,0,underweight,0,0,9.02
60,female,Other/Multiracial,former,normal,0,0,overweight,0,0,4.51
60,female,Other/Multiracial,former,normal,0,0,obese,0,0,5.08
60,female,Other/Multiracial,former,normal,0,1,normal,0,0,8.48
60,female,Other/Multiracial,former,normal,0,1,underweight,0,0,14.2
60,female,Other/Multiracial,former,normal,0,1,overweight,0,0,7.2
60,female,Other/Multiracial,former,normal,0,1,obese,0,0,8.1
60,female,Other/Multiracial,former,normal,1,0,normal,0,0,6.59
60,female,Other/Multiracial,former,normal,1,0,underweight,0,0,11.11
60,female,Other/Multiracial,former,normal,1,0,overweight,0,0,5.58
60,female,Other/Multiracial,former,normal,1,0,obese,0,0,6.29
60,female,Other/Multiracial,former,normal,1,1,normal,0,0,10.45
60,female,Other/Multiracial,former,normal,1,1,underweight,0,0,17.36
60,female,Other/Multiracial,former,normal,1,1,overweight,0,0,8.88
60,female,Other/Multiracial,former,normal,1,1,obese,0,0,9.99
60,female,Other/Multiracial,former,prediabetes,0,0,normal,0,0,5.33
60,female,Other/Multiracial,former,prediabetes,0,0,underweight,0,0,9.03
60,female,Other/Multiracial,former,prediabetes,0,0,overweight,0,0,4.51
60,female,Other/Multiracial,former,prediabetes,0,0,obese,0,0,5.09
60,female,Other/Multiracial,former,prediabetes,0,1,normal,0,0,8.49
60,female,Other/Multiracial,former,prediabetes,0,1,underweight,0,0,14.21
60,female,Other/Multiracial,former,prediabetes,0,1,overweight,0,0,7.21
60,female,Other/Multiracial,former,prediabetes,0,1,obese,0,0,8.11
60,female,Other/Multiracial,former,prediabetes,1,0,normal,0,0,6.59
60,female,Other/Multiracial,former,prediabetes,1,0,underweight,0,0,11.11
60,female,Other/Multiracial,former,prediabetes,1,0,overweight,0,0,5.59
60,female,Other/Multiracial,former,prediabetes,1,0,obese,0,0,6.29
60,female,Other/Multiracial,former,prediabetes,1,1,normal,0,0,10.46
60,female,Other/Multiracial,former,prediabetes,1,1,underweight,0,0,17.37
60,female,Other/Multiracial,former,prediabetes,1,1,overweight,0,0,8.89
60,female,Other/Multiracial,former,prediabetes,1,1,obese,0,0,9.99
60,female,Other/Multiracial,former,undiagnosed diabetes,0,0,normal,0,0,7.28
60,female,Other/Multiracial,former,undiagnosed diabetes,0,0,underweight,0,0,12.24
60,female,Other/Multiracial,former,undiagnosed diabetes,0,0,overweight,0,0,6.17
60,female,Other/Multiracial,former,undiagnosed diabetes,0,0,obese,0,0,6.95
60,female,Other/Multiracial,former,undiagnosed diabetes,0,1,normal,0,0,11.52
60,female,Other/Multiracial,former,undiagnosed diabetes,0,1,underweight,0,0,19.05
60,female,Other/Multiracial,former,undiagnosed diabetes,0,1,overweight,0,0,9.8
60,female,Other/Multiracial,former,undiagnosed diabetes,0,1,obese,0,0,11.01
60,female,Other/Multiracial,former,undiagnosed diabetes,1,0,normal,0,0,8.98
60,female,Other/Multiracial,former,undiagnosed diabetes,1,0,underweight,0,0,15
60,female,Other/Multiracial,former,undiagnosed diabetes,1,0,overweight,0,0,7.62
60,female,Other/Multiracial,former,undiagnosed diabetes,1,0,obese,0,0,8.58
60,female,Other/Multiracial,former,undiagnosed diabetes,1,1,normal,0,0,14.13
60,female,Other/Multiracial,former,undiagnosed diabetes,1,1,underweight,0,0,23.14
60,female,Other/Multiracial,former,undiagnosed diabetes,1,1,overweight,0,0,12.05
60,female,Other/Multiracial,former,undiagnosed diabetes,1,1,obese,0,0,13.52
60,female,Other/Multiracial,former,diagnosed diabetes,0,0,normal,0,0,8.07
60,female,Other/Multiracial,former,diagnosed diabetes,0,0,underweight,0,0,13.52
60,female,Other/Multiracial,former,diagnosed diabetes,0,0,overweight,0,0,6.84
60,female,Other/Multiracial,former,diagnosed diabetes,0,0,obese,0,0,7.7
60,female,Other/Multiracial,former,diagnosed diabetes,0,1,normal,0,0,12.73
60,female,Other/Multiracial,former,diagnosed diabetes,0,1,underweight,0,0,20.97
60,female,Other/Multiracial,former,diagnosed diabetes,0,1,overweight,0,0,10.85
60,female,Other/Multiracial,former,diagnosed diabetes,0,1,obese,0,0,12.18
60,female,Other/Multiracial,former,diagnosed diabetes,1,0,normal,0,0,9.94
60,female,Other/Multiracial,former,diagnosed diabetes,1,0,underweight,0,0,16.55
60,female,Other/Multiracial,former,diagnosed diabetes,1,0,overweight,0,0,8.45
60,female,Other/Multiracial,former,diagnosed diabetes,1,0,obese,0,0,9.5
60,female,Other/Multiracial,former,diagnosed diabetes,1,1,normal,0,0,15.6
60,female,Other/Multiracial,former,diagnosed diabetes,1,1,underweight,0,0,25.4
60,female,Other/Multiracial,former,diagnosed diabetes,1,1,overweight,0,0,13.32
60,female,Other/Multiracial,former,diagnosed diabetes,1,1,obese,0,0,14.93
60,female,Other/Multiracial,current,normal,0,0,normal,0,0,10.79
60,female,Other/Multiracial,current,normal,0,0,underweight,0,0,17.9
60,female,Other/Multiracial,current,normal,0,0,overweight,0,0,9.17
60,female,Other/Multiracial,current,normal,0,0,obese,0,0,10.31
60,female,Other/Multiracial,current,normal,0,1,normal,0,0,16.88
60,female,Other/Multiracial,current,normal,0,1,underweight,0,0,27.35
60,female,Other/Multiracial,current,normal,0,1,overweight,0,0,14.43
60,female,Other/Multiracial,current,normal,0,1,obese,0,0,16.16
60,female,Other/Multiracial,current,normal,1,0,normal,0,0,13.25
60,female,Other/Multiracial,current,normal,1,0,underweight,0,0,21.78
60,female,Other/Multiracial,current,normal,1,0,overweight,0,0,11.29
60,female,Other/Multiracial,current,normal,1,0,obese,0,0,12.67
60,female,Other/Multiracial,current,normal,1,1,normal,0,0,20.56
60,female,Other/Multiracial,current,normal,1,1,underweight,0,0,32.82
60,female,Other/Multiracial,current,normal,1,1,overweight,0,0,17.64
60,female,Other/Multiracial,current,normal,1,1,obese,0,0,19.71
60,female,Other/Multiracial,current,prediabetes,0,0,normal,0,0,10.8
60,female,Other/Multiracial,current,prediabetes,0,0,underweight,0,0,17.91
60,female,Other/Multiracial,current,prediabetes,0,0,overweight,0,0,9.18
60,female,Other/Multiracial,current,prediabetes,0,0,obese,0,0,10.32
60,female,Other/Multiracial,current,prediabetes,0,1,normal,0,0,16.89
60,female,Other/Multiracial,current,prediabetes,0,1,underweight,0,0,27.37
60,female,Other/Multiracial,current,prediabetes,0,1,overweight,0,0,14.44
60,female,Other/Multiracial,current,prediabetes,0,1,obese,0,0,16.17
60,female,Other/Multiracial,current,prediabetes,1,0,normal,0,0,13.26
60,female,Other/Multiracial,current,prediabetes,1,0,underweight,0,0,21.79
60,female,Other/Multiracial,current,prediabetes,1,0,overweight,0,0,11.3
60,female,Other/Multiracial,current,prediabetes,1,0,obese,0,0,12.68
60,female,Other/Multiracial,current,prediabetes,1,1,normal,0,0,20.58
60,female,Other/Multiracial,current,prediabetes,1,1,underweight,0,0,32.84
60,female,Other/Multiracial,current,prediabetes,1,1,overweight,0,0,17.65
60,female,Other/Multiracial,current,prediabetes,1,1,obese,0,0,19.72
60,female,Other/Multiracial,current,undiagnosed diabetes,0,0,normal,0,0,14.58
60,female,Other/Multiracial,current,undiagnosed diabetes,0,0,underweight,0,0,23.83
60,female,Other/Multiracial,current,undiagnosed diabetes,0,0,overweight,0,0,12.44
60,female,Other/Multiracial,current,undiagnosed diabetes,0,0,obese,0,0,13.95
60,female,Other/Multiracial,current,undiagnosed diabetes,0,1,normal,0,0,22.53
60,female,Other/Multiracial,current,undiagnosed diabetes,0,1,underweight,0,0,35.66
60,female,Other/Multiracial,current,undiagnosed diabetes,0,1,overweight,0,0,19.36
60,female,Other/Multiracial,current,undiagnosed diabetes,0,1,obese,0,0,21.6
60,female,Other/Multiracial,current,undiagnosed diabetes,1,0,normal,0,0,17.81
60,female,Other/Multiracial,current,undiagnosed diabetes,1,0,underweight,0,0,28.75
60,female,Other/Multiracial,current,undiagnosed diabetes,1,0,overweight,0,0,15.24
60,female,Other/Multiracial,current,undiagnosed diabetes,1,0,obese,0,0,17.06
60,female,Other/Multiracial,current,undiagnosed diabetes,1,1,normal,0,0,27.22
60,female,Other/Multiracial,current,undiagnosed diabetes,1,1,underweight,0,0,42.25
60,female,Other/Multiracial,current,undiagnosed diabetes,1,1,overweight,0,0,23.5
60,female,Other/Multiracial,current,undiagnosed diabetes,1,1,obese,0,0,26.14
60,female,Other/Multiracial,current,diagnosed diabetes,0,0,normal,0,0,16.09
60,female,Other/Multiracial,current,diagnosed diabetes,0,0,underweight,0,0,26.15
60,female,Other/Multiracial,current,diagnosed diabetes,0,0,overweight,0,0,13.75
60,female,Other/Multiracial,current,diagnosed diabetes,0,0,obese,0,0,15.4
60,female,Other/Multiracial,current,diagnosed diabetes,0,1,normal,0,0,24.73
60,female,Other/Multiracial,current,diagnosed diabetes,0,1,underweight,0,0,38.79
60,female,Other/Multiracial,current,diagnosed diabetes,0,1,overweight,0,0,21.3
60,female,Other/Multiracial,current,diagnosed diabetes,0,1,obese,0,0,23.73
60,female,Other/Multiracial,current,diagnosed diabetes,1,0,normal,0,0,19.62
60,female,Other/Multiracial,current,diagnosed diabetes,1,0,underweight,0,0,31.43
60,female,Other/Multiracial,current,diagnosed diabetes,1,0,overweight,0,0,16.81
60,female,Other/Multiracial,current,diagnosed diabetes,1,0,obese,0,0,18.8
60,female,Other/Multiracial,current,diagnosed diabetes,1,1,normal,0,0,29.8
60,female,Other/Multiracial,current,diagnosed diabetes,1,1,underweight,0,0,45.73
60,female,Other/Multiracial,current,diagnosed diabetes,1,1,overweight,0,0,25.78
60,female,Other/Multiracial,current,diagnosed diabetes,1,1,obese,0,0,28.63
70,male,Non-Hispanic White,never,normal,0,0,normal,0,0,15.77
70,male,Non-Hispanic White,never,normal,0,0,underweight,0,0,25.65
70,male,Non-Hispanic White,never,normal,0,0,overweight,0,0,13.46
70,male,Non-Hispanic White,never,normal,0,0,obese,0,0,15.09
70,male,Non-Hispanic White,never,normal,0,1,normal,0,0,24.26
70,male,Non-Hispanic White,never,normal,0,1,underweight,0,0,38.13
70,male,Non-Hispanic White,never,normal,0,1,overweight,0,0,20.88
70,male,Non-Hispanic White,never,normal,0,1,obese,0,0,23.27
70,male,Non-Hispanic White,never,normal,1,0,normal,0,0,19.23
70,male,Non-Hispanic White,never,normal,1,0,underweight,0,0,30.86
70,male,Non-Hispanic White,never,normal,1,0,overweight,0,0,16.48
70,male,Non-Hispanic White,never,normal,1,0,obese,0,0,18.43
70,male,Non-Hispanic White,never,normal,1,1,normal,0,0,29.25
70,male,Non-Hispanic White,never,normal,1,1,underweight,0,0,45
70,male,Non-Hispanic White,never,normal,1,1,overweight,0,0,25.3
70,male,Non-Hispanic White,never,normal,1,1,obese,0,0,28.1
70,male,Non-Hispanic White,never,prediabetes,0,0,normal,0,0,15.78
70,male,Non-Hispanic White,never,prediabetes,0,0,underweight,0,0,25.67
70,male,Non-Hispanic White,never,prediabetes,0,0,overweight,0,0,13.47
70,male,Non-Hispanic White,never,prediabetes,0,0,obese,0,0,15.1
70,male,Non-Hispanic White,never,prediabetes,0,1,normal,0,0,24.28
70,male,Non-Hispanic White,never,prediabetes,0,1,underweight,0,0,38.15
70,male,Non-Hispanic White,never,prediabetes,0,1,overweight,0,0,20.9
70,male,Non-Hispanic White,never,prediabetes,0,1,obese,0,0,23.29
70,male,Non-Hispanic White,never,prediabetes,1,0,normal,0,0,19.25
70,male,Non-Hispanic White,never,prediabetes,1,0,underweight,0,0,30.88
70,male,Non-Hispanic White,never,prediabetes,1,0,overweight,0,0,16.49
70,male,Non-Hispanic White,never,prediabetes,1,0,obese,0,0,18.44
70,male,Non-Hispanic White,never,prediabetes,1,1,normal,0,0,29.27
70,male,Non-Hispanic White,never,prediabetes,1,1,underweight,0,0,45.02
70,male,Non-Hispanic White,never,prediabetes,1,1,overweight,0,0,25.31
70,male,Non-Hispanic White,never,prediabetes,1,1,obese,0,0,28.12
70,male,Non-Hispanic White,never,undiagnosed diabetes,0,0,normal,0,0,21.09
70,male,Non-Hispanic White,never,undiagnosed diabetes,0,0,underweight,0,0,33.58
70,male,Non-Hispanic White,never,undiagnosed diabetes,0,0,overweight,0,0,18.09
70,male,Non-Hispanic White,never,undiagnosed diabetes,0,0,obese,0,0,20.21
70,male,Non-Hispanic White,never,undiagnosed diabetes,0,1,normal,0,0,31.86
70,male,Non-Hispanic White,never,undiagnosed diabetes,0,1,underweight,0,0,48.45
70,male,Non-Hispanic White,never,undiagnosed diabetes,0,1,overweight,0,0,27.62
70,male,Non-Hispanic White,never,undiagnosed diabetes,0,1,obese,0,0,30.63
70,male,Non-Hispanic White,never,undiagnosed diabetes,1,0,normal,0,0,25.53
70,male,Non-Hispanic White,never,undiagnosed diabetes,1,0,underweight,0,0,39.91
70,male,Non-Hispanic White,never,undiagnosed diabetes,1,0,overweight,0,0,22
70,male,Non-Hispanic White,never,undiagnosed diabetes,1,0,obese,0,0,24.5
70,male,Non-Hispanic White,never,undiagnosed diabetes,1,1,normal,0,0,37.97
70,male,Non-Hispanic White,never,undiagnosed diabetes,1,1,underweight,0,0,56.18
70,male,Non-Hispanic White,never,undiagnosed diabetes,1,1,overweight,0,0,33.14
70,male,Non-Hispanic White,never,undiagnosed diabetes,1,1,obese,0,0,36.57
70,male,Non-Hispanic White,never,diagnosed diabetes,0,0,normal,0,0,23.17
70,male,Non-Hispanic White,never,diagnosed diabetes,0,0,underweight,0,0,36.58
70,male,Non-Hispanic White,never,diagnosed diabetes,0,0,overweight,0,0,19.93
70,male,Non-Hispanic White,never,diagnosed diabetes,0,0,obese,0,0,22.22
70,male,Non-Hispanic White,never,diagnosed diabetes,0,1,normal,0,0,34.75
70,male,Non-Hispanic White,never,diagnosed diabetes,0,1,underweight,0,0,52.18
70,male,Non-Hispanic White,never,diagnosed diabetes,0,1,overweight,0,0,30.23
70,male,Non-Hispanic White,never,diagnosed diabetes,0,1,obese,0,0,33.44
70,male,Non-Hispanic White,never,diagnosed diabetes,1,0,normal,0,0,27.98
70,male,Non-Hispanic White,never,diagnosed diabetes,1,0,underweight,0,0,43.28
70,male,Non-Hispanic White,never,diagnosed diabetes,1,0,overweight,0,0,24.17
70,male,Non-Hispanic White,never,diagnosed diabetes,1,0,obese,0,0,26.87
70,male,Non-Hispanic White,never,diagnosed diabetes,1,1,normal,0,0,41.23
70,male,Non-Hispanic White,never,diagnosed diabetes,1,1,underweight,0,0,60.09
70,male,Non-Hispanic White,never,diagnosed diabetes,1,1,overweight,0,0,36.12
70,male,Non-Hispanic White,never,diagnosed diabetes,1,1,obese,0,0,39.76
70,male,Non-Hispanic White,former,normal,0,0,normal,0,0,19.01
70,male,Non-Hispanic White,former,normal,0,0,underweight,0,0,30.53
70,male,Non-Hispanic White,former,normal,0,0,overweight,0,0,16.29
70,male,Non-Hispanic White,former,normal,0,0,obese,0,0,18.21
70,male,Non-Hispanic White,former,normal,0,1,normal,0,0,28.93
70,male,Non-Hispanic White,former,normal,0,1,underweight,0,0,44.57
70,male,Non-Hispanic White,former,normal,0,1,overweight,0,0,25.02
70,male,Non-Hispanic White,former,normal,0,1,obese,0,0,27.79
70,male,Non-Hispanic White,former,normal,1,0,normal,0,0,23.09
70,male,Non-Hispanic White,former,normal,1,0,underweight,0,0,36.47
70,male,Non-Hispanic White,former,normal,1,0,overweight,0,0,19.85
70,male,Non-Hispanic White,former,normal,1,0,obese,0,0,22.14
70,male,Non-Hispanic White,former,normal,1,1,normal,0,0,34.64
70,male,Non-Hispanic White,former,normal,1,1,underweight,0,0,52.04
70,male,Non-Hispanic White,former,normal,1,1,overweight,0,0,30.12
70,male,Non-Hispanic White,former,normal,1,1,obese,0,0,33.33
70,male,Non-Hispanic White,former,prediabetes,0,0,normal,0,0,19.03
70,male,Non-Hispanic White,former,prediabetes,0,0,underweight,0,0,30.55
70,male,Non-Hispanic White,former,prediabetes,0,0,overweight,0,0,16.3
70,male,Non-Hispanic White,former,prediabetes,0,0,obese,0,0,18.23
70,male,Non-Hispanic White,former,prediabetes,0,1,normal,0,0,28.95
70,male,Non-Hispanic White,former,prediabetes,0,1,underweight,0,0,44.6
70,male,Non-Hispanic White,former,prediabetes,0,1,overweight,0,0,25.03
70,male,Non-Hispanic White,former,prediabetes,0,1,obese,0,0,27.81
70,male,Non-Hispanic White,former,prediabetes,1,0,normal,0,0,23.11
70,male,Non-Hispanic White,former,prediabetes,1,0,underweight,0,0,36.49
70,male,Non-Hispanic White,former,prediabetes,1,0,overweight,0,0,19.87
70,male,Non-Hispanic White,former,prediabetes,1,0,obese,0,0,22.16
70,male,Non-Hispanic White,former,prediabetes,1,1,normal,0,0,34.66
70,male,Non-Hispanic White,former,prediabetes,1,1,underweight,0,0,52.06
70,male,Non-Hispanic White,former,prediabetes,1,1,overweight,0,0,30.14
70,male,Non-Hispanic White,former,prediabetes,1,1,obese,0,0,33.35
70,male,Non-Hispanic White,former,undiagnosed diabetes,0,0,normal,0,0,25.25
70,male,Non-Hispanic White,former,undiagnosed diabetes,0,0,underweight,0,0,39.52
70,male,Non-Hispanic White,former,undiagnosed diabetes,0,0,overweight,0,0,21.76
70,male,Non-Hispanic White,former,undiagnosed diabetes,0,0,obese,0,0,24.23
70,male,Non-Hispanic White,former,undiagnosed diabetes,0,1,normal,0,0,37.59
70,male,Non-Hispanic White,former,undiagnosed diabetes,0,1,underweight,0,0,55.71
70,male,Non-Hispanic White,former,undiagnosed diabetes,0,1,overweight,0,0,32.79
70,male,Non-Hispanic White,former,undiagnosed diabetes,0,1,obese,0,0,36.2
70,male,Non-Hispanic White,former,undiagnosed diabetes,1,0,normal,0,0,30.4
70,male,Non-Hispanic White,former,undiagnosed diabetes,1,0,underweight,0,0,46.53
70,male,Non-Hispanic White,former,undiagnosed diabetes,1,0,overweight,0,0,26.32
70,male,Non-Hispanic White,former,undiagnosed diabetes,1,0,obese,0,0,29.21
70,male,Non-Hispanic White,former,undiagnosed diabetes,1,1,normal,0,0,44.4
70,male,Non-Hispanic White,former,undiagnosed diabetes,1,1,underweight,0,0,63.73
70,male,Non-Hispanic White,former,undiagnosed diabetes,1,1,overweight,0,0,39.03
70,male,Non-Hispanic White,former,undiagnosed diabetes,1,1,obese,0,0,42.86
70,male,Non-Hispanic White,former,diagnosed diabetes,0,0,normal,0,0,27.68
70,male,Non-Hispanic White,former,diagnosed diabetes,0,0,underweight,0,0,42.87
70,male,Non-Hispanic White,former,diagnosed diabetes,0,0,overweight,0,0,23.9
70,male,Non-Hispanic White,former,diagnosed diabetes,0,0,obese,0,0,26.58
70,male,Non-Hispanic White,former,diagnosed diabetes,0,1,normal,0,0,40.83
70,male,Non-Hispanic White,former,diagnosed diabetes,0,1,underweight,0,0,59.62
70,male,Non-Hispanic White,former,diagnosed diabetes,0,1,overweight,0,0,35.75
70,male,Non-Hispanic White,former,diagnosed diabetes,0,1,obese,0,0,39.37
70,male,Non-Hispanic White,former,diagnosed diabetes,1,0,normal,0,0,33.2
70,male,Non-Hispanic White,former,diagnosed diabetes,1,0,underweight,0,0,50.19
70,male,Non-Hispanic White,former,diagnosed diabetes,1,0,overweight,0,0,28.83
70,male,Non-Hispanic White,former,diagnosed diabetes,1,0,obese,0,0,31.93
70,male,Non-Hispanic White,former,diagnosed diabetes,1,1,normal,0,0,47.97
70,male,Non-Hispanic White,former,diagnosed diabetes,1,1,underweight,0,0,67.66
70,male,Non-Hispanic White,former,diagnosed diabetes,1,1,overweight,0,0,42.35
70,male,Non-Hispanic White,former,diagnosed diabetes,1,1,obese,0,0,46.36
70,male,Non-Hispanic White,current,normal,0,0,normal,0,0,35.59
70,male,Non-Hispanic White,current,normal,0,0,underweight,0,0,53.23
70,male,Non-Hispanic White,current,normal,0,0,overweight,0,0,30.98
70,male,Non-Hispanic White,current,normal,0,0,obese,0,0,34.26
70,male,Non-Hispanic White,current,normal,0,1,normal,0,0,50.96
70,male,Non-Hispanic White,current,normal,0,1,underweight,0,0,70.8
70,male,Non-Hispanic White,current,normal,0,1,overweight,0,0,45.15
70,male,Non-Hispanic White,current,normal,0,1,obese,0,0,49.3
70,male,Non-Hispanic White,current,normal,1,0,normal,0,0,42.17
70,male,Non-Hispanic White,current,normal,1,0,underweight,0,0,61.18
70,male,Non-Hispanic White,current,normal,1,0,overweight,0,0,36.98
70,male,Non-Hispanic White,current,normal,1,0,obese,0,0,40.68
70,male,Non-Hispanic White,current,normal,1,1,normal,0,0,58.81
70,male,Non-Hispanic White,current,normal,1,1,underweight,0,0,78.4
70,male,Non-Hispanic White,current,normal,1,1,overweight,0,0,52.66
70,male,Non-Hispanic White,current,normal,1,1,obese,0,0,57.08
70,male,Non-Hispanic White,current,prediabetes,0,0,normal,0,0,35.61
70,male,Non-Hispanic White,current,prediabetes,0,0,underweight,0,0,53.26
70,male,Non-Hispanic White,current,prediabetes,0,0,overweight,0,0,31
70,male,Non-Hispanic White,current,prediabetes,0,0,obese,0,0,34.28
70,male,Non-Hispanic White,current,prediabetes,0,1,normal,0,0,50.98
70,male,Non-Hispanic White,current,prediabetes,0,1,underweight,0,0,70.83
70,male,Non-Hispanic White,current,prediabetes,0,1,overweight,0,0,45.18
70,male,Non-Hispanic White,current,prediabetes,0,1,obese,0,0,49.33
70,male,Non-Hispanic White,current,prediabetes,1,0,normal,0,0,42.2
70,male,Non-Hispanic White,current,prediabetes,1,0,underweight,0,0,61.21
70,male,Non-Hispanic White,current,prediabetes,1,0,overweight,0,0,37
70,male,Non-Hispanic White,current,prediabetes,1,0,obese,0,0,40.7
70,male,Non-Hispanic White,current,prediabetes,1,1,normal,0,0,58.84
70,male,Non-Hispanic White,current,prediabetes,1,1,underweight,0,0,78.43
70,male,Non-Hispanic White,current,prediabetes,1,1,overweight,0,0,52.68
70,male,Non-Hispanic White,current,prediabetes,1,1,obese,0,0,57.1
70,male,Non-Hispanic White,current,undiagnosed diabetes,0,0,normal,0,0,45.51
70,male,Non-Hispanic White,current,undiagnosed diabetes,0,0,underweight,0,0,64.97
70,male,Non-Hispanic White,current,undiagnosed diabetes,0,0,overweight,0,0,40.06
70,male,Non-Hispanic White,current,undiagnosed diabetes,0,0,obese,0,0,43.95
70,male,Non-Hispanic White,current,undiagnosed diabetes,0,1,normal,0,0,62.6
70,male,Non-Hispanic White,current,undiagnosed diabetes,0,1,underweight,0,0,81.71
70,male,Non-Hispanic White,current,undiagnosed diabetes,0,1,overweight,0,0,56.35
70,male,Non-Hispanic White,current,undiagnosed diabetes,0,1,obese,0,0,60.84
70,male,Non-Hispanic White,current,undiagnosed diabetes,1,0,normal,0,0,53.04
70,male,Non-Hispanic White,current,undiagnosed diabetes,1,0,underweight,0,0,72.91
70,male,Non-Hispanic White,current,undiagnosed diabetes,1,0,overweight,0,0,47.12
70,male,Non-Hispanic White,current,undiagnosed diabetes,1,0,obese,0,0,51.36
70,male,Non-Hispanic White,current,undiagnosed diabetes,1,1,normal,0,0,70.61
70,male,Non-Hispanic White,current,undiagnosed diabetes,1,1,underweight,0,0,87.94
70,male,Non-Hispanic White,current,undiagnosed diabetes,1,1,overweight,0,0,64.37
70,male,Non-Hispanic White,current,undiagnosed diabetes,1,1,obese,0,0,68.88
70,male,Non-Hispanic White,current,diagnosed diabetes,0,0,normal,0,0,49.13
70,male,Non-Hispanic White,current,diagnosed diabetes,0,0,underweight,0,0,68.89
70,male,Non-Hispanic White,current,diagnosed diabetes,0,0,overweight,0,0,43.43
70,male,Non-Hispanic White,current,diagnosed diabetes,0,0,obese,0,0,47.5
70,male,Non-Hispanic White,current,diagnosed diabetes,0,1,normal,0,0,66.54
70,male,Non-Hispanic White,current,diagnosed diabetes,0,1,underweight,0,0,84.91
70,male,Non-Hispanic White,current,diagnosed diabetes,0,1,overweight,0,0,60.26
70,male,Non-Hispanic White,current,diagnosed diabetes,0,1,obese,0,0,64.79
70,male,Non-Hispanic White,current,diagnosed diabetes,1,0,normal,0,0,56.9
70,male,Non-Hispanic White,current,diagnosed diabetes,1,0,underweight,0,0,76.64
70,male,Non-Hispanic White,current,diagnosed diabetes,1,0,overweight,0,0,50.8
70,male,Non-Hispanic White,current,diagnosed diabetes,1,0,obese,0,0,55.17
70,male,Non-Hispanic White,current,diagnosed diabetes,1,1,normal,0,0,74.41
70,male,Non-Hispanic White,current,diagnosed diabetes,1,1,underweight,0,0,90.51
70,male,Non-Hispanic White,current,diagnosed diabetes,1,1,overweight,0,0,68.3
70,male,Non-Hispanic White,current,diagnosed diabetes,1,1,obese,0,0,72.73
70,male,Non-Hispanic Black,never,normal,0,0,normal,0,0,17.02
70,male,Non-Hispanic Black,never,normal,0,0,underweight,0,0,27.55
70,male,Non-Hispanic Black,never,normal,0,0,overweight,0,0,14.55
70,male,Non-Hispanic Black,never,normal,0,0,obese,0,0,16.29
70,male,Non-Hispanic Black,never,normal,0,1,normal,0,0,26.07
70,male,Non-Hispanic Black,never,normal,0,1,underweight,0,0,40.66
70,male,Non-Hispanic Black,never,normal,0,1,overweight,0,0,22.48
70,male,Non-Hispanic Black,never,normal,0,1,obese,0,0,25.03
70,male,Non-Hispanic Black,never,normal,1,0,normal,0,0,20.72
70,male,Non-Hispanic Black,never,normal,1,0,underweight,0,0,33.05
70,male,Non-Hispanic Black,never,normal,1,0,overweight,0,0,17.78
70,male,Non-Hispanic Black,never,normal,1,0,obese,0,0,19.86
70,male,Non-Hispanic Black,never,normal,1,1,normal,0,0,31.35
70,male,Non-Hispanic Black,never,normal,1,1,underweight,0,0,47.79
70,male,Non-Hispanic Black,never,normal,1,1,overweight,0,0,27.17
70,male,Non-Hispanic Black,never,normal,1,1,obese,0,0,30.14
70,male,Non-Hispanic Black,never,prediabetes,0,0,normal,0,0,17.03
70,male,Non-Hispanic Black,never,prediabetes,0,0,underweight,0,0,27.57
70,male,Non-Hispanic Black,never,prediabetes,0,0,overweight,0,0,14.56
70,male,Non-Hispanic Black,never,prediabetes,0,0,obese,0,0,16.3
70,male,Non-Hispanic Black,never,prediabetes,0,1,normal,0,0,26.09
70,male,Non-Hispanic Black,never,prediabetes,0,1,underweight,0,0,40.69
70,male,Non-Hispanic Black,never,prediabetes,0,1,overweight,0,0,22.5
70,male,Non-Hispanic Black,never,prediabetes,0,1,obese,0,0,25.04
70,male,Non-Hispanic Black,never,prediabetes,1,0,normal,0,0,20.74
70,male,Non-Hispanic Black,never,prediabetes,1,0,underweight,0,0,33.07
70,male,Non-Hispanic Black,never,prediabetes,1,0,overweight,0,0,17.79
70,male,Non-Hispanic Black,never,prediabetes,1,0,obese,0,0,19.87
70,male,Non-Hispanic Black,never,prediabetes,1,1,normal,0,0,31.37
70,male,Non-Hispanic Black,never,prediabetes,1,1,underweight,0,0,47.81
70,male,Non-Hispanic Black,never,prediabetes,1,1,overweight,0,0,27.19
70,male,Non-Hispanic Black,never,prediabetes,1,1,obese,0,0,30.15
70,male,Non-Hispanic Black,never,undiagnosed diabetes,0,0,normal,0,0,22.7
70,male,Non-Hispanic Black,never,undiagnosed diabetes,0,0,underweight,0,0,35.9
70,male,Non-Hispanic Black,never,undiagnosed diabetes,0,0,overweight,0,0,19.51
70,male,Non-Hispanic Black,never,undiagnosed diabetes,0,0,obese,0,0,21.76
70,male,Non-Hispanic Black,never,undiagnosed diabetes,0,1,normal,0,0,34.1
70,male,Non-Hispanic Black,never,undiagnosed diabetes,0,1,underweight,0,0,51.35
70,male,Non-Hispanic Black,never,undiagnosed diabetes,0,1,overweight,0,0,29.64
70,male,Non-Hispanic Black,never,undiagnosed diabetes,0,1,obese,0,0,32.8
70,male,Non-Hispanic Black,never,undiagnosed diabetes,1,0,normal,0,0,27.42
70,male,Non-Hispanic Black,never,undiagnosed diabetes,1,0,underweight,0,0,42.52
70,male,Non-Hispanic Black,never,undiagnosed diabetes,1,0,overweight,0,0,23.68
70,male,Non-Hispanic Black,never,undiagnosed diabetes,1,0,obese,0,0,26.33
70,male,Non-Hispanic Black,never,undiagnosed diabetes,1,1,normal,0,0,40.5
70,male,Non-Hispanic Black,never,undiagnosed diabetes,1,1,underweight,0,0,59.22
70,male,Non-Hispanic Black,never,undiagnosed diabetes,1,1,overweight,0,0,35.44
70,male,Non-Hispanic Black,never,undiagnosed diabetes,1,1,obese,0,0,39.04
70,male,Non-Hispanic Black,never,diagnosed diabetes,0,0,normal,0,0,24.92
70,male,Non-Hispanic Black,never,diagnosed diabetes,0,0,underweight,0,0,39.05
70,male,Non-Hispanic Black,never,diagnosed diabetes,0,0,overweight,0,0,21.46
70,male,Non-Hispanic Black,never,diagnosed diabetes,0,0,obese,0,0,23.91
70,male,Non-Hispanic Black,never,diagnosed diabetes,0,1,normal,0,0,37.14
70,male,Non-Hispanic Black,never,diagnosed diabetes,0,1,underweight,0,0,55.16
70,male,Non-Hispanic Black,never,diagnosed diabetes,0,1,overweight,0,0,32.38
70,male,Non-Hispanic Black,never,diagnosed diabetes,0,1,obese,0,0,35.76
70,male,Non-Hispanic Black,never,diagnosed diabetes,1,0,normal,0,0,30.01
70,male,Non-Hispanic Black,never,diagnosed diabetes,1,0,underweight,0,0,46.02
70,male,Non-Hispanic Black,never,diagnosed diabetes,1,0,overweight,0,0,25.98
70,male,Non-Hispanic Black,never,diagnosed diabetes,1,0,obese,0,0,28.84
70,male,Non-Hispanic Black,never,diagnosed diabetes,1,1,normal,0,0,43.9
70,male,Non-Hispanic Black,never,diagnosed diabetes,1,1,underweight,0,0,63.16
70,male,Non-Hispanic Black,never,diagnosed diabetes,1,1,overweight,0,0,38.56
70,male,Non-Hispanic Black,never,diagnosed diabetes,1,1,obese,0,0,42.36
70,male,Non-Hispanic Black,former,normal,0,0,normal,0,0,20.49
70,male,Non-Hispanic Black,former,normal,0,0,underweight,0,0,32.71
70,male,Non-Hispanic Black,former,normal,0,0,overweight,0,0,17.57
70,male,Non-Hispanic Black,former,normal,0,0,obese,0,0,19.63
70,male,Non-Hispanic Black,former,normal,0,1,normal,0,0,31.02
70,male,Non-Hispanic Black,former,normal,0,1,underweight,0,0,47.35
70,male,Non-Hispanic Black,former,normal,0,1,overweight,0,0,26.88
70,male,Non-Hispanic Black,former,normal,0,1,obese,0,0,29.81
70,male,Non-Hispanic Black,former,normal,1,0,normal,0,0,24.83
70,male,Non-Hispanic Black,former,normal,1,0,underweight,0,0,38.93
70,male,Non-Hispanic Black,former,normal,1,0,overweight,0,0,21.39
70,male,Non-Hispanic Black,former,normal,1,0,obese,0,0,23.82
70,male,Non-Hispanic Black,former,normal,1,1,normal,0,0,37.02
70,male,Non-Hispanic Black,former,normal,1,1,underweight,0,0,55.01
70,male,Non-Hispanic Black,former,normal,1,1,overweight,0,0,32.27
70,male,Non-Hispanic Black,former,normal,1,1,obese,0,0,35.65
70,male,Non-Hispanic Black,former,prediabetes,0,0,normal,0,0,20.5
70,male,Non-Hispanic Black,former,prediabetes,0,0,underweight,0,0,32.73
70,male,Non-Hispanic Black,former,prediabetes,0,0,overweight,0,0,17.58
70,male,Non-Hispanic Black,former,prediabetes,0,0,obese,0,0,19.65
70,male,Non-Hispanic Black,former,prediabetes,0,1,normal,0,0,31.04
70,male,Non-Hispanic Black,former,prediabetes,0,1,underweight,0,0,47.38
70,male,Non-Hispanic Black,former,prediabetes,0,1,overweight,0,0,26.89
70,male,Non-Hispanic Black,former,prediabetes,0,1,obese,0,0,29.83
70,male,Non-Hispanic Black,former,prediabetes,1,0,normal,0,0,24.85
70,male,Non-Hispanic Black,former,prediabetes,1,0,underweight,0,0,38.95
70,male,Non-Hispanic Black,former,prediabetes,1,0,overweight,0,0,21.4
70,male,Non-Hispanic Black,former,prediabetes,1,0,obese,0,0,23.84
70,male,Non-Hispanic Black,former,prediabetes,1,1,normal,0,0,37.04
70,male,Non-Hispanic Black,former,prediabetes,1,1,underweight,0,0,55.04
70,male,Non-Hispanic Black,former,prediabetes,1,1,overweight,0,0,32.29
70,male,Non-Hispanic Black,former,prediabetes,1,1,obese,0,0,35.67
70,male,Non-Hispanic Black,former,undiagnosed diabetes,0,0,normal,0,0,27.13
70,male,Non-Hispanic Black,former,undiagnosed diabetes,0,0,underweight,0,0,42.11
70,male,Non-Hispanic Black,former,undiagnosed diabetes,0,0,overweight,0,0,23.41
70,male,Non-Hispanic Black,former,undiagnosed diabetes,0,0,obese,0,0,26.04
70,male,Non-Hispanic Black,former,undiagnosed diabetes,0,1,normal,0,0,40.1
70,male,Non-Hispanic Black,former,undiagnosed diabetes,0,1,underweight,0,0,58.75
70,male,Non-Hispanic Black,former,undiagnosed diabetes,0,1,overweight,0,0,35.08
70,male,Non-Hispanic Black,former,undiagnosed diabetes,0,1,obese,0,0,38.65
70,male,Non-Hispanic Black,former,undiagnosed diabetes,1,0,normal,0,0,32.56
70,male,Non-Hispanic Black,former,undiagnosed diabetes,1,0,underweight,0,0,49.37
70,male,Non-Hispanic Black,former,undiagnosed diabetes,1,0,overweight,0,0,28.26
70,male,Non-Hispanic Black,former,undiagnosed diabetes,1,0,obese,0,0,31.31
70,male,Non-Hispanic Black,former,undiagnosed diabetes,1,1,normal,0,0,47.17
70,male,Non-Hispanic Black,former,undiagnosed diabetes,1,1,underweight,0,0,66.8
70,male,Non-Hispanic Black,former,undiagnosed diabetes,1,1,overweight,0,0,41.6
70,male,Non-Hispanic Black,former,undiagnosed diabetes,1,1,obese,0,0,45.58
70,male,Non-Hispanic Black,former,diagnosed diabetes,0,0,normal,0,0,29.69
70,male,Non-Hispanic Black,former,diagnosed diabetes,0,0,underweight,0,0,45.59
70,male,Non-Hispanic Black,former,diagnosed diabetes,0,0,overweight,0,0,25.69
70,male,Non-Hispanic Black,former,diagnosed diabetes,0,0,obese,0,0,28.53
70,male,Non-Hispanic Black,former,diagnosed diabetes,0,1,normal,0,0,43.48
70,male,Non-Hispanic Black,former,diagnosed diabetes,0,1,underweight,0,0,62.68
70,male,Non-Hispanic Black,former,diagnosed diabetes,0,1,overweight,0,0,38.18
70,male,Non-Hispanic Black,former,diagnosed diabetes,0,1,obese,0,0,41.96
70,male,Non-Hispanic Black,former,diagnosed diabetes,1,0,normal,0,0,35.51
70,male,Non-Hispanic Black,former,diagnosed diabetes,1,0,underweight,0,0,53.13
70,male,Non-Hispanic Black,former,diagnosed diabetes,1,0,overweight,0,0,30.91
70,male,Non-Hispanic Black,former,diagnosed diabetes,1,0,obese,0,0,34.17
70,male,Non-Hispanic Black,former,diagnosed diabetes,1,1,normal,0,0,50.85
70,male,Non-Hispanic Black,former,diagnosed diabetes,1,1,underweight,0,0,70.69
70,male,Non-Hispanic Black,former,diagnosed diabetes,1,1,overweight,0,0,45.05
70,male,Non-Hispanic Black,former,diagnosed diabetes,1,1,obese,0,0,49.2
70,male,Non-Hispanic Black,current,normal,0,0,normal,0,0,38.01
70,male,Non-Hispanic Black,current,normal,0,0,underweight,0,0,56.23
70,male,Non-Hispanic Black,current,normal,0,0,overweight,0,0,33.18
70,male,Non-Hispanic Black,current,normal,0,0,obese,0,0,36.62
70,male,Non-Hispanic Black,current,normal,0,1,normal,0,0,53.91
70,male,Non-Hispanic Black,current,normal,0,1,underweight,0,0,73.77
70,male,Non-Hispanic Black,current,normal,0,1,overweight,0,0,47.95
70,male,Non-Hispanic Black,current,normal,0,1,obese,0,0,52.22
70,male,Non-Hispanic Black,current,normal,1,0,normal,0,0,44.87
70,male,Non-Hispanic Black,current,normal,1,0,underweight,0,0,64.25
70,male,Non-Hispanic Black,current,normal,1,0,overweight,0,0,39.46
70,male,Non-Hispanic Black,current,normal,1,0,obese,0,0,43.32
70,male,Non-Hispanic Black,current,normal,1,1,normal,0,0,61.88
70,male,Non-Hispanic Black,current,normal,1,1,underweight,0,0,81.1
70,male,Non-Hispanic Black,current,normal,1,1,overweight,0,0,55.65
70,male,Non-Hispanic Black,current,normal,1,1,obese,0,0,60.13
70,male,Non-Hispanic Black,current,prediabetes,0,0,normal,0,0,38.04
70,male,Non-Hispanic Black,current,prediabetes,0,0,underweight,0,0,56.26
70,male,Non-Hispanic Black,current,prediabetes,0,0,overweight,0,0,33.2
70,male,Non-Hispanic Black,current,prediabetes,0,0,obese,0,0,36.64
70,male,Non-Hispanic Black,current,prediabetes,0,1,normal,0,0,53.94
70,male,Non-Hispanic Black,current,prediabetes,0,1,underweight,0,0,73.8
70,male,Non-Hispanic Black,current,prediabetes,0,1,overweight,0,0,47.97
70,male,Non-Hispanic Black,current,prediabetes,0,1,obese,0,0,52.24
70,male,Non-Hispanic Black,current,prediabetes,1,0,normal,0,0,44.89
70,male,Non-Hispanic Black,current,prediabetes,1,0,underweight,0,0,64.28
70,male,Non-Hispanic Black,current,prediabetes,1,0,overweight,0,0,39.49
70,male,Non-Hispanic Black,current,prediabetes,1,0,obese,0,0,43.34
70,male,Non-Hispanic Black,current,prediabetes,1,1,normal,0,0,61.91
70,male,Non-Hispanic Black,current,prediabetes,1,1,underweight,0,0,81.13
70,male,Non-Hispanic Black,current,prediabetes,1,1,overweight,0,0,55.67
70,male,Non-Hispanic Black,current,prediabetes,1,1,obese,0,0,60.16
70,male,Non-Hispanic Black,current,undiagnosed diabetes,0,0,normal,0,0,48.32
70,male,Non-Hispanic Black,current,undiagnosed diabetes,0,0,underweight,0,0,68.03
70,male,Non-Hispanic Black,current,undiagnosed diabetes,0,0,overweight,0,0,42.67
70,male,Non-Hispanic Black,current,undiagnosed diabetes,0,0,obese,0,0,46.7
70,male,Non-Hispanic Black,current,undiagnosed diabetes,0,1,normal,0,0,65.67
70,male,Non-Hispanic Black,current,undiagnosed diabetes,0,1,underweight,0,0,84.23
70,male,Non-Hispanic Black,current,undiagnosed diabetes,0,1,overweight,0,0,59.39
70,male,Non-Hispanic Black,current,undiagnosed diabetes,0,1,obese,0,0,63.92
70,male,Non-Hispanic Black,current,undiagnosed diabetes,1,0,normal,0,0,56.04
70,male,Non-Hispanic Black,current,undiagnosed diabetes,1,0,underweight,0,0,75.83
70,male,Non-Hispanic Black,current,undiagnosed diabetes,1,0,overweight,0,0,49.98
70,male,Non-Hispanic Black,current,undiagnosed diabetes,1,0,obese,0,0,54.32
70,male,Non-Hispanic Black,current,undiagnosed diabetes,1,1,normal,0,0,73.58
70,male,Non-Hispanic Black,current,undiagnosed diabetes,1,1,underweight,0,0,89.97
70,male,Non-Hispanic Black,current,undiagnosed diabetes,1,1,overweight,0,0,67.44
70,male,Non-Hispanic Black,current,undiagnosed diabetes,1,1,obese,0,0,71.89
70,male,Non-Hispanic Black,current,diagnosed diabetes,0,0,normal,0,0,52.04
70,male,Non-Hispanic Black,current,diagnosed diabetes,0,0,underweight,0,0,71.91
70,male,Non-Hispanic Black,current,diagnosed diabetes,0,0,overweight,0,0,46.17
70,male,Non-Hispanic Black,current,diagnosed diabetes,0,0,obese,0,0,50.37
70,male,Non-Hispanic Black,current,diagnosed diabetes,0,1,normal,0,0,69.58
70,male,Non-Hispanic Black,current,diagnosed diabetes,0,1,underweight,0,0,87.21
70,male,Non-Hispanic Black,current,diagnosed diabetes,0,1,overweight,0,0,63.33
70,male,Non-Hispanic Black,current,diagnosed diabetes,0,1,obese,0,0,67.85
70,male,Non-Hispanic Black,current,diagnosed diabetes,1,0,normal,0,0,59.94
70,male,Non-Hispanic Black,current,diagnosed diabetes,1,0,underweight,0,0,79.42
70,male,Non-Hispanic Black,current,diagnosed diabetes,1,0,overweight,0,0,53.75
70,male,Non-Hispanic Black,current,diagnosed diabetes,1,0,obese,0,0,58.2
70,male,Non-Hispanic Black,current,diagnosed diabetes,1,1,normal,0,0,77.28
70,male,Non-Hispanic Black,current,diagnosed diabetes,1,1,underweight,0,0,92.27
70,male,Non-Hispanic Black,current,diagnosed diabetes,1,1,overweight,0,0,71.32
70,male,Non-Hispanic Black,current,diagnosed diabetes,1,1,obese,0,0,75.65
70,male,Mexican American,never,normal,0,0,normal,0,0,13.53
70,male,Mexican American,never,normal,0,0,underweight,0,0,22.21
70,male,Mexican American,never,normal,0,0,overweight,0,0,11.53
70,male,Mexican American,never,normal,0,0,obese,0,0,12.94
70,male,Mexican American,never,normal,0,1,normal,0,0,20.98
70,male,Mexican American,never,normal,0,1,underweight,0,0,33.42
70,male,Mexican American,never,normal,0,1,overweight,0,0,18
70,male,Mexican American,never,normal,0,1,obese,0,0,20.1
70,male,Mexican American,never,normal,1,0,normal,0,0,16.55
70,male,Mexican American,never,normal,1,0,underweight,0,0,26.85
70,male,Mexican American,never,normal,1,0,overweight,0,0,14.15
70,male,Mexican American,never,normal,1,0,obese,0,0,15.85
70,male,Mexican American,never,normal,1,1,normal,0,0,25.41
70,male,Mexican American,never,normal,1,1,underweight,0,0,39.73
70,male,Mexican American,never,normal,1,1,overweight,0,0,21.89
70,male,Mexican American,never,normal,1,1,obese,0,0,24.38
70,male,Mexican American,never,prediabetes,0,0,normal,0,0,13.54
70,male,Mexican American,never,prediabetes,0,0,underweight,0,0,22.22
70,male,Mexican American,never,prediabetes,0,0,overweight,0,0,11.54
70,male,Mexican American,never,prediabetes,0,0,obese,0,0,12.95
70,male,Mexican American,never,prediabetes,0,1,normal,0,0,20.99
70,male,Mexican American,never,prediabetes,0,1,underweight,0,0,33.44
70,male,Mexican American,never,prediabetes,0,1,overweight,0,0,18.01
70,male,Mexican American,never,prediabetes,0,1,obese,0,0,20.12
70,male,Mexican American,never,prediabetes,1,0,normal,0,0,16.56
70,male,Mexican American,never,prediabetes,1,0,underweight,0,0,26.87
70,male,Mexican American,never,prediabetes,1,0,overweight,0,0,14.16
70,male,Mexican American,never,prediabetes,1,0,obese,0,0,15.86
70,male,Mexican American,never,prediabetes,1,1,normal,0,0,25.42
70,male,Mexican American,never,prediabetes,1,1,underweight,0,0,39.76
70,male,Mexican American,never,prediabetes,1,1,overweight,0,0,21.91
70,male,Mexican American,never,prediabetes,1,1,obese,0,0,24.4
70,male,Mexican American,never,undiagnosed diabetes,0,0,normal,0,0,18.18
70,male,Mexican American,never,undiagnosed diabetes,0,0,underweight,0,0,29.29
70,male,Mexican American,never,undiagnosed diabetes,0,0,overweight,0,0,15.56
70,male,Mexican American,never,undiagnosed diabetes,0,0,obese,0,0,17.41
70,male,Mexican American,never,undiagnosed diabetes,0,1,normal,0,0,27.74
70,male,Mexican American,never,undiagnosed diabetes,0,1,underweight,0,0,42.96
70,male,Mexican American,never,undiagnosed diabetes,0,1,overweight,0,0,23.96
70,male,Mexican American,never,undiagnosed diabetes,0,1,obese,0,0,26.64
70,male,Mexican American,never,undiagnosed diabetes,1,0,normal,0,0,22.1
70,male,Mexican American,never,undiagnosed diabetes,1,0,underweight,0,0,35.05
70,male,Mexican American,never,undiagnosed diabetes,1,0,overweight,0,0,18.98
70,male,Mexican American,never,undiagnosed diabetes,1,0,obese,0,0,21.19
70,male,Mexican American,never,undiagnosed diabetes,1,1,normal,0,0,33.27
70,male,Mexican American,never,undiagnosed diabetes,1,1,underweight,0,0,50.29
70,male,Mexican American,never,undiagnosed diabetes,1,1,overweight,0,0,28.89
70,male,Mexican American,never,undiagnosed diabetes,1,1,obese,0,0,32
70,male,Mexican American,never,diagnosed diabetes,0,0,normal,0,0,20.01
70,male,Mexican American,never,diagnosed diabetes,0,0,underweight,0,0,32.01
70,male,Mexican American,never,diagnosed diabetes,0,0,overweight,0,0,17.16
70,male,Mexican American,never,diagnosed diabetes,0,0,obese,0,0,19.18
70,male,Mexican American,never,diagnosed diabetes,0,1,normal,0,0,30.35
70,male,Mexican American,never,diagnosed diabetes,0,1,underweight,0,0,46.47
70,male,Mexican American,never,diagnosed diabetes,0,1,overweight,0,0,26.28
70,male,Mexican American,never,diagnosed diabetes,0,1,obese,0,0,29.17
70,male,Mexican American,never,diagnosed diabetes,1,0,normal,0,0,24.27
70,male,Mexican American,never,diagnosed diabetes,1,0,underweight,0,0,38.15
70,male,Mexican American,never,diagnosed diabetes,1,0,overweight,0,0,20.89
70,male,Mexican American,never,diagnosed diabetes,1,0,obese,0,0,23.29
70,male,Mexican American,never,diagnosed diabetes,1,1,normal,0,0,36.26
70,male,Mexican American,never,diagnosed diabetes,1,1,underweight,0,0,54.07
70,male,Mexican American,never,diagnosed diabetes,1,1,overweight,0,0,31.59
70,male,Mexican American,never,diagnosed diabetes,1,1,obese,0,0,34.91
70,male,Mexican American,former,normal,0,0,normal,0,0,16.36
70,male,Mexican American,former,normal,0,0,underweight,0,0,26.56
70,male,Mexican American,former,normal,0,0,overweight,0,0,13.98
70,male,Mexican American,former,normal,0,0,obese,0,0,15.66
70,male,Mexican American,former,normal,0,1,normal,0,0,25.12
70,male,Mexican American,former,normal,0,1,underweight,0,0,39.34
70,male,Mexican American,former,normal,0,1,overweight,0,0,21.64
70,male,Mexican American,former,normal,0,1,obese,0,0,24.11
70,male,Mexican American,former,normal,1,0,normal,0,0,19.94
70,male,Mexican American,former,normal,1,0,underweight,0,0,31.91
70,male,Mexican American,former,normal,1,0,overweight,0,0,17.1
70,male,Mexican American,former,normal,1,0,obese,0,0,19.11
70,male,Mexican American,former,normal,1,1,normal,0,0,30.25
70,male,Mexican American,former,normal,1,1,underweight,0,0,46.34
70,male,Mexican American,former,normal,1,1,overweight,0,0,26.19
70,male,Mexican American,former,normal,1,1,obese,0,0,29.07
70,male,Mexican American,former,prediabetes,0,0,normal,0,0,16.37
70,male,Mexican American,former,prediabetes,0,0,underweight,0,0,26.57
70,male,Mexican American,former,prediabetes,0,0,overweight,0,0,13.99
70,male,Mexican American,former,prediabetes,0,0,obese,0,0,15.67
70,male,Mexican American,former,prediabetes,0,1,normal,0,0,25.14
70,male,Mexican American,former,prediabetes,0,1,underweight,0,0,39.36
70,male,Mexican American,former,prediabetes,0,1,overweight,0,0,21.66
70,male,Mexican American,former,prediabetes,0,1,obese,0,0,24.12
70,male,Mexican American,former,prediabetes,1,0,normal,0,0,19.96
70,male,Mexican American,former,prediabetes,1,0,underweight,0,0,31.93
70,male,Mexican American,former,prediabetes,1,0,overweight,0,0,17.11
70,male,Mexican American,former,prediabetes,1,0,obese,0,0,19.12
70,male,Mexican American,former,prediabetes,1,1,normal,0,0,30.27
70,male,Mexican American,former,prediabetes,1,1,underweight,0,0,46.36
70,male,Mexican American,former,prediabetes,1,1,overweight,0,0,26.21
70,male,Mexican American,former,prediabetes,1,1,obese,0,0,29.09
70,male,Mexican American,former,undiagnosed diabetes,0,0,normal,0,0,21.85
70,male,Mexican American,former,undiagnosed diabetes,0,0,underweight,0,0,34.69
70,male,Mexican American,former,undiagnosed diabetes,0,0,overweight,0,0,18.77
70,male,Mexican American,former,undiagnosed diabetes,0,0,obese,0,0,20.95
70,male,Mexican American,former,undiagnosed diabetes,0,1,normal,0,0,32.93
70,male,Mexican American,former,undiagnosed diabetes,0,1,underweight,0,0,49.84
70,male,Mexican American,former,undiagnosed diabetes,0,1,overweight,0,0,28.58
70,male,Mexican American,former,undiagnosed diabetes,0,1,obese,0,0,31.66
70,male,Mexican American,former,undiagnosed diabetes,1,0,normal,0,0,26.43
70,male,Mexican American,former,undiagnosed diabetes,1,0,underweight,0,0,41.16
70,male,Mexican American,former,undiagnosed diabetes,1,0,overweight,0,0,22.8
70,male,Mexican American,former,undiagnosed diabetes,1,0,obese,0,0,25.37
70,male,Mexican American,former,undiagnosed diabetes,1,1,normal,0,0,39.18
70,male,Mexican American,former,undiagnosed diabetes,1,1,underweight,0,0,57.64
70,male,Mexican American,former,undiagnosed diabetes,1,1,overweight,0,0,34.24
70,male,Mexican American,former,undiagnosed diabetes,1,1,obese,0,0,37.75
70,male,Mexican American,former,diagnosed diabetes,0,0,normal,0,0,24
70,male,Mexican American,former,diagnosed diabetes,0,0,underweight,0,0,37.76
70,male,Mexican American,former,diagnosed diabetes,0,0,overweight,0,0,20.66
70,male,Mexican American,former,diagnosed diabetes,0,0,obese,0,0,23.03
70,male,Mexican American,former,diagnosed diabetes,0,1,normal,0,0,35.89
70,male,Mexican American,former,diagnosed diabetes,0,1,underweight,0,0,53.61
70,male,Mexican American,former,diagnosed diabetes,0,1,overweight,0,0,31.25
70,male,Mexican American,former,diagnosed diabetes,0,1,obese,0,0,34.55
70,male,Mexican American,former,diagnosed diabetes,1,0,normal,0,0,28.95
70,male,Mexican American,former,diagnosed diabetes,1,0,underweight,0,0,44.59
70,male,Mexican American,former,diagnosed diabetes,1,0,overweight,0,0,25.03
70,male,Mexican American,former,diagnosed diabetes,1,0,obese,0,0,27.81
70,male,Mexican American,former,diagnosed diabetes,1,1,normal,0,0,42.51
70,male,Mexican American,former,diagnosed diabetes,1,1,underweight,0,0,61.57
70,male,Mexican American,former,diagnosed diabetes,1,1,overweight,0,0,37.29
70,male,Mexican American,former,diagnosed diabetes,1,1,obese,0,0,41.01
70,male,Mexican American,current,normal,0,0,normal,0,0,31.11
70,male,Mexican American,current,normal,0,0,underweight,0,0,47.47
70,male,Mexican American,current,normal,0,0,overweight,0,0,26.96
70,male,Mexican American,current,normal,0,0,obese,0,0,29.9
70,male,Mexican American,current,normal,0,1,normal,0,0,45.32
70,male,Mexican American,current,normal,0,1,underweight,0,0,64.75
70,male,Mexican American,current,normal,0,1,overweight,0,0,39.88
70,male,Mexican American,current,normal,0,1,obese,0,0,43.75
70,male,Mexican American,current,normal,1,0,normal,0,0,37.12
70,male,Mexican American,current,normal,1,0,underweight,0,0,55.14
70,male,Mexican American,current,normal,1,0,overweight,0,0,32.37
70,male,Mexican American,current,normal,1,0,obese,0,0,35.75
70,male,Mexican American,current,normal,1,1,normal,0,0,52.83
70,male,Mexican American,current,normal,1,1,underweight,0,0,72.7
70,male,Mexican American,current,normal,1,1,overweight,0,0,46.92
70,male,Mexican American,current,normal,1,1,obese,0,0,51.15
70,male,Mexican American,current,prediabetes,0,0,normal,0,0,31.13
70,male,Mexican American,current,prediabetes,0,0,underweight,0,0,47.5
70,male,Mexican American,current,prediabetes,0,0,overweight,0,0,26.97
70,male,Mexican American,current,prediabetes,0,0,obese,0,0,29.92
70,male,Mexican American,current,prediabetes,0,1,normal,0,0,45.34
70,male,Mexican American,current,prediabetes,0,1,underweight,0,0,64.78
70,male,Mexican American,current,prediabetes,0,1,overweight,0,0,39.9
70,male,Mexican American,current,prediabetes,0,1,obese,0,0,43.78
70,male,Mexican American,current,prediabetes,1,0,normal,0,0,37.14
70,male,Mexican American,current,prediabetes,1,0,underweight,0,0,55.17
70,male,Mexican American,current,prediabetes,1,0,overweight,0,0,32.39
70,male,Mexican American,current,prediabetes,1,0,obese,0,0,35.77
70,male,Mexican American,current,prediabetes,1,1,normal,0,0,52.86
70,male,Mexican American,current,prediabetes,1,1,underweight,0,0,72.73
70,male,Mexican American,current,prediabetes,1,1,overweight,0,0,46.95
70,male,Mexican American,current,prediabetes,1,1,obese,0,0,51.18
70,male,Mexican American,current,undiagnosed diabetes,0,0,normal,0,0,40.21
70,male,Mexican American,current,undiagnosed diabetes,0,0,underweight,0,0,58.88
70,male,Mexican American,current,undiagnosed diabetes,0,0,overweight,0,0,35.18
70,male,Mexican American,current,undiagnosed diabetes,0,0,obese,0,0,38.76
70,male,Mexican American,current,undiagnosed diabetes,0,1,normal,0,0,56.53
70,male,Mexican American,current,undiagnosed diabetes,0,1,underweight,0,0,76.29
70,male,Mexican American,current,undiagnosed diabetes,0,1,overweight,0,0,50.45
70,male,Mexican American,current,undiagnosed diabetes,0,1,obese,0,0,54.81
70,male,Mexican American,current,undiagnosed diabetes,1,0,normal,0,0,47.29
70,male,Mexican American,current,undiagnosed diabetes,1,0,underweight,0,0,66.93
70,male,Mexican American,current,undiagnosed diabetes,1,0,overweight,0,0,41.71
70,male,Mexican American,current,undiagnosed diabetes,1,0,obese,0,0,45.69
70,male,Mexican American,current,undiagnosed diabetes,1,1,normal,0,0,64.56
70,male,Mexican American,current,undiagnosed diabetes,1,1,underweight,0,0,83.34
70,male,Mexican American,current,undiagnosed diabetes,1,1,overweight,0,0,58.29
70,male,Mexican American,current,undiagnosed diabetes,1,1,obese,0,0,62.8
70,male,Mexican American,current,diagnosed diabetes,0,0,normal,0,0,43.59
70,male,Mexican American,current,diagnosed diabetes,0,0,underweight,0,0,62.82
70,male,Mexican American,current,diagnosed diabetes,0,0,overweight,0,0,38.29
70,male,Mexican American,current,diagnosed diabetes,0,0,obese,0,0,42.07
70,male,Mexican American,current,diagnosed diabetes,0,1,normal,0,0,60.44
70,male,Mexican American,current,diagnosed diabetes,0,1,underweight,0,0,79.86
70,male,Mexican American,current,diagnosed diabetes,0,1,overweight,0,0,54.24
70,male,Mexican American,current,diagnosed diabetes,0,1,obese,0,0,58.7
70,male,Mexican American,current,diagnosed diabetes,1,0,normal,0,0,50.98
70,male,Mexican American,current,diagnosed diabetes,1,0,underweight,0,0,70.82
70,male,Mexican American,current,diagnosed diabetes,1,0,overweight,0,0,45.17
70,male,Mexican American,current,diagnosed diabetes,1,0,obese,0,0,49.32
70,male,Mexican American,current,diagnosed diabetes,1,1,normal,0,0,68.48
70,male,Mexican American,current,diagnosed diabetes,1,1,underweight,0,0,86.4
70,male,Mexican American,current,diagnosed diabetes,1,1,overweight,0,0,62.22
70,male,Mexican American,current,diagnosed diabetes,1,1,obese,0,0,66.74
70,male,Other Hispanic,never,normal,0,0,normal,0,0,13.92
70,male,Other Hispanic,never,normal,0,0,underweight,0,0,22.81
70,male,Other Hispanic,never,normal,0,0,overweight,0,0,11.87
70,male,Other Hispanic,never,normal,0,0,obese,0,0,13.31
70,male,Other Hispanic,never,normal,0,1,normal,0,0,21.55
70,male,Other Hispanic,never,normal,0,1,underweight,0,0,34.25
70,male,Other Hispanic,never,normal,0,1,overweight,0,0,18.5
70,male,Other Hispanic,never,normal,0,1,obese,0,0,20.66
70,male,Other Hispanic,never,normal,1,0,normal,0,0,17.02
70,male,Other Hispanic,never,normal,1,0,underweight,0,0,27.55
70,male,Other Hispanic,never,normal,1,0,overweight,0,0,14.55
70,male,Other Hispanic,never,normal,1,0,obese,0,0,16.29
70,male,Other Hispanic,never,normal,1,1,normal,0,0,26.08
70,male,Other Hispanic,never,normal,1,1,underweight,0,0,40.67
70,male,Other Hispanic,never,normal,1,1,overweight,0,0,22.49
70,male,Other Hispanic,never,normal,1,1,obese,0,0,25.03
70,male,Other Hispanic,never,prediabetes,0,0,normal,0,0,13.93
70,male,Other Hispanic,never,prediabetes,0,0,underweight,0,0,22.82
70,male,Other Hispanic,never,prediabetes,0,0,overweight,0,0,11.87
70,male,Other Hispanic,never,prediabetes,0,0,obese,0,0,13.32
70,male,Other Hispanic,never,prediabetes,0,1,normal,0,0,21.56
70,male,Other Hispanic,never,prediabetes,0,1,underweight,0,0,34.27
70,male,Other Hispanic,never,prediabetes,0,1,overweight,0,0,18.51
70,male,Other Hispanic,never,prediabetes,0,1,obese,0,0,20.67
70,male,Other Hispanic,never,prediabetes,1,0,normal,0,0,17.03
70,male,Other Hispanic,never,prediabetes,1,0,underweight,0,0,27.57
70,male,Other Hispanic,never,prediabetes,1,0,overweight,0,0,14.56
70,male,Other Hispanic,never,prediabetes,1,0,obese,0,0,16.31
70,male,Other Hispanic,never,prediabetes,1,1,normal,0,0,26.1
70,male,Other Hispanic,never,prediabetes,1,1,underweight,0,0,40.7
70,male,Other Hispanic,never,prediabetes,1,1,overweight,0,0,22.5
70,male,Other Hispanic,never,prediabetes,1,1,obese,0,0,25.05
70,male,Other Hispanic,never,undiagnosed diabetes,0,0,normal,0,0,18.68
70,male,Other Hispanic,never,undiagnosed diabetes,0,0,underweight,0,0,30.05
70,male,Other Hispanic,never,undiagnosed diabetes,0,0,overweight,0,0,16
70,male,Other Hispanic,never,undiagnosed diabetes,0,0,obese,0,0,17.9
70,male,Other Hispanic,never,undiagnosed diabetes,0,1,normal,0,0,28.47
70,male,Other Hispanic,never,undiagnosed diabetes,0,1,underweight,0,0,43.94
70,male,Other Hispanic,never,undiagnosed diabetes,0,1,overweight,0,0,24.6
70,male,Other Hispanic,never,undiagnosed diabetes,0,1,obese,0,0,27.34
70,male,Other Hispanic,never,undiagnosed diabetes,1,0,normal,0,0,22.7
70,male,Other Hispanic,never,undiagnosed diabetes,1,0,underweight,0,0,35.91
70,male,Other Hispanic,never,undiagnosed diabetes,1,0,overweight,0,0,19.51
70,male,Other Hispanic,never,undiagnosed diabetes,1,0,obese,0,0,21.77
70,male,Other Hispanic,never,undiagnosed diabetes,1,1,normal,0,0,34.1
70,male,Other Hispanic,never,undiagnosed diabetes,1,1,underweight,0,0,51.35
70,male,Other Hispanic,never,undiagnosed diabetes,1,1,overweight,0,0,29.64
70,male,Other Hispanic,never,undiagnosed diabetes,1,1,obese,0,0,32.81
70,male,Other Hispanic,never,diagnosed diabetes,0,0,normal,0,0,20.57
70,male,Other Hispanic,never,diagnosed diabetes,0,0,underweight,0,0,32.82
70,male,Other Hispanic,never,diagnosed diabetes,0,0,overweight,0,0,17.64
70,male,Other Hispanic,never,diagnosed diabetes,0,0,obese,0,0,19.71
70,male,Other Hispanic,never,diagnosed diabetes,0,1,normal,0,0,31.13
70,male,Other Hispanic,never,diagnosed diabetes,0,1,underweight,0,0,47.5
70,male,Other Hispanic,never,diagnosed diabetes,0,1,overweight,0,0,26.97
70,male,Other Hispanic,never,diagnosed diabetes,0,1,obese,0,0,29.92
70,male,Other Hispanic,never,diagnosed diabetes,1,0,normal,0,0,24.92
70,male,Other Hispanic,never,diagnosed diabetes,1,0,underweight,0,0,39.06
70,male,Other Hispanic,never,diagnosed diabetes,1,0,overweight,0,0,21.47
70,male,Other Hispanic,never,diagnosed diabetes,1,0,obese,0,0,23.91
70,male,Other Hispanic,never,diagnosed diabetes,1,1,normal,0,0,37.14
70,male,Other Hispanic,never,diagnosed diabetes,1,1,underweight,0,0,55.17
70,male,Other Hispanic,never,diagnosed diabetes,1,1,overweight,0,0,32.39
70,male,Other Hispanic,never,diagnosed diabetes,1,1,obese,0,0,35.77
70,male,Other Hispanic,former,normal,0,0,normal,0,0,16.82
70,male,Other Hispanic,former,normal,0,0,underweight,0,0,27.25
70,male,Other Hispanic,former,normal,0,0,overweight,0,0,14.38
70,male,Other Hispanic,former,normal,0,0,obese,0,0,16.1
70,male,Other Hispanic,former,normal,0,1,normal,0,0,25.79
70,male,Other Hispanic,former,normal,0,1,underweight,0,0,40.27
70,male,Other Hispanic,former,normal,0,1,overweight,0,0,22.23
70,male,Other Hispanic,former,normal,0,1,obese,0,0,24.75
70,male,Other Hispanic,former,normal,1,0,normal,0,0,20.49
70,male,Other Hispanic,former,normal,1,0,underweight,0,0,32.71
70,male,Other Hispanic,former,normal,1,0,overweight,0,0,17.58
70,male,Other Hispanic,former,normal,1,0,obese,0,0,19.64
70,male,Other Hispanic,former,normal,1,1,normal,0,0,31.02
70,male,Other Hispanic,former,normal,1,1,underweight,0,0,47.36
70,male,Other Hispanic,former,normal,1,1,overweight,0,0,26.88
70,male,Other Hispanic,former,normal,1,1,obese,0,0,29.82
70,male,Other Hispanic,former,prediabetes,0,0,normal,0,0,16.83
70,male,Other Hispanic,former,prediabetes,0,0,underweight,0,0,27.27
70,male,Other Hispanic,former,prediabetes,0,0,overweight,0,0,14.39
70,male,Other Hispanic,former,prediabetes,0,0,obese,0,0,16.12
70,male,Other Hispanic,former,prediabetes,0,1,normal,0,0,25.81
70,male,Other Hispanic,former,prediabetes,0,1,underweight,0,0,40.3
70,male,Other Hispanic,former,prediabetes,0,1,overweight,0,0,22.25
70,male,Other Hispanic,former,prediabetes,0,1,obese,0,0,24.77
70,male,Other Hispanic,former,prediabetes,1,0,normal,0,0,20.51
70,male,Other Hispanic,former,prediabetes,1,0,underweight,0,0,32.73
70,male,Other Hispanic,former,prediabetes,1,0,overweight,0,0,17.59
70,male,Other Hispanic,former,prediabetes,1,0,obese,0,0,19.65
70,male,Other Hispanic,former,prediabetes,1,1,normal,0,0,31.04
70,male,Other Hispanic,former,prediabetes,1,1,underweight,0,0,47.39
70,male,Other Hispanic,former,prediabetes,1,1,overweight,0,0,26.9
70,male,Other Hispanic,former,prediabetes,1,1,obese,0,0,29.84
70,male,Other Hispanic,former,undiagnosed diabetes,0,0,normal,0,0,22.45
70,male,Other Hispanic,former,undiagnosed diabetes,0,0,underweight,0,0,35.54
70,male,Other Hispanic,former,undiagnosed diabetes,0,0,overweight,0,0,19.29
70,male,Other Hispanic,former,undiagnosed diabetes,0,0,obese,0,0,21.52
70,male,Other Hispanic,former,undiagnosed diabetes,0,1,normal,0,0,33.75
70,male,Other Hispanic,former,undiagnosed diabetes,0,1,underweight,0,0,50.9
70,male,Other Hispanic,former,undiagnosed diabetes,0,1,overweight,0,0,29.32
70,male,Other Hispanic,former,undiagnosed diabetes,0,1,obese,0,0,32.47
70,male,Other Hispanic,former,undiagnosed diabetes,1,0,normal,0,0,27.13
70,male,Other Hispanic,former,undiagnosed diabetes,1,0,underweight,0,0,42.12
70,male,Other Hispanic,former,undiagnosed diabetes,1,0,overweight,0,0,23.42
70,male,Other Hispanic,former,undiagnosed diabetes,1,0,obese,0,0,26.05
70,male,Other Hispanic,former,undiagnosed diabetes,1,1,normal,0,0,40.11
70,male,Other Hispanic,former,undiagnosed diabetes,1,1,underweight,0,0,58.76
70,male,Other Hispanic,former,undiagnosed diabetes,1,1,overweight,0,0,35.09
70,male,Other Hispanic,former,undiagnosed diabetes,1,1,obese,0,0,38.66
70,male,Other Hispanic,former,diagnosed diabetes,0,0,normal,0,0,24.65
70,male,Other Hispanic,former,diagnosed diabetes,0,0,underweight,0,0,38.67
70,male,Other Hispanic,former,diagnosed diabetes,0,0,overweight,0,0,21.22
70,male,Other Hispanic,former,diagnosed diabetes,0,0,obese,0,0,23.65
70,male,Other Hispanic,former,diagnosed diabetes,0,1,normal,0,0,36.77
70,male,Other Hispanic,former,diagnosed diabetes,0,1,underweight,0,0,54.7
70,male,Other Hispanic,former,diagnosed diabetes,0,1,overweight,0,0,32.05
70,male,Other Hispanic,former,diagnosed diabetes,0,1,obese,0,0,35.4
70,male,Other Hispanic,former,diagnosed diabetes,1,0,normal,0,0,29.7
70,male,Other Hispanic,former,diagnosed diabetes,1,0,underweight,0,0,45.6
70,male,Other Hispanic,former,diagnosed diabetes,1,0,overweight,0,0,25.7
70,male,Other Hispanic,former,diagnosed diabetes,1,0,obese,0,0,28.53
70,male,Other Hispanic,former,diagnosed diabetes,1,1,normal,0,0,43.49
70,male,Other Hispanic,former,diagnosed diabetes,1,1,underweight,0,0,62.69
70,male,Other Hispanic,former,diagnosed diabetes,1,1,overweight,0,0,38.19
70,male,Other Hispanic,former,diagnosed diabetes,1,1,obese,0,0,41.96
70,male,Other Hispanic,current,normal,0,0,normal,0,0,31.9
70,male,Other Hispanic,current,normal,0,0,underweight,0,0,48.51
70,male,Other Hispanic,current,normal,0,0,overweight,0,0,27.66
70,male,Other Hispanic,current,normal,0,0,obese,0,0,30.67
70,male,Other Hispanic,current,normal,0,1,normal,0,0,46.33
70,male,Other Hispanic,current,normal,0,1,underweight,0,0,65.87
70,male,Other Hispanic,current,normal,0,1,overweight,0,0,40.82
70,male,Other Hispanic,current,normal,0,1,obese,0,0,44.75
70,male,Other Hispanic,current,normal,1,0,normal,0,0,38.02
70,male,Other Hispanic,current,normal,1,0,underweight,0,0,56.24
70,male,Other Hispanic,current,normal,1,0,overweight,0,0,33.18
70,male,Other Hispanic,current,normal,1,0,obese,0,0,36.62
70,male,Other Hispanic,current,normal,1,1,normal,0,0,53.92
70,male,Other Hispanic,current,normal,1,1,underweight,0,0,73.78
70,male,Other Hispanic,current,normal,1,1,overweight,0,0,47.96
70,male,Other Hispanic,current,normal,1,1,obese,0,0,52.22
70,male,Other Hispanic,current,prediabetes,0,0,normal,0,0,31.92
70,male,Other Hispanic,current,prediabetes,0,0,underweight,0,0,48.54
70,male,Other Hispanic,current,prediabetes,0,0,overweight,0,0,27.68
70,male,Other Hispanic,current,prediabetes,0,0,obese,0,0,30.69
70,male,Other Hispanic,current,prediabetes,0,1,normal,0,0,46.35
70,male,Other Hispanic,current,prediabetes,0,1,underweight,0,0,65.9
70,male,Other Hispanic,current,prediabetes,0,1,overweight,0,0,40.84
70,male,Other Hispanic,current,prediabetes,0,1,obese,0,0,44.77
70,male,Other Hispanic,current,prediabetes,1,0,normal,0,0,38.04
70,male,Other Hispanic,current,prediabetes,1,0,underweight,0,0,56.27
70,male,Other Hispanic,current,prediabetes,1,0,overweight,0,0,33.2
70,male,Other Hispanic,current,prediabetes,1,0,obese,0,0,36.64
70,male,Other Hispanic,current,prediabetes,1,1,normal,0,0,53.95
70,male,Other Hispanic,current,prediabetes,1,1,underweight,0,0,73.81
70,male,Other Hispanic,current,prediabetes,1,1,overweight,0,0,47.98
70,male,Other Hispanic,current,prediabetes,1,1,obese,0,0,52.25
70,male,Other Hispanic,current,undiagnosed diabetes,0,0,normal,0,0,41.16
70,male,Other Hispanic,current,undiagnosed diabetes,0,0,underweight,0,0,60
70,male,Other Hispanic,current,undiagnosed diabetes,0,0,overweight,0,0,36.04
70,male,Other Hispanic,current,undiagnosed diabetes,0,0,obese,0,0,39.68
70,male,Other Hispanic,current,undiagnosed diabetes,0,1,normal,0,0,57.64
70,male,Other Hispanic,current,undiagnosed diabetes,0,1,underweight,0,0,77.33
70,male,Other Hispanic,current,undiagnosed diabetes,0,1,overweight,0,0,51.52
70,male,Other Hispanic,current,undiagnosed diabetes,0,1,obese,0,0,55.91
70,male,Other Hispanic,current,undiagnosed diabetes,1,0,normal,0,0,48.33
70,male,Other Hispanic,current,undiagnosed diabetes,1,0,underweight,0,0,68.04
70,male,Other Hispanic,current,undiagnosed diabetes,1,0,overweight,0,0,42.68
70,male,Other Hispanic,current,undiagnosed diabetes,1,0,obese,0,0,46.71
70,male,Other Hispanic,current,undiagnosed diabetes,1,1,normal,0,0,65.68
70,male,Other Hispanic,current,undiagnosed diabetes,1,1,underweight,0,0,84.24
70,male,Other Hispanic,current,undiagnosed diabetes,1,1,overweight,0,0,59.4
70,male,Other Hispanic,current,undiagnosed diabetes,1,1,obese,0,0,63.92
70,male,Other Hispanic,current,diagnosed diabetes,0,0,normal,0,0,44.59
70,male,Other Hispanic,current,diagnosed diabetes,0,0,underweight,0,0,63.94
70,male,Other Hispanic,current,diagnosed diabetes,0,0,overweight,0,0,39.2
70,male,Other Hispanic,current,diagnosed diabetes,0,0,obese,0,0,43.04
70,male,Other Hispanic,current,diagnosed diabetes,0,1,normal,0,0,61.56
70,male,Other Hispanic,current,diagnosed diabetes,0,1,underweight,0,0,80.83
70,male,Other Hispanic,current,diagnosed diabetes,0,1,overweight,0,0,55.33
70,male,Other Hispanic,current,diagnosed diabetes,0,1,obese,0,0,59.81
70,male,Other Hispanic,current,diagnosed diabetes,1,0,normal,0,0,52.05
70,male,Other Hispanic,current,diagnosed diabetes,1,0,underweight,0,0,71.91
70,male,Other Hispanic,current,diagnosed diabetes,1,0,overweight,0,0,46.18
70,male,Other Hispanic,current,diagnosed diabetes,1,0,obese,0,0,50.38
70,male,Other Hispanic,current,diagnosed diabetes,1,1,normal,0,0,69.59
70,male,Other Hispanic,current,diagnosed diabetes,1,1,underweight,0,0,87.21
70,male,Other Hispanic,current,diagnosed diabetes,1,1,overweight,0,0,63.34
70,male,Other Hispanic,current,diagnosed diabetes,1,1,obese,0,0,67.86
70,male,Other/Multiracial,never,normal,0,0,normal,0,0,13.04
70,male,Other/Multiracial,never,normal,0,0,underweight,0,0,21.44
70,male,Other/Multiracial,never,normal,0,0,overweight,0,0,11.11
70,male,Other/Multiracial,never,normal,0,0,obese,0,0,12.47
70,male,Other/Multiracial,never,normal,0,1,normal,0,0,20.25
70,male,Other/Multiracial,never,normal,0,1,underweight,0,0,32.36
70,male,Other/Multiracial,never,normal,0,1,overweight,0,0,17.36
70,male,Other/Multiracial,never,normal,0,1,obese,0,0,19.4
70,male,Other/Multiracial,never,normal,1,0,normal,0,0,15.96
70,male,Other/Multiracial,never,normal,1,0,underweight,0,0,25.95
70,male,Other/Multiracial,never,normal,1,0,overweight,0,0,13.64
70,male,Other/Multiracial,never,normal,1,0,obese,0,0,15.28
70,male,Other/Multiracial,never,normal,1,1,normal,0,0,24.55
70,male,Other/Multiracial,never,normal,1,1,underweight,0,0,38.54
70,male,Other/Multiracial,never,normal,1,1,overweight,0,0,21.14
70,male,Other/Multiracial,never,normal,1,1,obese,0,0,23.55
70,male,Other/Multiracial,never,prediabetes,0,0,normal,0,0,13.05
70,male,Other/Multiracial,never,prediabetes,0,0,underweight,0,0,21.46
70,male,Other/Multiracial,never,prediabetes,0,0,overweight,0,0,11.12
70,male,Other/Multiracial,never,prediabetes,0,0,obese,0,0,12.48
70,male,Other/Multiracial,never,prediabetes,0,1,normal,0,0,20.26
70,male,Other/Multiracial,never,prediabetes,0,1,underweight,0,0,32.38
70,male,Other/Multiracial,never,prediabetes,0,1,overweight,0,0,17.38
70,male,Other/Multiracial,never,prediabetes,0,1,obese,0,0,19.42
70,male,Other/Multiracial,never,prediabetes,1,0,normal,0,0,15.98
70,male,Other/Multiracial,never,prediabetes,1,0,underweight,0,0,25.97
70,male,Other/Multiracial,never,prediabetes,1,0,overweight,0,0,13.65
70,male,Other/Multiracial,never,prediabetes,1,0,obese,0,0,15.29
70,male,Other/Multiracial,never,prediabetes,1,1,normal,0,0,24.57
70,male,Other/Multiracial,never,prediabetes,1,1,underweight,0,0,38.56
70,male,Other/Multiracial,never,prediabetes,1,1,overweight,0,0,21.15
70,male,Other/Multiracial,never,prediabetes,1,1,obese,0,0,23.57
70,male,Other/Multiracial,never,undiagnosed diabetes,0,0,normal,0,0,17.54
70,male,Other/Multiracial,never,undiagnosed diabetes,0,0,underweight,0,0,28.33
70,male,Other/Multiracial,never,undiagnosed diabetes,0,0,overweight,0,0,15
70,male,Other/Multiracial,never,undiagnosed diabetes,0,0,obese,0,0,16.79
70,male,Other/Multiracial,never,undiagnosed diabetes,0,1,normal,0,0,26.82
70,male,Other/Multiracial,never,undiagnosed diabetes,0,1,underweight,0,0,41.7
70,male,Other/Multiracial,never,undiagnosed diabetes,0,1,overweight,0,0,23.14
70,male,Other/Multiracial,never,undiagnosed diabetes,0,1,obese,0,0,25.75
70,male,Other/Multiracial,never,undiagnosed diabetes,1,0,normal,0,0,21.34
70,male,Other/Multiracial,never,undiagnosed diabetes,1,0,underweight,0,0,33.95
70,male,Other/Multiracial,never,undiagnosed diabetes,1,0,overweight,0,0,18.32
70,male,Other/Multiracial,never,undiagnosed diabetes,1,0,obese,0,0,20.46
70,male,Other/Multiracial,never,undiagnosed diabetes,1,1,normal,0,0,32.21
70,male,Other/Multiracial,never,undiagnosed diabetes,1,1,underweight,0,0,48.92
70,male,Other/Multiracial,never,undiagnosed diabetes,1,1,overweight,0,0,27.95
70,male,Other/Multiracial,never,undiagnosed diabetes,1,1,obese,0,0,30.97
70,male,Other/Multiracial,never,diagnosed diabetes,0,0,normal,0,0,19.32
70,male,Other/Multiracial,never,diagnosed diabetes,0,0,underweight,0,0,30.98
70,male,Other/Multiracial,never,diagnosed diabetes,0,0,overweight,0,0,16.55
70,male,Other/Multiracial,never,diagnosed diabetes,0,0,obese,0,0,18.51
70,male,Other/Multiracial,never,diagnosed diabetes,0,1,normal,0,0,29.37
70,male,Other/Multiracial,never,diagnosed diabetes,0,1,underweight,0,0,45.15
70,male,Other/Multiracial,never,diagnosed diabetes,0,1,overweight,0,0,25.4
70,male,Other/Multiracial,never,diagnosed diabetes,0,1,obese,0,0,28.21
70,male,Other/Multiracial,never,diagnosed diabetes,1,0,normal,0,0,23.45
70,male,Other/Multiracial,never,diagnosed diabetes,1,0,underweight,0,0,36.98
70,male,Other/Multiracial,never,diagnosed diabetes,1,0,overweight,0,0,20.17
70,male,Other/Multiracial,never,diagnosed diabetes,1,0,obese,0,0,22.49
70,male,Other/Multiracial,never,diagnosed diabetes,1,1,normal,0,0,35.13
70,male,Other/Multiracial,never,diagnosed diabetes,1,1,underweight,0,0,52.66
70,male,Other/Multiracial,never,diagnosed diabetes,1,1,overweight,0,0,30.57
70,male,Other/Multiracial,never,diagnosed diabetes,1,1,obese,0,0,33.81
70,male,Other/Multiracial,former,normal,0,0,normal,0,0,15.78
70,male,Other/Multiracial,former,normal,0,0,underweight,0,0,25.67
70,male,Other/Multiracial,former,normal,0,0,overweight,0,0,13.47
70,male,Other/Multiracial,former,normal,0,0,obese,0,0,15.1
70,male,Other/Multiracial,former,normal,0,1,normal,0,0,24.28
70,male,Other/Multiracial,former,normal,0,1,underweight,0,0,38.15
70,male,Other/Multiracial,former,normal,0,1,overweight,0,0,20.9
70,male,Other/Multiracial,former,normal,0,1,obese,0,0,23.29
70,male,Other/Multiracial,former,normal,1,0,normal,0,0,19.25
70,male,Other/Multiracial,former,normal,1,0,underweight,0,0,30.88
70,male,Other/Multiracial,former,normal,1,0,overweight,0,0,16.49
70,male,Other/Multiracial,former,normal,1,0,obese,0,0,18.44
70,male,Other/Multiracial,former,normal,1,1,normal,0,0,29.27
70,male,Other/Multiracial,former,normal,1,1,underweight,0,0,45.02
70,male,Other/Multiracial,former,normal,1,1,overweight,0,0,25.31
70,male,Other/Multiracial,former,normal,1,1,obese,0,0,28.12
70,male,Other/Multiracial,former,prediabetes,0,0,normal,0,0,15.79
70,male,Other/Multiracial,former,prediabetes,0,0,underweight,0,0,25.69
70,male,Other/Multiracial,former,prediabetes,0,0,overweight,0,0,13.48
70,male,Other/Multiracial,former,prediabetes,0,0,obese,0,0,15.11
70,male,Other/Multiracial,former,prediabetes,0,1,normal,0,0,24.29
70,male,Other/Multiracial,former,prediabetes,0,1,underweight,0,0,38.17
70,male,Other/Multiracial,former,prediabetes,0,1,overweight,0,0,20.91
70,male,Other/Multiracial,former,prediabetes,0,1,obese,0,0,23.31
70,male,Other/Multiracial,former,prediabetes,1,0,normal,0,0,19.26
70,male,Other/Multiracial,former,prediabetes,1,0,underweight,0,0,30.9
70,male,Other/Multiracial,former,prediabetes,1,0,overweight,0,0,16.5
70,male,Other/Multiracial,former,prediabetes,1,0,obese,0,0,18.45
70,male,Other/Multiracial,former,prediabetes,1,1,normal,0,0,29.29
70,male,Other/Multiracial,former,prediabetes,1,1,underweight,0,0,45.05
70,male,Other/Multiracial,former,prediabetes,1,1,overweight,0,0,25.33
70,male,Other/Multiracial,former,prediabetes,1,1,obese,0,0,28.13
70,male,Other/Multiracial,former,undiagnosed diabetes,0,0,normal,0,0,21.1
70,male,Other/Multiracial,former,undiagnosed diabetes,0,0,underweight,0,0,33.6
70,male,Other/Multiracial,former,undiagnosed diabetes,0,0,overweight,0,0,18.11
70,male,Other/Multiracial,former,undiagnosed diabetes,0,0,obese,0,0,20.22
70,male,Other/Multiracial,former,undiagnosed diabetes,0,1,normal,0,0,31.88
70,male,Other/Multiracial,former,undiagnosed diabetes,0,1,underweight,0,0,48.48
70,male,Other/Multiracial,former,undiagnosed diabetes,0,1,overweight,0,0,27.64
70,male,Other/Multiracial,former,undiagnosed diabetes,0,1,obese,0,0,30.65
70,male,Other/Multiracial,former,undiagnosed diabetes,1,0,normal,0,0,25.55
70,male,Other/Multiracial,former,undiagnosed diabetes,1,0,underweight,0,0,39.94
70,male,Other/Multiracial,former,undiagnosed diabetes,1,0,overweight,0,0,22.02
70,male,Other/Multiracial,former,undiagnosed diabetes,1,0,obese,0,0,24.52
70,male,Other/Multiracial,former,undiagnosed diabetes,1,1,normal,0,0,37.99
70,male,Other/Multiracial,former,undiagnosed diabetes,1,1,underweight,0,0,56.21
70,male,Other/Multiracial,former,undiagnosed diabetes,1,1,overweight,0,0,33.16
70,male,Other/Multiracial,former,undiagnosed diabetes,1,1,obese,0,0,36.59
70,male,Other/Multiracial,former,diagnosed diabetes,0,0,normal,0,0,23.19
70,male,Other/Multiracial,former,diagnosed diabetes,0,0,underweight,0,0,36.61
70,male,Other/Multiracial,former,diagnosed diabetes,0,0,overweight,0,0,19.94
70,male,Other/Multiracial,former,diagnosed diabetes,0,0,obese,0,0,22.24
70,male,Other/Multiracial,former,diagnosed diabetes,0,1,normal,0,0,34.77
70,male,Other/Multiracial,former,diagnosed diabetes,0,1,underweight,0,0,52.21
70,male,Other/Multiracial,former,diagnosed diabetes,0,1,overweight,0,0,30.25
70,male,Other/Multiracial,former,diagnosed diabetes,0,1,obese,0,0,33.46
70,male,Other/Multiracial,former,diagnosed diabetes,1,0,normal,0,0,28
70,male,Other/Multiracial,former,diagnosed diabetes,1,0,underweight,0,0,43.31
70,male,Other/Multiracial,former,diagnosed diabetes,1,0,overweight,0,0,24.19
70,male,Other/Multiracial,former,diagnosed diabetes,1,0,obese,0,0,26.89
70,male,Other/Multiracial,former,diagnosed diabetes,1,1,normal,0,0,41.26
70,male,Other/Multiracial,former,diagnosed diabetes,1,1,underweight,0,0,60.12
70,male,Other/Multiracial,former,diagnosed diabetes,1,1,overweight,0,0,36.14
70,male,Other/Multiracial,former,diagnosed diabetes,1,1,obese,0,0,39.78
70,male,Other/Multiracial,current,normal,0,0,normal,0,0,30.1
70,male,Other/Multiracial,current,normal,0,0,underweight,0,0,46.14
70,male,Other/Multiracial,current,normal,0,0,overweight,0,0,26.06
70,male,Other/Multiracial,current,normal,0,0,obese,0,0,28.93
70,male,Other/Multiracial,current,normal,0,1,normal,0,0,44.02
70,male,Other/Multiracial,current,normal,0,1,underweight,0,0,63.3
70,male,Other/Multiracial,current,normal,0,1,overweight,0,0,38.68
70,male,Other/Multiracial,current,normal,0,1,obese,0,0,42.48
70,male,Other/Multiracial,current,normal,1,0,normal,0,0,35.98
70,male,Other/Multiracial,current,normal,1,0,underweight,0,0,53.72
70,male,Other/Multiracial,current,normal,1,0,overweight,0,0,31.33
70,male,Other/Multiracial,current,normal,1,0,obese,0,0,34.63
70,male,Other/Multiracial,current,normal,1,1,normal,0,0,51.44
70,male,Other/Multiracial,current,normal,1,1,underweight,0,0,71.29
70,male,Other/Multiracial,current,normal,1,1,overweight,0,0,45.6
70,male,Other/Multiracial,current,normal,1,1,obese,0,0,49.77
70,male,Other/Multiracial,current,prediabetes,0,0,normal,0,0,30.12
70,male,Other/Multiracial,current,prediabetes,0,0,underweight,0,0,46.17
70,male,Other/Multiracial,current,prediabetes,0,0,overweight,0,0,26.08
70,male,Other/Multiracial,current,prediabetes,0,0,obese,0,0,28.95
70,male,Other/Multiracial,current,prediabetes,0,1,normal,0,0,44.04
70,male,Other/Multiracial,current,prediabetes,0,1,underweight,0,0,63.32
70,male,Other/Multiracial,current,prediabetes,0,1,overweight,0,0,38.7
70,male,Other/Multiracial,current,prediabetes,0,1,obese,0,0,42.51
70,male,Other/Multiracial,current,prediabetes,1,0,normal,0,0,36
70,male,Other/Multiracial,current,prediabetes,1,0,underweight,0,0,53.75
70,male,Other/Multiracial,current,prediabetes,1,0,overweight,0,0,31.35
70,male,Other/Multiracial,current,prediabetes,1,0,obese,0,0,34.65
70,male,Other/Multiracial,current,prediabetes,1,1,normal,0,0,51.46
70,male,Other/Multiracial,current,prediabetes,1,1,underweight,0,0,71.32
70,male,Other/Multiracial,current,prediabetes,1,1,overweight,0,0,45.63
70,male,Other/Multiracial,current,prediabetes,1,1,obese,0,0,49.8
70,male,Other/Multiracial,current,undiagnosed diabetes,0,0,normal,0,0,39
70,male,Other/Multiracial,current,undiagnosed diabetes,0,0,underweight,0,0,57.43
70,male,Other/Multiracial,current,undiagnosed diabetes,0,0,overweight,0,0,34.08
70,male,Other/Multiracial,current,undiagnosed diabetes,0,0,obese,0,0,37.58
70,male,Other/Multiracial,current,undiagnosed diabetes,0,1,normal,0,0,55.1
70,male,Other/Multiracial,current,undiagnosed diabetes,0,1,underweight,0,0,74.93
70,male,Other/Multiracial,current,undiagnosed diabetes,0,1,overweight,0,0,49.08
70,male,Other/Multiracial,current,undiagnosed diabetes,0,1,obese,0,0,53.39
70,male,Other/Multiracial,current,undiagnosed diabetes,1,0,normal,0,0,45.96
70,male,Other/Multiracial,current,undiagnosed diabetes,1,0,underweight,0,0,65.47
70,male,Other/Multiracial,current,undiagnosed diabetes,1,0,overweight,0,0,40.48
70,male,Other/Multiracial,current,undiagnosed diabetes,1,0,obese,0,0,44.39
70,male,Other/Multiracial,current,undiagnosed diabetes,1,1,normal,0,0,63.1
70,male,Other/Multiracial,current,undiagnosed diabetes,1,1,underweight,0,0,82.14
70,male,Other/Multiracial,current,undiagnosed diabetes,1,1,overweight,0,0,56.84
70,male,Other/Multiracial,current,undiagnosed diabetes,1,1,obese,0,0,61.34
70,male,Other/Multiracial,current,diagnosed diabetes,0,0,normal,0,0,42.32
70,male,Other/Multiracial,current,diagnosed diabetes,0,0,underweight,0,0,61.36
70,male,Other/Multiracial,current,diagnosed diabetes,0,0,overweight,0,0,37.12
70,male,Other/Multiracial,current,diagnosed diabetes,0,0,obese,0,0,40.83
70,male,Other/Multiracial,current,diagnosed diabetes,0,1,normal,0,0,58.99
70,male,Other/Multiracial,current,diagnosed diabetes,0,1,underweight,0,0,78.56
70,male,Other/Multiracial,current,diagnosed diabetes,0,1,overweight,0,0,52.83
70,male,Other/Multiracial,current,diagnosed diabetes,0,1,obese,0,0,57.25
70,male,Other/Multiracial,current,diagnosed diabetes,1,0,normal,0,0,49.6
70,male,Other/Multiracial,current,diagnosed diabetes,1,0,underweight,0,0,69.39
70,male,Other/Multiracial,current,diagnosed diabetes,1,0,overweight,0,0,43.87
70,male,Other/Multiracial,current,diagnosed diabetes,1,0,obese,0,0,47.97
70,male,Other/Multiracial,current,diagnosed diabetes,1,1,normal,0,0,67.04
70,male,Other/Multiracial,current,diagnosed diabetes,1,1,underweight,0,0,85.3
70,male,Other/Multiracial,current,diagnosed diabetes,1,1,overweight,0,0,60.76
70,male,Other/Multiracial,current,diagnosed diabetes,1,1,obese,0,0,65.29
70,female,Non-Hispanic White,never,normal,0,0,normal,0,0,11.73
70,female,Non-Hispanic White,never,normal,0,0,underweight,0,0,19.39
70,female,Non-Hispanic White,never,normal,0,0,overweight,0,0,9.98
70,female,Non-Hispanic White,never,normal,0,0,obese,0,0,11.22
70,female,Non-Hispanic White,never,normal,0,1,normal,0,0,18.3
70,female,Non-Hispanic White,never,normal,0,1,underweight,0,0,29.47
70,female,Non-Hispanic White,never,normal,0,1,overweight,0,0,15.66
70,female,Non-Hispanic White,never,normal,0,1,obese,0,0,17.53
70,female,Non-Hispanic White,never,normal,1,0,normal,0,0,14.39
70,female,Non-Hispanic White,never,normal,1,0,underweight,0,0,23.54
70,female,Non-Hispanic White,never,normal,1,0,overweight,0,0,12.27
70,female,Non-Hispanic White,never,normal,1,0,obese,0,0,13.77
70,female,Non-Hispanic White,never,normal,1,1,normal,0,0,22.25
70,female,Non-Hispanic White,never,normal,1,1,underweight,0,0,35.26
70,female,Non-Hispanic White,never,normal,1,1,overweight,0,0,19.11
70,female,Non-Hispanic White,never,normal,1,1,obese,0,0,21.33
70,female,Non-Hispanic White,never,prediabetes,0,0,normal,0,0,11.74
70,female,Non-Hispanic White,never,prediabetes,0,0,underweight,0,0,19.41
70,female,Non-Hispanic White,never,prediabetes,0,0,overweight,0,0,9.99
70,female,Non-Hispanic White,never,prediabetes,0,0,obese,0,0,11.22
70,female,Non-Hispanic White,never,prediabetes,0,1,normal,0,0,18.31
70,female,Non-Hispanic White,never,prediabetes,0,1,underweight,0,0,29.49
70,female,Non-Hispanic White,never,prediabetes,0,1,overweight,0,0,15.67
70,female,Non-Hispanic White,never,prediabetes,0,1,obese,0,0,17.54
70,female,Non-Hispanic White,never,prediabetes,1,0,normal,0,0,14.4
70,female,Non-Hispanic White,never,prediabetes,1,0,underweight,0,0,23.56
70,female,Non-Hispanic White,never,prediabetes,1,0,overweight,0,0,12.28
70,female,Non-Hispanic White,never,prediabetes,1,0,obese,0,0,13.78
70,female,Non-Hispanic White,never,prediabetes,1,1,normal,0,0,22.26
70,female,Non-Hispanic White,never,prediabetes,1,1,underweight,0,0,35.28
70,female,Non-Hispanic White,never,prediabetes,1,1,overweight,0,0,19.12
70,female,Non-Hispanic White,never,prediabetes,1,1,obese,0,0,21.34
70,female,Non-Hispanic White,never,undiagnosed diabetes,0,0,normal,0,0,15.82
70,female,Non-Hispanic White,never,undiagnosed diabetes,0,0,underweight,0,0,25.74
70,female,Non-Hispanic White,never,undiagnosed diabetes,0,0,overweight,0,0,13.51
70,female,Non-Hispanic White,never,undiagnosed diabetes,0,0,obese,0,0,15.14
70,female,Non-Hispanic White,never,undiagnosed diabetes,0,1,normal,0,0,24.34
70,female,Non-Hispanic White,never,undiagnosed diabetes,0,1,underweight,0,0,38.24
70,female,Non-Hispanic White,never,undiagnosed diabetes,0,1,overweight,0,0,20.95
70,female,Non-Hispanic White,never,undiagnosed diabetes,0,1,obese,0,0,23.35
70,female,Non-Hispanic White,never,undiagnosed diabetes,1,0,normal,0,0,19.3
70,female,Non-Hispanic White,never,undiagnosed diabetes,1,0,underweight,0,0,30.96
70,female,Non-Hispanic White,never,undiagnosed diabetes,1,0,overweight,0,0,16.53
70,female,Non-Hispanic White,never,undiagnosed diabetes,1,0,obese,0,0,18.49
70,female,Non-Hispanic White,never,undiagnosed diabetes,1,1,normal,0,0,29.34
70,female,Non-Hispanic White,never,undiagnosed diabetes,1,1,underweight,0,0,45.12
70,female,Non-Hispanic White,never,undiagnosed diabetes,1,1,overweight,0,0,25.38
70,female,Non-Hispanic White,never,undiagnosed diabetes,1,1,obese,0,0,28.19
70,female,Non-Hispanic White,never,diagnosed diabetes,0,0,normal,0,0,17.45
70,female,Non-Hispanic White,never,diagnosed diabetes,0,0,underweight,0,0,28.2
70,female,Non-Hispanic White,never,diagnosed diabetes,0,0,overweight,0,0,14.92
70,female,Non-Hispanic White,never,diagnosed diabetes,0,0,obese,0,0,16.71
70,female,Non-Hispanic White,never,diagnosed diabetes,0,1,normal,0,0,26.69
70,female,Non-Hispanic White,never,diagnosed diabetes,0,1,underweight,0,0,41.52
70,female,Non-Hispanic White,never,diagnosed diabetes,0,1,overweight,0,0,23.03
70,female,Non-Hispanic White,never,diagnosed diabetes,0,1,obese,0,0,25.63
70,female,Non-Hispanic White,never,diagnosed diabetes,1,0,normal,0,0,21.24
70,female,Non-Hispanic White,never,diagnosed diabetes,1,0,underweight,0,0,33.79
70,female,Non-Hispanic White,never,diagnosed diabetes,1,0,overweight,0,0,18.23
70,female,Non-Hispanic White,never,diagnosed diabetes,1,0,obese,0,0,20.35
70,female,Non-Hispanic White,never,diagnosed diabetes,1,1,normal,0,0,32.07
70,female,Non-Hispanic White,never,diagnosed diabetes,1,1,underweight,0,0,48.73
70,female,Non-Hispanic White,never,diagnosed diabetes,1,1,overweight,0,0,27.81
70,female,Non-Hispanic White,never,diagnosed diabetes,1,1,obese,0,0,30.83
70,female,Non-Hispanic White,former,normal,0,0,normal,0,0,14.22
70,female,Non-Hispanic White,former,normal,0,0,underweight,0,0,23.28
70,female,Non-Hispanic White,former,normal,0,0,overweight,0,0,12.13
70,female,Non-Hispanic White,former,normal,0,0,obese,0,0,13.6
70,female,Non-Hispanic White,former,normal,0,1,normal,0,0,22
70,female,Non-Hispanic White,former,normal,0,1,underweight,0,0,34.89
70,female,Non-Hispanic White,former,normal,0,1,overweight,0,0,18.89
70,female,Non-Hispanic White,former,normal,0,1,obese,0,0,21.09
70,female,Non-Hispanic White,former,normal,1,0,normal,0,0,17.38
70,female,Non-Hispanic White,former,normal,1,0,underweight,0,0,28.1
70,female,Non-Hispanic White,former,normal,1,0,overweight,0,0,14.87
70,female,Non-Hispanic White,former,normal,1,0,obese,0,0,16.64
70,female,Non-Hispanic White,former,normal,1,1,normal,0,0,26.6
70,female,Non-Hispanic White,former,normal,1,1,underweight,0,0,41.39
70,female,Non-Hispanic White,former,normal,1,1,overweight,0,0,22.95
70,female,Non-Hispanic White,former,normal,1,1,obese,0,0,25.54
70,female,Non-Hispanic White,former,prediabetes,0,0,normal,0,0,14.23
70,female,Non-Hispanic White,former,prediabetes,0,0,underweight,0,0,23.29
70,female,Non-Hispanic White,former,prediabetes,0,0,overweight,0,0,12.14
70,female,Non-Hispanic White,former,prediabetes,0,0,obese,0,0,13.61
70,female,Non-Hispanic White,former,prediabetes,0,1,normal,0,0,22.01
70,female,Non-Hispanic White,former,prediabetes,0,1,underweight,0,0,34.92
70,female,Non-Hispanic White,former,prediabetes,0,1,overweight,0,0,18.9
70,female,Non-Hispanic White,former,prediabetes,0,1,obese,0,0,21.1
70,female,Non-Hispanic White,former,prediabetes,1,0,normal,0,0,17.39
70,female,Non-Hispanic White,former,prediabetes,1,0,underweight,0,0,28.12
70,female,Non-Hispanic White,former,prediabetes,1,0,overweight,0,0,14.88
70,female,Non-Hispanic White,former,prediabetes,1,0,obese,0,0,16.66
70,female,Non-Hispanic White,former,prediabetes,1,1,normal,0,0,26.62
70,female,Non-Hispanic White,former,prediabetes,1,1,underweight,0,0,41.42
70,female,Non-Hispanic White,former,prediabetes,1,1,overweight,0,0,22.96
70,female,Non-Hispanic White,former,prediabetes,1,1,obese,0,0,25.55
70,female,Non-Hispanic White,former,undiagnosed diabetes,0,0,normal,0,0,19.08
70,female,Non-Hispanic White,former,undiagnosed diabetes,0,0,underweight,0,0,30.63
70,female,Non-Hispanic White,former,undiagnosed diabetes,0,0,overweight,0,0,16.34
70,female,Non-Hispanic White,former,undiagnosed diabetes,0,0,obese,0,0,18.27
70,female,Non-Hispanic White,former,undiagnosed diabetes,0,1,normal,0,0,29.03
70,female,Non-Hispanic White,former,undiagnosed diabetes,0,1,underweight,0,0,44.7
70,female,Non-Hispanic White,former,undiagnosed diabetes,0,1,overweight,0,0,25.1
70,female,Non-Hispanic White,former,undiagnosed diabetes,0,1,obese,0,0,27.88
70,female,Non-Hispanic White,former,undiagnosed diabetes,1,0,normal,0,0,23.17
70,female,Non-Hispanic White,former,undiagnosed diabetes,1,0,underweight,0,0,36.58
70,female,Non-Hispanic White,former,undiagnosed diabetes,1,0,overweight,0,0,19.92
70,female,Non-Hispanic White,former,undiagnosed diabetes,1,0,obese,0,0,22.22
70,female,Non-Hispanic White,former,undiagnosed diabetes,1,1,normal,0,0,34.74
70,female,Non-Hispanic White,former,undiagnosed diabetes,1,1,underweight,0,0,52.17
70,female,Non-Hispanic White,former,undiagnosed diabetes,1,1,overweight,0,0,30.22
70,female,Non-Hispanic White,former,undiagnosed diabetes,1,1,obese,0,0,33.43
70,female,Non-Hispanic White,former,diagnosed diabetes,0,0,normal,0,0,20.99
70,female,Non-Hispanic White,former,diagnosed diabetes,0,0,underweight,0,0,33.44
70,female,Non-Hispanic White,former,diagnosed diabetes,0,0,overweight,0,0,18.01
70,female,Non-Hispanic White,former,diagnosed diabetes,0,0,obese,0,0,20.12
70,female,Non-Hispanic White,former,diagnosed diabetes,0,1,normal,0,0,31.73
70,female,Non-Hispanic White,former,diagnosed diabetes,0,1,underweight,0,0,48.28
70,female,Non-Hispanic White,former,diagnosed diabetes,0,1,overweight,0,0,27.51
70,female,Non-Hispanic White,former,diagnosed diabetes,0,1,obese,0,0,30.5
70,female,Non-Hispanic White,former,diagnosed diabetes,1,0,normal,0,0,25.43
70,female,Non-Hispanic White,former,diagnosed diabetes,1,0,underweight,0,0,39.76
70,female,Non-Hispanic White,former,diagnosed diabetes,1,0,overweight,0,0,21.91
70,female,Non-Hispanic White,former,diagnosed diabetes,1,0,obese,0,0,24.4
70,female,Non-Hispanic White,former,diagnosed diabetes,1,1,normal,0,0,37.82
70,female,Non-Hispanic White,former,diagnosed diabetes,1,1,underweight,0,0,56
70,female,Non-Hispanic White,former,diagnosed diabetes,1,1,overweight,0,0,33.01
70,female,Non-Hispanic White,former,diagnosed diabetes,1,1,obese,0,0,36.43
70,female,Non-Hispanic White,current,normal,0,0,normal,0,0,27.38
70,female,Non-Hispanic White,current,normal,0,0,underweight,0,0,42.46
70,female,Non-Hispanic White,current,normal,0,0,overweight,0,0,23.64
70,female,Non-Hispanic White,current,normal,0,0,obese,0,0,26.29
70,female,Non-Hispanic White,current,normal,0,1,normal,0,0,40.44
70,female,Non-Hispanic White,current,normal,0,1,underweight,0,0,59.15
70,female,Non-Hispanic White,current,normal,0,1,overweight,0,0,35.39
70,female,Non-Hispanic White,current,normal,0,1,obese,0,0,38.98
70,female,Non-Hispanic White,current,normal,1,0,normal,0,0,32.86
70,female,Non-Hispanic White,current,normal,1,0,underweight,0,0,49.75
70,female,Non-Hispanic White,current,normal,1,0,overweight,0,0,28.52
70,female,Non-Hispanic White,current,normal,1,0,obese,0,0,31.6
70,female,Non-Hispanic White,current,normal,1,1,normal,0,0,47.54
70,female,Non-Hispanic White,current,normal,1,1,underweight,0,0,67.2
70,female,Non-Hispanic White,current,normal,1,1,overweight,0,0,41.95
70,female,Non-Hispanic White,current,normal,1,1,obese,0,0,45.94
70,female,Non-Hispanic White,current,prediabetes,0,0,normal,0,0,27.4
70,female,Non-Hispanic White,current,prediabetes,0,0,underweight,0,0,42.49
70,female,Non-Hispanic White,current,prediabetes,0,0,overweight,0,0,23.65
70,female,Non-Hispanic White,current,prediabetes,0,0,obese,0,0,26.31
70,female,Non-Hispanic White,current,prediabetes,0,1,normal,0,0,40.46
70,female,Non-Hispanic White,current,prediabetes,0,1,underweight,0,0,59.18
70,female,Non-Hispanic White,current,prediabetes,0,1,overweight,0,0,35.41
70,female,Non-Hispanic White,current,prediabetes,0,1,obese,0,0,39.01
70,female,Non-Hispanic White,current,prediabetes,1,0,normal,0,0,32.88
70,female,Non-Hispanic White,current,prediabetes,1,0,underweight,0,0,49.78
70,female,Non-Hispanic White,current,prediabetes,1,0,overweight,0,0,28.54
70,female,Non-Hispanic White,current,prediabetes,1,0,obese,0,0,31.62
70,female,Non-Hispanic White,current,prediabetes,1,1,normal,0,0,47.57
70,female,Non-Hispanic White,current,prediabetes,1,1,underweight,0,0,67.22
70,female,Non-Hispanic White,current,prediabetes,1,1,overweight,0,0,41.97
70,female,Non-Hispanic White,current,prediabetes,1,1,obese,0,0,45.97
70,female,Non-Hispanic White,current,undiagnosed diabetes,0,0,normal,0,0,35.7
70,female,Non-Hispanic White,current,undiagnosed diabetes,0,0,underweight,0,0,53.37
70,female,Non-Hispanic White,current,undiagnosed diabetes,0,0,overweight,0,0,31.08
70,female,Non-Hispanic White,current,undiagnosed diabetes,0,0,obese,0,0,34.36
70,female,Non-Hispanic White,current,undiagnosed diabetes,0,1,normal,0,0,51.09
70,female,Non-Hispanic White,current,undiagnosed diabetes,0,1,underweight,0,0,70.94
70,female,Non-Hispanic White,current,undiagnosed diabetes,0,1,overweight,0,0,45.28
70,female,Non-Hispanic White,current,undiagnosed diabetes,0,1,obese,0,0,49.43
70,female,Non-Hispanic White,current,undiagnosed diabetes,1,0,normal,0,0,42.29
70,female,Non-Hispanic White,current,undiagnosed diabetes,1,0,underweight,0,0,61.32
70,female,Non-Hispanic White,current,undiagnosed diabetes,1,0,overweight,0,0,37.09
70,female,Non-Hispanic White,current,undiagnosed diabetes,1,0,obese,0,0,40.79
70,female,Non-Hispanic White,current,undiagnosed diabetes,1,1,normal,0,0,58.95
70,female,Non-Hispanic White,current,undiagnosed diabetes,1,1,underweight,0,0,78.53
70,female,Non-Hispanic White,current,undiagnosed diabetes,1,1,overweight,0,0,52.79
70,female,Non-Hispanic White,current,undiagnosed diabetes,1,1,obese,0,0,57.21
70,female,Non-Hispanic White,current,diagnosed diabetes,0,0,normal,0,0,38.83
70,female,Non-Hispanic White,current,diagnosed diabetes,0,0,underweight,0,0,57.23
70,female,Non-Hispanic White,current,diagnosed diabetes,0,0,overweight,0,0,33.92
70,female,Non-Hispanic White,current,diagnosed diabetes,0,0,obese,0,0,37.42
70,female,Non-Hispanic White,current,diagnosed diabetes,0,1,normal,0,0,54.9
70,female,Non-Hispanic White,current,diagnosed diabetes,0,1,underweight,0,0,74.73
70,female,Non-Hispanic White,current,diagnosed diabetes,0,1,overweight,0,0,48.89
70,female,Non-Hispanic White,current,diagnosed diabetes,0,1,obese,0,0,53.19
70,female,Non-Hispanic White,current,diagnosed diabetes,1,0,normal,0,0,45.77
70,female,Non-Hispanic White,current,diagnosed diabetes,1,0,underweight,0,0,65.26
70,female,Non-Hispanic White,current,diagnosed diabetes,1,0,overweight,0,0,40.3
70,female,Non-Hispanic White,current,diagnosed diabetes,1,0,obese,0,0,44.21
70,female,Non-Hispanic White,current,diagnosed diabetes,1,1,normal,0,0,62.89
70,female,Non-Hispanic White,current,diagnosed diabetes,1,1,underweight,0,0,81.96
70,female,Non-Hispanic White,current,diagnosed diabetes,1,1,overweight,0,0,56.64
70,female,Non-Hispanic White,current,diagnosed diabetes,1,1,obese,0,0,61.14
70,female,Non-Hispanic Black,never,normal,0,0,normal,0,0,12.69
70,female,Non-Hispanic Black,never,normal,0,0,underweight,0,0,20.89
70,female,Non-Hispanic Black,never,normal,0,0,overweight,0,0,10.81
70,female,Non-Hispanic Black,never,normal,0,0,obese,0,0,12.13
70,female,Non-Hispanic Black,never,normal,0,1,normal,0,0,19.73
70,female,Non-Hispanic Black,never,normal,0,1,underweight,0,0,31.59
70,female,Non-Hispanic Black,never,normal,0,1,overweight,0,0,16.91
70,female,Non-Hispanic Black,never,normal,0,1,obese,0,0,18.9
70,female,Non-Hispanic Black,never,normal,1,0,normal,0,0,15.54
70,female,Non-Hispanic Black,never,normal,1,0,underweight,0,0,25.31
70,female,Non-Hispanic Black,never,normal,1,0,overweight,0,0,13.27
70,female,Non-Hispanic Black,never,normal,1,0,obese,0,0,14.87
70,female,Non-Hispanic Black,never,normal,1,1,normal,0,0,23.93
70,female,Non-Hispanic Black,never,normal,1,1,underweight,0,0,37.66
70,female,Non-Hispanic Black,never,normal,1,1,overweight,0,0,20.59
70,female,Non-Hispanic Black,never,normal,1,1,obese,0,0,22.96
70,female,Non-Hispanic Black,never,prediabetes,0,0,normal,0,0,12.69
70,female,Non-Hispanic Black,never,prediabetes,0,0,underweight,0,0,20.91
70,female,Non-Hispanic Black,never,prediabetes,0,0,overweight,0,0,10.81
70,female,Non-Hispanic Black,never,prediabetes,0,0,obese,0,0,12.14
70,female,Non-Hispanic Black,never,prediabetes,0,1,normal,0,0,19.74
70,female,Non-Hispanic Black,never,prediabetes,0,1,underweight,0,0,31.61
70,female,Non-Hispanic Black,never,prediabetes,0,1,overweight,0,0,16.92
70,female,Non-Hispanic Black,never,prediabetes,0,1,obese,0,0,18.91
70,female,Non-Hispanic Black,never,prediabetes,1,0,normal,0,0,15.55
70,female,Non-Hispanic Black,never,prediabetes,1,0,underweight,0,0,25.33
70,female,Non-Hispanic Black,never,prediabetes,1,0,overweight,0,0,13.28
70,female,Non-Hispanic Black,never,prediabetes,1,0,obese,0,0,14.88
70,female,Non-Hispanic Black,never,prediabetes,1,1,normal,0,0,23.95
70,female,Non-Hispanic Black,never,prediabetes,1,1,underweight,0,0,37.69
70,female,Non-Hispanic Black,never,prediabetes,1,1,overweight,0,0,20.61
70,female,Non-Hispanic Black,never,prediabetes,1,1,obese,0,0,22.97
70,female,Non-Hispanic Black,never,undiagnosed diabetes,0,0,normal,0,0,17.07
70,female,Non-Hispanic Black,never,undiagnosed diabetes,0,0,underweight,0,0,27.64
70,female,Non-Hispanic Black,never,undiagnosed diabetes,0,0,overweight,0,0,14.6
70,female,Non-Hispanic Black,never,undiagnosed diabetes,0,0,obese,0,0,16.35
70,female,Non-Hispanic Black,never,undiagnosed diabetes,0,1,normal,0,0,26.16
70,female,Non-Hispanic Black,never,undiagnosed diabetes,0,1,underweight,0,0,40.78
70,female,Non-Hispanic Black,never,undiagnosed diabetes,0,1,overweight,0,0,22.56
70,female,Non-Hispanic Black,never,undiagnosed diabetes,0,1,obese,0,0,25.11
70,female,Non-Hispanic Black,never,undiagnosed diabetes,1,0,normal,0,0,20.79
70,female,Non-Hispanic Black,never,undiagnosed diabetes,1,0,underweight,0,0,33.15
70,female,Non-Hispanic Black,never,undiagnosed diabetes,1,0,overweight,0,0,17.84
70,female,Non-Hispanic Black,never,undiagnosed diabetes,1,0,obese,0,0,19.93
70,female,Non-Hispanic Black,never,undiagnosed diabetes,1,1,normal,0,0,31.45
70,female,Non-Hispanic Black,never,undiagnosed diabetes,1,1,underweight,0,0,47.92
70,female,Non-Hispanic Black,never,undiagnosed diabetes,1,1,overweight,0,0,27.26
70,female,Non-Hispanic Black,never,undiagnosed diabetes,1,1,obese,0,0,30.23
70,female,Non-Hispanic Black,never,diagnosed diabetes,0,0,normal,0,0,18.81
70,female,Non-Hispanic Black,never,diagnosed diabetes,0,0,underweight,0,0,30.24
70,female,Non-Hispanic Black,never,diagnosed diabetes,0,0,overweight,0,0,16.11
70,female,Non-Hispanic Black,never,diagnosed diabetes,0,0,obese,0,0,18.02
70,female,Non-Hispanic Black,never,diagnosed diabetes,0,1,normal,0,0,28.65
70,female,Non-Hispanic Black,never,diagnosed diabetes,0,1,underweight,0,0,44.19
70,female,Non-Hispanic Black,never,diagnosed diabetes,0,1,overweight,0,0,24.77
70,female,Non-Hispanic Black,never,diagnosed diabetes,0,1,obese,0,0,27.52
70,female,Non-Hispanic Black,never,diagnosed diabetes,1,0,normal,0,0,22.86
70,female,Non-Hispanic Black,never,diagnosed diabetes,1,0,underweight,0,0,36.13
70,female,Non-Hispanic Black,never,diagnosed diabetes,1,0,overweight,0,0,19.65
70,female,Non-Hispanic Black,never,diagnosed diabetes,1,0,obese,0,0,21.92
70,female,Non-Hispanic Black,never,diagnosed diabetes,1,1,normal,0,0,34.32
70,female,Non-Hispanic Black,never,diagnosed diabetes,1,1,underweight,0,0,51.63
70,female,Non-Hispanic Black,never,diagnosed diabetes,1,1,overweight,0,0,29.83
70,female,Non-Hispanic Black,never,diagnosed diabetes,1,1,obese,0,0,33.02
70,female,Non-Hispanic Black,former,normal,0,0,normal,0,0,15.36
70,female,Non-Hispanic Black,former,normal,0,0,underweight,0,0,25.03
70,female,Non-Hispanic Black,former,normal,0,0,overweight,0,0,13.11
70,female,Non-Hispanic Black,former,normal,0,0,obese,0,0,14.7
70,female,Non-Hispanic Black,former,normal,0,1,normal,0,0,23.67
70,female,Non-Hispanic Black,former,normal,0,1,underweight,0,0,37.29
70,female,Non-Hispanic Black,former,normal,0,1,overweight,0,0,20.36
70,female,Non-Hispanic Black,former,normal,0,1,obese,0,0,22.7
70,female,Non-Hispanic Black,former,normal,1,0,normal,0,0,18.75
70,female,Non-Hispanic Black,former,normal,1,0,underweight,0,0,30.14
70,female,Non-Hispanic Black,former,normal,1,0,overweight,0,0,16.05
70,female,Non-Hispanic Black,former,normal,1,0,obese,0,0,17.96
70,female,Non-Hispanic Black,former,normal,1,1,normal,0,0,28.55
70,female,Non-Hispanic Black,former,normal,1,1,underweight,0,0,44.06
70,female,Non-Hispanic Black,former,normal,1,1,overweight,0,0,24.68
70,female,Non-Hispanic Black,former,normal,1,1,obese,0,0,27.43
70,female,Non-Hispanic Black,former,prediabetes,0,0,normal,0,0,15.37
70,female,Non-Hispanic Black,former,prediabetes,0,0,underweight,0,0,25.05
70,female,Non-Hispanic Black,former,prediabetes,0,0,overweight,0,0,13.12
70,female,Non-Hispanic Black,former,prediabetes,0,0,obese,0,0,14.71
70,female,Non-Hispanic Black,former,prediabetes,0,1,normal,0,0,23.68
70,female,Non-Hispanic Black,former,prediabetes,0,1,underweight,0,0,37.31
70,female,Non-Hispanic Black,former,prediabetes,0,1,overweight,0,0,20.37
70,female,Non-Hispanic Black,former,prediabetes,0,1,obese,0,0,22.71
70,female,Non-Hispanic Black,former,prediabetes,1,0,normal,0,0,18.76
70,female,Non-Hispanic Black,former,prediabetes,1,0,underweight,0,0,30.16
70,female,Non-Hispanic Black,former,prediabetes,1,0,overweight,0,0,16.06
70,female,Non-Hispanic Black,former,prediabetes,1,0,obese,0,0,17.97
70,female,Non-Hispanic Black,former,prediabetes,1,1,normal,0,0,28.57
70,female,Non-Hispanic Black,former,prediabetes,1,1,underweight,0,0,44.09
70,female,Non-Hispanic Black,former,prediabetes,1,1,overweight,0,0,24.7
70,female,Non-Hispanic Black,former,prediabetes,1,1,obese,0,0,27.44
70,female,Non-Hispanic Black,former,undiagnosed diabetes,0,0,normal,0,0,20.56
70,female,Non-Hispanic Black,former,undiagnosed diabetes,0,0,underweight,0,0,32.81
70,female,Non-Hispanic Black,former,undiagnosed diabetes,0,0,overweight,0,0,17.63
70,female,Non-Hispanic Black,former,undiagnosed diabetes,0,0,obese,0,0,19.7
70,female,Non-Hispanic Black,former,undiagnosed diabetes,0,1,normal,0,0,31.12
70,female,Non-Hispanic Black,former,undiagnosed diabetes,0,1,underweight,0,0,47.48
70,female,Non-Hispanic Black,former,undiagnosed diabetes,0,1,overweight,0,0,26.96
70,female,Non-Hispanic Black,former,undiagnosed diabetes,0,1,obese,0,0,29.91
70,female,Non-Hispanic Black,former,undiagnosed diabetes,1,0,normal,0,0,24.91
70,female,Non-Hispanic Black,former,undiagnosed diabetes,1,0,underweight,0,0,39.04
70,female,Non-Hispanic Black,former,undiagnosed diabetes,1,0,overweight,0,0,21.46
70,female,Non-Hispanic Black,former,undiagnosed diabetes,1,0,obese,0,0,23.9
70,female,Non-Hispanic Black,former,undiagnosed diabetes,1,1,normal,0,0,37.13
70,female,Non-Hispanic Black,former,undiagnosed diabetes,1,1,underweight,0,0,55.15
70,female,Non-Hispanic Black,former,undiagnosed diabetes,1,1,overweight,0,0,32.37
70,female,Non-Hispanic Black,former,undiagnosed diabetes,1,1,obese,0,0,35.75
70,female,Non-Hispanic Black,former,diagnosed diabetes,0,0,normal,0,0,22.6
70,female,Non-Hispanic Black,former,diagnosed diabetes,0,0,underweight,0,0,35.77
70,female,Non-Hispanic Black,former,diagnosed diabetes,0,0,overweight,0,0,19.42
70,female,Non-Hispanic Black,former,diagnosed diabetes,0,0,obese,0,0,21.67
70,female,Non-Hispanic Black,former,diagnosed diabetes,0,1,normal,0,0,33.96
70,female,Non-Hispanic Black,former,diagnosed diabetes,0,1,underweight,0,0,51.17
70,female,Non-Hispanic Black,former,diagnosed diabetes,0,1,overweight,0,0,29.52
70,female,Non-Hispanic Black,former,diagnosed diabetes,0,1,obese,0,0,32.67
70,female,Non-Hispanic Black,former,diagnosed diabetes,1,0,normal,0,0,27.31
70,female,Non-Hispanic Black,former,diagnosed diabetes,1,0,underweight,0,0,42.37
70,female,Non-Hispanic Black,former,diagnosed diabetes,1,0,overweight,0,0,23.58
70,female,Non-Hispanic Black,former,diagnosed diabetes,1,0,obese,0,0,26.22
70,female,Non-Hispanic Black,former,diagnosed diabetes,1,1,normal,0,0,40.35
70,female,Non-Hispanic Black,former,diagnosed diabetes,1,1,underweight,0,0,59.04
70,female,Non-Hispanic Black,former,diagnosed diabetes,1,1,overweight,0,0,35.31
70,female,Non-Hispanic Black,former,diagnosed diabetes,1,1,obese,0,0,38.89
70,female,Non-Hispanic Black,current,normal,0,0,normal,0,0,29.38
70,female,Non-Hispanic Black,current,normal,0,0,underweight,0,0,45.17
70,female,Non-Hispanic Black,current,normal,0,0,overweight,0,0,25.41
70,female,Non-Hispanic Black,current,normal,0,0,obese,0,0,28.22
70,female,Non-Hispanic Black,current,normal,0,1,normal,0,0,43.07
70,female,Non-Hispanic Black,current,normal,0,1,underweight,0,0,62.22
70,female,Non-Hispanic Black,current,normal,0,1,overweight,0,0,37.8
70,female,Non-Hispanic Black,current,normal,0,1,obese,0,0,41.56
70,female,Non-Hispanic Black,current,normal,1,0,normal,0,0,35.15
70,female,Non-Hispanic Black,current,normal,1,0,underweight,0,0,52.68
70,female,Non-Hispanic Black,current,normal,1,0,overweight,0,0,30.58
70,female,Non-Hispanic Black,current,normal,1,0,obese,0,0,33.82
70,female,Non-Hispanic Black,current,normal,1,1,normal,0,0,50.41
70,female,Non-Hispanic Black,current,normal,1,1,underweight,0,0,70.23
70,female,Non-Hispanic Black,current,normal,1,1,overweight,0,0,44.64
70,female,Non-Hispanic Black,current,normal,1,1,obese,0,0,48.76
70,female,Non-Hispanic Black,current,prediabetes,0,0,normal,0,0,29.4
70,female,Non-Hispanic Black,current,prediabetes,0,0,underweight,0,0,45.19
70,female,Non-Hispanic Black,current,prediabetes,0,0,overweight,0,0,25.43
70,female,Non-Hispanic Black,current,prediabetes,0,0,obese,0,0,28.24
70,female,Non-Hispanic Black,current,prediabetes,0,1,normal,0,0,43.09
70,female,Non-Hispanic Black,current,prediabetes,0,1,underweight,0,0,62.24
70,female,Non-Hispanic Black,current,prediabetes,0,1,overweight,0,0,37.83
70,female,Non-Hispanic Black,current,prediabetes,0,1,obese,0,0,41.58
70,female,Non-Hispanic Black,current,prediabetes,1,0,normal,0,0,35.17
70,female,Non-Hispanic Black,current,prediabetes,1,0,underweight,0,0,52.7
70,female,Non-Hispanic Black,current,prediabetes,1,0,overweight,0,0,30.6
70,female,Non-Hispanic Black,current,prediabetes,1,0,obese,0,0,33.85
70,female,Non-Hispanic Black,current,prediabetes,1,1,normal,0,0,50.44
70,female,Non-Hispanic Black,current,prediabetes,1,1,underweight,0,0,70.26
70,female,Non-Hispanic Black,current,prediabetes,1,1,overweight,0,0,44.66
70,female,Non-Hispanic Black,current,prediabetes,1,1,obese,0,0,48.79
70,female,Non-Hispanic Black,current,undiagnosed diabetes,0,0,normal,0,0,38.13
70,female,Non-Hispanic Black,current,undiagnosed diabetes,0,0,underweight,0,0,56.37
70,female,Non-Hispanic Black,current,undiagnosed diabetes,0,0,overweight,0,0,33.28
70,female,Non-Hispanic Black,current,undiagnosed diabetes,0,0,obese,0,0,36.72
70,female,Non-Hispanic Black,current,undiagnosed diabetes,0,1,normal,0,0,54.05
70,female,Non-Hispanic Black,current,undiagnosed diabetes,0,1,underweight,0,0,73.9
70,female,Non-Hispanic Black,current,undiagnosed diabetes,0,1,overweight,0,0,48.08
70,female,Non-Hispanic Black,current,undiagnosed diabetes,0,1,obese,0,0,52.35
70,female,Non-Hispanic Black,current,undiagnosed diabetes,1,0,normal,0,0,44.99
70,female,Non-Hispanic Black,current,undiagnosed diabetes,1,0,underweight,0,0,64.39
70,female,Non-Hispanic Black,current,undiagnosed diabetes,1,0,overweight,0,0,39.58
70,female,Non-Hispanic Black,current,undiagnosed diabetes,1,0,obese,0,0,43.44
70,female,Non-Hispanic Black,current,undiagnosed diabetes,1,1,normal,0,0,62.02
70,female,Non-Hispanic Black,current,undiagnosed diabetes,1,1,underweight,0,0,81.22
70,female,Non-Hispanic Black,current,undiagnosed diabetes,1,1,overweight,0,0,55.78
70,female,Non-Hispanic Black,current,undiagnosed diabetes,1,1,obese,0,0,60.27
70,female,Non-Hispanic Black,current,diagnosed diabetes,0,0,normal,0,0,41.4
70,female,Non-Hispanic Black,current,diagnosed diabetes,0,0,underweight,0,0,60.28
70,female,Non-Hispanic Black,current,diagnosed diabetes,0,0,overweight,0,0,36.27
70,female,Non-Hispanic Black,current,diagnosed diabetes,0,0,obese,0,0,39.92
70,female,Non-Hispanic Black,current,diagnosed diabetes,0,1,normal,0,0,57.92
70,female,Non-Hispanic Black,current,diagnosed diabetes,0,1,underweight,0,0,77.59
70,female,Non-Hispanic Black,current,diagnosed diabetes,0,1,overweight,0,0,51.79
70,female,Non-Hispanic Black,current,diagnosed diabetes,0,1,obese,0,0,56.19
70,female,Non-Hispanic Black,current,diagnosed diabetes,1,0,normal,0,0,48.59
70,female,Non-Hispanic Black,current,diagnosed diabetes,1,0,underweight,0,0,68.32
70,female,Non-Hispanic Black,current,diagnosed diabetes,1,0,overweight,0,0,42.93
70,female,Non-Hispanic Black,current,diagnosed diabetes,1,0,obese,0,0,46.97
70,female,Non-Hispanic Black,current,diagnosed diabetes,1,1,normal,0,0,65.96
70,female,Non-Hispanic Black,current,diagnosed diabetes,1,1,underweight,0,0,84.46
70,female,Non-Hispanic Black,current,diagnosed diabetes,1,1,overweight,0,0,59.68
70,female,Non-Hispanic Black,current,diagnosed diabetes,1,1,obese,0,0,64.21
70,female,Mexican American,never,normal,0,0,normal,0,0,10.03
70,female,Mexican American,never,normal,0,0,underweight,0,0,16.69
70,female,Mexican American,never,normal,0,0,overweight,0,0,8.52
70,female,Mexican American,never,normal,0,0,obese,0,0,9.59
70,female,Mexican American,never,normal,0,1,normal,0,0,15.74
70,female,Mexican American,never,normal,0,1,underweight,0,0,25.61
70,female,Mexican American,never,normal,0,1,overweight,0,0,13.44
70,female,Mexican American,never,normal,0,1,obese,0,0,15.06
70,female,Mexican American,never,normal,1,0,normal,0,0,12.33
70,female,Mexican American,never,normal,1,0,underweight,0,0,20.34
70,female,Mexican American,never,normal,1,0,overweight,0,0,10.5
70,female,Mexican American,never,normal,1,0,obese,0,0,11.79
70,female,Mexican American,never,normal,1,1,normal,0,0,19.2
70,female,Mexican American,never,normal,1,1,underweight,0,0,30.81
70,female,Mexican American,never,normal,1,1,overweight,0,0,16.45
70,female,Mexican American,never,normal,1,1,obese,0,0,18.39
70,female,Mexican American,never,prediabetes,0,0,normal,0,0,10.04
70,female,Mexican American,never,prediabetes,0,0,underweight,0,0,16.7
70,female,Mexican American,never,prediabetes,0,0,overweight,0,0,8.53
70,female,Mexican American,never,prediabetes,0,0,obese,0,0,9.59
70,female,Mexican American,never,prediabetes,0,1,normal,0,0,15.75
70,female,Mexican American,never,prediabetes,0,1,underweight,0,0,25.62
70,female,Mexican American,never,prediabetes,0,1,overweight,0,0,13.45
70,female,Mexican American,never,prediabetes,0,1,obese,0,0,15.07
70,female,Mexican American,never,prediabetes,1,0,normal,0,0,12.34
70,female,Mexican American,never,prediabetes,1,0,underweight,0,0,20.35
70,female,Mexican American,never,prediabetes,1,0,overweight,0,0,10.51
70,female,Mexican American,never,prediabetes,1,0,obese,0,0,11.8
70,female,Mexican American,never,prediabetes,1,1,normal,0,0,19.21
70,female,Mexican American,never,prediabetes,1,1,underweight,0,0,30.83
70,female,Mexican American,never,prediabetes,1,1,overweight,0,0,16.46
70,female,Mexican American,never,prediabetes,1,1,obese,0,0,18.4
70,female,Mexican American,never,undiagnosed diabetes,0,0,normal,0,0,13.58
70,female,Mexican American,never,undiagnosed diabetes,0,0,underweight,0,0,22.28
70,female,Mexican American,never,undiagnosed diabetes,0,0,overweight,0,0,11.57
70,female,Mexican American,never,undiagnosed diabetes,0,0,obese,0,0,12.99
70,female,Mexican American,never,undiagnosed diabetes,0,1,normal,0,0,21.05
70,female,Mexican American,never,undiagnosed diabetes,0,1,underweight,0,0,33.52
70,female,Mexican American,never,undiagnosed diabetes,0,1,overweight,0,0,18.06
70,female,Mexican American,never,undiagnosed diabetes,0,1,obese,0,0,20.17
70,female,Mexican American,never,undiagnosed diabetes,1,0,normal,0,0,16.61
70,female,Mexican American,never,undiagnosed diabetes,1,0,underweight,0,0,26.94
70,female,Mexican American,never,undiagnosed diabetes,1,0,overweight,0,0,14.2
70,female,Mexican American,never,undiagnosed diabetes,1,0,obese,0,0,15.9
70,female,Mexican American,never,undiagnosed diabetes,1,1,normal,0,0,25.49
70,female,Mexican American,never,undiagnosed diabetes,1,1,underweight,0,0,39.85
70,female,Mexican American,never,undiagnosed diabetes,1,1,overweight,0,0,21.96
70,female,Mexican American,never,undiagnosed diabetes,1,1,obese,0,0,24.46
70,female,Mexican American,never,diagnosed diabetes,0,0,normal,0,0,14.99
70,female,Mexican American,never,diagnosed diabetes,0,0,underweight,0,0,24.47
70,female,Mexican American,never,diagnosed diabetes,0,0,overweight,0,0,12.79
70,female,Mexican American,never,diagnosed diabetes,0,0,obese,0,0,14.35
70,female,Mexican American,never,diagnosed diabetes,0,1,normal,0,0,23.13
70,female,Mexican American,never,diagnosed diabetes,0,1,underweight,0,0,36.52
70,female,Mexican American,never,diagnosed diabetes,0,1,overweight,0,0,19.89
70,female,Mexican American,never,diagnosed diabetes,0,1,obese,0,0,22.18
70,female,Mexican American,never,diagnosed diabetes,1,0,normal,0,0,18.31
70,female,Mexican American,never,diagnosed diabetes,1,0,underweight,0,0,29.49
70,female,Mexican American,never,diagnosed diabetes,1,0,overweight,0,0,15.67
70,female,Mexican American,never,diagnosed diabetes,1,0,obese,0,0,17.53
70,female,Mexican American,never,diagnosed diabetes,1,1,normal,0,0,27.93
70,female,Mexican American,never,diagnosed diabetes,1,1,underweight,0,0,43.21
70,female,Mexican American,never,diagnosed diabetes,1,1,overweight,0,0,24.13
70,female,Mexican American,never,diagnosed diabetes,1,1,obese,0,0,26.82
70,female,Mexican American,former,normal,0,0,normal,0,0,12.18
70,female,Mexican American,former,normal,0,0,underweight,0,0,20.11
70,female,Mexican American,former,normal,0,0,overweight,0,0,10.37
70,female,Mexican American,former,normal,0,0,obese,0,0,11.65
70,female,Mexican American,former,normal,0,1,normal,0,0,18.98
70,female,Mexican American,former,normal,0,1,underweight,0,0,30.48
70,female,Mexican American,former,normal,0,1,overweight,0,0,16.25
70,female,Mexican American,former,normal,0,1,obese,0,0,18.18
70,female,Mexican American,former,normal,1,0,normal,0,0,14.94
70,female,Mexican American,former,normal,1,0,underweight,0,0,24.38
70,female,Mexican American,former,normal,1,0,overweight,0,0,12.75
70,female,Mexican American,former,normal,1,0,obese,0,0,14.29
70,female,Mexican American,former,normal,1,1,normal,0,0,23.05
70,female,Mexican American,former,normal,1,1,underweight,0,0,36.41
70,female,Mexican American,former,normal,1,1,overweight,0,0,19.82
70,female,Mexican American,former,normal,1,1,obese,0,0,22.1
70,female,Mexican American,former,prediabetes,0,0,normal,0,0,12.19
70,female,Mexican American,former,prediabetes,0,0,underweight,0,0,20.12
70,female,Mexican American,former,prediabetes,0,0,overweight,0,0,10.38
70,female,Mexican American,former,prediabetes,0,0,obese,0,0,11.66
70,female,Mexican American,former,prediabetes,0,1,normal,0,0,18.99
70,female,Mexican American,former,prediabetes,0,1,underweight,0,0,30.5
70,female,Mexican American,former,prediabetes,0,1,overweight,0,0,16.27
70,female,Mexican American,former,prediabetes,0,1,obese,0,0,18.19
70,female,Mexican American,former,prediabetes,1,0,normal,0,0,14.95
70,female,Mexican American,former,prediabetes,1,0,underweight,0,0,24.4
70,female,Mexican American,former,prediabetes,1,0,overweight,0,0,12.76
70,female,Mexican American,former,prediabetes,1,0,obese,0,0,14.3
70,female,Mexican American,former,prediabetes,1,1,normal,0,0,23.06
70,female,Mexican American,former,prediabetes,1,1,underweight,0,0,36.43
70,female,Mexican American,former,prediabetes,1,1,overweight,0,0,19.83
70,female,Mexican American,former,prediabetes,1,1,obese,0,0,22.12
70,female,Mexican American,former,undiagnosed diabetes,0,0,normal,0,0,16.42
70,female,Mexican American,former,undiagnosed diabetes,0,0,underweight,0,0,26.64
70,female,Mexican American,former,undiagnosed diabetes,0,0,overweight,0,0,14.03
70,female,Mexican American,former,undiagnosed diabetes,0,0,obese,0,0,15.71
70,female,Mexican American,former,undiagnosed diabetes,0,1,normal,0,0,25.21
70,female,Mexican American,former,undiagnosed diabetes,0,1,underweight,0,0,39.46
70,female,Mexican American,former,undiagnosed diabetes,0,1,overweight,0,0,21.72
70,female,Mexican American,former,undiagnosed diabetes,0,1,obese,0,0,24.19
70,female,Mexican American,former,undiagnosed diabetes,1,0,normal,0,0,20.01
70,female,Mexican American,former,undiagnosed diabetes,1,0,underweight,0,0,32
70,female,Mexican American,former,undiagnosed diabetes,1,0,overweight,0,0,17.15
70,female,Mexican American,former,undiagnosed diabetes,1,0,obese,0,0,19.17
70,female,Mexican American,former,undiagnosed diabetes,1,1,normal,0,0,30.34
70,female,Mexican American,former,undiagnosed diabetes,1,1,underweight,0,0,46.46
70,female,Mexican American,former,undiagnosed diabetes,1,1,overweight,0,0,26.27
70,female,Mexican American,former,undiagnosed diabetes,1,1,obese,0,0,29.16
70,female,Mexican American,former,diagnosed diabetes,0,0,normal,0,0,18.1
70,female,Mexican American,former,diagnosed diabetes,0,0,underweight,0,0,29.17
70,female,Mexican American,former,diagnosed diabetes,0,0,overweight,0,0,15.49
70,female,Mexican American,former,diagnosed diabetes,0,0,obese,0,0,17.33
70,female,Mexican American,former,diagnosed diabetes,0,1,normal,0,0,27.63
70,female,Mexican American,former,diagnosed diabetes,0,1,underweight,0,0,42.8
70,female,Mexican American,former,diagnosed diabetes,0,1,overweight,0,0,23.86
70,female,Mexican American,former,diagnosed diabetes,0,1,obese,0,0,26.53
70,female,Mexican American,former,diagnosed diabetes,1,0,normal,0,0,22.01
70,female,Mexican American,former,diagnosed diabetes,1,0,underweight,0,0,34.91
70,female,Mexican American,former,diagnosed diabetes,1,0,overweight,0,0,18.9
70,female,Mexican American,former,diagnosed diabetes,1,0,obese,0,0,21.1
70,female,Mexican American,former,diagnosed diabetes,1,1,normal,0,0,33.14
70,female,Mexican American,former,diagnosed diabetes,1,1,underweight,0,0,50.12
70,female,Mexican American,former,diagnosed diabetes,1,1,overweight,0,0,28.78
70,female,Mexican American,former,diagnosed diabetes,1,1,obese,0,0,31.87
70,female,Mexican American,current,normal,0,0,normal,0,0,23.74
70,female,Mexican American,current,normal,0,0,underweight,0,0,37.39
70,female,Mexican American,current,normal,0,0,overweight,0,0,20.42
70,female,Mexican American,current,normal,0,0,obese,0,0,22.77
70,female,Mexican American,current,normal,0,1,normal,0,0,35.53
70,female,Mexican American,current,normal,0,1,underweight,0,0,53.16
70,female,Mexican American,current,normal,0,1,overweight,0,0,30.93
70,female,Mexican American,current,normal,0,1,obese,0,0,34.2
70,female,Mexican American,current,normal,1,0,normal,0,0,28.64
70,female,Mexican American,current,normal,1,0,underweight,0,0,44.18
70,female,Mexican American,current,normal,1,0,overweight,0,0,24.76
70,female,Mexican American,current,normal,1,0,obese,0,0,27.51
70,female,Mexican American,current,normal,1,1,normal,0,0,42.1
70,female,Mexican American,current,normal,1,1,underweight,0,0,61.1
70,female,Mexican American,current,normal,1,1,overweight,0,0,36.92
70,female,Mexican American,current,normal,1,1,obese,0,0,40.61
70,female,Mexican American,current,prediabetes,0,0,normal,0,0,23.76
70,female,Mexican American,current,prediabetes,0,0,underweight,0,0,37.41
70,female,Mexican American,current,prediabetes,0,0,overweight,0,0,20.44
70,female,Mexican American,current,prediabetes,0,0,obese,0,0,22.79
70,female,Mexican American,current,prediabetes,0,1,normal,0,0,35.55
70,female,Mexican American,current,prediabetes,0,1,underweight,0,0,53.19
70,female,Mexican American,current,prediabetes,0,1,overweight,0,0,30.95
70,female,Mexican American,current,prediabetes,0,1,obese,0,0,34.22
70,female,Mexican American,current,prediabetes,1,0,normal,0,0,28.66
70,female,Mexican American,current,prediabetes,1,0,underweight,0,0,44.2
70,female,Mexican American,current,prediabetes,1,0,overweight,0,0,24.77
70,female,Mexican American,current,prediabetes,1,0,obese,0,0,27.53
70,female,Mexican American,current,prediabetes,1,1,normal,0,0,42.13
70,female,Mexican American,current,prediabetes,1,1,underweight,0,0,61.13
70,female,Mexican American,current,prediabetes,1,1,overweight,0,0,36.94
70,female,Mexican American,current,prediabetes,1,1,obese,0,0,40.63
70,female,Mexican American,current,undiagnosed diabetes,0,0,normal,0,0,31.21
70,female,Mexican American,current,undiagnosed diabetes,0,0,underweight,0,0,47.6
70,female,Mexican American,current,undiagnosed diabetes,0,0,overweight,0,0,27.04
70,female,Mexican American,current,undiagnosed diabetes,0,0,obese,0,0,30
70,female,Mexican American,current,undiagnosed diabetes,0,1,normal,0,0,45.44
70,female,Mexican American,current,undiagnosed diabetes,0,1,underweight,0,0,64.89
70,female,Mexican American,current,undiagnosed diabetes,0,1,overweight,0,0,39.99
70,female,Mexican American,current,undiagnosed diabetes,0,1,obese,0,0,43.88
70,female,Mexican American,current,undiagnosed diabetes,1,0,normal,0,0,37.23
70,female,Mexican American,current,undiagnosed diabetes,1,0,underweight,0,0,55.28
70,female,Mexican American,current,undiagnosed diabetes,1,0,overweight,0,0,32.47
70,female,Mexican American,current,undiagnosed diabetes,1,0,obese,0,0,35.85
70,female,Mexican American,current,undiagnosed diabetes,1,1,normal,0,0,52.97
70,female,Mexican American,current,undiagnosed diabetes,1,1,underweight,0,0,72.84
70,female,Mexican American,current,undiagnosed diabetes,1,1,overweight,0,0,47.05
70,female,Mexican American,current,undiagnosed diabetes,1,1,obese,0,0,51.28
70,female,Mexican American,current,diagnosed diabetes,0,0,normal,0,0,34.06
70,female,Mexican American,current,diagnosed diabetes,0,0,underweight,0,0,51.3
70,female,Mexican American,current,diagnosed diabetes,0,0,overweight,0,0,29.6
70,female,Mexican American,current,diagnosed diabetes,0,0,obese,0,0,32.77
70,female,Mexican American,current,diagnosed diabetes,0,1,normal,0,0,49.06
70,female,Mexican American,current,diagnosed diabetes,0,1,underweight,0,0,68.82
70,female,Mexican American,current,diagnosed diabetes,0,1,overweight,0,0,43.37
70,female,Mexican American,current,diagnosed diabetes,0,1,obese,0,0,47.43
70,female,Mexican American,current,diagnosed diabetes,1,0,normal,0,0,40.46
70,female,Mexican American,current,diagnosed diabetes,1,0,underweight,0,0,59.17
70,female,Mexican American,current,diagnosed diabetes,1,0,overweight,0,0,35.41
70,female,Mexican American,current,diagnosed diabetes,1,0,obese,0,0,39
70,female,Mexican American,current,diagnosed diabetes,1,1,normal,0,0,56.82
70,female,Mexican American,current,diagnosed diabetes,1,1,underweight,0,0,76.56
70,female,Mexican American,current,diagnosed diabetes,1,1,overweight,0,0,50.73
70,female,Mexican American,current,diagnosed diabetes,1,1,obese,0,0,55.1
70,female,Other Hispanic,never,normal,0,0,normal,0,0,10.32
70,female,Other Hispanic,never,normal,0,0,underweight,0,0,17.16
70,female,Other Hispanic,never,normal,0,0,overweight,0,0,8.78
70,female,Other Hispanic,never,normal,0,0,obese,0,0,9.87
70,female,Other Hispanic,never,normal,0,1,normal,0,0,16.18
70,female,Other Hispanic,never,normal,0,1,underweight,0,0,26.28
70,female,Other Hispanic,never,normal,0,1,overweight,0,0,13.82
70,female,Other Hispanic,never,normal,0,1,obese,0,0,15.49
70,female,Other Hispanic,never,normal,1,0,normal,0,0,12.69
70,female,Other Hispanic,never,normal,1,0,underweight,0,0,20.9
70,female,Other Hispanic,never,normal,1,0,overweight,0,0,10.81
70,female,Other Hispanic,never,normal,1,0,obese,0,0,12.13
70,female,Other Hispanic,never,normal,1,1,normal,0,0,19.73
70,female,Other Hispanic,never,normal,1,1,underweight,0,0,31.59
70,female,Other Hispanic,never,normal,1,1,overweight,0,0,16.91
70,female,Other Hispanic,never,normal,1,1,obese,0,0,18.9
70,female,Other Hispanic,never,prediabetes,0,0,normal,0,0,10.33
70,female,Other Hispanic,never,prediabetes,0,0,underweight,0,0,17.17
70,female,Other Hispanic,never,prediabetes,0,0,overweight,0,0,8.78
70,female,Other Hispanic,never,prediabetes,0,0,obese,0,0,9.88
70,female,Other Hispanic,never,prediabetes,0,1,normal,0,0,16.19
70,female,Other Hispanic,never,prediabetes,0,1,underweight,0,0,26.3
70,female,Other Hispanic,never,prediabetes,0,1,overweight,0,0,13.83
70,female,Other Hispanic,never,prediabetes,0,1,obese,0,0,15.5
70,female,Other Hispanic,never,prediabetes,1,0,normal,0,0,12.7
70,female,Other Hispanic,never,prediabetes,1,0,underweight,0,0,20.91
70,female,Other Hispanic,never,prediabetes,1,0,overweight,0,0,10.82
70,female,Other Hispanic,never,prediabetes,1,0,obese,0,0,12.14
70,female,Other Hispanic,never,prediabetes,1,1,normal,0,0,19.74
70,female,Other Hispanic,never,prediabetes,1,1,underweight,0,0,31.61
70,female,Other Hispanic,never,prediabetes,1,1,overweight,0,0,16.92
70,female,Other Hispanic,never,prediabetes,1,1,obese,0,0,18.92
70,female,Other Hispanic,never,undiagnosed diabetes,0,0,normal,0,0,13.96
70,female,Other Hispanic,never,undiagnosed diabetes,0,0,underweight,0,0,22.88
70,female,Other Hispanic,never,undiagnosed diabetes,0,0,overweight,0,0,11.91
70,female,Other Hispanic,never,undiagnosed diabetes,0,0,obese,0,0,13.36
70,female,Other Hispanic,never,undiagnosed diabetes,0,1,normal,0,0,21.62
70,female,Other Hispanic,never,undiagnosed diabetes,0,1,underweight,0,0,34.36
70,female,Other Hispanic,never,undiagnosed diabetes,0,1,overweight,0,0,18.56
70,female,Other Hispanic,never,undiagnosed diabetes,0,1,obese,0,0,20.73
70,female,Other Hispanic,never,undiagnosed diabetes,1,0,normal,0,0,17.08
70,female,Other Hispanic,never,undiagnosed diabetes,1,0,underweight,0,0,27.64
70,female,Other Hispanic,never,undiagnosed diabetes,1,0,overweight,0,0,14.6
70,female,Other Hispanic,never,undiagnosed diabetes,1,0,obese,0,0,16.35
70,female,Other Hispanic,never,undiagnosed diabetes,1,1,normal,0,0,26.16
70,female,Other Hispanic,never,undiagnosed diabetes,1,1,underweight,0,0,40.79
70,female,Other Hispanic,never,undiagnosed diabetes,1,1,overweight,0,0,22.56
70,female,Other Hispanic,never,undiagnosed diabetes,1,1,obese,0,0,25.11
70,female,Other Hispanic,never,diagnosed diabetes,0,0,normal,0,0,15.42
70,female,Other Hispanic,never,diagnosed diabetes,0,0,underweight,0,0,25.12
70,female,Other Hispanic,never,diagnosed diabetes,0,0,overweight,0,0,13.16
70,female,Other Hispanic,never,diagnosed diabetes,0,0,obese,0,0,14.76
70,female,Other Hispanic,never,diagnosed diabetes,0,1,normal,0,0,23.75
70,female,Other Hispanic,never,diagnosed diabetes,0,1,underweight,0,0,37.41
70,female,Other Hispanic,never,diagnosed diabetes,0,1,overweight,0,0,20.44
70,female,Other Hispanic,never,diagnosed diabetes,0,1,obese,0,0,22.78
70,female,Other Hispanic,never,diagnosed diabetes,1,0,normal,0,0,18.82
70,female,Other Hispanic,never,diagnosed diabetes,1,0,underweight,0,0,30.25
70,female,Other Hispanic,never,diagnosed diabetes,1,0,overweight,0,0,16.12
70,female,Other Hispanic,never,diagnosed diabetes,1,0,obese,0,0,18.03
70,female,Other Hispanic,never,diagnosed diabetes,1,1,normal,0,0,28.66
70,female,Other Hispanic,never,diagnosed diabetes,1,1,underweight,0,0,44.2
70,female,Other Hispanic,never,diagnosed diabetes,1,1,overweight,0,0,24.77
70,female,Other Hispanic,never,diagnosed diabetes,1,1,obese,0,0,27.53
70,female,Other Hispanic,former,normal,0,0,normal,0,0,12.54
70,female,Other Hispanic,former,normal,0,0,underweight,0,0,20.66
70,female,Other Hispanic,former,normal,0,0,overweight,0,0,10.68
70,female,Other Hispanic,former,normal,0,0,obese,0,0,11.99
70,female,Other Hispanic,former,normal,0,1,normal,0,0,19.5
70,female,Other Hispanic,former,normal,0,1,underweight,0,0,31.26
70,female,Other Hispanic,former,normal,0,1,overweight,0,0,16.71
70,female,Other Hispanic,former,normal,0,1,obese,0,0,18.68
70,female,Other Hispanic,former,normal,1,0,normal,0,0,15.36
70,female,Other Hispanic,former,normal,1,0,underweight,0,0,25.03
70,female,Other Hispanic,former,normal,1,0,overweight,0,0,13.11
70,female,Other Hispanic,former,normal,1,0,obese,0,0,14.7
70,female,Other Hispanic,former,normal,1,1,normal,0,0,23.67
70,female,Other Hispanic,former,normal,1,1,underweight,0,0,37.29
70,female,Other Hispanic,former,normal,1,1,overweight,0,0,20.36
70,female,Other Hispanic,former,normal,1,1,obese,0,0,22.7
70,female,Other Hispanic,former,prediabetes,0,0,normal,0,0,12.55
70,female,Other Hispanic,former,prediabetes,0,0,underweight,0,0,20.67
70,female,Other Hispanic,former,prediabetes,0,0,overweight,0,0,10.68
70,female,Other Hispanic,former,prediabetes,0,0,obese,0,0,12
70,female,Other Hispanic,former,prediabetes,0,1,normal,0,0,19.52
70,female,Other Hispanic,former,prediabetes,0,1,underweight,0,0,31.28
70,female,Other Hispanic,former,prediabetes,0,1,overweight,0,0,16.72
70,female,Other Hispanic,former,prediabetes,0,1,obese,0,0,18.7
70,female,Other Hispanic,former,prediabetes,1,0,normal,0,0,15.37
70,female,Other Hispanic,former,prediabetes,1,0,underweight,0,0,25.05
70,female,Other Hispanic,former,prediabetes,1,0,overweight,0,0,13.12
70,female,Other Hispanic,former,prediabetes,1,0,obese,0,0,14.71
70,female,Other Hispanic,former,prediabetes,1,1,normal,0,0,23.69
70,female,Other Hispanic,former,prediabetes,1,1,underweight,0,0,37.31
70,female,Other Hispanic,former,prediabetes,1,1,overweight,0,0,20.38
70,female,Other Hispanic,former,prediabetes,1,1,obese,0,0,22.72
70,female,Other Hispanic,former,undiagnosed diabetes,0,0,normal,0,0,16.88
70,female,Other Hispanic,former,undiagnosed diabetes,0,0,underweight,0,0,27.34
70,female,Other Hispanic,former,undiagnosed diabetes,0,0,overweight,0,0,14.43
70,female,Other Hispanic,former,undiagnosed diabetes,0,0,obese,0,0,16.16
70,female,Other Hispanic,former,undiagnosed diabetes,0,1,normal,0,0,25.88
70,female,Other Hispanic,former,undiagnosed diabetes,0,1,underweight,0,0,40.39
70,female,Other Hispanic,former,undiagnosed diabetes,0,1,overweight,0,0,22.31
70,female,Other Hispanic,former,undiagnosed diabetes,0,1,obese,0,0,24.83
70,female,Other Hispanic,former,undiagnosed diabetes,1,0,normal,0,0,20.56
70,female,Other Hispanic,former,undiagnosed diabetes,1,0,underweight,0,0,32.81
70,female,Other Hispanic,former,undiagnosed diabetes,1,0,overweight,0,0,17.64
70,female,Other Hispanic,former,undiagnosed diabetes,1,0,obese,0,0,19.7
70,female,Other Hispanic,former,undiagnosed diabetes,1,1,normal,0,0,31.12
70,female,Other Hispanic,former,undiagnosed diabetes,1,1,underweight,0,0,47.49
70,female,Other Hispanic,former,undiagnosed diabetes,1,1,overweight,0,0,26.97
70,female,Other Hispanic,former,undiagnosed diabetes,1,1,obese,0,0,29.91
70,female,Other Hispanic,former,diagnosed diabetes,0,0,normal,0,0,18.6
70,female,Other Hispanic,former,diagnosed diabetes,0,0,underweight,0,0,29.92
70,female,Other Hispanic,former,diagnosed diabetes,0,0,overweight,0,0,15.93
70,female,Other Hispanic,former,diagnosed diabetes,0,0,obese,0,0,17.82
70,female,Other Hispanic,former,diagnosed diabetes,0,1,normal,0,0,28.35
70,female,Other Hispanic,former,diagnosed diabetes,0,1,underweight,0,0,43.78
70,female,Other Hispanic,former,diagnosed diabetes,0,1,overweight,0,0,24.5
70,female,Other Hispanic,former,diagnosed diabetes,0,1,obese,0,0,27.23
70,female,Other Hispanic,former,diagnosed diabetes,1,0,normal,0,0,22.6
70,female,Other Hispanic,former,diagnosed diabetes,1,0,underweight,0,0,35.77
70,female,Other Hispanic,former,diagnosed diabetes,1,0,overweight,0,0,19.43
70,female,Other Hispanic,former,diagnosed diabetes,1,0,obese,0,0,21.67
70,female,Other Hispanic,former,diagnosed diabetes,1,1,normal,0,0,33.97
70,female,Other Hispanic,former,diagnosed diabetes,1,1,underweight,0,0,51.18
70,female,Other Hispanic,former,diagnosed diabetes,1,1,overweight,0,0,29.52
70,female,Other Hispanic,former,diagnosed diabetes,1,1,obese,0,0,32.68
70,female,Other Hispanic,current,normal,0,0,normal,0,0,24.38
70,female,Other Hispanic,current,normal,0,0,underweight,0,0,38.29
70,female,Other Hispanic,current,normal,0,0,overweight,0,0,20.98
70,female,Other Hispanic,current,normal,0,0,obese,0,0,23.39
70,female,Other Hispanic,current,normal,0,1,normal,0,0,36.4
70,female,Other Hispanic,current,normal,0,1,underweight,0,0,54.25
70,female,Other Hispanic,current,normal,0,1,overweight,0,0,31.72
70,female,Other Hispanic,current,normal,0,1,obese,0,0,35.04
70,female,Other Hispanic,current,normal,1,0,normal,0,0,29.38
70,female,Other Hispanic,current,normal,1,0,underweight,0,0,45.18
70,female,Other Hispanic,current,normal,1,0,overweight,0,0,25.42
70,female,Other Hispanic,current,normal,1,0,obese,0,0,28.23
70,female,Other Hispanic,current,normal,1,1,normal,0,0,43.08
70,female,Other Hispanic,current,normal,1,1,underweight,0,0,62.22
70,female,Other Hispanic,current,normal,1,1,overweight,0,0,37.81
70,female,Other Hispanic,current,normal,1,1,obese,0,0,41.56
70,female,Other Hispanic,current,prediabetes,0,0,normal,0,0,24.39
70,female,Other Hispanic,current,prediabetes,0,0,underweight,0,0,38.31
70,female,Other Hispanic,current,prediabetes,0,0,overweight,0,0,21
70,female,Other Hispanic,current,prediabetes,0,0,obese,0,0,23.4
70,female,Other Hispanic,current,prediabetes,0,1,normal,0,0,36.42
70,female,Other Hispanic,current,prediabetes,0,1,underweight,0,0,54.27
70,female,Other Hispanic,current,prediabetes,0,1,overweight,0,0,31.74
70,female,Other Hispanic,current,prediabetes,0,1,obese,0,0,35.07
70,female,Other Hispanic,current,prediabetes,1,0,normal,0,0,29.4
70,female,Other Hispanic,current,prediabetes,1,0,underweight,0,0,45.2
70,female,Other Hispanic,current,prediabetes,1,0,overweight,0,0,25.43
70,female,Other Hispanic,current,prediabetes,1,0,obese,0,0,28.25
70,female,Other Hispanic,current,prediabetes,1,1,normal,0,0,43.1
70,female,Other Hispanic,current,prediabetes,1,1,underweight,0,0,62.25
70,female,Other Hispanic,current,prediabetes,1,1,overweight,0,0,37.83
70,female,Other Hispanic,current,prediabetes,1,1,obese,0,0,41.59
70,female,Other Hispanic,current,undiagnosed diabetes,0,0,normal,0,0,32
70,female,Other Hispanic,current,undiagnosed diabetes,0,0,underweight,0,0,48.64
70,female,Other Hispanic,current,undiagnosed diabetes,0,0,overweight,0,0,27.75
70,female,Other Hispanic,current,undiagnosed diabetes,0,0,obese,0,0,30.77
70,female,Other Hispanic,current,undiagnosed diabetes,0,1,normal,0,0,46.45
70,female,Other Hispanic,current,undiagnosed diabetes,0,1,underweight,0,0,66.01
70,female,Other Hispanic,current,undiagnosed diabetes,0,1,overweight,0,0,40.93
70,female,Other Hispanic,current,undiagnosed diabetes,0,1,obese,0,0,44.87
70,female,Other Hispanic,current,undiagnosed diabetes,1,0,normal,0,0,38.13
70,female,Other Hispanic,current,undiagnosed diabetes,1,0,underweight,0,0,56.38
70,female,Other Hispanic,current,undiagnosed diabetes,1,0,overweight,0,0,33.29
70,female,Other Hispanic,current,undiagnosed diabetes,1,0,obese,0,0,36.73
70,female,Other Hispanic,current,undiagnosed diabetes,1,1,normal,0,0,54.05
70,female,Other Hispanic,current,undiagnosed diabetes,1,1,underweight,0,0,73.91
70,female,Other Hispanic,current,undiagnosed diabetes,1,1,overweight,0,0,48.08
70,female,Other Hispanic,current,undiagnosed diabetes,1,1,obese,0,0,52.36
70,female,Other Hispanic,current,diagnosed diabetes,0,0,normal,0,0,34.91
70,female,Other Hispanic,current,diagnosed diabetes,0,0,underweight,0,0,52.37
70,female,Other Hispanic,current,diagnosed diabetes,0,0,overweight,0,0,30.36
70,female,Other Hispanic,current,diagnosed diabetes,0,0,obese,0,0,33.59
70,female,Other Hispanic,current,diagnosed diabetes,0,1,normal,0,0,50.11
70,female,Other Hispanic,current,diagnosed diabetes,0,1,underweight,0,0,69.92
70,female,Other Hispanic,current,diagnosed diabetes,0,1,overweight,0,0,44.35
70,female,Other Hispanic,current,diagnosed diabetes,0,1,obese,0,0,48.47
70,female,Other Hispanic,current,diagnosed diabetes,1,0,normal,0,0,41.41
70,female,Other Hispanic,current,diagnosed diabetes,1,0,underweight,0,0,60.29
70,female,Other Hispanic,current,diagnosed diabetes,1,0,overweight,0,0,36.27
70,female,Other Hispanic,current,diagnosed diabetes,1,0,obese,0,0,39.93
70,female,Other Hispanic,current,diagnosed diabetes,1,1,normal,0,0,57.93
70,female,Other Hispanic,current,diagnosed diabetes,1,1,underweight,0,0,77.59
70,female,Other Hispanic,current,diagnosed diabetes,1,1,overweight,0,0,51.8
70,female,Other Hispanic,current,diagnosed diabetes,1,1,obese,0,0,56.2
70,female,Other/Multiracial,never,normal,0,0,normal,0,0,9.66
70,female,Other/Multiracial,never,normal,0,0,underweight,0,0,16.1
70,female,Other/Multiracial,never,normal,0,0,overweight,0,0,8.21
70,female,Other/Multiracial,never,normal,0,0,obese,0,0,9.23
70,female,Other/Multiracial,never,normal,0,1,normal,0,0,15.17
70,female,Other/Multiracial,never,normal,0,1,underweight,0,0,24.75
70,female,Other/Multiracial,never,normal,0,1,overweight,0,0,12.95
70,female,Other/Multiracial,never,normal,0,1,obese,0,0,14.52
70,female,Other/Multiracial,never,normal,1,0,normal,0,0,11.88
70,female,Other/Multiracial,never,normal,1,0,underweight,0,0,19.63
70,female,Other/Multiracial,never,normal,1,0,overweight,0,0,10.11
70,female,Other/Multiracial,never,normal,1,0,obese,0,0,11.36
70,female,Other/Multiracial,never,normal,1,1,normal,0,0,18.53
70,female,Other/Multiracial,never,normal,1,1,underweight,0,0,29.81
70,female,Other/Multiracial,never,normal,1,1,overweight,0,0,15.86
70,female,Other/Multiracial,never,normal,1,1,obese,0,0,17.74
70,female,Other/Multiracial,never,prediabetes,0,0,normal,0,0,9.67
70,female,Other/Multiracial,never,prediabetes,0,0,underweight,0,0,16.11
70,female,Other/Multiracial,never,prediabetes,0,0,overweight,0,0,8.21
70,female,Other/Multiracial,never,prediabetes,0,0,obese,0,0,9.24
70,female,Other/Multiracial,never,prediabetes,0,1,normal,0,0,15.18
70,female,Other/Multiracial,never,prediabetes,0,1,underweight,0,0,24.76
70,female,Other/Multiracial,never,prediabetes,0,1,overweight,0,0,12.96
70,female,Other/Multiracial,never,prediabetes,0,1,obese,0,0,14.53
70,female,Other/Multiracial,never,prediabetes,1,0,normal,0,0,11.89
70,female,Other/Multiracial,never,prediabetes,1,0,underweight,0,0,19.64
70,female,Other/Multiracial,never,prediabetes,1,0,overweight,0,0,10.12
70,female,Other/Multiracial,never,prediabetes,1,0,obese,0,0,11.37
70,female,Other/Multiracial,never,prediabetes,1,1,normal,0,0,18.54
70,female,Other/Multiracial,never,prediabetes,1,1,underweight,0,0,29.83
70,female,Other/Multiracial,never,prediabetes,1,1,overweight,0,0,15.87
70,female,Other/Multiracial,never,prediabetes,1,1,obese,0,0,17.76
70,female,Other/Multiracial,never,undiagnosed diabetes,0,0,normal,0,0,13.08
70,female,Other/Multiracial,never,undiagnosed diabetes,0,0,underweight,0,0,21.52
70,female,Other/Multiracial,never,undiagnosed diabetes,0,0,overweight,0,0,11.15
70,female,Other/Multiracial,never,undiagnosed diabetes,0,0,obese,0,0,12.51
70,female,Other/Multiracial,never,undiagnosed diabetes,0,1,normal,0,0,20.32
70,female,Other/Multiracial,never,undiagnosed diabetes,0,1,underweight,0,0,32.46
70,female,Other/Multiracial,never,undiagnosed diabetes,0,1,overweight,0,0,17.42
70,female,Other/Multiracial,never,undiagnosed diabetes,0,1,obese,0,0,19.47
70,female,Other/Multiracial,never,undiagnosed diabetes,1,0,normal,0,0,16.02
70,female,Other/Multiracial,never,undiagnosed diabetes,1,0,underweight,0,0,26.04
70,female,Other/Multiracial,never,undiagnosed diabetes,1,0,overweight,0,0,13.68
70,female,Other/Multiracial,never,undiagnosed diabetes,1,0,obese,0,0,15.33
70,female,Other/Multiracial,never,undiagnosed diabetes,1,1,normal,0,0,24.63
70,female,Other/Multiracial,never,undiagnosed diabetes,1,1,underweight,0,0,38.65
70,female,Other/Multiracial,never,undiagnosed diabetes,1,1,overweight,0,0,21.21
70,female,Other/Multiracial,never,undiagnosed diabetes,1,1,obese,0,0,23.63
70,female,Other/Multiracial,never,diagnosed diabetes,0,0,normal,0,0,14.45
70,female,Other/Multiracial,never,diagnosed diabetes,0,0,underweight,0,0,23.64
70,female,Other/Multiracial,never,diagnosed diabetes,0,0,overweight,0,0,12.33
70,female,Other/Multiracial,never,diagnosed diabetes,0,0,obese,0,0,13.83
70,female,Other/Multiracial,never,diagnosed diabetes,0,1,normal,0,0,22.34
70,female,Other/Multiracial,never,diagnosed diabetes,0,1,underweight,0,0,35.39
70,female,Other/Multiracial,never,diagnosed diabetes,0,1,overweight,0,0,19.19
70,female,Other/Multiracial,never,diagnosed diabetes,0,1,obese,0,0,21.42
70,female,Other/Multiracial,never,diagnosed diabetes,1,0,normal,0,0,17.66
70,female,Other/Multiracial,never,diagnosed diabetes,1,0,underweight,0,0,28.52
70,female,Other/Multiracial,never,diagnosed diabetes,1,0,overweight,0,0,15.11
70,female,Other/Multiracial,never,diagnosed diabetes,1,0,obese,0,0,16.91
70,female,Other/Multiracial,never,diagnosed diabetes,1,1,normal,0,0,27.01
70,female,Other/Multiracial,never,diagnosed diabetes,1,1,underweight,0,0,41.95
70,female,Other/Multiracial,never,diagnosed diabetes,1,1,overweight,0,0,23.31
70,female,Other/Multiracial,never,diagnosed diabetes,1,1,obese,0,0,25.93
70,female,Other/Multiracial,former,normal,0,0,normal,0,0,11.74
70,female,Other/Multiracial,former,normal,0,0,underweight,0,0,19.41
70,female,Other/Multiracial,former,normal,0,0,overweight,0,0,9.99
70,female,Other/Multiracial,former,normal,0,0,obese,0,0,11.22
70,female,Other/Multiracial,former,normal,0,1,normal,0,0,18.31
70,female,Other/Multiracial,former,normal,0,1,underweight,0,0,29.49
70,female,Other/Multiracial,former,normal,0,1,overweight,0,0,15.67
70,female,Other/Multiracial,former,normal,0,1,obese,0,0,17.54
70,female,Other/Multiracial,former,normal,1,0,normal,0,0,14.4
70,female,Other/Multiracial,former,normal,1,0,underweight,0,0,23.56
70,female,Other/Multiracial,former,normal,1,0,overweight,0,0,12.28
70,female,Other/Multiracial,former,normal,1,0,obese,0,0,13.78
70,female,Other/Multiracial,former,normal,1,1,normal,0,0,22.26
70,female,Other/Multiracial,former,normal,1,1,underweight,0,0,35.28
70,female,Other/Multiracial,former,normal,1,1,overweight,0,0,19.12
70,female,Other/Multiracial,former,normal,1,1,obese,0,0,21.34
70,female,Other/Multiracial,former,prediabetes,0,0,normal,0,0,11.75
70,female,Other/Multiracial,former,prediabetes,0,0,underweight,0,0,19.42
70,female,Other/Multiracial,former,prediabetes,0,0,overweight,0,0,10
70,female,Other/Multiracial,former,prediabetes,0,0,obese,0,0,11.23
70,female,Other/Multiracial,former,prediabetes,0,1,normal,0,0,18.32
70,female,Other/Multiracial,former,prediabetes,0,1,underweight,0,0,29.51
70,female,Other/Multiracial,former,prediabetes,0,1,overweight,0,0,15.69
70,female,Other/Multiracial,former,prediabetes,0,1,obese,0,0,17.55
70,female,Other/Multiracial,former,prediabetes,1,0,normal,0,0,14.41
70,female,Other/Multiracial,former,prediabetes,1,0,underweight,0,0,23.57
70,female,Other/Multiracial,former,prediabetes,1,0,overweight,0,0,12.29
70,female,Other/Multiracial,former,prediabetes,1,0,obese,0,0,13.79
70,female,Other/Multiracial,former,prediabetes,1,1,normal,0,0,22.28
70,female,Other/Multiracial,former,prediabetes,1,1,underweight,0,0,35.3
70,female,Other/Multiracial,former,prediabetes,1,1,overweight,0,0,19.14
70,female,Other/Multiracial,former,prediabetes,1,1,obese,0,0,21.36
70,female,Other/Multiracial,former,undiagnosed diabetes,0,0,normal,0,0,15.83
70,female,Other/Multiracial,former,undiagnosed diabetes,0,0,underweight,0,0,25.75
70,female,Other/Multiracial,former,undiagnosed diabetes,0,0,overweight,0,0,13.52
70,female,Other/Multiracial,former,undiagnosed diabetes,0,0,obese,0,0,15.15
70,female,Other/Multiracial,former,undiagnosed diabetes,0,1,normal,0,0,24.36
70,female,Other/Multiracial,former,undiagnosed diabetes,0,1,underweight,0,0,38.26
70,female,Other/Multiracial,former,undiagnosed diabetes,0,1,overweight,0,0,20.97
70,female,Other/Multiracial,former,undiagnosed diabetes,0,1,obese,0,0,23.37
70,female,Other/Multiracial,former,undiagnosed diabetes,1,0,normal,0,0,19.31
70,female,Other/Multiracial,former,undiagnosed diabetes,1,0,underweight,0,0,30.98
70,female,Other/Multiracial,former,undiagnosed diabetes,1,0,overweight,0,0,16.55
70,female,Other/Multiracial,former,undiagnosed diabetes,1,0,obese,0,0,18.5
70,female,Other/Multiracial,former,undiagnosed diabetes,1,1,normal,0,0,29.36
70,female,Other/Multiracial,former,undiagnosed diabetes,1,1,underweight,0,0,45.15
70,female,Other/Multiracial,former,undiagnosed diabetes,1,1,overweight,0,0,25.4
70,female,Other/Multiracial,former,undiagnosed diabetes,1,1,obese,0,0,28.21
70,female,Other/Multiracial,former,diagnosed diabetes,0,0,normal,0,0,17.46
70,female,Other/Multiracial,former,diagnosed diabetes,0,0,underweight,0,0,28.21
70,female,Other/Multiracial,former,diagnosed diabetes,0,0,overweight,0,0,14.93
70,female,Other/Multiracial,former,diagnosed diabetes,0,0,obese,0,0,16.72
70,female,Other/Multiracial,former,diagnosed diabetes,0,1,normal,0,0,26.71
70,female,Other/Multiracial,former,diagnosed diabetes,0,1,underweight,0,0,41.55
70,female,Other/Multiracial,former,diagnosed diabetes,0,1,overweight,0,0,23.05
70,female,Other/Multiracial,former,diagnosed diabetes,0,1,obese,0,0,25.64
70,female,Other/Multiracial,former,diagnosed diabetes,1,0,normal,0,0,21.25
70,female,Other/Multiracial,former,diagnosed diabetes,1,0,underweight,0,0,33.82
70,female,Other/Multiracial,former,diagnosed diabetes,1,0,overweight,0,0,18.24
70,female,Other/Multiracial,former,diagnosed diabetes,1,0,obese,0,0,20.37
70,female,Other/Multiracial,former,diagnosed diabetes,1,1,normal,0,0,32.09
70,female,Other/Multiracial,former,diagnosed diabetes,1,1,underweight,0,0,48.75
70,female,Other/Multiracial,former,diagnosed diabetes,1,1,overweight,0,0,27.83
70,female,Other/Multiracial,former,diagnosed diabetes,1,1,obese,0,0,30.85
70,female,Other/Multiracial,current,normal,0,0,normal,0,0,22.93
70,female,Other/Multiracial,current,normal,0,0,underweight,0,0,36.24
70,female,Other/Multiracial,current,normal,0,0,overweight,0,0,19.71
70,female,Other/Multiracial,current,normal,0,0,obese,0,0,21.99
70,female,Other/Multiracial,current,normal,0,1,normal,0,0,34.42
70,female,Other/Multiracial,current,normal,0,1,underweight,0,0,51.76
70,female,Other/Multiracial,current,normal,0,1,overweight,0,0,29.93
70,female,Other/Multiracial,current,normal,0,1,obese,0,0,33.12
70,female,Other/Multiracial,current,normal,1,0,normal,0,0,27.7
70,female,Other/Multiracial,current,normal,1,0,underweight,0,0,42.9
70,female,Other/Multiracial,current,normal,1,0,overweight,0,0,23.92
70,female,Other/Multiracial,current,normal,1,0,obese,0,0,26.6
70,female,Other/Multiracial,current,normal,1,1,normal,0,0,40.86
70,female,Other/Multiracial,current,normal,1,1,underweight,0,0,59.65
70,female,Other/Multiracial,current,normal,1,1,overweight,0,0,35.78
70,female,Other/Multiracial,current,normal,1,1,obese,0,0,39.4
70,female,Other/Multiracial,current,prediabetes,0,0,normal,0,0,22.95
70,female,Other/Multiracial,current,prediabetes,0,0,underweight,0,0,36.26
70,female,Other/Multiracial,current,prediabetes,0,0,overweight,0,0,19.73
70,female,Other/Multiracial,current,prediabetes,0,0,obese,0,0,22.01
70,female,Other/Multiracial,current,prediabetes,0,1,normal,0,0,34.44
70,female,Other/Multiracial,current,prediabetes,0,1,underweight,0,0,51.78
70,female,Other/Multiracial,current,prediabetes,0,1,overweight,0,0,29.95
70,female,Other/Multiracial,current,prediabetes,0,1,obese,0,0,33.14
70,female,Other/Multiracial,current,prediabetes,1,0,normal,0,0,27.72
70,female,Other/Multiracial,current,prediabetes,1,0,underweight,0,0,42.92
70,female,Other/Multiracial,current,prediabetes,1,0,overweight,0,0,23.94
70,female,Other/Multiracial,current,prediabetes,1,0,obese,0,0,26.61
70,female,Other/Multiracial,current,prediabetes,1,1,normal,0,0,40.89
70,female,Other/Multiracial,current,prediabetes,1,1,underweight,0,0,59.68
70,female,Other/Multiracial,current,prediabetes,1,1,overweight,0,0,35.8
70,female,Other/Multiracial,current,prediabetes,1,1,obese,0,0,39.42
70,female,Other/Multiracial,current,undiagnosed diabetes,0,0,normal,0,0,30.2
70,female,Other/Multiracial,current,undiagnosed diabetes,0,0,underweight,0,0,46.27
70,female,Other/Multiracial,current,undiagnosed diabetes,0,0,overweight,0,0,26.14
70,female,Other/Multiracial,current,undiagnosed diabetes,0,0,obese,0,0,29.02
70,female,Other/Multiracial,current,undiagnosed diabetes,0,1,normal,0,0,44.14
70,female,Other/Multiracial,current,undiagnosed diabetes,0,1,underweight,0,0,63.44
70,female,Other/Multiracial,current,undiagnosed diabetes,0,1,overweight,0,0,38.79
70,female,Other/Multiracial,current,undiagnosed diabetes,0,1,obese,0,0,42.6
70,female,Other/Multiracial,current,undiagnosed diabetes,1,0,normal,0,0,36.09
70,female,Other/Multiracial,current,undiagnosed diabetes,1,0,underweight,0,0,53.85
70,female,Other/Multiracial,current,undiagnosed diabetes,1,0,overweight,0,0,31.43
70,female,Other/Multiracial,current,undiagnosed diabetes,1,0,obese,0,0,34.74
70,female,Other/Multiracial,current,undiagnosed diabetes,1,1,normal,0,0,51.57
70,female,Other/Multiracial,current,undiagnosed diabetes,1,1,underweight,0,0,71.42
70,female,Other/Multiracial,current,undiagnosed diabetes,1,1,overweight,0,0,45.73
70,female,Other/Multiracial,current,undiagnosed diabetes,1,1,obese,0,0,49.9
70,female,Other/Multiracial,current,diagnosed diabetes,0,0,normal,0,0,32.98
70,female,Other/Multiracial,current,diagnosed diabetes,0,0,underweight,0,0,49.92
70,female,Other/Multiracial,current,diagnosed diabetes,0,0,overweight,0,0,28.64
70,female,Other/Multiracial,current,diagnosed diabetes,0,0,obese,0,0,31.72
70,female,Other/Multiracial,current,diagnosed diabetes,0,1,normal,0,0,47.7
70,female,Other/Multiracial,current,diagnosed diabetes,0,1,underweight,0,0,67.37
70,female,Other/Multiracial,current,diagnosed diabetes,0,1,overweight,0,0,42.1
70,female,Other/Multiracial,current,diagnosed diabetes,0,1,obese,0,0,46.1
70,female,Other/Multiracial,current,diagnosed diabetes,1,0,normal,0,0,39.25
70,female,Other/Multiracial,current,diagnosed diabetes,1,0,underweight,0,0,57.72
70,female,Other/Multiracial,current,diagnosed diabetes,1,0,overweight,0,0,34.3
70,female,Other/Multiracial,current,diagnosed diabetes,1,0,obese,0,0,37.82
70,female,Other/Multiracial,current,diagnosed diabetes,1,1,normal,0,0,55.39
70,female,Other/Multiracial,current,diagnosed diabetes,1,1,underweight,0,0,75.2
70,female,Other/Multiracial,current,diagnosed diabetes,1,1,overweight,0,0,49.36
70,female,Other/Multiracial,current,diagnosed diabetes,1,1,obese,0,0,53.68
80,male,Non-Hispanic White,never,normal,0,0,normal,0,0,39.87
80,male,Non-Hispanic White,never,normal,0,0,underweight,0,0,58.47
80,male,Non-Hispanic White,never,normal,0,0,overweight,0,0,34.87
80,male,Non-Hispanic White,never,normal,0,0,obese,0,0,38.43
80,male,Non-Hispanic White,never,normal,0,1,normal,0,0,56.13
80,male,Non-Hispanic White,never,normal,0,1,underweight,0,0,75.91
80,male,Non-Hispanic White,never,normal,0,1,overweight,0,0,50.07
80,male,Non-Hispanic White,never,normal,0,1,obese,0,0,54.41
80,male,Non-Hispanic White,never,normal,1,0,normal,0,0,46.92
80,male,Non-Hispanic White,never,normal,1,0,underweight,0,0,66.52
80,male,Non-Hispanic White,never,normal,1,0,overweight,0,0,41.37
80,male,Non-Hispanic White,never,normal,1,0,obese,0,0,45.33
80,male,Non-Hispanic White,never,normal,1,1,normal,0,0,64.15
80,male,Non-Hispanic White,never,normal,1,1,underweight,0,0,83.01
80,male,Non-Hispanic White,never,normal,1,1,overweight,0,0,57.88
80,male,Non-Hispanic White,never,normal,1,1,obese,0,0,62.39
80,male,Non-Hispanic White,never,prediabetes,0,0,normal,0,0,39.89
80,male,Non-Hispanic White,never,prediabetes,0,0,underweight,0,0,58.5
80,male,Non-Hispanic White,never,prediabetes,0,0,overweight,0,0,34.89
80,male,Non-Hispanic White,never,prediabetes,0,0,obese,0,0,38.45
80,male,Non-Hispanic White,never,prediabetes,0,1,normal,0,0,56.16
80,male,Non-Hispanic White,never,prediabetes,0,1,underweight,0,0,75.94
80,male,Non-Hispanic White,never,prediabetes,0,1,overweight,0,0,50.09
80,male,Non-Hispanic White,never,prediabetes,0,1,obese,0,0,54.44
80,male,Non-Hispanic White,never,prediabetes,1,0,normal,0,0,46.94
80,male,Non-Hispanic White,never,prediabetes,1,0,underweight,0,0,66.55
80,male,Non-Hispanic White,never,prediabetes,1,0,overweight,0,0,41.39
80,male,Non-Hispanic White,never,prediabetes,1,0,obese,0,0,45.35
80,male,Non-Hispanic White,never,prediabetes,1,1,normal,0,0,64.18
80,male,Non-Hispanic White,never,prediabetes,1,1,underweight,0,0,83.03
80,male,Non-Hispanic White,never,prediabetes,1,1,overweight,0,0,57.91
80,male,Non-Hispanic White,never,prediabetes,1,1,obese,0,0,62.42
80,male,Non-Hispanic White,never,undiagnosed diabetes,0,0,normal,0,0,50.45
80,male,Non-Hispanic White,never,undiagnosed diabetes,0,0,underweight,0,0,70.27
80,male,Non-Hispanic White,never,undiagnosed diabetes,0,0,overweight,0,0,44.67
80,male,Non-Hispanic White,never,undiagnosed diabetes,0,0,obese,0,0,48.8
80,male,Non-Hispanic White,never,undiagnosed diabetes,0,1,normal,0,0,67.93
80,male,Non-Hispanic White,never,undiagnosed diabetes,0,1,underweight,0,0,85.98
80,male,Non-Hispanic White,never,undiagnosed diabetes,0,1,overweight,0,0,61.66
80,male,Non-Hispanic White,never,undiagnosed diabetes,0,1,obese,0,0,66.18
80,male,Non-Hispanic White,never,undiagnosed diabetes,1,0,normal,0,0,58.28
80,male,Non-Hispanic White,never,undiagnosed diabetes,1,0,underweight,0,0,77.92
80,male,Non-Hispanic White,never,undiagnosed diabetes,1,0,overweight,0,0,52.14
80,male,Non-Hispanic White,never,undiagnosed diabetes,1,0,obese,0,0,56.54
80,male,Non-Hispanic White,never,undiagnosed diabetes,1,1,normal,0,0,75.73
80,male,Non-Hispanic White,never,undiagnosed diabetes,1,1,underweight,0,0,91.34
80,male,Non-Hispanic White,never,undiagnosed diabetes,1,1,overweight,0,0,69.68
80,male,Non-Hispanic White,never,undiagnosed diabetes,1,1,obese,0,0,74.07
80,male,Non-Hispanic White,never,diagnosed diabetes,0,0,normal,0,0,54.23
80,male,Non-Hispanic White,never,diagnosed diabetes,0,0,underweight,0,0,74.09
80,male,Non-Hispanic White,never,diagnosed diabetes,0,0,overweight,0,0,48.26
80,male,Non-Hispanic White,never,diagnosed diabetes,0,0,obese,0,0,52.53
80,male,Non-Hispanic White,never,diagnosed diabetes,0,1,normal,0,0,71.8
80,male,Non-Hispanic White,never,diagnosed diabetes,0,1,underweight,0,0,88.78
80,male,Non-Hispanic White,never,diagnosed diabetes,0,1,overweight,0,0,65.6
80,male,Non-Hispanic White,never,diagnosed diabetes,0,1,obese,0,0,70.09
80,male,Non-Hispanic White,never,diagnosed diabetes,1,0,normal,0,0,62.21
80,male,Non-Hispanic White,never,diagnosed diabetes,1,0,underweight,0,0,81.39
80,male,Non-Hispanic White,never,diagnosed diabetes,1,0,overweight,0,0,55.97
80,male,Non-Hispanic White,never,diagnosed diabetes,1,0,obese,0,0,60.46
80,male,Non-Hispanic White,never,diagnosed diabetes,1,1,normal,0,0,79.32
80,male,Non-Hispanic White,never,diagnosed diabetes,1,1,underweight,0,0,93.43
80,male,Non-Hispanic White,never,diagnosed diabetes,1,1,overweight,0,0,73.52
80,male,Non-Hispanic White,never,diagnosed diabetes,1,1,obese,0,0,77.75
80,male,Non-Hispanic White,former,normal,0,0,normal,0,0,46.49
80,male,Non-Hispanic White,former,normal,0,0,underweight,0,0,66.05
80,male,Non-Hispanic White,former,normal,0,0,overweight,0,0,40.96
80,male,Non-Hispanic White,former,normal,0,0,obese,0,0,44.9
80,male,Non-Hispanic White,former,normal,0,1,normal,0,0,63.68
80,male,Non-Hispanic White,former,normal,0,1,underweight,0,0,82.62
80,male,Non-Hispanic White,former,normal,0,1,overweight,0,0,57.41
80,male,Non-Hispanic White,former,normal,0,1,obese,0,0,61.92
80,male,Non-Hispanic White,former,normal,1,0,normal,0,0,54.09
80,male,Non-Hispanic White,former,normal,1,0,underweight,0,0,73.94
80,male,Non-Hispanic White,former,normal,1,0,overweight,0,0,48.12
80,male,Non-Hispanic White,former,normal,1,0,obese,0,0,52.39
80,male,Non-Hispanic White,former,normal,1,1,normal,0,0,71.66
80,male,Non-Hispanic White,former,normal,1,1,underweight,0,0,88.68
80,male,Non-Hispanic White,former,normal,1,1,overweight,0,0,65.45
80,male,Non-Hispanic White,former,normal,1,1,obese,0,0,69.94
80,male,Non-Hispanic White,former,prediabetes,0,0,normal,0,0,46.51
80,male,Non-Hispanic White,former,prediabetes,0,0,underweight,0,0,66.08
80,male,Non-Hispanic White,former,prediabetes,0,0,overweight,0,0,40.99
80,male,Non-Hispanic White,former,prediabetes,0,0,obese,0,0,44.93
80,male,Non-Hispanic White,former,prediabetes,0,1,normal,0,0,63.7
80,male,Non-Hispanic White,former,prediabetes,0,1,underweight,0,0,82.64
80,male,Non-Hispanic White,former,prediabetes,0,1,overweight,0,0,57.44
80,male,Non-Hispanic White,former,prediabetes,0,1,obese,0,0,61.95
80,male,Non-Hispanic White,former,prediabetes,1,0,normal,0,0,54.12
80,male,Non-Hispanic White,former,prediabetes,1,0,underweight,0,0,73.97
80,male,Non-Hispanic White,former,prediabetes,1,0,overweight,0,0,48.14
80,male,Non-Hispanic White,former,prediabetes,1,0,obese,0,0,52.42
80,male,Non-Hispanic White,former,prediabetes,1,1,normal,0,0,71.69
80,male,Non-Hispanic White,former,prediabetes,1,1,underweight,0,0,88.7
80,male,Non-Hispanic White,former,prediabetes,1,1,overweight,0,0,65.48
80,male,Non-Hispanic White,former,prediabetes,1,1,obese,0,0,69.97
80,male,Non-Hispanic White,former,undiagnosed diabetes,0,0,normal,0,0,57.81
80,male,Non-Hispanic White,former,undiagnosed diabetes,0,0,underweight,0,0,77.48
80,male,Non-Hispanic White,former,undiagnosed diabetes,0,0,overweight,0,0,51.68
80,male,Non-Hispanic White,former,undiagnosed diabetes,0,0,obese,0,0,56.08
80,male,Non-Hispanic White,former,undiagnosed diabetes,0,1,normal,0,0,75.28
80,male,Non-Hispanic White,former,undiagnosed diabetes,0,1,underweight,0,0,91.06
80,male,Non-Hispanic White,former,undiagnosed diabetes,0,1,overweight,0,0,69.22
80,male,Non-Hispanic White,former,undiagnosed diabetes,0,1,obese,0,0,73.62
80,male,Non-Hispanic White,former,undiagnosed diabetes,1,0,normal,0,0,65.85
80,male,Non-Hispanic White,former,undiagnosed diabetes,1,0,underweight,0,0,84.38
80,male,Non-Hispanic White,former,undiagnosed diabetes,1,0,overweight,0,0,59.57
80,male,Non-Hispanic White,former,undiagnosed diabetes,1,0,obese,0,0,64.1
80,male,Non-Hispanic White,former,undiagnosed diabetes,1,1,normal,0,0,82.45
80,male,Non-Hispanic White,former,undiagnosed diabetes,1,1,underweight,0,0,95.05
80,male,Non-Hispanic White,former,undiagnosed diabetes,1,1,overweight,0,0,76.94
80,male,Non-Hispanic White,former,undiagnosed diabetes,1,1,obese,0,0,80.97
80,male,Non-Hispanic White,former,diagnosed diabetes,0,0,normal,0,0,61.74
80,male,Non-Hispanic White,former,diagnosed diabetes,0,0,underweight,0,0,80.98
80,male,Non-Hispanic White,former,diagnosed diabetes,0,0,overweight,0,0,55.5
80,male,Non-Hispanic White,former,diagnosed diabetes,0,0,obese,0,0,59.98
80,male,Non-Hispanic White,former,diagnosed diabetes,0,1,normal,0,0,78.9
80,male,Non-Hispanic White,former,diagnosed diabetes,0,1,underweight,0,0,93.2
80,male,Non-Hispanic White,former,diagnosed diabetes,0,1,overweight,0,0,73.06
80,male,Non-Hispanic White,former,diagnosed diabetes,0,1,obese,0,0,77.32
80,male,Non-Hispanic White,former,diagnosed diabetes,1,0,normal,0,0,69.76
80,male,Non-Hispanic White,former,diagnosed diabetes,1,0,underweight,0,0,87.34
80,male,Non-Hispanic White,former,diagnosed diabetes,1,0,overweight,0,0,63.51
80,male,Non-Hispanic White,former,diagnosed diabetes,1,0,obese,0,0,68.03
80,male,Non-Hispanic White,former,diagnosed diabetes,1,1,normal,0,0,85.59
80,male,Non-Hispanic White,former,diagnosed diabetes,1,1,underweight,0,0,96.48
80,male,Non-Hispanic White,former,diagnosed diabetes,1,1,overweight,0,0,80.47
80,male,Non-Hispanic White,former,diagnosed diabetes,1,1,obese,0,0,84.23
80,male,Non-Hispanic White,current,normal,0,0,normal,0,0,72.86
80,male,Non-Hispanic White,current,normal,0,0,underweight,0,0,89.5
80,male,Non-Hispanic White,current,normal,0,0,overweight,0,0,66.69
80,male,Non-Hispanic White,current,normal,0,0,obese,0,0,71.16
80,male,Non-Hispanic White,current,normal,0,1,normal,0,0,87.91
80,male,Non-Hispanic White,current,normal,0,1,underweight,0,0,97.4
80,male,Non-Hispanic White,current,normal,0,1,overweight,0,0,83.15
80,male,Non-Hispanic White,current,normal,0,1,obese,0,0,86.65
80,male,Non-Hispanic White,current,normal,1,0,normal,0,0,80.29
80,male,Non-Hispanic White,current,normal,1,0,underweight,0,0,93.95
80,male,Non-Hispanic White,current,normal,1,0,overweight,0,0,74.56
80,male,Non-Hispanic White,current,normal,1,0,obese,0,0,78.74
80,male,Non-Hispanic White,current,normal,1,1,normal,0,0,92.79
80,male,Non-Hispanic White,current,normal,1,1,underweight,0,0,98.94
80,male,Non-Hispanic White,current,normal,1,1,overweight,0,0,89.11
80,male,Non-Hispanic White,current,normal,1,1,obese,0,0,91.85
80,male,Non-Hispanic White,current,prediabetes,0,0,normal,0,0,72.89
80,male,Non-Hispanic White,current,prediabetes,0,0,underweight,0,0,89.51
80,male,Non-Hispanic White,current,prediabetes,0,0,overweight,0,0,66.72
80,male,Non-Hispanic White,current,prediabetes,0,0,obese,0,0,71.19
80,male,Non-Hispanic White,current,prediabetes,0,1,normal,0,0,87.93
80,male,Non-Hispanic White,current,prediabetes,0,1,underweight,0,0,97.41
80,male,Non-Hispanic White,current,prediabetes,0,1,overweight,0,0,83.17
80,male,Non-Hispanic White,current,prediabetes,0,1,obese,0,0,86.68
80,male,Non-Hispanic White,current,prediabetes,1,0,normal,0,0,80.31
80,male,Non-Hispanic White,current,prediabetes,1,0,underweight,0,0,93.97
80,male,Non-Hispanic White,current,prediabetes,1,0,overweight,0,0,74.59
80,male,Non-Hispanic White,current,prediabetes,1,0,obese,0,0,78.76
80,male,Non-Hispanic White,current,prediabetes,1,1,normal,0,0,92.81
80,male,Non-Hispanic White,current,prediabetes,1,1,underweight,0,0,98.94
80,male,Non-Hispanic White,current,prediabetes,1,1,overweight,0,0,89.13
80,male,Non-Hispanic White,current,prediabetes,1,1,obese,0,0,91.87
80,male,Non-Hispanic White,current,undiagnosed diabetes,0,0,normal,0,0,83.47
80,male,Non-Hispanic White,current,undiagnosed diabetes,0,0,underweight,0,0,95.54
80,male,Non-Hispanic White,current,undiagnosed diabetes,0,0,overweight,0,0,78.07
80,male,Non-Hispanic White,current,undiagnosed diabetes,0,0,obese,0,0,82.03
80,male,Non-Hispanic White,current,undiagnosed diabetes,0,1,normal,0,0,94.58
80,male,Non-Hispanic White,current,undiagnosed diabetes,0,1,underweight,0,0,99.35
80,male,Non-Hispanic White,current,undiagnosed diabetes,0,1,overweight,0,0,91.44
80,male,Non-Hispanic White,current,undiagnosed diabetes,0,1,obese,0,0,93.79
80,male,Non-Hispanic White,current,undiagnosed diabetes,1,0,normal,0,0,89.37
80,male,Non-Hispanic White,current,undiagnosed diabetes,1,0,underweight,0,0,97.92
80,male,Non-Hispanic White,current,undiagnosed diabetes,1,0,overweight,0,0,84.88
80,male,Non-Hispanic White,current,undiagnosed diabetes,1,0,obese,0,0,88.2
80,male,Non-Hispanic White,current,undiagnosed diabetes,1,1,normal,0,0,97.35
80,male,Non-Hispanic White,current,undiagnosed diabetes,1,1,underweight,0,0,99.81
80,male,Non-Hispanic White,current,undiagnosed diabetes,1,1,overweight,0,0,95.31
80,male,Non-Hispanic White,current,undiagnosed diabetes,1,1,obese,0,0,96.86
80,male,Non-Hispanic White,current,diagnosed diabetes,0,0,normal,0,0,86.52
80,male,Non-Hispanic White,current,diagnosed diabetes,0,0,underweight,0,0,96.86
80,male,Non-Hispanic White,current,diagnosed diabetes,0,0,overweight,0,0,81.53
80,male,Non-Hispanic White,current,diagnosed diabetes,0,0,obese,0,0,85.2
80,male,Non-Hispanic White,current,diagnosed diabetes,0,1,normal,0,0,96.11
80,male,Non-Hispanic White,current,diagnosed diabetes,0,1,underweight,0,0,99.63
80,male,Non-Hispanic White,current,diagnosed diabetes,0,1,overweight,0,0,93.52
80,male,Non-Hispanic White,current,diagnosed diabetes,0,1,obese,0,0,95.47
80,male,Non-Hispanic White,current,diagnosed diabetes,1,0,normal,0,0,91.75
80,male,Non-Hispanic White,current,diagnosed diabetes,1,0,underweight,0,0,98.66
80,male,Non-Hispanic White,current,diagnosed diabetes,1,0,overweight,0,0,87.79
80,male,Non-Hispanic White,current,diagnosed diabetes,1,0,obese,0,0,90.73
80,male,Non-Hispanic White,current,diagnosed diabetes,1,1,normal,0,0,98.24
80,male,Non-Hispanic White,current,diagnosed diabetes,1,1,underweight,0,0,99.91
80,male,Non-Hispanic White,current,diagnosed diabetes,1,1,overweight,0,0,96.68
80,male,Non-Hispanic White,current,diagnosed diabetes,1,1,obese,0,0,97.88
80,male,Non-Hispanic Black,never,normal,0,0,normal,0,0,42.48
80,male,Non-Hispanic Black,never,normal,0,0,underweight,0,0,61.54
80,male,Non-Hispanic Black,never,normal,0,0,overweight,0,0,37.26
80,male,Non-Hispanic Black,never,normal,0,0,obese,0,0,40.98
80,male,Non-Hispanic Black,never,normal,0,1,normal,0,0,59.17
80,male,Non-Hispanic Black,never,normal,0,1,underweight,0,0,78.72
80,male,Non-Hispanic Black,never,normal,0,1,overweight,0,0,53
80,male,Non-Hispanic Black,never,normal,0,1,obese,0,0,57.43
80,male,Non-Hispanic Black,never,normal,1,0,normal,0,0,49.77
80,male,Non-Hispanic Black,never,normal,1,0,underweight,0,0,69.57
80,male,Non-Hispanic Black,never,normal,1,0,overweight,0,0,44.03
80,male,Non-Hispanic Black,never,normal,1,0,obese,0,0,48.13
80,male,Non-Hispanic Black,never,normal,1,1,normal,0,0,67.22
80,male,Non-Hispanic Black,never,normal,1,1,underweight,0,0,85.44
80,male,Non-Hispanic Black,never,normal,1,1,overweight,0,0,60.94
80,male,Non-Hispanic Black,never,normal,1,1,obese,0,0,65.47
80,male,Non-Hispanic Black,never,prediabetes,0,0,normal,0,0,42.5
80,male,Non-Hispanic Black,never,prediabetes,0,0,underweight,0,0,61.57
80,male,Non-Hispanic Black,never,prediabetes,0,0,overweight,0,0,37.28
80,male,Non-Hispanic Black,never,prediabetes,0,0,obese,0,0,41
80,male,Non-Hispanic Black,never,prediabetes,0,1,normal,0,0,59.2
80,male,Non-Hispanic Black,never,prediabetes,0,1,underweight,0,0,78.75
80,male,Non-Hispanic Black,never,prediabetes,0,1,overweight,0,0,53.03
80,male,Non-Hispanic Black,never,prediabetes,0,1,obese,0,0,57.46
80,male,Non-Hispanic Black,never,prediabetes,1,0,normal,0,0,49.8
80,male,Non-Hispanic Black,never,prediabetes,1,0,underweight,0,0,69.59
80,male,Non-Hispanic Black,never,prediabetes,1,0,overweight,0,0,44.06
80,male,Non-Hispanic Black,never,prediabetes,1,0,obese,0,0,48.16
80,male,Non-Hispanic Black,never,prediabetes,1,1,normal,0,0,67.24
80,male,Non-Hispanic Black,never,prediabetes,1,1,underweight,0,0,85.46
80,male,Non-Hispanic Black,never,prediabetes,1,1,overweight,0,0,60.97
80,male,Non-Hispanic Black,never,prediabetes,1,1,obese,0,0,65.5
80,male,Non-Hispanic Black,never,undiagnosed diabetes,0,0,normal,0,0,53.39
80,male,Non-Hispanic Black,never,undiagnosed diabetes,0,0,underweight,0,0,73.25
80,male,Non-Hispanic Black,never,undiagnosed diabetes,0,0,overweight,0,0,47.45
80,male,Non-Hispanic Black,never,undiagnosed diabetes,0,0,obese,0,0,51.7
80,male,Non-Hispanic Black,never,undiagnosed diabetes,0,1,normal,0,0,70.96
80,male,Non-Hispanic Black,never,undiagnosed diabetes,0,1,underweight,0,0,88.19
80,male,Non-Hispanic Black,never,undiagnosed diabetes,0,1,overweight,0,0,64.73
80,male,Non-Hispanic Black,never,undiagnosed diabetes,0,1,obese,0,0,69.23
80,male,Non-Hispanic Black,never,undiagnosed diabetes,1,0,normal,0,0,61.34
80,male,Non-Hispanic Black,never,undiagnosed diabetes,1,0,underweight,0,0,80.64
80,male,Non-Hispanic Black,never,undiagnosed diabetes,1,0,overweight,0,0,55.12
80,male,Non-Hispanic Black,never,undiagnosed diabetes,1,0,obese,0,0,59.59
80,male,Non-Hispanic Black,never,undiagnosed diabetes,1,1,normal,0,0,78.55
80,male,Non-Hispanic Black,never,undiagnosed diabetes,1,1,underweight,0,0,93
80,male,Non-Hispanic Black,never,undiagnosed diabetes,1,1,overweight,0,0,72.68
80,male,Non-Hispanic Black,never,undiagnosed diabetes,1,1,obese,0,0,76.95
80,male,Non-Hispanic Black,never,diagnosed diabetes,0,0,normal,0,0,57.25
80,male,Non-Hispanic Black,never,diagnosed diabetes,0,0,underweight,0,0,76.96
80,male,Non-Hispanic Black,never,diagnosed diabetes,0,0,overweight,0,0,51.14
80,male,Non-Hispanic Black,never,diagnosed diabetes,0,0,obese,0,0,55.52
80,male,Non-Hispanic Black,never,diagnosed diabetes,0,1,normal,0,0,74.75
80,male,Non-Hispanic Black,never,diagnosed diabetes,0,1,underweight,0,0,90.73
80,male,Non-Hispanic Black,never,diagnosed diabetes,0,1,overweight,0,0,68.66
80,male,Non-Hispanic Black,never,diagnosed diabetes,0,1,obese,0,0,73.08
80,male,Non-Hispanic Black,never,diagnosed diabetes,1,0,normal,0,0,65.28
80,male,Non-Hispanic Black,never,diagnosed diabetes,1,0,underweight,0,0,83.92
80,male,Non-Hispanic Black,never,diagnosed diabetes,1,0,overweight,0,0,59.01
80,male,Non-Hispanic Black,never,diagnosed diabetes,1,0,obese,0,0,63.53
80,male,Non-Hispanic Black,never,diagnosed diabetes,1,1,normal,0,0,81.98
80,male,Non-Hispanic Black,never,diagnosed diabetes,1,1,underweight,0,0,94.82
80,male,Non-Hispanic Black,never,diagnosed diabetes,1,1,overweight,0,0,76.41
80,male,Non-Hispanic Black,never,diagnosed diabetes,1,1,obese,0,0,80.48
80,male,Non-Hispanic Black,former,normal,0,0,normal,0,0,49.33
80,male,Non-Hispanic Black,former,normal,0,0,underweight,0,0,69.1
80,male,Non-Hispanic Black,former,normal,0,0,overweight,0,0,43.62
80,male,Non-Hispanic Black,former,normal,0,0,obese,0,0,47.69
80,male,Non-Hispanic Black,former,normal,0,1,normal,0,0,66.75
80,male,Non-Hispanic Black,former,normal,0,1,underweight,0,0,85.08
80,male,Non-Hispanic Black,former,normal,0,1,overweight,0,0,60.47
80,male,Non-Hispanic Black,former,normal,0,1,obese,0,0,64.99
80,male,Non-Hispanic Black,former,normal,1,0,normal,0,0,57.1
80,male,Non-Hispanic Black,former,normal,1,0,underweight,0,0,76.83
80,male,Non-Hispanic Black,former,normal,1,0,overweight,0,0,51
80,male,Non-Hispanic Black,former,normal,1,0,obese,0,0,55.37
80,male,Non-Hispanic Black,former,normal,1,1,normal,0,0,74.61
80,male,Non-Hispanic Black,former,normal,1,1,underweight,0,0,90.64
80,male,Non-Hispanic Black,former,normal,1,1,overweight,0,0,68.51
80,male,Non-Hispanic Black,former,normal,1,1,obese,0,0,72.93
80,male,Non-Hispanic Black,former,prediabetes,0,0,normal,0,0,49.35
80,male,Non-Hispanic Black,former,prediabetes,0,0,underweight,0,0,69.13
80,male,Non-Hispanic Black,former,prediabetes,0,0,overweight,0,0,43.64
80,male,Non-Hispanic Black,former,prediabetes,0,0,obese,0,0,47.72
80,male,Non-Hispanic Black,former,prediabetes,0,1,normal,0,0,66.77
80,male,Non-Hispanic Black,former,prediabetes,0,1,underweight,0,0,85.1
80,male,Non-Hispanic Black,former,prediabetes,0,1,overweight,0,0,60.5
80,male,Non-Hispanic Black,former,prediabetes,0,1,obese,0,0,65.02
80,male,Non-Hispanic Black,former,prediabetes,1,0,normal,0,0,57.13
80,male,Non-Hispanic Black,former,prediabetes,1,0,underweight,0,0,76.85
80,male,Non-Hispanic Black,former,prediabetes,1,0,overweight,0,0,51.03
80,male,Non-Hispanic Black,former,prediabetes,1,0,obese,0,0,55.4
80,male,Non-Hispanic Black,former,prediabetes,1,1,normal,0,0,74.64
80,male,Non-Hispanic Black,former,prediabetes,1,1,underweight,0,0,90.65
80,male,Non-Hispanic Black,former,prediabetes,1,1,overweight,0,0,68.54
80,male,Non-Hispanic Black,former,prediabetes,1,1,obese,0,0,72.96
80,male,Non-Hispanic Black,former,undiagnosed diabetes,0,0,normal,0,0,60.87
80,male,Non-Hispanic Black,former,undiagnosed diabetes,0,0,underweight,0,0,80.23
80,male,Non-Hispanic Black,former,undiagnosed diabetes,0,0,overweight,0,0,54.65
80,male,Non-Hispanic Black,former,undiagnosed diabetes,0,0,obese,0,0,59.12
80,male,Non-Hispanic Black,former,undiagnosed diabetes,0,1,normal,0,0,78.12
80,male,Non-Hispanic Black,former,undiagnosed diabetes,0,1,underweight,0,0,92.76
80,male,Non-Hispanic Black,former,undiagnosed diabetes,0,1,overweight,0,0,72.22
80,male,Non-Hispanic Black,former,undiagnosed diabetes,0,1,obese,0,0,76.51
80,male,Non-Hispanic Black,former,undiagnosed diabetes,1,0,normal,0,0,68.9
80,male,Non-Hispanic Black,former,undiagnosed diabetes,1,0,underweight,0,0,86.71
80,male,Non-Hispanic Black,former,undiagnosed diabetes,1,0,overweight,0,0,62.64
80,male,Non-Hispanic Black,former,undiagnosed diabetes,1,0,obese,0,0,67.16
80,male,Non-Hispanic Black,former,undiagnosed diabetes,1,1,normal,0,0,84.92
80,male,Non-Hispanic Black,former,undiagnosed diabetes,1,1,underweight,0,0,96.19
80,male,Non-Hispanic Black,former,undiagnosed diabetes,1,1,overweight,0,0,79.71
80,male,Non-Hispanic Black,former,undiagnosed diabetes,1,1,obese,0,0,83.53
80,male,Non-Hispanic Black,former,diagnosed diabetes,0,0,normal,0,0,64.81
80,male,Non-Hispanic Black,former,diagnosed diabetes,0,0,underweight,0,0,83.54
80,male,Non-Hispanic Black,former,diagnosed diabetes,0,0,overweight,0,0,58.54
80,male,Non-Hispanic Black,former,diagnosed diabetes,0,0,obese,0,0,63.06
80,male,Non-Hispanic Black,former,diagnosed diabetes,0,1,normal,0,0,81.58
80,male,Non-Hispanic Black,former,diagnosed diabetes,0,1,underweight,0,0,94.62
80,male,Non-Hispanic Black,former,diagnosed diabetes,0,1,overweight,0,0,75.97
80,male,Non-Hispanic Black,former,diagnosed diabetes,0,1,obese,0,0,80.07
80,male,Non-Hispanic Black,former,diagnosed diabetes,1,0,normal,0,0,72.76
80,male,Non-Hispanic Black,former,diagnosed diabetes,1,0,underweight,0,0,89.43
80,male,Non-Hispanic Black,former,diagnosed diabetes,1,0,overweight,0,0,66.58
80,male,Non-Hispanic Black,former,diagnosed diabetes,1,0,obese,0,0,71.05
80,male,Non-Hispanic Black,former,diagnosed diabetes,1,1,normal,0,0,87.83
80,male,Non-Hispanic Black,former,diagnosed diabetes,1,1,underweight,0,0,97.37
80,male,Non-Hispanic Black,former,diagnosed diabetes,1,1,overweight,0,0,83.06
80,male,Non-Hispanic Black,former,diagnosed diabetes,1,1,obese,0,0,86.57
80,male,Non-Hispanic Black,current,normal,0,0,normal,0,0,75.78
80,male,Non-Hispanic Black,current,normal,0,0,underweight,0,0,91.37
80,male,Non-Hispanic Black,current,normal,0,0,overweight,0,0,69.74
80,male,Non-Hispanic Black,current,normal,0,0,obese,0,0,74.12
80,male,Non-Hispanic Black,current,normal,0,1,normal,0,0,89.94
80,male,Non-Hispanic Black,current,normal,0,1,underweight,0,0,98.11
80,male,Non-Hispanic Black,current,normal,0,1,overweight,0,0,85.57
80,male,Non-Hispanic Black,current,normal,0,1,obese,0,0,88.8
80,male,Non-Hispanic Black,current,normal,1,0,normal,0,0,82.89
80,male,Non-Hispanic Black,current,normal,1,0,underweight,0,0,95.26
80,male,Non-Hispanic Black,current,normal,1,0,overweight,0,0,77.42
80,male,Non-Hispanic Black,current,normal,1,0,obese,0,0,81.42
80,male,Non-Hispanic Black,current,normal,1,1,normal,0,0,94.27
80,male,Non-Hispanic Black,current,normal,1,1,underweight,0,0,99.28
80,male,Non-Hispanic Black,current,normal,1,1,overweight,0,0,91.02
80,male,Non-Hispanic Black,current,normal,1,1,obese,0,0,93.45
80,male,Non-Hispanic Black,current,prediabetes,0,0,normal,0,0,75.81
80,male,Non-Hispanic Black,current,prediabetes,0,0,underweight,0,0,91.39
80,male,Non-Hispanic Black,current,prediabetes,0,0,overweight,0,0,69.76
80,male,Non-Hispanic Black,current,prediabetes,0,0,obese,0,0,74.15
80,male,Non-Hispanic Black,current,prediabetes,0,1,normal,0,0,89.96
80,male,Non-Hispanic Black,current,prediabetes,0,1,underweight,0,0,98.11
80,male,Non-Hispanic Black,current,prediabetes,0,1,overweight,0,0,85.59
80,male,Non-Hispanic Black,current,prediabetes,0,1,obese,0,0,88.82
80,male,Non-Hispanic Black,current,prediabetes,1,0,normal,0,0,82.91
80,male,Non-Hispanic Black,current,prediabetes,1,0,underweight,0,0,95.28
80,male,Non-Hispanic Black,current,prediabetes,1,0,overweight,0,0,77.45
80,male,Non-Hispanic Black,current,prediabetes,1,0,obese,0,0,81.44
80,male,Non-Hispanic Black,current,prediabetes,1,1,normal,0,0,94.28
80,male,Non-Hispanic Black,current,prediabetes,1,1,underweight,0,0,99.29
80,male,Non-Hispanic Black,current,prediabetes,1,1,overweight,0,0,91.04
80,male,Non-Hispanic Black,current,prediabetes,1,1,obese,0,0,93.47
80,male,Non-Hispanic Black,current,undiagnosed diabetes,0,0,normal,0,0,85.87
80,male,Non-Hispanic Black,current,undiagnosed diabetes,0,0,underweight,0,0,96.6
80,male,Non-Hispanic Black,current,undiagnosed diabetes,0,0,overweight,0,0,80.79
80,male,Non-Hispanic Black,current,undiagnosed diabetes,0,0,obese,0,0,84.52
80,male,Non-Hispanic Black,current,undiagnosed diabetes,0,1,normal,0,0,95.8
80,male,Non-Hispanic Black,current,undiagnosed diabetes,0,1,underweight,0,0,99.58
80,male,Non-Hispanic Black,current,undiagnosed diabetes,0,1,overweight,0,0,93.09
80,male,Non-Hispanic Black,current,undiagnosed diabetes,0,1,obese,0,0,95.13
80,male,Non-Hispanic Black,current,undiagnosed diabetes,1,0,normal,0,0,91.26
80,male,Non-Hispanic Black,current,undiagnosed diabetes,1,0,underweight,0,0,98.52
80,male,Non-Hispanic Black,current,undiagnosed diabetes,1,0,overweight,0,0,87.18
80,male,Non-Hispanic Black,current,undiagnosed diabetes,1,0,obese,0,0,90.2
80,male,Non-Hispanic Black,current,undiagnosed diabetes,1,1,normal,0,0,98.07
80,male,Non-Hispanic Black,current,undiagnosed diabetes,1,1,underweight,0,0,99.89
80,male,Non-Hispanic Black,current,undiagnosed diabetes,1,1,overweight,0,0,96.41
80,male,Non-Hispanic Black,current,undiagnosed diabetes,1,1,obese,0,0,97.68
80,male,Non-Hispanic Black,current,diagnosed diabetes,0,0,normal,0,0,88.68
80,male,Non-Hispanic Black,current,diagnosed diabetes,0,0,underweight,0,0,97.68
80,male,Non-Hispanic Black,current,diagnosed diabetes,0,0,overweight,0,0,84.06
80,male,Non-Hispanic Black,current,diagnosed diabetes,0,0,obese,0,0,87.47
80,male,Non-Hispanic Black,current,diagnosed diabetes,0,1,normal,0,0,97.07
80,male,Non-Hispanic Black,current,diagnosed diabetes,0,1,underweight,0,0,99.78
80,male,Non-Hispanic Black,current,diagnosed diabetes,0,1,overweight,0,0,94.89
80,male,Non-Hispanic Black,current,diagnosed diabetes,0,1,obese,0,0,96.54
80,male,Non-Hispanic Black,current,diagnosed diabetes,1,0,normal,0,0,93.36
80,male,Non-Hispanic Black,current,diagnosed diabetes,1,0,underweight,0,0,99.08
80,male,Non-Hispanic Black,current,diagnosed diabetes,1,0,overweight,0,0,89.84
80,male,Non-Hispanic Black,current,diagnosed diabetes,1,0,obese,0,0,92.47
80,male,Non-Hispanic Black,current,diagnosed diabetes,1,1,normal,0,0,98.76
80,male,Non-Hispanic Black,current,diagnosed diabetes,1,1,underweight,0,0,99.95
80,male,Non-Hispanic Black,current,diagnosed diabetes,1,1,overweight,0,0,97.54
80,male,Non-Hispanic Black,current,diagnosed diabetes,1,1,obese,0,0,98.48
80,male,Mexican American,never,normal,0,0,normal,0,0,35.01
80,male,Mexican American,never,normal,0,0,underweight,0,0,52.5
80,male,Mexican American,never,normal,0,0,overweight,0,0,30.46
80,male,Mexican American,never,normal,0,0,obese,0,0,33.69
80,male,Mexican American,never,normal,0,1,normal,0,0,50.24
80,male,Mexican American,never,normal,0,1,underweight,0,0,70.06
80,male,Mexican American,never,normal,0,1,overweight,0,0,44.48
80,male,Mexican American,never,normal,0,1,obese,0,0,48.6
80,male,Mexican American,never,normal,1,0,normal,0,0,41.52
80,male,Mexican American,never,normal,1,0,underweight,0,0,60.43
80,male,Mexican American,never,normal,1,0,overweight,0,0,36.38
80,male,Mexican American,never,normal,1,0,obese,0,0,40.04
80,male,Mexican American,never,normal,1,1,normal,0,0,58.06
80,male,Mexican American,never,normal,1,1,underweight,0,0,77.72
80,male,Mexican American,never,normal,1,1,overweight,0,0,51.93
80,male,Mexican American,never,normal,1,1,obese,0,0,56.33
80,male,Mexican American,never,prediabetes,0,0,normal,0,0,35.03
80,male,Mexican American,never,prediabetes,0,0,underweight,0,0,52.53
80,male,Mexican American,never,prediabetes,0,0,overweight,0,0,30.48
80,male,Mexican American,never,prediabetes,0,0,obese,0,0,33.71
80,male,Mexican American,never,prediabetes,0,1,normal,0,0,50.27
80,male,Mexican American,never,prediabetes,0,1,underweight,0,0,70.09
80,male,Mexican American,never,prediabetes,0,1,overweight,0,0,44.5
80,male,Mexican American,never,prediabetes,0,1,obese,0,0,48.62
80,male,Mexican American,never,prediabetes,1,0,normal,0,0,41.55
80,male,Mexican American,never,prediabetes,1,0,underweight,0,0,60.45
80,male,Mexican American,never,prediabetes,1,0,overweight,0,0,36.4
80,male,Mexican American,never,prediabetes,1,0,obese,0,0,40.07
80,male,Mexican American,never,prediabetes,1,1,normal,0,0,58.09
80,male,Mexican American,never,prediabetes,1,1,underweight,0,0,77.74
80,male,Mexican American,never,prediabetes,1,1,overweight,0,0,51.96
80,male,Mexican American,never,prediabetes,1,1,obese,0,0,56.36
80,male,Mexican American,never,undiagnosed diabetes,0,0,normal,0,0,44.83
80,male,Mexican American,never,undiagnosed diabetes,0,0,underweight,0,0,64.21
80,male,Mexican American,never,undiagnosed diabetes,0,0,overweight,0,0,39.43
80,male,Mexican American,never,undiagnosed diabetes,0,0,obese,0,0,43.28
80,male,Mexican American,never,undiagnosed diabetes,0,1,normal,0,0,61.84
80,male,Mexican American,never,undiagnosed diabetes,0,1,underweight,0,0,81.07
80,male,Mexican American,never,undiagnosed diabetes,0,1,overweight,0,0,55.61
80,male,Mexican American,never,undiagnosed diabetes,0,1,obese,0,0,60.09
80,male,Mexican American,never,undiagnosed diabetes,1,0,normal,0,0,52.31
80,male,Mexican American,never,undiagnosed diabetes,1,0,underweight,0,0,72.18
80,male,Mexican American,never,undiagnosed diabetes,1,0,overweight,0,0,46.43
80,male,Mexican American,never,undiagnosed diabetes,1,0,obese,0,0,50.64
80,male,Mexican American,never,undiagnosed diabetes,1,1,normal,0,0,69.86
80,male,Mexican American,never,undiagnosed diabetes,1,1,underweight,0,0,87.41
80,male,Mexican American,never,undiagnosed diabetes,1,1,overweight,0,0,63.62
80,male,Mexican American,never,undiagnosed diabetes,1,1,obese,0,0,68.13
80,male,Mexican American,never,diagnosed diabetes,0,0,normal,0,0,48.43
80,male,Mexican American,never,diagnosed diabetes,0,0,underweight,0,0,68.15
80,male,Mexican American,never,diagnosed diabetes,0,0,overweight,0,0,42.77
80,male,Mexican American,never,diagnosed diabetes,0,0,obese,0,0,46.81
80,male,Mexican American,never,diagnosed diabetes,0,1,normal,0,0,65.78
80,male,Mexican American,never,diagnosed diabetes,0,1,underweight,0,0,84.32
80,male,Mexican American,never,diagnosed diabetes,0,1,overweight,0,0,59.51
80,male,Mexican American,never,diagnosed diabetes,0,1,obese,0,0,64.03
80,male,Mexican American,never,diagnosed diabetes,1,0,normal,0,0,56.15
80,male,Mexican American,never,diagnosed diabetes,1,0,underweight,0,0,75.93
80,male,Mexican American,never,diagnosed diabetes,1,0,overweight,0,0,50.09
80,male,Mexican American,never,diagnosed diabetes,1,0,obese,0,0,54.43
80,male,Mexican American,never,diagnosed diabetes,1,1,normal,0,0,73.69
80,male,Mexican American,never,diagnosed diabetes,1,1,underweight,0,0,90.04
80,male,Mexican American,never,diagnosed diabetes,1,1,overweight,0,0,67.55
80,male,Mexican American,never,diagnosed diabetes,1,1,obese,0,0,72
80,male,Mexican American,former,normal,0,0,normal,0,0,41.12
80,male,Mexican American,former,normal,0,0,underweight,0,0,59.95
80,male,Mexican American,former,normal,0,0,overweight,0,0,36.01
80,male,Mexican American,former,normal,0,0,obese,0,0,39.65
80,male,Mexican American,former,normal,0,1,normal,0,0,57.59
80,male,Mexican American,former,normal,0,1,underweight,0,0,77.29
80,male,Mexican American,former,normal,0,1,overweight,0,0,51.48
80,male,Mexican American,former,normal,0,1,obese,0,0,55.86
80,male,Mexican American,former,normal,1,0,normal,0,0,48.29
80,male,Mexican American,former,normal,1,0,underweight,0,0,68
80,male,Mexican American,former,normal,1,0,overweight,0,0,42.64
80,male,Mexican American,former,normal,1,0,obese,0,0,46.67
80,male,Mexican American,former,normal,1,1,normal,0,0,65.63
80,male,Mexican American,former,normal,1,1,underweight,0,0,84.2
80,male,Mexican American,former,normal,1,1,overweight,0,0,59.36
80,male,Mexican American,former,normal,1,1,obese,0,0,63.88
80,male,Mexican American,former,prediabetes,0,0,normal,0,0,41.14
80,male,Mexican American,former,prediabetes,0,0,underweight,0,0,59.98
80,male,Mexican American,former,prediabetes,0,0,overweight,0,0,36.03
80,male,Mexican American,former,prediabetes,0,0,obese,0,0,39.67
80,male,Mexican American,former,prediabetes,0,1,normal,0,0,57.62
80,male,Mexican American,former,prediabetes,0,1,underweight,0,0,77.31
80,male,Mexican American,former,prediabetes,0,1,overweight,0,0,51.5
80,male,Mexican American,former,prediabetes,0,1,obese,0,0,55.89
80,male,Mexican American,former,prediabetes,1,0,normal,0,0,48.31
80,male,Mexican American,former,prediabetes,1,0,underweight,0,0,68.03
80,male,Mexican American,former,prediabetes,1,0,overweight,0,0,42.67
80,male,Mexican American,former,prediabetes,1,0,obese,0,0,46.7
80,male,Mexican American,former,prediabetes,1,1,normal,0,0,65.66
80,male,Mexican American,former,prediabetes,1,1,underweight,0,0,84.23
80,male,Mexican American,former,prediabetes,1,1,overweight,0,0,59.39
80,male,Mexican American,former,prediabetes,1,1,obese,0,0,63.91
80,male,Mexican American,former,undiagnosed diabetes,0,0,normal,0,0,51.86
80,male,Mexican American,former,undiagnosed diabetes,0,0,underweight,0,0,71.72
80,male,Mexican American,former,undiagnosed diabetes,0,0,overweight,0,0,46
80,male,Mexican American,former,undiagnosed diabetes,0,0,obese,0,0,50.19
80,male,Mexican American,former,undiagnosed diabetes,0,1,normal,0,0,69.4
80,male,Mexican American,former,undiagnosed diabetes,0,1,underweight,0,0,87.07
80,male,Mexican American,former,undiagnosed diabetes,0,1,overweight,0,0,63.14
80,male,Mexican American,former,undiagnosed diabetes,0,1,obese,0,0,67.66
80,male,Mexican American,former,undiagnosed diabetes,1,0,normal,0,0,59.76
80,male,Mexican American,former,undiagnosed diabetes,1,0,underweight,0,0,79.25
80,male,Mexican American,former,undiagnosed diabetes,1,0,overweight,0,0,53.57
80,male,Mexican American,former,undiagnosed diabetes,1,0,obese,0,0,58.01
80,male,Mexican American,former,undiagnosed diabetes,1,1,normal,0,0,77.1
80,male,Mexican American,former,undiagnosed diabetes,1,1,underweight,0,0,92.17
80,male,Mexican American,former,undiagnosed diabetes,1,1,overweight,0,0,71.14
80,male,Mexican American,former,undiagnosed diabetes,1,1,obese,0,0,75.48
80,male,Mexican American,former,diagnosed diabetes,0,0,normal,0,0,55.68
80,male,Mexican American,former,diagnosed diabetes,0,0,underweight,0,0,75.49
80,male,Mexican American,former,diagnosed diabetes,0,0,overweight,0,0,49.64
80,male,Mexican American,former,diagnosed diabetes,0,0,obese,0,0,53.97
80,male,Mexican American,former,diagnosed diabetes,0,1,normal,0,0,73.24
80,male,Mexican American,former,diagnosed diabetes,0,1,underweight,0,0,89.75
80,male,Mexican American,former,diagnosed diabetes,0,1,overweight,0,0,67.08
80,male,Mexican American,former,diagnosed diabetes,0,1,obese,0,0,71.54
80,male,Mexican American,former,diagnosed diabetes,1,0,normal,0,0,63.7
80,male,Mexican American,former,diagnosed diabetes,1,0,underweight,0,0,82.63
80,male,Mexican American,former,diagnosed diabetes,1,0,overweight,0,0,57.43
80,male,Mexican American,former,diagnosed diabetes,1,0,obese,0,0,61.94
80,male,Mexican American,former,diagnosed diabetes,1,1,normal,0,0,80.63
80,male,Mexican American,former,diagnosed diabetes,1,1,underweight,0,0,94.13
80,male,Mexican American,former,diagnosed diabetes,1,1,overweight,0,0,74.93
80,male,Mexican American,former,diagnosed diabetes,1,1,obese,0,0,79.08
80,male,Mexican American,current,normal,0,0,normal,0,0,66.88
80,male,Mexican American,current,normal,0,0,underweight,0,0,85.18
80,male,Mexican American,current,normal,0,0,overweight,0,0,60.6
80,male,Mexican American,current,normal,0,0,obese,0,0,65.12
80,male,Mexican American,current,normal,0,1,normal,0,0,83.3
80,male,Mexican American,current,normal,0,1,underweight,0,0,95.46
80,male,Mexican American,current,normal,0,1,overweight,0,0,77.88
80,male,Mexican American,current,normal,0,1,obese,0,0,81.84
80,male,Mexican American,current,normal,1,0,normal,0,0,74.73
80,male,Mexican American,current,normal,1,0,underweight,0,0,90.71
80,male,Mexican American,current,normal,1,0,overweight,0,0,68.64
80,male,Mexican American,current,normal,1,0,obese,0,0,73.06
80,male,Mexican American,current,normal,1,1,normal,0,0,89.23
80,male,Mexican American,current,normal,1,1,underweight,0,0,97.87
80,male,Mexican American,current,normal,1,1,overweight,0,0,84.71
80,male,Mexican American,current,normal,1,1,obese,0,0,88.05
80,male,Mexican American,current,prediabetes,0,0,normal,0,0,66.9
80,male,Mexican American,current,prediabetes,0,0,underweight,0,0,85.2
80,male,Mexican American,current,prediabetes,0,0,overweight,0,0,60.63
80,male,Mexican American,current,prediabetes,0,0,obese,0,0,65.15
80,male,Mexican American,current,prediabetes,0,1,normal,0,0,83.32
80,male,Mexican American,current,prediabetes,0,1,underweight,0,0,95.47
80,male,Mexican American,current,prediabetes,0,1,overweight,0,0,77.9
80,male,Mexican American,current,prediabetes,0,1,obese,0,0,81.87
80,male,Mexican American,current,prediabetes,1,0,normal,0,0,74.76
80,male,Mexican American,current,prediabetes,1,0,underweight,0,0,90.73
80,male,Mexican American,current,prediabetes,1,0,overweight,0,0,68.67
80,male,Mexican American,current,prediabetes,1,0,obese,0,0,73.09
80,male,Mexican American,current,prediabetes,1,1,normal,0,0,89.25
80,male,Mexican American,current,prediabetes,1,1,underweight,0,0,97.88
80,male,Mexican American,current,prediabetes,1,1,overweight,0,0,84.73
80,male,Mexican American,current,prediabetes,1,1,obese,0,0,88.07
80,male,Mexican American,current,undiagnosed diabetes,0,0,normal,0,0,78.24
80,male,Mexican American,current,undiagnosed diabetes,0,0,underweight,0,0,92.83
80,male,Mexican American,current,undiagnosed diabetes,0,0,overweight,0,0,72.35
80,male,Mexican American,current,undiagnosed diabetes,0,0,obese,0,0,76.63
80,male,Mexican American,current,undiagnosed diabetes,0,1,normal,0,0,91.54
80,male,Mexican American,current,undiagnosed diabetes,0,1,underweight,0,0,98.6
80,male,Mexican American,current,undiagnosed diabetes,0,1,overweight,0,0,87.53
80,male,Mexican American,current,undiagnosed diabetes,0,1,obese,0,0,90.51
80,male,Mexican American,current,undiagnosed diabetes,1,0,normal,0,0,85.02
80,male,Mexican American,current,undiagnosed diabetes,1,0,underweight,0,0,96.24
80,male,Mexican American,current,undiagnosed diabetes,1,0,overweight,0,0,79.82
80,male,Mexican American,current,undiagnosed diabetes,1,0,obese,0,0,83.64
80,male,Mexican American,current,undiagnosed diabetes,1,1,normal,0,0,95.38
80,male,Mexican American,current,undiagnosed diabetes,1,1,underweight,0,0,99.51
80,male,Mexican American,current,undiagnosed diabetes,1,1,overweight,0,0,92.52
80,male,Mexican American,current,undiagnosed diabetes,1,1,obese,0,0,94.67
80,male,Mexican American,current,diagnosed diabetes,0,0,normal,0,0,81.69
80,male,Mexican American,current,diagnosed diabetes,0,0,underweight,0,0,94.68
80,male,Mexican American,current,diagnosed diabetes,0,0,overweight,0,0,76.09
80,male,Mexican American,current,diagnosed diabetes,0,0,obese,0,0,80.18
80,male,Mexican American,current,diagnosed diabetes,0,1,normal,0,0,93.61
80,male,Mexican American,current,diagnosed diabetes,0,1,underweight,0,0,99.14
80,male,Mexican American,current,diagnosed diabetes,0,1,overweight,0,0,90.15
80,male,Mexican American,current,diagnosed diabetes,0,1,obese,0,0,92.73
80,male,Mexican American,current,diagnosed diabetes,1,0,normal,0,0,87.92
80,male,Mexican American,current,diagnosed diabetes,1,0,underweight,0,0,97.41
80,male,Mexican American,current,diagnosed diabetes,1,0,overweight,0,0,83.17
80,male,Mexican American,current,diagnosed diabetes,1,0,obese,0,0,86.67
80,male,Mexican American,current,diagnosed diabetes,1,1,normal,0,0,96.74
80,male,Mexican American,current,diagnosed diabetes,1,1,underweight,0,0,99.73
80,male,Mexican American,current,diagnosed diabetes,1,1,overweight,0,0,94.42
80,male,Mexican American,current,diagnosed diabetes,1,1,obese,0,0,96.18
80,male,Other Hispanic,never,normal,0,0,normal,0,0,35.87
80,male,Other Hispanic,never,normal,0,0,underweight,0,0,53.59
80,male,Other Hispanic,never,normal,0,0,overweight,0,0,31.24
80,male,Other Hispanic,never,normal,0,0,obese,0,0,34.53
80,male,Other Hispanic,never,normal,0,1,normal,0,0,51.31
80,male,Other Hispanic,never,normal,0,1,underweight,0,0,71.16
80,male,Other Hispanic,never,normal,0,1,overweight,0,0,45.48
80,male,Other Hispanic,never,normal,0,1,obese,0,0,49.64
80,male,Other Hispanic,never,normal,1,0,normal,0,0,42.49
80,male,Other Hispanic,never,normal,1,0,underweight,0,0,61.55
80,male,Other Hispanic,never,normal,1,0,overweight,0,0,37.27
80,male,Other Hispanic,never,normal,1,0,obese,0,0,40.98
80,male,Other Hispanic,never,normal,1,1,normal,0,0,59.18
80,male,Other Hispanic,never,normal,1,1,underweight,0,0,78.73
80,male,Other Hispanic,never,normal,1,1,overweight,0,0,53.01
80,male,Other Hispanic,never,normal,1,1,obese,0,0,57.44
80,male,Other Hispanic,never,prediabetes,0,0,normal,0,0,35.89
80,male,Other Hispanic,never,prediabetes,0,0,underweight,0,0,53.61
80,male,Other Hispanic,never,prediabetes,0,0,overweight,0,0,31.26
80,male,Other Hispanic,never,prediabetes,0,0,obese,0,0,34.55
80,male,Other Hispanic,never,prediabetes,0,1,normal,0,0,51.33
80,male,Other Hispanic,never,prediabetes,0,1,underweight,0,0,71.18
80,male,Other Hispanic,never,prediabetes,0,1,overweight,0,0,45.5
80,male,Other Hispanic,never,prediabetes,0,1,obese,0,0,49.67
80,male,Other Hispanic,never,prediabetes,1,0,normal,0,0,42.51
80,male,Other Hispanic,never,prediabetes,1,0,underweight,0,0,61.57
80,male,Other Hispanic,never,prediabetes,1,0,overweight,0,0,37.29
80,male,Other Hispanic,never,prediabetes,1,0,obese,0,0,41.01
80,male,Other Hispanic,never,prediabetes,1,1,normal,0,0,59.21
80,male,Other Hispanic,never,prediabetes,1,1,underweight,0,0,78.76
80,male,Other Hispanic,never,prediabetes,1,1,overweight,0,0,53.04
80,male,Other Hispanic,never,prediabetes,1,1,obese,0,0,57.46
80,male,Other Hispanic,never,undiagnosed diabetes,0,0,normal,0,0,45.84
80,male,Other Hispanic,never,undiagnosed diabetes,0,0,underweight,0,0,65.34
80,male,Other Hispanic,never,undiagnosed diabetes,0,0,overweight,0,0,40.36
80,male,Other Hispanic,never,undiagnosed diabetes,0,0,obese,0,0,44.27
80,male,Other Hispanic,never,undiagnosed diabetes,0,1,normal,0,0,62.96
80,male,Other Hispanic,never,undiagnosed diabetes,0,1,underweight,0,0,82.02
80,male,Other Hispanic,never,undiagnosed diabetes,0,1,overweight,0,0,56.71
80,male,Other Hispanic,never,undiagnosed diabetes,0,1,obese,0,0,61.21
80,male,Other Hispanic,never,undiagnosed diabetes,1,0,normal,0,0,53.4
80,male,Other Hispanic,never,undiagnosed diabetes,1,0,underweight,0,0,73.26
80,male,Other Hispanic,never,undiagnosed diabetes,1,0,overweight,0,0,47.46
80,male,Other Hispanic,never,undiagnosed diabetes,1,0,obese,0,0,51.71
80,male,Other Hispanic,never,undiagnosed diabetes,1,1,normal,0,0,70.96
80,male,Other Hispanic,never,undiagnosed diabetes,1,1,underweight,0,0,88.19
80,male,Other Hispanic,never,undiagnosed diabetes,1,1,overweight,0,0,64.74
80,male,Other Hispanic,never,undiagnosed diabetes,1,1,obese,0,0,69.24
80,male,Other Hispanic,never,diagnosed diabetes,0,0,normal,0,0,49.47
80,male,Other Hispanic,never,diagnosed diabetes,0,0,underweight,0,0,69.25
80,male,Other Hispanic,never,diagnosed diabetes,0,0,overweight,0,0,43.75
80,male,Other Hispanic,never,diagnosed diabetes,0,0,obese,0,0,47.84
80,male,Other Hispanic,never,diagnosed diabetes,0,1,normal,0,0,66.9
80,male,Other Hispanic,never,diagnosed diabetes,0,1,underweight,0,0,85.2
80,male,Other Hispanic,never,diagnosed diabetes,0,1,overweight,0,0,60.62
80,male,Other Hispanic,never,diagnosed diabetes,0,1,obese,0,0,65.15
80,male,Other Hispanic,never,diagnosed diabetes,1,0,normal,0,0,57.26
80,male,Other Hispanic,never,diagnosed diabetes,1,0,underweight,0,0,76.97
80,male,Other Hispanic,never,diagnosed diabetes,1,0,overweight,0,0,51.15
80,male,Other Hispanic,never,diagnosed diabetes,1,0,obese,0,0,55.53
80,male,Other Hispanic,never,diagnosed diabetes,1,1,normal,0,0,74.76
80,male,Other Hispanic,never,diagnosed diabetes,1,1,underweight,0,0,90.73
80,male,Other Hispanic,never,diagnosed diabetes,1,1,overweight,0,0,68.66
80,male,Other Hispanic,never,diagnosed diabetes,1,1,obese,0,0,73.08
80,male,Other Hispanic,former,normal,0,0,normal,0,0,42.08
80,male,Other Hispanic,former,normal,0,0,underweight,0,0,61.07
80,male,Other Hispanic,former,normal,0,0,overweight,0,0,36.89
80,male,Other Hispanic,former,normal,0,0,obese,0,0,40.58
80,male,Other Hispanic,former,normal,0,1,normal,0,0,58.71
80,male,Other Hispanic,former,normal,0,1,underweight,0,0,78.31
80,male,Other Hispanic,former,normal,0,1,overweight,0,0,52.55
80,male,Other Hispanic,former,normal,0,1,obese,0,0,56.97
80,male,Other Hispanic,former,normal,1,0,normal,0,0,49.33
80,male,Other Hispanic,former,normal,1,0,underweight,0,0,69.11
80,male,Other Hispanic,former,normal,1,0,overweight,0,0,43.62
80,male,Other Hispanic,former,normal,1,0,obese,0,0,47.7
80,male,Other Hispanic,former,normal,1,1,normal,0,0,66.75
80,male,Other Hispanic,former,normal,1,1,underweight,0,0,85.08
80,male,Other Hispanic,former,normal,1,1,overweight,0,0,60.48
80,male,Other Hispanic,former,normal,1,1,obese,0,0,65
80,male,Other Hispanic,former,prediabetes,0,0,normal,0,0,42.1
80,male,Other Hispanic,former,prediabetes,0,0,underweight,0,0,61.1
80,male,Other Hispanic,former,prediabetes,0,0,overweight,0,0,36.91
80,male,Other Hispanic,former,prediabetes,0,0,obese,0,0,40.61
80,male,Other Hispanic,former,prediabetes,0,1,normal,0,0,58.73
80,male,Other Hispanic,former,prediabetes,0,1,underweight,0,0,78.33
80,male,Other Hispanic,former,prediabetes,0,1,overweight,0,0,52.58
80,male,Other Hispanic,former,prediabetes,0,1,obese,0,0,57
80,male,Other Hispanic,former,prediabetes,1,0,normal,0,0,49.36
80,male,Other Hispanic,former,prediabetes,1,0,underweight,0,0,69.13
80,male,Other Hispanic,former,prediabetes,1,0,overweight,0,0,43.65
80,male,Other Hispanic,former,prediabetes,1,0,obese,0,0,47.73
80,male,Other Hispanic,former,prediabetes,1,1,normal,0,0,66.78
80,male,Other Hispanic,former,prediabetes,1,1,underweight,0,0,85.1
80,male,Other Hispanic,former,prediabetes,1,1,overweight,0,0,60.5
80,male,Other Hispanic,former,prediabetes,1,1,obese,0,0,65.03
80,male,Other Hispanic,former,undiagnosed diabetes,0,0,normal,0,0,52.94
80,male,Other Hispanic,former,undiagnosed diabetes,0,0,underweight,0,0,72.81
80,male,Other Hispanic,former,undiagnosed diabetes,0,0,overweight,0,0,47.02
80,male,Other Hispanic,former,undiagnosed diabetes,0,0,obese,0,0,51.25
80,male,Other Hispanic,former,undiagnosed diabetes,0,1,normal,0,0,70.5
80,male,Other Hispanic,former,undiagnosed diabetes,0,1,underweight,0,0,87.87
80,male,Other Hispanic,former,undiagnosed diabetes,0,1,overweight,0,0,64.26
80,male,Other Hispanic,former,undiagnosed diabetes,0,1,obese,0,0,68.77
80,male,Other Hispanic,former,undiagnosed diabetes,1,0,normal,0,0,60.87
80,male,Other Hispanic,former,undiagnosed diabetes,1,0,underweight,0,0,80.24
80,male,Other Hispanic,former,undiagnosed diabetes,1,0,overweight,0,0,54.66
80,male,Other Hispanic,former,undiagnosed diabetes,1,0,obese,0,0,59.12
80,male,Other Hispanic,former,undiagnosed diabetes,1,1,normal,0,0,78.13
80,male,Other Hispanic,former,undiagnosed diabetes,1,1,underweight,0,0,92.76
80,male,Other Hispanic,former,undiagnosed diabetes,1,1,overweight,0,0,72.23
80,male,Other Hispanic,former,undiagnosed diabetes,1,1,obese,0,0,76.52
80,male,Other Hispanic,former,diagnosed diabetes,0,0,normal,0,0,56.79
80,male,Other Hispanic,former,diagnosed diabetes,0,0,underweight,0,0,76.53
80,male,Other Hispanic,former,diagnosed diabetes,0,0,overweight,0,0,50.7
80,male,Other Hispanic,former,diagnosed diabetes,0,0,obese,0,0,55.06
80,male,Other Hispanic,former,diagnosed diabetes,0,1,normal,0,0,74.31
80,male,Other Hispanic,former,diagnosed diabetes,0,1,underweight,0,0,90.44
80,male,Other Hispanic,former,diagnosed diabetes,0,1,overweight,0,0,68.2
80,male,Other Hispanic,former,diagnosed diabetes,0,1,obese,0,0,72.63
80,male,Other Hispanic,former,diagnosed diabetes,1,0,normal,0,0,64.82
80,male,Other Hispanic,former,diagnosed diabetes,1,0,underweight,0,0,83.55
80,male,Other Hispanic,former,diagnosed diabetes,1,0,overweight,0,0,58.55
80,male,Other Hispanic,former,diagnosed diabetes,1,0,obese,0,0,63.06
80,male,Other Hispanic,former,diagnosed diabetes,1,1,normal,0,0,81.59
80,male,Other Hispanic,former,diagnosed diabetes,1,1,underweight,0,0,94.62
80,male,Other Hispanic,former,diagnosed diabetes,1,1,overweight,0,0,75.98
80,male,Other Hispanic,former,diagnosed diabetes,1,1,obese,0,0,80.07
80,male,Other Hispanic,current,normal,0,0,normal,0,0,67.99
80,male,Other Hispanic,current,normal,0,0,underweight,0,0,86.03
80,male,Other Hispanic,current,normal,0,0,overweight,0,0,61.72
80,male,Other Hispanic,current,normal,0,0,obese,0,0,66.24
80,male,Other Hispanic,current,normal,0,1,normal,0,0,84.2
80,male,Other Hispanic,current,normal,0,1,underweight,0,0,95.87
80,male,Other Hispanic,current,normal,0,1,overweight,0,0,78.89
80,male,Other Hispanic,current,normal,0,1,obese,0,0,82.78
80,male,Other Hispanic,current,normal,1,0,normal,0,0,75.79
80,male,Other Hispanic,current,normal,1,0,underweight,0,0,91.37
80,male,Other Hispanic,current,normal,1,0,overweight,0,0,69.74
80,male,Other Hispanic,current,normal,1,0,obese,0,0,74.13
80,male,Other Hispanic,current,normal,1,1,normal,0,0,89.95
80,male,Other Hispanic,current,normal,1,1,underweight,0,0,98.11
80,male,Other Hispanic,current,normal,1,1,overweight,0,0,85.58
80,male,Other Hispanic,current,normal,1,1,obese,0,0,88.81
80,male,Other Hispanic,current,prediabetes,0,0,normal,0,0,68.02
80,male,Other Hispanic,current,prediabetes,0,0,underweight,0,0,86.05
80,male,Other Hispanic,current,prediabetes,0,0,overweight,0,0,61.75
80,male,Other Hispanic,current,prediabetes,0,0,obese,0,0,66.27
80,male,Other Hispanic,current,prediabetes,0,1,normal,0,0,84.22
80,male,Other Hispanic,current,prediabetes,0,1,underweight,0,0,95.88
80,male,Other Hispanic,current,prediabetes,0,1,overweight,0,0,78.91
80,male,Other Hispanic,current,prediabetes,0,1,obese,0,0,82.8
80,male,Other Hispanic,current,prediabetes,1,0,normal,0,0,75.81
80,male,Other Hispanic,current,prediabetes,1,0,underweight,0,0,91.39
80,male,Other Hispanic,current,prediabetes,1,0,overweight,0,0,69.77
80,male,Other Hispanic,current,prediabetes,1,0,obese,0,0,74.16
80,male,Other Hispanic,current,prediabetes,1,1,normal,0,0,89.96
80,male,Other Hispanic,current,prediabetes,1,1,underweight,0,0,98.12
80,male,Other Hispanic,current,prediabetes,1,1,overweight,0,0,85.6
80,male,Other Hispanic,current,prediabetes,1,1,obese,0,0,88.83
80,male,Other Hispanic,current,undiagnosed diabetes,0,0,normal,0,0,79.24
80,male,Other Hispanic,current,undiagnosed diabetes,0,0,underweight,0,0,93.39
80,male,Other Hispanic,current,undiagnosed diabetes,0,0,overweight,0,0,73.43
80,male,Other Hispanic,current,undiagnosed diabetes,0,0,obese,0,0,77.66
80,male,Other Hispanic,current,undiagnosed diabetes,0,1,normal,0,0,92.16
80,male,Other Hispanic,current,undiagnosed diabetes,0,1,underweight,0,0,98.77
80,male,Other Hispanic,current,undiagnosed diabetes,0,1,overweight,0,0,88.31
80,male,Other Hispanic,current,undiagnosed diabetes,0,1,obese,0,0,91.18
80,male,Other Hispanic,current,undiagnosed diabetes,1,0,normal,0,0,85.88
80,male,Other Hispanic,current,undiagnosed diabetes,1,0,underweight,0,0,96.6
80,male,Other Hispanic,current,undiagnosed diabetes,1,0,overweight,0,0,80.8
80,male,Other Hispanic,current,undiagnosed diabetes,1,0,obese,0,0,84.53
80,male,Other Hispanic,current,undiagnosed diabetes,1,1,normal,0,0,95.8
80,male,Other Hispanic,current,undiagnosed diabetes,1,1,underweight,0,0,99.58
80,male,Other Hispanic,current,undiagnosed diabetes,1,1,overweight,0,0,93.09
80,male,Other Hispanic,current,undiagnosed diabetes,1,1,obese,0,0,95.13
80,male,Other Hispanic,current,diagnosed diabetes,0,0,normal,0,0,82.63
80,male,Other Hispanic,current,diagnosed diabetes,0,0,underweight,0,0,95.14
80,male,Other Hispanic,current,diagnosed diabetes,0,0,overweight,0,0,77.13
80,male,Other Hispanic,current,diagnosed diabetes,0,0,obese,0,0,81.15
80,male,Other Hispanic,current,diagnosed diabetes,0,1,normal,0,0,94.13
80,male,Other Hispanic,current,diagnosed diabetes,0,1,underweight,0,0,99.25
80,male,Other Hispanic,current,diagnosed diabetes,0,1,overweight,0,0,90.83
80,male,Other Hispanic,current,diagnosed diabetes,0,1,obese,0,0,93.3
80,male,Other Hispanic,current,diagnosed diabetes,1,0,normal,0,0,88.69
80,male,Other Hispanic,current,diagnosed diabetes,1,0,underweight,0,0,97.68
80,male,Other Hispanic,current,diagnosed diabetes,1,0,overweight,0,0,84.07
80,male,Other Hispanic,current,diagnosed diabetes,1,0,obese,0,0,87.48
80,male,Other Hispanic,current,diagnosed diabetes,1,1,normal,0,0,97.07
80,male,Other Hispanic,current,diagnosed diabetes,1,1,underweight,0,0,99.78
80,male,Other Hispanic,current,diagnosed diabetes,1,1,overweight,0,0,94.9
80,male,Other Hispanic,current,diagnosed diabetes,1,1,obese,0,0,96.54
80,male,Other/Multiracial,never,normal,0,0,normal,0,0,33.91
80,male,Other/Multiracial,never,normal,0,0,underweight,0,0,51.11
80,male,Other/Multiracial,never,normal,0,0,overweight,0,0,29.47
80,male,Other/Multiracial,never,normal,0,0,obese,0,0,32.62
80,male,Other/Multiracial,never,normal,0,1,normal,0,0,48.87
80,male,Other/Multiracial,never,normal,0,1,underweight,0,0,68.62
80,male,Other/Multiracial,never,normal,0,1,overweight,0,0,43.19
80,male,Other/Multiracial,never,normal,0,1,obese,0,0,47.25
80,male,Other/Multiracial,never,normal,1,0,normal,0,0,40.29
80,male,Other/Multiracial,never,normal,1,0,underweight,0,0,58.97
80,male,Other/Multiracial,never,normal,1,0,overweight,0,0,35.25
80,male,Other/Multiracial,never,normal,1,0,obese,0,0,38.84
80,male,Other/Multiracial,never,normal,1,1,normal,0,0,56.62
80,male,Other/Multiracial,never,normal,1,1,underweight,0,0,76.38
80,male,Other/Multiracial,never,normal,1,1,overweight,0,0,50.54
80,male,Other/Multiracial,never,normal,1,1,obese,0,0,54.9
80,male,Other/Multiracial,never,prediabetes,0,0,normal,0,0,33.93
80,male,Other/Multiracial,never,prediabetes,0,0,underweight,0,0,51.14
80,male,Other/Multiracial,never,prediabetes,0,0,overweight,0,0,29.49
80,male,Other/Multiracial,never,prediabetes,0,0,obese,0,0,32.64
80,male,Other/Multiracial,never,prediabetes,0,1,normal,0,0,48.9
80,male,Other/Multiracial,never,prediabetes,0,1,underweight,0,0,68.65
80,male,Other/Multiracial,never,prediabetes,0,1,overweight,0,0,43.22
80,male,Other/Multiracial,never,prediabetes,0,1,obese,0,0,47.27
80,male,Other/Multiracial,never,prediabetes,1,0,normal,0,0,40.31
80,male,Other/Multiracial,never,prediabetes,1,0,underweight,0,0,59
80,male,Other/Multiracial,never,prediabetes,1,0,overweight,0,0,35.27
80,male,Other/Multiracial,never,prediabetes,1,0,obese,0,0,38.86
80,male,Other/Multiracial,never,prediabetes,1,1,normal,0,0,56.65
80,male,Other/Multiracial,never,prediabetes,1,1,underweight,0,0,76.41
80,male,Other/Multiracial,never,prediabetes,1,1,overweight,0,0,50.57
80,male,Other/Multiracial,never,prediabetes,1,1,obese,0,0,54.93
80,male,Other/Multiracial,never,undiagnosed diabetes,0,0,normal,0,0,43.54
80,male,Other/Multiracial,never,undiagnosed diabetes,0,0,underweight,0,0,62.76
80,male,Other/Multiracial,never,undiagnosed diabetes,0,0,overweight,0,0,38.24
80,male,Other/Multiracial,never,undiagnosed diabetes,0,0,obese,0,0,42.02
80,male,Other/Multiracial,never,undiagnosed diabetes,0,1,normal,0,0,60.38
80,male,Other/Multiracial,never,undiagnosed diabetes,0,1,underweight,0,0,79.8
80,male,Other/Multiracial,never,undiagnosed diabetes,0,1,overweight,0,0,54.18
80,male,Other/Multiracial,never,undiagnosed diabetes,0,1,obese,0,0,58.64
80,male,Other/Multiracial,never,undiagnosed diabetes,1,0,normal,0,0,50.92
80,male,Other/Multiracial,never,undiagnosed diabetes,1,0,underweight,0,0,70.76
80,male,Other/Multiracial,never,undiagnosed diabetes,1,0,overweight,0,0,45.12
80,male,Other/Multiracial,never,undiagnosed diabetes,1,0,obese,0,0,49.27
80,male,Other/Multiracial,never,undiagnosed diabetes,1,1,normal,0,0,68.43
80,male,Other/Multiracial,never,undiagnosed diabetes,1,1,underweight,0,0,86.35
80,male,Other/Multiracial,never,undiagnosed diabetes,1,1,overweight,0,0,62.16
80,male,Other/Multiracial,never,undiagnosed diabetes,1,1,obese,0,0,66.68
80,male,Other/Multiracial,never,diagnosed diabetes,0,0,normal,0,0,47.08
80,male,Other/Multiracial,never,diagnosed diabetes,0,0,underweight,0,0,66.7
80,male,Other/Multiracial,never,diagnosed diabetes,0,0,overweight,0,0,41.52
80,male,Other/Multiracial,never,diagnosed diabetes,0,0,obese,0,0,45.49
80,male,Other/Multiracial,never,diagnosed diabetes,0,1,normal,0,0,64.33
80,male,Other/Multiracial,never,diagnosed diabetes,0,1,underweight,0,0,83.15
80,male,Other/Multiracial,never,diagnosed diabetes,0,1,overweight,0,0,58.06
80,male,Other/Multiracial,never,diagnosed diabetes,0,1,obese,0,0,62.57
80,male,Other/Multiracial,never,diagnosed diabetes,1,0,normal,0,0,54.72
80,male,Other/Multiracial,never,diagnosed diabetes,1,0,underweight,0,0,74.56
80,male,Other/Multiracial,never,diagnosed diabetes,1,0,overweight,0,0,48.72
80,male,Other/Multiracial,never,diagnosed diabetes,1,0,obese,0,0,53.02
80,male,Other/Multiracial,never,diagnosed diabetes,1,1,normal,0,0,72.29
80,male,Other/Multiracial,never,diagnosed diabetes,1,1,underweight,0,0,89.11
80,male,Other/Multiracial,never,diagnosed diabetes,1,1,overweight,0,0,66.1
80,male,Other/Multiracial,never,diagnosed diabetes,1,1,obese,0,0,70.58
80,male,Other/Multiracial,former,normal,0,0,normal,0,0,39.89
80,male,Other/Multiracial,former,normal,0,0,underweight,0,0,58.5
80,male,Other/Multiracial,former,normal,0,0,overweight,0,0,34.89
80,male,Other/Multiracial,former,normal,0,0,obese,0,0,38.45
80,male,Other/Multiracial,former,normal,0,1,normal,0,0,56.16
80,male,Other/Multiracial,former,normal,0,1,underweight,0,0,75.94
80,male,Other/Multiracial,former,normal,0,1,overweight,0,0,50.09
80,male,Other/Multiracial,former,normal,0,1,obese,0,0,54.44
80,male,Other/Multiracial,former,normal,1,0,normal,0,0,46.94
80,male,Other/Multiracial,former,normal,1,0,underweight,0,0,66.55
80,male,Other/Multiracial,former,normal,1,0,overweight,0,0,41.39
80,male,Other/Multiracial,former,normal,1,0,obese,0,0,45.35
80,male,Other/Multiracial,former,normal,1,1,normal,0,0,64.18
80,male,Other/Multiracial,former,normal,1,1,underweight,0,0,83.03
80,male,Other/Multiracial,former,normal,1,1,overweight,0,0,57.91
80,male,Other/Multiracial,former,normal,1,1,obese,0,0,62.42
80,male,Other/Multiracial,former,prediabetes,0,0,normal,0,0,39.92
80,male,Other/Multiracial,former,prediabetes,0,0,underweight,0,0,58.53
80,male,Other/Multiracial,former,prediabetes,0,0,overweight,0,0,34.91
80,male,Other/Multiracial,former,prediabetes,0,0,obese,0,0,38.47
80,male,Other/Multiracial,former,prediabetes,0,1,normal,0,0,56.18
80,male,Other/Multiracial,former,prediabetes,0,1,underweight,0,0,75.97
80,male,Other/Multiracial,former,prediabetes,0,1,overweight,0,0,50.12
80,male,Other/Multiracial,former,prediabetes,0,1,obese,0,0,54.47
80,male,Other/Multiracial,former,prediabetes,1,0,normal,0,0,46.97
80,male,Other/Multiracial,former,prediabetes,1,0,underweight,0,0,66.58
80,male,Other/Multiracial,former,prediabetes,1,0,overweight,0,0,41.41
80,male,Other/Multiracial,former,prediabetes,1,0,obese,0,0,45.38
80,male,Other/Multiracial,former,prediabetes,1,1,normal,0,0,64.21
80,male,Other/Multiracial,former,prediabetes,1,1,underweight,0,0,83.05
80,male,Other/Multiracial,former,prediabetes,1,1,overweight,0,0,57.94
80,male,Other/Multiracial,former,prediabetes,1,1,obese,0,0,62.45
80,male,Other/Multiracial,former,undiagnosed diabetes,0,0,normal,0,0,50.47
80,male,Other/Multiracial,former,undiagnosed diabetes,0,0,underweight,0,0,70.3
80,male,Other/Multiracial,former,undiagnosed diabetes,0,0,overweight,0,0,44.69
80,male,Other/Multiracial,former,undiagnosed diabetes,0,0,obese,0,0,48.82
80,male,Other/Multiracial,former,undiagnosed diabetes,0,1,normal,0,0,67.96
80,male,Other/Multiracial,former,undiagnosed diabetes,0,1,underweight,0,0,86
80,male,Other/Multiracial,former,undiagnosed diabetes,0,1,overweight,0,0,61.68
80,male,Other/Multiracial,former,undiagnosed diabetes,0,1,obese,0,0,66.21
80,male,Other/Multiracial,former,undiagnosed diabetes,1,0,normal,0,0,58.31
80,male,Other/Multiracial,former,undiagnosed diabetes,1,0,underweight,0,0,77.94
80,male,Other/Multiracial,former,undiagnosed diabetes,1,0,overweight,0,0,52.17
80,male,Other/Multiracial,former,undiagnosed diabetes,1,0,obese,0,0,56.57
80,male,Other/Multiracial,former,undiagnosed diabetes,1,1,normal,0,0,75.75
80,male,Other/Multiracial,former,undiagnosed diabetes,1,1,underweight,0,0,91.35
80,male,Other/Multiracial,former,undiagnosed diabetes,1,1,overweight,0,0,69.71
80,male,Other/Multiracial,former,undiagnosed diabetes,1,1,obese,0,0,74.1
80,male,Other/Multiracial,former,diagnosed diabetes,0,0,normal,0,0,54.26
80,male,Other/Multiracial,former,diagnosed diabetes,0,0,underweight,0,0,74.11
80,male,Other/Multiracial,former,diagnosed diabetes,0,0,overweight,0,0,48.28
80,male,Other/Multiracial,former,diagnosed diabetes,0,0,obese,0,0,52.56
80,male,Other/Multiracial,former,diagnosed diabetes,0,1,normal,0,0,71.83
80,male,Other/Multiracial,former,diagnosed diabetes,0,1,underweight,0,0,88.8
80,male,Other/Multiracial,former,diagnosed diabetes,0,1,overweight,0,0,65.63
80,male,Other/Multiracial,former,diagnosed diabetes,0,1,obese,0,0,70.12
80,male,Other/Multiracial,former,diagnosed diabetes,1,0,normal,0,0,62.24
80,male,Other/Multiracial,former,diagnosed diabetes,1,0,underweight,0,0,81.41
80,male,Other/Multiracial,former,diagnosed diabetes,1,0,overweight,0,0,56
80,male,Other/Multiracial,former,diagnosed diabetes,1,0,obese,0,0,60.49
80,male,Other/Multiracial,former,diagnosed diabetes,1,1,normal,0,0,79.35
80,male,Other/Multiracial,former,diagnosed diabetes,1,1,underweight,0,0,93.45
80,male,Other/Multiracial,former,diagnosed diabetes,1,1,overweight,0,0,73.54
80,male,Other/Multiracial,former,diagnosed diabetes,1,1,obese,0,0,77.77
80,male,Other/Multiracial,current,normal,0,0,normal,0,0,65.42
80,male,Other/Multiracial,current,normal,0,0,underweight,0,0,84.03
80,male,Other/Multiracial,current,normal,0,0,overweight,0,0,59.15
80,male,Other/Multiracial,current,normal,0,0,obese,0,0,63.67
80,male,Other/Multiracial,current,normal,0,1,normal,0,0,82.09
80,male,Other/Multiracial,current,normal,0,1,underweight,0,0,94.88
80,male,Other/Multiracial,current,normal,0,1,overweight,0,0,76.54
80,male,Other/Multiracial,current,normal,0,1,obese,0,0,80.6
80,male,Other/Multiracial,current,normal,1,0,normal,0,0,73.34
80,male,Other/Multiracial,current,normal,1,0,underweight,0,0,89.82
80,male,Other/Multiracial,current,normal,1,0,overweight,0,0,67.19
80,male,Other/Multiracial,current,normal,1,0,obese,0,0,71.65
80,male,Other/Multiracial,current,normal,1,1,normal,0,0,88.25
80,male,Other/Multiracial,current,normal,1,1,underweight,0,0,97.53
80,male,Other/Multiracial,current,normal,1,1,overweight,0,0,83.56
80,male,Other/Multiracial,current,normal,1,1,obese,0,0,87.02
80,male,Other/Multiracial,current,prediabetes,0,0,normal,0,0,65.45
80,male,Other/Multiracial,current,prediabetes,0,0,underweight,0,0,84.06
80,male,Other/Multiracial,current,prediabetes,0,0,overweight,0,0,59.17
80,male,Other/Multiracial,current,prediabetes,0,0,obese,0,0,63.7
80,male,Other/Multiracial,current,prediabetes,0,1,normal,0,0,82.12
80,male,Other/Multiracial,current,prediabetes,0,1,underweight,0,0,94.89
80,male,Other/Multiracial,current,prediabetes,0,1,overweight,0,0,76.57
80,male,Other/Multiracial,current,prediabetes,0,1,obese,0,0,80.62
80,male,Other/Multiracial,current,prediabetes,1,0,normal,0,0,73.37
80,male,Other/Multiracial,current,prediabetes,1,0,underweight,0,0,89.83
80,male,Other/Multiracial,current,prediabetes,1,0,overweight,0,0,67.22
80,male,Other/Multiracial,current,prediabetes,1,0,obese,0,0,71.68
80,male,Other/Multiracial,current,prediabetes,1,1,normal,0,0,88.27
80,male,Other/Multiracial,current,prediabetes,1,1,underweight,0,0,97.53
80,male,Other/Multiracial,current,prediabetes,1,1,overweight,0,0,83.58
80,male,Other/Multiracial,current,prediabetes,1,1,obese,0,0,87.04
80,male,Other/Multiracial,current,undiagnosed diabetes,0,0,normal,0,0,76.91
80,male,Other/Multiracial,current,undiagnosed diabetes,0,0,underweight,0,0,92.05
80,male,Other/Multiracial,current,undiagnosed diabetes,0,0,overweight,0,0,70.93
80,male,Other/Multiracial,current,undiagnosed diabetes,0,0,obese,0,0,75.28
80,male,Other/Multiracial,current,undiagnosed diabetes,0,1,normal,0,0,90.69
80,male,Other/Multiracial,current,undiagnosed diabetes,0,1,underweight,0,0,98.35
80,male,Other/Multiracial,current,undiagnosed diabetes,0,1,overweight,0,0,86.48
80,male,Other/Multiracial,current,undiagnosed diabetes,0,1,obese,0,0,89.6
80,male,Other/Multiracial,current,undiagnosed diabetes,1,0,normal,0,0,83.88
80,male,Other/Multiracial,current,undiagnosed diabetes,1,0,underweight,0,0,95.73
80,male,Other/Multiracial,current,undiagnosed diabetes,1,0,overweight,0,0,78.52
80,male,Other/Multiracial,current,undiagnosed diabetes,1,0,obese,0,0,82.45
80,male,Other/Multiracial,current,undiagnosed diabetes,1,1,normal,0,0,94.8
80,male,Other/Multiracial,current,undiagnosed diabetes,1,1,underweight,0,0,99.39
80,male,Other/Multiracial,current,undiagnosed diabetes,1,1,overweight,0,0,91.72
80,male,Other/Multiracial,current,undiagnosed diabetes,1,1,obese,0,0,94.03
80,male,Other/Multiracial,current,diagnosed diabetes,0,0,normal,0,0,80.44
80,male,Other/Multiracial,current,diagnosed diabetes,0,0,underweight,0,0,94.03
80,male,Other/Multiracial,current,diagnosed diabetes,0,0,overweight,0,0,74.73
80,male,Other/Multiracial,current,diagnosed diabetes,0,0,obese,0,0,78.89
80,male,Other/Multiracial,current,diagnosed diabetes,0,1,normal,0,0,92.88
80,male,Other/Multiracial,current,diagnosed diabetes,0,1,underweight,0,0,98.96
80,male,Other/Multiracial,current,diagnosed diabetes,0,1,overweight,0,0,89.22
80,male,Other/Multiracial,current,diagnosed diabetes,0,1,obese,0,0,91.95
80,male,Other/Multiracial,current,diagnosed diabetes,1,0,normal,0,0,86.89
80,male,Other/Multiracial,current,diagnosed diabetes,1,0,underweight,0,0,97.01
80,male,Other/Multiracial,current,diagnosed diabetes,1,0,overweight,0,0,81.96
80,male,Other/Multiracial,current,diagnosed diabetes,1,0,obese,0,0,85.58
80,male,Other/Multiracial,current,diagnosed diabetes,1,1,normal,0,0,96.28
80,male,Other/Multiracial,current,diagnosed diabetes,1,1,underweight,0,0,99.66
80,male,Other/Multiracial,current,diagnosed diabetes,1,1,overweight,0,0,93.76
80,male,Other/Multiracial,current,diagnosed diabetes,1,1,obese,0,0,95.66
80,female,Non-Hispanic White,never,normal,0,0,normal,0,0,30.92
80,female,Non-Hispanic White,never,normal,0,0,underweight,0,0,47.23
80,female,Non-Hispanic White,never,normal,0,0,overweight,0,0,26.79
80,female,Non-Hispanic White,never,normal,0,0,obese,0,0,29.72
80,female,Non-Hispanic White,never,normal,0,1,normal,0,0,45.08
80,female,Non-Hispanic White,never,normal,0,1,underweight,0,0,64.49
80,female,Non-Hispanic White,never,normal,0,1,overweight,0,0,39.66
80,female,Non-Hispanic White,never,normal,0,1,obese,0,0,43.52
80,female,Non-Hispanic White,never,normal,1,0,normal,0,0,36.91
80,female,Non-Hispanic White,never,normal,1,0,underweight,0,0,54.88
80,female,Non-Hispanic White,never,normal,1,0,overweight,0,0,32.18
80,female,Non-Hispanic White,never,normal,1,0,obese,0,0,35.54
80,female,Non-Hispanic White,never,normal,1,1,normal,0,0,52.58
80,female,Non-Hispanic White,never,normal,1,1,underweight,0,0,72.44
80,female,Non-Hispanic White,never,normal,1,1,overweight,0,0,46.68
80,female,Non-Hispanic White,never,normal,1,1,obese,0,0,50.9
80,female,Non-Hispanic White,never,prediabetes,0,0,normal,0,0,30.94
80,female,Non-Hispanic White,never,prediabetes,0,0,underweight,0,0,47.25
80,female,Non-Hispanic White,never,prediabetes,0,0,overweight,0,0,26.81
80,female,Non-Hispanic White,never,prediabetes,0,0,obese,0,0,29.74
80,female,Non-Hispanic White,never,prediabetes,0,1,normal,0,0,45.1
80,female,Non-Hispanic White,never,prediabetes,0,1,underweight,0,0,64.51
80,female,Non-Hispanic White,never,prediabetes,0,1,overweight,0,0,39.68
80,female,Non-Hispanic White,never,prediabetes,0,1,obese,0,0,43.54
80,female,Non-Hispanic White,never,prediabetes,1,0,normal,0,0,36.93
80,female,Non-Hispanic White,never,prediabetes,1,0,underweight,0,0,54.91
80,female,Non-Hispanic White,never,prediabetes,1,0,overweight,0,0,32.2
80,female,Non-Hispanic White,never,prediabetes,1,0,obese,0,0,35.56
80,female,Non-Hispanic White,never,prediabetes,1,1,normal,0,0,52.6
80,female,Non-Hispanic White,never,prediabetes,1,1,underweight,0,0,72.47
80,female,Non-Hispanic White,never,prediabetes,1,1,overweight,0,0,46.71
80,female,Non-Hispanic White,never,prediabetes,1,1,obese,0,0,50.92
80,female,Non-Hispanic White,never,undiagnosed diabetes,0,0,normal,0,0,39.99
80,female,Non-Hispanic White,never,undiagnosed diabetes,0,0,underweight,0,0,58.61
80,female,Non-Hispanic White,never,undiagnosed diabetes,0,0,overweight,0,0,34.98
80,female,Non-Hispanic White,never,undiagnosed diabetes,0,0,obese,0,0,38.54
80,female,Non-Hispanic White,never,undiagnosed diabetes,0,1,normal,0,0,56.27
80,female,Non-Hispanic White,never,undiagnosed diabetes,0,1,underweight,0,0,76.04
80,female,Non-Hispanic White,never,undiagnosed diabetes,0,1,overweight,0,0,50.2
80,female,Non-Hispanic White,never,undiagnosed diabetes,0,1,obese,0,0,54.55
80,female,Non-Hispanic White,never,undiagnosed diabetes,1,0,normal,0,0,47.05
80,female,Non-Hispanic White,never,undiagnosed diabetes,1,0,underweight,0,0,66.66
80,female,Non-Hispanic White,never,undiagnosed diabetes,1,0,overweight,0,0,41.48
80,female,Non-Hispanic White,never,undiagnosed diabetes,1,0,obese,0,0,45.45
80,female,Non-Hispanic White,never,undiagnosed diabetes,1,1,normal,0,0,64.29
80,female,Non-Hispanic White,never,undiagnosed diabetes,1,1,underweight,0,0,83.12
80,female,Non-Hispanic White,never,undiagnosed diabetes,1,1,overweight,0,0,58.02
80,female,Non-Hispanic White,never,undiagnosed diabetes,1,1,obese,0,0,62.53
80,female,Non-Hispanic White,never,diagnosed diabetes,0,0,normal,0,0,43.36
80,female,Non-Hispanic White,never,diagnosed diabetes,0,0,underweight,0,0,62.55
80,female,Non-Hispanic White,never,diagnosed diabetes,0,0,overweight,0,0,38.07
80,female,Non-Hispanic White,never,diagnosed diabetes,0,0,obese,0,0,41.84
80,female,Non-Hispanic White,never,diagnosed diabetes,0,1,normal,0,0,60.18
80,female,Non-Hispanic White,never,diagnosed diabetes,0,1,underweight,0,0,79.62
80,female,Non-Hispanic White,never,diagnosed diabetes,0,1,overweight,0,0,53.98
80,female,Non-Hispanic White,never,diagnosed diabetes,0,1,obese,0,0,58.43
80,female,Non-Hispanic White,never,diagnosed diabetes,1,0,normal,0,0,50.72
80,female,Non-Hispanic White,never,diagnosed diabetes,1,0,underweight,0,0,70.56
80,female,Non-Hispanic White,never,diagnosed diabetes,1,0,overweight,0,0,44.93
80,female,Non-Hispanic White,never,diagnosed diabetes,1,0,obese,0,0,49.07
80,female,Non-Hispanic White,never,diagnosed diabetes,1,1,normal,0,0,68.22
80,female,Non-Hispanic White,never,diagnosed diabetes,1,1,underweight,0,0,86.2
80,female,Non-Hispanic White,never,diagnosed diabetes,1,1,overweight,0,0,61.95
80,female,Non-Hispanic White,never,diagnosed diabetes,1,1,obese,0,0,66.48
80,female,Non-Hispanic White,former,normal,0,0,normal,0,0,36.54
80,female,Non-Hispanic White,former,normal,0,0,underweight,0,0,54.42
80,female,Non-Hispanic White,former,normal,0,0,overweight,0,0,31.84
80,female,Non-Hispanic White,former,normal,0,0,obese,0,0,35.18
80,female,Non-Hispanic White,former,normal,0,1,normal,0,0,52.12
80,female,Non-Hispanic White,former,normal,0,1,underweight,0,0,71.99
80,female,Non-Hispanic White,former,normal,0,1,overweight,0,0,46.25
80,female,Non-Hispanic White,former,normal,0,1,obese,0,0,50.45
80,female,Non-Hispanic White,former,normal,1,0,normal,0,0,43.23
80,female,Non-Hispanic White,former,normal,1,0,underweight,0,0,62.4
80,female,Non-Hispanic White,former,normal,1,0,overweight,0,0,37.95
80,female,Non-Hispanic White,former,normal,1,0,obese,0,0,41.71
80,female,Non-Hispanic White,former,normal,1,1,normal,0,0,60.03
80,female,Non-Hispanic White,former,normal,1,1,underweight,0,0,79.49
80,female,Non-Hispanic White,former,normal,1,1,overweight,0,0,53.83
80,female,Non-Hispanic White,former,normal,1,1,obese,0,0,58.28
80,female,Non-Hispanic White,former,prediabetes,0,0,normal,0,0,36.56
80,female,Non-Hispanic White,former,prediabetes,0,0,underweight,0,0,54.44
80,female,Non-Hispanic White,former,prediabetes,0,0,overweight,0,0,31.86
80,female,Non-Hispanic White,former,prediabetes,0,0,obese,0,0,35.2
80,female,Non-Hispanic White,former,prediabetes,0,1,normal,0,0,52.15
80,female,Non-Hispanic White,former,prediabetes,0,1,underweight,0,0,72.01
80,female,Non-Hispanic White,former,prediabetes,0,1,overweight,0,0,46.27
80,female,Non-Hispanic White,former,prediabetes,0,1,obese,0,0,50.48
80,female,Non-Hispanic White,former,prediabetes,1,0,normal,0,0,43.25
80,female,Non-Hispanic White,former,prediabetes,1,0,underweight,0,0,62.43
80,female,Non-Hispanic White,former,prediabetes,1,0,overweight,0,0,37.97
80,female,Non-Hispanic White,former,prediabetes,1,0,obese,0,0,41.73
80,female,Non-Hispanic White,former,prediabetes,1,1,normal,0,0,60.05
80,female,Non-Hispanic White,former,prediabetes,1,1,underweight,0,0,79.51
80,female,Non-Hispanic White,former,prediabetes,1,1,overweight,0,0,53.86
80,female,Non-Hispanic White,former,prediabetes,1,1,obese,0,0,58.31
80,female,Non-Hispanic White,former,undiagnosed diabetes,0,0,normal,0,0,46.61
80,female,Non-Hispanic White,former,undiagnosed diabetes,0,0,underweight,0,0,66.19
80,female,Non-Hispanic White,former,undiagnosed diabetes,0,0,overweight,0,0,41.08
80,female,Non-Hispanic White,former,undiagnosed diabetes,0,0,obese,0,0,45.03
80,female,Non-Hispanic White,former,undiagnosed diabetes,0,1,normal,0,0,63.81
80,female,Non-Hispanic White,former,undiagnosed diabetes,0,1,underweight,0,0,82.73
80,female,Non-Hispanic White,former,undiagnosed diabetes,0,1,overweight,0,0,57.55
80,female,Non-Hispanic White,former,undiagnosed diabetes,0,1,obese,0,0,62.06
80,female,Non-Hispanic White,former,undiagnosed diabetes,1,0,normal,0,0,54.22
80,female,Non-Hispanic White,former,undiagnosed diabetes,1,0,underweight,0,0,74.08
80,female,Non-Hispanic White,former,undiagnosed diabetes,1,0,overweight,0,0,48.25
80,female,Non-Hispanic White,former,undiagnosed diabetes,1,0,obese,0,0,52.53
80,female,Non-Hispanic White,former,undiagnosed diabetes,1,1,normal,0,0,71.79
80,female,Non-Hispanic White,former,undiagnosed diabetes,1,1,underweight,0,0,88.77
80,female,Non-Hispanic White,former,undiagnosed diabetes,1,1,overweight,0,0,65.59
80,female,Non-Hispanic White,former,undiagnosed diabetes,1,1,obese,0,0,70.08
80,female,Non-Hispanic White,former,diagnosed diabetes,0,0,normal,0,0,50.28
80,female,Non-Hispanic White,former,diagnosed diabetes,0,0,underweight,0,0,70.09
80,female,Non-Hispanic White,former,diagnosed diabetes,0,0,overweight,0,0,44.51
80,female,Non-Hispanic White,former,diagnosed diabetes,0,0,obese,0,0,48.63
80,female,Non-Hispanic White,former,diagnosed diabetes,0,1,normal,0,0,67.75
80,female,Non-Hispanic White,former,diagnosed diabetes,0,1,underweight,0,0,85.85
80,female,Non-Hispanic White,former,diagnosed diabetes,0,1,overweight,0,0,61.48
80,female,Non-Hispanic White,former,diagnosed diabetes,0,1,obese,0,0,66
80,female,Non-Hispanic White,former,diagnosed diabetes,1,0,normal,0,0,58.1
80,female,Non-Hispanic White,former,diagnosed diabetes,1,0,underweight,0,0,77.75
80,female,Non-Hispanic White,former,diagnosed diabetes,1,0,overweight,0,0,51.97
80,female,Non-Hispanic White,former,diagnosed diabetes,1,0,obese,0,0,56.37
80,female,Non-Hispanic White,former,diagnosed diabetes,1,1,normal,0,0,75.56
80,female,Non-Hispanic White,former,diagnosed diabetes,1,1,underweight,0,0,91.23
80,female,Non-Hispanic White,former,diagnosed diabetes,1,1,overweight,0,0,69.51
80,female,Non-Hispanic White,former,diagnosed diabetes,1,1,obese,0,0,73.9
80,female,Non-Hispanic White,current,normal,0,0,normal,0,0,61.27
80,female,Non-Hispanic White,current,normal,0,0,underweight,0,0,80.58
80,female,Non-Hispanic White,current,normal,0,0,overweight,0,0,55.05
80,female,Non-Hispanic White,current,normal,0,0,obese,0,0,59.52
80,female,Non-Hispanic White,current,normal,0,1,normal,0,0,78.48
80,female,Non-Hispanic White,current,normal,0,1,underweight,0,0,92.97
80,female,Non-Hispanic White,current,normal,0,1,overweight,0,0,72.61
80,female,Non-Hispanic White,current,normal,0,1,obese,0,0,76.89
80,female,Non-Hispanic White,current,normal,1,0,normal,0,0,69.3
80,female,Non-Hispanic White,current,normal,1,0,underweight,0,0,87
80,female,Non-Hispanic White,current,normal,1,0,overweight,0,0,63.05
80,female,Non-Hispanic White,current,normal,1,0,obese,0,0,67.57
80,female,Non-Hispanic White,current,normal,1,1,normal,0,0,85.23
80,female,Non-Hispanic White,current,normal,1,1,underweight,0,0,96.33
80,female,Non-Hispanic White,current,normal,1,1,overweight,0,0,80.06
80,female,Non-Hispanic White,current,normal,1,1,obese,0,0,83.86
80,female,Non-Hispanic White,current,prediabetes,0,0,normal,0,0,61.3
80,female,Non-Hispanic White,current,prediabetes,0,0,underweight,0,0,80.6
80,female,Non-Hispanic White,current,prediabetes,0,0,overweight,0,0,55.07
80,female,Non-Hispanic White,current,prediabetes,0,0,obese,0,0,59.55
80,female,Non-Hispanic White,current,prediabetes,0,1,normal,0,0,78.51
80,female,Non-Hispanic White,current,prediabetes,0,1,underweight,0,0,92.98
80,female,Non-Hispanic White,current,prediabetes,0,1,overweight,0,0,72.64
80,female,Non-Hispanic White,current,prediabetes,0,1,obese,0,0,76.91
80,female,Non-Hispanic White,current,prediabetes,1,0,normal,0,0,69.33
80,female,Non-Hispanic White,current,prediabetes,1,0,underweight,0,0,87.02
80,female,Non-Hispanic White,current,prediabetes,1,0,overweight,0,0,63.07
80,female,Non-Hispanic White,current,prediabetes,1,0,obese,0,0,67.59
80,female,Non-Hispanic White,current,prediabetes,1,1,normal,0,0,85.26
80,female,Non-Hispanic White,current,prediabetes,1,1,underweight,0,0,96.34
80,female,Non-Hispanic White,current,prediabetes,1,1,overweight,0,0,80.08
80,female,Non-Hispanic White,current,prediabetes,1,1,obese,0,0,83.88
80,female,Non-Hispanic White,current,undiagnosed diabetes,0,0,normal,0,0,73
80,female,Non-Hispanic White,current,undiagnosed diabetes,0,0,underweight,0,0,89.58
80,female,Non-Hispanic White,current,undiagnosed diabetes,0,0,overweight,0,0,66.83
80,female,Non-Hispanic White,current,undiagnosed diabetes,0,0,obese,0,0,71.3
80,female,Non-Hispanic White,current,undiagnosed diabetes,0,1,normal,0,0,88
80,female,Non-Hispanic White,current,undiagnosed diabetes,0,1,underweight,0,0,97.44
80,female,Non-Hispanic White,current,undiagnosed diabetes,0,1,overweight,0,0,83.26
80,female,Non-Hispanic White,current,undiagnosed diabetes,0,1,obese,0,0,86.76
80,female,Non-Hispanic White,current,undiagnosed diabetes,1,0,normal,0,0,80.41
80,female,Non-Hispanic White,current,undiagnosed diabetes,1,0,underweight,0,0,94.02
80,female,Non-Hispanic White,current,undiagnosed diabetes,1,0,overweight,0,0,74.69
80,female,Non-Hispanic White,current,undiagnosed diabetes,1,0,obese,0,0,78.86
80,female,Non-Hispanic White,current,undiagnosed diabetes,1,1,normal,0,0,92.86
80,female,Non-Hispanic White,current,undiagnosed diabetes,1,1,underweight,0,0,98.96
80,female,Non-Hispanic White,current,undiagnosed diabetes,1,1,overweight,0,0,89.2
80,female,Non-Hispanic White,current,undiagnosed diabetes,1,1,obese,0,0,91.93
80,female,Non-Hispanic White,current,diagnosed diabetes,0,0,normal,0,0,76.72
80,female,Non-Hispanic White,current,diagnosed diabetes,0,0,underweight,0,0,91.94
80,female,Non-Hispanic White,current,diagnosed diabetes,0,0,overweight,0,0,70.73
80,female,Non-Hispanic White,current,diagnosed diabetes,0,0,obese,0,0,75.08
80,female,Non-Hispanic White,current,diagnosed diabetes,0,1,normal,0,0,90.56
80,female,Non-Hispanic White,current,diagnosed diabetes,0,1,underweight,0,0,98.31
80,female,Non-Hispanic White,current,diagnosed diabetes,0,1,overweight,0,0,86.33
80,female,Non-Hispanic White,current,diagnosed diabetes,0,1,obese,0,0,89.47
80,female,Non-Hispanic White,current,diagnosed diabetes,1,0,normal,0,0,83.71
80,female,Non-Hispanic White,current,diagnosed diabetes,1,0,underweight,0,0,95.65
80,female,Non-Hispanic White,current,diagnosed diabetes,1,0,overweight,0,0,78.34
80,female,Non-Hispanic White,current,diagnosed diabetes,1,0,obese,0,0,82.27
80,female,Non-Hispanic White,current,diagnosed diabetes,1,1,normal,0,0,94.71
80,female,Non-Hispanic White,current,diagnosed diabetes,1,1,underweight,0,0,99.38
80,female,Non-Hispanic White,current,diagnosed diabetes,1,1,overweight,0,0,91.6
80,female,Non-Hispanic White,current,diagnosed diabetes,1,1,obese,0,0,93.93
80,female,Non-Hispanic Black,never,normal,0,0,normal,0,0,33.12
80,female,Non-Hispanic Black,never,normal,0,0,underweight,0,0,50.09
80,female,Non-Hispanic Black,never,normal,0,0,overweight,0,0,28.75
80,female,Non-Hispanic Black,never,normal,0,0,obese,0,0,31.85
80,female,Non-Hispanic Black,never,normal,0,1,normal,0,0,47.87
80,female,Non-Hispanic Black,never,normal,0,1,underweight,0,0,67.55
80,female,Non-Hispanic Black,never,normal,0,1,overweight,0,0,42.25
80,female,Non-Hispanic Black,never,normal,0,1,obese,0,0,46.26
80,female,Non-Hispanic Black,never,normal,1,0,normal,0,0,39.39
80,female,Non-Hispanic Black,never,normal,1,0,underweight,0,0,57.9
80,female,Non-Hispanic Black,never,normal,1,0,overweight,0,0,34.43
80,female,Non-Hispanic Black,never,normal,1,0,obese,0,0,37.96
80,female,Non-Hispanic Black,never,normal,1,1,normal,0,0,55.56
80,female,Non-Hispanic Black,never,normal,1,1,underweight,0,0,75.37
80,female,Non-Hispanic Black,never,normal,1,1,overweight,0,0,49.53
80,female,Non-Hispanic Black,never,normal,1,1,obese,0,0,53.85
80,female,Non-Hispanic Black,never,prediabetes,0,0,normal,0,0,33.14
80,female,Non-Hispanic Black,never,prediabetes,0,0,underweight,0,0,50.11
80,female,Non-Hispanic Black,never,prediabetes,0,0,overweight,0,0,28.77
80,female,Non-Hispanic Black,never,prediabetes,0,0,obese,0,0,31.87
80,female,Non-Hispanic Black,never,prediabetes,0,1,normal,0,0,47.9
80,female,Non-Hispanic Black,never,prediabetes,0,1,underweight,0,0,67.58
80,female,Non-Hispanic Black,never,prediabetes,0,1,overweight,0,0,42.28
80,female,Non-Hispanic Black,never,prediabetes,0,1,obese,0,0,46.29
80,female,Non-Hispanic Black,never,prediabetes,1,0,normal,0,0,39.42
80,female,Non-Hispanic Black,never,prediabetes,1,0,underweight,0,0,57.93
80,female,Non-Hispanic Black,never,prediabetes,1,0,overweight,0,0,34.46
80,female,Non-Hispanic Black,never,prediabetes,1,0,obese,0,0,37.98
80,female,Non-Hispanic Black,never,prediabetes,1,1,normal,0,0,55.59
80,female,Non-Hispanic Black,never,prediabetes,1,1,underweight,0,0,75.4
80,female,Non-Hispanic Black,never,prediabetes,1,1,overweight,0,0,49.55
80,female,Non-Hispanic Black,never,prediabetes,1,1,obese,0,0,53.88
80,female,Non-Hispanic Black,never,undiagnosed diabetes,0,0,normal,0,0,42.6
80,female,Non-Hispanic Black,never,undiagnosed diabetes,0,0,underweight,0,0,61.68
80,female,Non-Hispanic Black,never,undiagnosed diabetes,0,0,overweight,0,0,37.37
80,female,Non-Hispanic Black,never,undiagnosed diabetes,0,0,obese,0,0,41.1
80,female,Non-Hispanic Black,never,undiagnosed diabetes,0,1,normal,0,0,59.31
80,female,Non-Hispanic Black,never,undiagnosed diabetes,0,1,underweight,0,0,78.85
80,female,Non-Hispanic Black,never,undiagnosed diabetes,0,1,overweight,0,0,53.14
80,female,Non-Hispanic Black,never,undiagnosed diabetes,0,1,obese,0,0,57.57
80,female,Non-Hispanic Black,never,undiagnosed diabetes,1,0,normal,0,0,49.9
80,female,Non-Hispanic Black,never,undiagnosed diabetes,1,0,underweight,0,0,69.7
80,female,Non-Hispanic Black,never,undiagnosed diabetes,1,0,overweight,0,0,44.16
80,female,Non-Hispanic Black,never,undiagnosed diabetes,1,0,obese,0,0,48.26
80,female,Non-Hispanic Black,never,undiagnosed diabetes,1,1,normal,0,0,67.36
80,female,Non-Hispanic Black,never,undiagnosed diabetes,1,1,underweight,0,0,85.55
80,female,Non-Hispanic Black,never,undiagnosed diabetes,1,1,overweight,0,0,61.08
80,female,Non-Hispanic Black,never,undiagnosed diabetes,1,1,obese,0,0,65.61
80,female,Non-Hispanic Black,never,diagnosed diabetes,0,0,normal,0,0,46.1
80,female,Non-Hispanic Black,never,diagnosed diabetes,0,0,underweight,0,0,65.62
80,female,Non-Hispanic Black,never,diagnosed diabetes,0,0,overweight,0,0,40.6
80,female,Non-Hispanic Black,never,diagnosed diabetes,0,0,obese,0,0,44.52
80,female,Non-Hispanic Black,never,diagnosed diabetes,0,1,normal,0,0,63.25
80,female,Non-Hispanic Black,never,diagnosed diabetes,0,1,underweight,0,0,82.26
80,female,Non-Hispanic Black,never,diagnosed diabetes,0,1,overweight,0,0,56.99
80,female,Non-Hispanic Black,never,diagnosed diabetes,0,1,obese,0,0,61.49
80,female,Non-Hispanic Black,never,diagnosed diabetes,1,0,normal,0,0,53.67
80,female,Non-Hispanic Black,never,diagnosed diabetes,1,0,underweight,0,0,73.54
80,female,Non-Hispanic Black,never,diagnosed diabetes,1,0,overweight,0,0,47.72
80,female,Non-Hispanic Black,never,diagnosed diabetes,1,0,obese,0,0,51.98
80,female,Non-Hispanic Black,never,diagnosed diabetes,1,1,normal,0,0,71.24
80,female,Non-Hispanic Black,never,diagnosed diabetes,1,1,underweight,0,0,88.39
80,female,Non-Hispanic Black,never,diagnosed diabetes,1,1,overweight,0,0,65.02
80,female,Non-Hispanic Black,never,diagnosed diabetes,1,1,obese,0,0,69.52
80,female,Non-Hispanic Black,former,normal,0,0,normal,0,0,39
80,female,Non-Hispanic Black,former,normal,0,0,underweight,0,0,57.43
80,female,Non-Hispanic Black,former,normal,0,0,overweight,0,0,34.08
80,female,Non-Hispanic Black,former,normal,0,0,obese,0,0,37.58
80,female,Non-Hispanic Black,former,normal,0,1,normal,0,0,55.1
80,female,Non-Hispanic Black,former,normal,0,1,underweight,0,0,74.93
80,female,Non-Hispanic Black,former,normal,0,1,overweight,0,0,49.08
80,female,Non-Hispanic Black,former,normal,0,1,obese,0,0,53.39
80,female,Non-Hispanic Black,former,normal,1,0,normal,0,0,45.96
80,female,Non-Hispanic Black,former,normal,1,0,underweight,0,0,65.47
80,female,Non-Hispanic Black,former,normal,1,0,overweight,0,0,40.48
80,female,Non-Hispanic Black,former,normal,1,0,obese,0,0,44.39
80,female,Non-Hispanic Black,former,normal,1,1,normal,0,0,63.1
80,female,Non-Hispanic Black,former,normal,1,1,underweight,0,0,82.14
80,female,Non-Hispanic Black,former,normal,1,1,overweight,0,0,56.84
80,female,Non-Hispanic Black,former,normal,1,1,obese,0,0,61.34
80,female,Non-Hispanic Black,former,prediabetes,0,0,normal,0,0,39.03
80,female,Non-Hispanic Black,former,prediabetes,0,0,underweight,0,0,57.46
80,female,Non-Hispanic Black,former,prediabetes,0,0,overweight,0,0,34.1
80,female,Non-Hispanic Black,former,prediabetes,0,0,obese,0,0,37.6
80,female,Non-Hispanic Black,former,prediabetes,0,1,normal,0,0,55.13
80,female,Non-Hispanic Black,former,prediabetes,0,1,underweight,0,0,74.95
80,female,Non-Hispanic Black,former,prediabetes,0,1,overweight,0,0,49.11
80,female,Non-Hispanic Black,former,prediabetes,0,1,obese,0,0,53.42
80,female,Non-Hispanic Black,former,prediabetes,1,0,normal,0,0,45.99
80,female,Non-Hispanic Black,former,prediabetes,1,0,underweight,0,0,65.5
80,female,Non-Hispanic Black,former,prediabetes,1,0,overweight,0,0,40.5
80,female,Non-Hispanic Black,former,prediabetes,1,0,obese,0,0,44.41
80,female,Non-Hispanic Black,former,prediabetes,1,1,normal,0,0,63.13
80,female,Non-Hispanic Black,former,prediabetes,1,1,underweight,0,0,82.16
80,female,Non-Hispanic Black,former,prediabetes,1,1,overweight,0,0,56.87
80,female,Non-Hispanic Black,former,prediabetes,1,1,obese,0,0,61.37
80,female,Non-Hispanic Black,former,undiagnosed diabetes,0,0,normal,0,0,49.46
80,female,Non-Hispanic Black,former,undiagnosed diabetes,0,0,underweight,0,0,69.24
80,female,Non-Hispanic Black,former,undiagnosed diabetes,0,0,overweight,0,0,43.74
80,female,Non-Hispanic Black,former,undiagnosed diabetes,0,0,obese,0,0,47.82
80,female,Non-Hispanic Black,former,undiagnosed diabetes,0,1,normal,0,0,66.88
80,female,Non-Hispanic Black,former,undiagnosed diabetes,0,1,underweight,0,0,85.18
80,female,Non-Hispanic Black,former,undiagnosed diabetes,0,1,overweight,0,0,60.61
80,female,Non-Hispanic Black,former,undiagnosed diabetes,0,1,obese,0,0,65.13
80,female,Non-Hispanic Black,former,undiagnosed diabetes,1,0,normal,0,0,57.24
80,female,Non-Hispanic Black,former,undiagnosed diabetes,1,0,underweight,0,0,76.96
80,female,Non-Hispanic Black,former,undiagnosed diabetes,1,0,overweight,0,0,51.13
80,female,Non-Hispanic Black,former,undiagnosed diabetes,1,0,obese,0,0,55.51
80,female,Non-Hispanic Black,former,undiagnosed diabetes,1,1,normal,0,0,74.74
80,female,Non-Hispanic Black,former,undiagnosed diabetes,1,1,underweight,0,0,90.72
80,female,Non-Hispanic Black,former,undiagnosed diabetes,1,1,overweight,0,0,68.65
80,female,Non-Hispanic Black,former,undiagnosed diabetes,1,1,obese,0,0,73.07
80,female,Non-Hispanic Black,former,diagnosed diabetes,0,0,normal,0,0,53.21
80,female,Non-Hispanic Black,former,diagnosed diabetes,0,0,underweight,0,0,73.08
80,female,Non-Hispanic Black,former,diagnosed diabetes,0,0,overweight,0,0,47.29
80,female,Non-Hispanic Black,former,diagnosed diabetes,0,0,obese,0,0,51.53
80,female,Non-Hispanic Black,former,diagnosed diabetes,0,1,normal,0,0,70.78
80,female,Non-Hispanic Black,former,diagnosed diabetes,0,1,underweight,0,0,88.06
80,female,Non-Hispanic Black,former,diagnosed diabetes,0,1,overweight,0,0,64.55
80,female,Non-Hispanic Black,former,diagnosed diabetes,0,1,obese,0,0,69.05
80,female,Non-Hispanic Black,former,diagnosed diabetes,1,0,normal,0,0,61.16
80,female,Non-Hispanic Black,former,diagnosed diabetes,1,0,underweight,0,0,80.48
80,female,Non-Hispanic Black,former,diagnosed diabetes,1,0,overweight,0,0,54.94
80,female,Non-Hispanic Black,former,diagnosed diabetes,1,0,obese,0,0,59.41
80,female,Non-Hispanic Black,former,diagnosed diabetes,1,1,normal,0,0,78.38
80,female,Non-Hispanic Black,former,diagnosed diabetes,1,1,underweight,0,0,92.91
80,female,Non-Hispanic Black,former,diagnosed diabetes,1,1,overweight,0,0,72.51
80,female,Non-Hispanic Black,former,diagnosed diabetes,1,1,obese,0,0,76.79
80,female,Non-Hispanic Black,current,normal,0,0,normal,0,0,64.34
80,female,Non-Hispanic Black,current,normal,0,0,underweight,0,0,83.16
80,female,Non-Hispanic Black,current,normal,0,0,overweight,0,0,58.07
80,female,Non-Hispanic Black,current,normal,0,0,obese,0,0,62.59
80,female,Non-Hispanic Black,current,normal,0,1,normal,0,0,81.18
80,female,Non-Hispanic Black,current,normal,0,1,underweight,0,0,94.42
80,female,Non-Hispanic Black,current,normal,0,1,overweight,0,0,75.54
80,female,Non-Hispanic Black,current,normal,0,1,obese,0,0,79.66
80,female,Non-Hispanic Black,current,normal,1,0,normal,0,0,72.31
80,female,Non-Hispanic Black,current,normal,1,0,underweight,0,0,89.12
80,female,Non-Hispanic Black,current,normal,1,0,overweight,0,0,66.12
80,female,Non-Hispanic Black,current,normal,1,0,obese,0,0,70.6
80,female,Non-Hispanic Black,current,normal,1,1,normal,0,0,87.5
80,female,Non-Hispanic Black,current,normal,1,1,underweight,0,0,97.25
80,female,Non-Hispanic Black,current,normal,1,1,overweight,0,0,82.67
80,female,Non-Hispanic Black,current,normal,1,1,obese,0,0,86.23
80,female,Non-Hispanic Black,current,prediabetes,0,0,normal,0,0,64.37
80,female,Non-Hispanic Black,current,prediabetes,0,0,underweight,0,0,83.19
80,female,Non-Hispanic Black,current,prediabetes,0,0,overweight,0,0,58.1
80,female,Non-Hispanic Black,current,prediabetes,0,0,obese,0,0,62.62
80,female,Non-Hispanic Black,current,prediabetes,0,1,normal,0,0,81.2
80,female,Non-Hispanic Black,current,prediabetes,0,1,underweight,0,0,94.43
80,female,Non-Hispanic Black,current,prediabetes,0,1,overweight,0,0,75.56
80,female,Non-Hispanic Black,current,prediabetes,0,1,obese,0,0,79.68
80,female,Non-Hispanic Black,current,prediabetes,1,0,normal,0,0,72.33
80,female,Non-Hispanic Black,current,prediabetes,1,0,underweight,0,0,89.14
80,female,Non-Hispanic Black,current,prediabetes,1,0,overweight,0,0,66.15
80,female,Non-Hispanic Black,current,prediabetes,1,0,obese,0,0,70.63
80,female,Non-Hispanic Black,current,prediabetes,1,1,normal,0,0,87.52
80,female,Non-Hispanic Black,current,prediabetes,1,1,underweight,0,0,97.26
80,female,Non-Hispanic Black,current,prediabetes,1,1,overweight,0,0,82.7
80,female,Non-Hispanic Black,current,prediabetes,1,1,obese,0,0,86.25
80,female,Non-Hispanic Black,current,undiagnosed diabetes,0,0,normal,0,0,75.91
80,female,Non-Hispanic Black,current,undiagnosed diabetes,0,0,underweight,0,0,91.45
80,female,Non-Hispanic Black,current,undiagnosed diabetes,0,0,overweight,0,0,69.87
80,female,Non-Hispanic Black,current,undiagnosed diabetes,0,0,obese,0,0,74.26
80,female,Non-Hispanic Black,current,undiagnosed diabetes,0,1,normal,0,0,90.03
80,female,Non-Hispanic Black,current,undiagnosed diabetes,0,1,underweight,0,0,98.14
80,female,Non-Hispanic Black,current,undiagnosed diabetes,0,1,overweight,0,0,85.68
80,female,Non-Hispanic Black,current,undiagnosed diabetes,0,1,obese,0,0,88.9
80,female,Non-Hispanic Black,current,undiagnosed diabetes,1,0,normal,0,0,83
80,female,Non-Hispanic Black,current,undiagnosed diabetes,1,0,underweight,0,0,95.32
80,female,Non-Hispanic Black,current,undiagnosed diabetes,1,0,overweight,0,0,77.55
80,female,Non-Hispanic Black,current,undiagnosed diabetes,1,0,obese,0,0,81.54
80,female,Non-Hispanic Black,current,undiagnosed diabetes,1,1,normal,0,0,94.33
80,female,Non-Hispanic Black,current,undiagnosed diabetes,1,1,underweight,0,0,99.3
80,female,Non-Hispanic Black,current,undiagnosed diabetes,1,1,overweight,0,0,91.1
80,female,Non-Hispanic Black,current,undiagnosed diabetes,1,1,obese,0,0,93.52
80,female,Non-Hispanic Black,current,diagnosed diabetes,0,0,normal,0,0,79.5
80,female,Non-Hispanic Black,current,diagnosed diabetes,0,0,underweight,0,0,93.53
80,female,Non-Hispanic Black,current,diagnosed diabetes,0,0,overweight,0,0,73.7
80,female,Non-Hispanic Black,current,diagnosed diabetes,0,0,obese,0,0,77.92
80,female,Non-Hispanic Black,current,diagnosed diabetes,0,1,normal,0,0,92.32
80,female,Non-Hispanic Black,current,diagnosed diabetes,0,1,underweight,0,0,98.81
80,female,Non-Hispanic Black,current,diagnosed diabetes,0,1,overweight,0,0,88.51
80,female,Non-Hispanic Black,current,diagnosed diabetes,0,1,obese,0,0,91.34
80,female,Non-Hispanic Black,current,diagnosed diabetes,1,0,normal,0,0,86.09
80,female,Non-Hispanic Black,current,diagnosed diabetes,1,0,underweight,0,0,96.69
80,female,Non-Hispanic Black,current,diagnosed diabetes,1,0,overweight,0,0,81.04
80,female,Non-Hispanic Black,current,diagnosed diabetes,1,0,obese,0,0,84.75
80,female,Non-Hispanic Black,current,diagnosed diabetes,1,1,normal,0,0,95.9
80,female,Non-Hispanic Black,current,diagnosed diabetes,1,1,underweight,0,0,99.6
80,female,Non-Hispanic Black,current,diagnosed diabetes,1,1,overweight,0,0,93.24
80,female,Non-Hispanic Black,current,diagnosed diabetes,1,1,obese,0,0,95.25
80,female,Mexican American,never,normal,0,0,normal,0,0,26.9
80,female,Mexican American,never,normal,0,0,underweight,0,0,41.81
80,female,Mexican American,never,normal,0,0,overweight,0,0,23.22
80,female,Mexican American,never,normal,0,0,obese,0,0,25.83
80,female,Mexican American,never,normal,0,1,normal,0,0,39.81
80,female,Mexican American,never,normal,0,1,underweight,0,0,58.4
80,female,Mexican American,never,normal,0,1,overweight,0,0,34.81
80,female,Mexican American,never,normal,0,1,obese,0,0,38.37
80,female,Mexican American,never,normal,1,0,normal,0,0,32.31
80,female,Mexican American,never,normal,1,0,underweight,0,0,49.04
80,female,Mexican American,never,normal,1,0,overweight,0,0,28.03
80,female,Mexican American,never,normal,1,0,obese,0,0,31.07
80,female,Mexican American,never,normal,1,1,normal,0,0,46.85
80,female,Mexican American,never,normal,1,1,underweight,0,0,66.44
80,female,Mexican American,never,normal,1,1,overweight,0,0,41.3
80,female,Mexican American,never,normal,1,1,obese,0,0,45.26
80,female,Mexican American,never,prediabetes,0,0,normal,0,0,26.92
80,female,Mexican American,never,prediabetes,0,0,underweight,0,0,41.83
80,female,Mexican American,never,prediabetes,0,0,overweight,0,0,23.23
80,female,Mexican American,never,prediabetes,0,0,obese,0,0,25.85
80,female,Mexican American,never,prediabetes,0,1,normal,0,0,39.83
80,female,Mexican American,never,prediabetes,0,1,underweight,0,0,58.43
80,female,Mexican American,never,prediabetes,0,1,overweight,0,0,34.83
80,female,Mexican American,never,prediabetes,0,1,obese,0,0,38.39
80,female,Mexican American,never,prediabetes,1,0,normal,0,0,32.33
80,female,Mexican American,never,prediabetes,1,0,underweight,0,0,49.07
80,female,Mexican American,never,prediabetes,1,0,overweight,0,0,28.05
80,female,Mexican American,never,prediabetes,1,0,obese,0,0,31.09
80,female,Mexican American,never,prediabetes,1,1,normal,0,0,46.87
80,female,Mexican American,never,prediabetes,1,1,underweight,0,0,66.47
80,female,Mexican American,never,prediabetes,1,1,overweight,0,0,41.32
80,female,Mexican American,never,prediabetes,1,1,obese,0,0,45.28
80,female,Mexican American,never,undiagnosed diabetes,0,0,normal,0,0,35.12
80,female,Mexican American,never,undiagnosed diabetes,0,0,underweight,0,0,52.64
80,female,Mexican American,never,undiagnosed diabetes,0,0,overweight,0,0,30.55
80,female,Mexican American,never,undiagnosed diabetes,0,0,obese,0,0,33.79
80,female,Mexican American,never,undiagnosed diabetes,0,1,normal,0,0,50.37
80,female,Mexican American,never,undiagnosed diabetes,0,1,underweight,0,0,70.19
80,female,Mexican American,never,undiagnosed diabetes,0,1,overweight,0,0,44.6
80,female,Mexican American,never,undiagnosed diabetes,0,1,obese,0,0,48.72
80,female,Mexican American,never,undiagnosed diabetes,1,0,normal,0,0,41.64
80,female,Mexican American,never,undiagnosed diabetes,1,0,underweight,0,0,60.56
80,female,Mexican American,never,undiagnosed diabetes,1,0,overweight,0,0,36.49
80,female,Mexican American,never,undiagnosed diabetes,1,0,obese,0,0,40.16
80,female,Mexican American,never,undiagnosed diabetes,1,1,normal,0,0,58.2
80,female,Mexican American,never,undiagnosed diabetes,1,1,underweight,0,0,77.84
80,female,Mexican American,never,undiagnosed diabetes,1,1,overweight,0,0,52.06
80,female,Mexican American,never,undiagnosed diabetes,1,1,obese,0,0,56.47
80,female,Mexican American,never,diagnosed diabetes,0,0,normal,0,0,38.22
80,female,Mexican American,never,diagnosed diabetes,0,0,underweight,0,0,56.48
80,female,Mexican American,never,diagnosed diabetes,0,0,overweight,0,0,33.36
80,female,Mexican American,never,diagnosed diabetes,0,0,obese,0,0,36.81
80,female,Mexican American,never,diagnosed diabetes,0,1,normal,0,0,54.16
80,female,Mexican American,never,diagnosed diabetes,0,1,underweight,0,0,74.01
80,female,Mexican American,never,diagnosed diabetes,0,1,overweight,0,0,48.18
80,female,Mexican American,never,diagnosed diabetes,0,1,obese,0,0,52.46
80,female,Mexican American,never,diagnosed diabetes,1,0,normal,0,0,45.09
80,female,Mexican American,never,diagnosed diabetes,1,0,underweight,0,0,64.51
80,female,Mexican American,never,diagnosed diabetes,1,0,overweight,0,0,39.67
80,female,Mexican American,never,diagnosed diabetes,1,0,obese,0,0,43.54
80,female,Mexican American,never,diagnosed diabetes,1,1,normal,0,0,62.13
80,female,Mexican American,never,diagnosed diabetes,1,1,underweight,0,0,81.32
80,female,Mexican American,never,diagnosed diabetes,1,1,overweight,0,0,55.89
80,female,Mexican American,never,diagnosed diabetes,1,1,obese,0,0,60.38
80,female,Mexican American,former,normal,0,0,normal,0,0,31.97
80,female,Mexican American,former,normal,0,0,underweight,0,0,48.6
80,female,Mexican American,former,normal,0,0,overweight,0,0,27.73
80,female,Mexican American,former,normal,0,0,obese,0,0,30.74
80,female,Mexican American,former,normal,0,1,normal,0,0,46.42
80,female,Mexican American,former,normal,0,1,underweight,0,0,65.97
80,female,Mexican American,former,normal,0,1,overweight,0,0,40.9
80,female,Mexican American,former,normal,0,1,obese,0,0,44.83
80,female,Mexican American,former,normal,1,0,normal,0,0,38.1
80,female,Mexican American,former,normal,1,0,underweight,0,0,56.33
80,female,Mexican American,former,normal,1,0,overweight,0,0,33.25
80,female,Mexican American,former,normal,1,0,obese,0,0,36.7
80,female,Mexican American,former,normal,1,1,normal,0,0,54.01
80,female,Mexican American,former,normal,1,1,underweight,0,0,73.87
80,female,Mexican American,former,normal,1,1,overweight,0,0,48.05
80,female,Mexican American,former,normal,1,1,obese,0,0,52.32
80,female,Mexican American,former,prediabetes,0,0,normal,0,0,31.99
80,female,Mexican American,former,prediabetes,0,0,underweight,0,0,48.63
80,female,Mexican American,former,prediabetes,0,0,overweight,0,0,27.74
80,female,Mexican American,former,prediabetes,0,0,obese,0,0,30.76
80,female,Mexican American,former,prediabetes,0,1,normal,0,0,46.44
80,female,Mexican American,former,prediabetes,0,1,underweight,0,0,66
80,female,Mexican American,former,prediabetes,0,1,overweight,0,0,40.92
80,female,Mexican American,former,prediabetes,0,1,obese,0,0,44.86
80,female,Mexican American,former,prediabetes,1,0,normal,0,0,38.12
80,female,Mexican American,former,prediabetes,1,0,underweight,0,0,56.36
80,female,Mexican American,former,prediabetes,1,0,overweight,0,0,33.27
80,female,Mexican American,former,prediabetes,1,0,obese,0,0,36.72
80,female,Mexican American,former,prediabetes,1,1,normal,0,0,54.04
80,female,Mexican American,former,prediabetes,1,1,underweight,0,0,73.9
80,female,Mexican American,former,prediabetes,1,1,overweight,0,0,48.07
80,female,Mexican American,former,prediabetes,1,1,obese,0,0,52.34
80,female,Mexican American,former,undiagnosed diabetes,0,0,normal,0,0,41.24
80,female,Mexican American,former,undiagnosed diabetes,0,0,underweight,0,0,60.09
80,female,Mexican American,former,undiagnosed diabetes,0,0,overweight,0,0,36.12
80,female,Mexican American,former,undiagnosed diabetes,0,0,obese,0,0,39.76
80,female,Mexican American,former,undiagnosed diabetes,0,1,normal,0,0,57.73
80,female,Mexican American,former,undiagnosed diabetes,0,1,underweight,0,0,77.41
80,female,Mexican American,former,undiagnosed diabetes,0,1,overweight,0,0,51.61
80,female,Mexican American,former,undiagnosed diabetes,0,1,obese,0,0,56
80,female,Mexican American,former,undiagnosed diabetes,1,0,normal,0,0,48.42
80,female,Mexican American,former,undiagnosed diabetes,1,0,underweight,0,0,68.14
80,female,Mexican American,former,undiagnosed diabetes,1,0,overweight,0,0,42.76
80,female,Mexican American,former,undiagnosed diabetes,1,0,obese,0,0,46.8
80,female,Mexican American,former,undiagnosed diabetes,1,1,normal,0,0,65.77
80,female,Mexican American,former,undiagnosed diabetes,1,1,underweight,0,0,84.31
80,female,Mexican American,former,undiagnosed diabetes,1,1,overweight,0,0,59.5
80,female,Mexican American,former,undiagnosed diabetes,1,1,obese,0,0,64.02
80,female,Mexican American,former,diagnosed diabetes,0,0,normal,0,0,44.67
80,female,Mexican American,former,diagnosed diabetes,0,0,underweight,0,0,64.03
80,female,Mexican American,former,diagnosed diabetes,0,0,overweight,0,0,39.28
80,female,Mexican American,former,diagnosed diabetes,0,0,obese,0,0,43.12
80,female,Mexican American,former,diagnosed diabetes,0,1,normal,0,0,61.66
80,female,Mexican American,former,diagnosed diabetes,0,1,underweight,0,0,80.92
80,female,Mexican American,former,diagnosed diabetes,0,1,overweight,0,0,55.43
80,female,Mexican American,former,diagnosed diabetes,0,1,obese,0,0,59.91
80,female,Mexican American,former,diagnosed diabetes,1,0,normal,0,0,52.14
80,female,Mexican American,former,diagnosed diabetes,1,0,underweight,0,0,72.01
80,female,Mexican American,former,diagnosed diabetes,1,0,overweight,0,0,46.27
80,female,Mexican American,former,diagnosed diabetes,1,0,obese,0,0,50.47
80,female,Mexican American,former,diagnosed diabetes,1,1,normal,0,0,69.69
80,female,Mexican American,former,diagnosed diabetes,1,1,underweight,0,0,87.28
80,female,Mexican American,former,diagnosed diabetes,1,1,overweight,0,0,63.44
80,female,Mexican American,former,diagnosed diabetes,1,1,obese,0,0,67.95
80,female,Mexican American,current,normal,0,0,normal,0,0,55.23
80,female,Mexican American,current,normal,0,0,underweight,0,0,75.05
80,female,Mexican American,current,normal,0,0,overweight,0,0,49.2
80,female,Mexican American,current,normal,0,0,obese,0,0,53.52
80,female,Mexican American,current,normal,0,1,normal,0,0,72.79
80,female,Mexican American,current,normal,0,1,underweight,0,0,89.45
80,female,Mexican American,current,normal,0,1,overweight,0,0,66.62
80,female,Mexican American,current,normal,0,1,obese,0,0,71.09
80,female,Mexican American,current,normal,1,0,normal,0,0,63.23
80,female,Mexican American,current,normal,1,0,underweight,0,0,82.25
80,female,Mexican American,current,normal,1,0,overweight,0,0,56.97
80,female,Mexican American,current,normal,1,0,obese,0,0,61.47
80,female,Mexican American,current,normal,1,1,normal,0,0,80.22
80,female,Mexican American,current,normal,1,1,underweight,0,0,93.92
80,female,Mexican American,current,normal,1,1,overweight,0,0,74.49
80,female,Mexican American,current,normal,1,1,obese,0,0,78.67
80,female,Mexican American,current,prediabetes,0,0,normal,0,0,55.25
80,female,Mexican American,current,prediabetes,0,0,underweight,0,0,75.08
80,female,Mexican American,current,prediabetes,0,0,overweight,0,0,49.23
80,female,Mexican American,current,prediabetes,0,0,obese,0,0,53.54
80,female,Mexican American,current,prediabetes,0,1,normal,0,0,72.81
80,female,Mexican American,current,prediabetes,0,1,underweight,0,0,89.46
80,female,Mexican American,current,prediabetes,0,1,overweight,0,0,66.64
80,female,Mexican American,current,prediabetes,0,1,obese,0,0,71.11
80,female,Mexican American,current,prediabetes,1,0,normal,0,0,63.26
80,female,Mexican American,current,prediabetes,1,0,underweight,0,0,82.27
80,female,Mexican American,current,prediabetes,1,0,overweight,0,0,57
80,female,Mexican American,current,prediabetes,1,0,obese,0,0,61.5
80,female,Mexican American,current,prediabetes,1,1,normal,0,0,80.24
80,female,Mexican American,current,prediabetes,1,1,underweight,0,0,93.93
80,female,Mexican American,current,prediabetes,1,1,overweight,0,0,74.51
80,female,Mexican American,current,prediabetes,1,1,obese,0,0,78.69
80,female,Mexican American,current,undiagnosed diabetes,0,0,normal,0,0,67.01
80,female,Mexican American,current,undiagnosed diabetes,0,0,underweight,0,0,85.28
80,female,Mexican American,current,undiagnosed diabetes,0,0,overweight,0,0,60.74
80,female,Mexican American,current,undiagnosed diabetes,0,0,obese,0,0,65.26
80,female,Mexican American,current,undiagnosed diabetes,0,1,normal,0,0,83.41
80,female,Mexican American,current,undiagnosed diabetes,0,1,underweight,0,0,95.51
80,female,Mexican American,current,undiagnosed diabetes,0,1,overweight,0,0,78
80,female,Mexican American,current,undiagnosed diabetes,0,1,obese,0,0,81.96
80,female,Mexican American,current,undiagnosed diabetes,1,0,normal,0,0,74.86
80,female,Mexican American,current,undiagnosed diabetes,1,0,underweight,0,0,90.8
80,female,Mexican American,current,undiagnosed diabetes,1,0,overweight,0,0,68.78
80,female,Mexican American,current,undiagnosed diabetes,1,0,obese,0,0,73.19
80,female,Mexican American,current,undiagnosed diabetes,1,1,normal,0,0,89.32
80,female,Mexican American,current,undiagnosed diabetes,1,1,underweight,0,0,97.9
80,female,Mexican American,current,undiagnosed diabetes,1,1,overweight,0,0,84.82
80,female,Mexican American,current,undiagnosed diabetes,1,1,obese,0,0,88.14
80,female,Mexican American,current,diagnosed diabetes,0,0,normal,0,0,70.91
80,female,Mexican American,current,diagnosed diabetes,0,0,underweight,0,0,88.15
80,female,Mexican American,current,diagnosed diabetes,0,0,overweight,0,0,64.68
80,female,Mexican American,current,diagnosed diabetes,0,0,obese,0,0,69.18
80,female,Mexican American,current,diagnosed diabetes,0,1,normal,0,0,86.46
80,female,Mexican American,current,diagnosed diabetes,0,1,underweight,0,0,96.84
80,female,Mexican American,current,diagnosed diabetes,0,1,overweight,0,0,81.47
80,female,Mexican American,current,diagnosed diabetes,0,1,obese,0,0,85.14
80,female,Mexican American,current,diagnosed diabetes,1,0,normal,0,0,78.5
80,female,Mexican American,current,diagnosed diabetes,1,0,underweight,0,0,92.98
80,female,Mexican American,current,diagnosed diabetes,1,0,overweight,0,0,72.63
80,female,Mexican American,current,diagnosed diabetes,1,0,obese,0,0,76.91
80,female,Mexican American,current,diagnosed diabetes,1,1,normal,0,0,91.71
80,female,Mexican American,current,diagnosed diabetes,1,1,underweight,0,0,98.65
80,female,Mexican American,current,diagnosed diabetes,1,1,overweight,0,0,87.74
80,female,Mexican American,current,diagnosed diabetes,1,1,obese,0,0,90.69
80,female,Other Hispanic,never,normal,0,0,normal,0,0,27.61
80,female,Other Hispanic,never,normal,0,0,underweight,0,0,42.78
80,female,Other Hispanic,never,normal,0,0,overweight,0,0,23.84
80,female,Other Hispanic,never,normal,0,0,obese,0,0,26.51
80,female,Other Hispanic,never,normal,0,1,normal,0,0,40.75
80,female,Other Hispanic,never,normal,0,1,underweight,0,0,59.51
80,female,Other Hispanic,never,normal,0,1,overweight,0,0,35.67
80,female,Other Hispanic,never,normal,0,1,obese,0,0,39.28
80,female,Other Hispanic,never,normal,1,0,normal,0,0,33.12
80,female,Other Hispanic,never,normal,1,0,underweight,0,0,50.09
80,female,Other Hispanic,never,normal,1,0,overweight,0,0,28.76
80,female,Other Hispanic,never,normal,1,0,obese,0,0,31.86
80,female,Other Hispanic,never,normal,1,1,normal,0,0,47.88
80,female,Other Hispanic,never,normal,1,1,underweight,0,0,67.56
80,female,Other Hispanic,never,normal,1,1,overweight,0,0,42.26
80,female,Other Hispanic,never,normal,1,1,obese,0,0,46.27
80,female,Other Hispanic,never,prediabetes,0,0,normal,0,0,27.63
80,female,Other Hispanic,never,prediabetes,0,0,underweight,0,0,42.8
80,female,Other Hispanic,never,prediabetes,0,0,overweight,0,0,23.86
80,female,Other Hispanic,never,prediabetes,0,0,obese,0,0,26.53
80,female,Other Hispanic,never,prediabetes,0,1,normal,0,0,40.77
80,female,Other Hispanic,never,prediabetes,0,1,underweight,0,0,59.54
80,female,Other Hispanic,never,prediabetes,0,1,overweight,0,0,35.69
80,female,Other Hispanic,never,prediabetes,0,1,obese,0,0,39.31
80,female,Other Hispanic,never,prediabetes,1,0,normal,0,0,33.14
80,female,Other Hispanic,never,prediabetes,1,0,underweight,0,0,50.12
80,female,Other Hispanic,never,prediabetes,1,0,overweight,0,0,28.78
80,female,Other Hispanic,never,prediabetes,1,0,obese,0,0,31.88
80,female,Other Hispanic,never,prediabetes,1,1,normal,0,0,47.9
80,female,Other Hispanic,never,prediabetes,1,1,underweight,0,0,67.59
80,female,Other Hispanic,never,prediabetes,1,1,overweight,0,0,42.29
80,female,Other Hispanic,never,prediabetes,1,1,obese,0,0,46.3
80,female,Other Hispanic,never,undiagnosed diabetes,0,0,normal,0,0,35.98
80,female,Other Hispanic,never,undiagnosed diabetes,0,0,underweight,0,0,53.72
80,female,Other Hispanic,never,undiagnosed diabetes,0,0,overweight,0,0,31.33
80,female,Other Hispanic,never,undiagnosed diabetes,0,0,obese,0,0,34.63
80,female,Other Hispanic,never,undiagnosed diabetes,0,1,normal,0,0,51.44
80,female,Other Hispanic,never,undiagnosed diabetes,0,1,underweight,0,0,71.29
80,female,Other Hispanic,never,undiagnosed diabetes,0,1,overweight,0,0,45.6
80,female,Other Hispanic,never,undiagnosed diabetes,0,1,obese,0,0,49.77
80,female,Other Hispanic,never,undiagnosed diabetes,1,0,normal,0,0,42.61
80,female,Other Hispanic,never,undiagnosed diabetes,1,0,underweight,0,0,61.68
80,female,Other Hispanic,never,undiagnosed diabetes,1,0,overweight,0,0,37.38
80,female,Other Hispanic,never,undiagnosed diabetes,1,0,obese,0,0,41.1
80,female,Other Hispanic,never,undiagnosed diabetes,1,1,normal,0,0,59.32
80,female,Other Hispanic,never,undiagnosed diabetes,1,1,underweight,0,0,78.86
80,female,Other Hispanic,never,undiagnosed diabetes,1,1,overweight,0,0,53.14
80,female,Other Hispanic,never,undiagnosed diabetes,1,1,obese,0,0,57.57
80,female,Other Hispanic,never,diagnosed diabetes,0,0,normal,0,0,39.13
80,female,Other Hispanic,never,diagnosed diabetes,0,0,underweight,0,0,57.59
80,female,Other Hispanic,never,diagnosed diabetes,0,0,overweight,0,0,34.2
80,female,Other Hispanic,never,diagnosed diabetes,0,0,obese,0,0,37.71
80,female,Other Hispanic,never,diagnosed diabetes,0,1,normal,0,0,55.25
80,female,Other Hispanic,never,diagnosed diabetes,0,1,underweight,0,0,75.08
80,female,Other Hispanic,never,diagnosed diabetes,0,1,overweight,0,0,49.23
80,female,Other Hispanic,never,diagnosed diabetes,0,1,obese,0,0,53.54
80,female,Other Hispanic,never,diagnosed diabetes,1,0,normal,0,0,46.1
80,female,Other Hispanic,never,diagnosed diabetes,1,0,underweight,0,0,65.63
80,female,Other Hispanic,never,diagnosed diabetes,1,0,overweight,0,0,40.61
80,female,Other Hispanic,never,diagnosed diabetes,1,0,obese,0,0,44.53
80,female,Other Hispanic,never,diagnosed diabetes,1,1,normal,0,0,63.26
80,female,Other Hispanic,never,diagnosed diabetes,1,1,underweight,0,0,82.27
80,female,Other Hispanic,never,diagnosed diabetes,1,1,overweight,0,0,57
80,female,Other Hispanic,never,diagnosed diabetes,1,1,obese,0,0,61.5
80,female,Other Hispanic,former,normal,0,0,normal,0,0,32.78
80,female,Other Hispanic,former,normal,0,0,underweight,0,0,49.65
80,female,Other Hispanic,former,normal,0,0,overweight,0,0,28.45
80,female,Other Hispanic,former,normal,0,0,obese,0,0,31.52
80,female,Other Hispanic,former,normal,0,1,normal,0,0,47.44
80,female,Other Hispanic,former,normal,0,1,underweight,0,0,67.09
80,female,Other Hispanic,former,normal,0,1,overweight,0,0,41.85
80,female,Other Hispanic,former,normal,0,1,obese,0,0,45.84
80,female,Other Hispanic,former,normal,1,0,normal,0,0,39.01
80,female,Other Hispanic,former,normal,1,0,underweight,0,0,57.44
80,female,Other Hispanic,former,normal,1,0,overweight,0,0,34.08
80,female,Other Hispanic,former,normal,1,0,obese,0,0,37.59
80,female,Other Hispanic,former,normal,1,1,normal,0,0,55.11
80,female,Other Hispanic,former,normal,1,1,underweight,0,0,74.93
80,female,Other Hispanic,former,normal,1,1,overweight,0,0,49.09
80,female,Other Hispanic,former,normal,1,1,obese,0,0,53.4
80,female,Other Hispanic,former,prediabetes,0,0,normal,0,0,32.8
80,female,Other Hispanic,former,prediabetes,0,0,underweight,0,0,49.67
80,female,Other Hispanic,former,prediabetes,0,0,overweight,0,0,28.47
80,female,Other Hispanic,former,prediabetes,0,0,obese,0,0,31.54
80,female,Other Hispanic,former,prediabetes,0,1,normal,0,0,47.47
80,female,Other Hispanic,former,prediabetes,0,1,underweight,0,0,67.12
80,female,Other Hispanic,former,prediabetes,0,1,overweight,0,0,41.88
80,female,Other Hispanic,former,prediabetes,0,1,obese,0,0,45.87
80,female,Other Hispanic,former,prediabetes,1,0,normal,0,0,39.03
80,female,Other Hispanic,former,prediabetes,1,0,underweight,0,0,57.47
80,female,Other Hispanic,former,prediabetes,1,0,overweight,0,0,34.11
80,female,Other Hispanic,former,prediabetes,1,0,obese,0,0,37.61
80,female,Other Hispanic,former,prediabetes,1,1,normal,0,0,55.13
80,female,Other Hispanic,former,prediabetes,1,1,underweight,0,0,74.96
80,female,Other Hispanic,former,prediabetes,1,1,overweight,0,0,49.11
80,female,Other Hispanic,former,prediabetes,1,1,obese,0,0,53.43
80,female,Other Hispanic,former,undiagnosed diabetes,0,0,normal,0,0,42.2
80,female,Other Hispanic,former,undiagnosed diabetes,0,0,underweight,0,0,61.21
80,female,Other Hispanic,former,undiagnosed diabetes,0,0,overweight,0,0,37
80,female,Other Hispanic,former,undiagnosed diabetes,0,0,obese,0,0,40.7
80,female,Other Hispanic,former,undiagnosed diabetes,0,1,normal,0,0,58.84
80,female,Other Hispanic,former,undiagnosed diabetes,0,1,underweight,0,0,78.43
80,female,Other Hispanic,former,undiagnosed diabetes,0,1,overweight,0,0,52.69
80,female,Other Hispanic,former,undiagnosed diabetes,0,1,obese,0,0,57.11
80,female,Other Hispanic,former,undiagnosed diabetes,1,0,normal,0,0,49.46
80,female,Other Hispanic,former,undiagnosed diabetes,1,0,underweight,0,0,69.24
80,female,Other Hispanic,former,undiagnosed diabetes,1,0,overweight,0,0,43.74
80,female,Other Hispanic,former,undiagnosed diabetes,1,0,obese,0,0,47.83
80,female,Other Hispanic,former,undiagnosed diabetes,1,1,normal,0,0,66.89
80,female,Other Hispanic,former,undiagnosed diabetes,1,1,underweight,0,0,85.19
80,female,Other Hispanic,former,undiagnosed diabetes,1,1,overweight,0,0,60.61
80,female,Other Hispanic,former,undiagnosed diabetes,1,1,obese,0,0,65.14
80,female,Other Hispanic,former,diagnosed diabetes,0,0,normal,0,0,45.68
80,female,Other Hispanic,former,diagnosed diabetes,0,0,underweight,0,0,65.16
80,female,Other Hispanic,former,diagnosed diabetes,0,0,overweight,0,0,40.21
80,female,Other Hispanic,former,diagnosed diabetes,0,0,obese,0,0,44.11
80,female,Other Hispanic,former,diagnosed diabetes,0,1,normal,0,0,62.78
80,female,Other Hispanic,former,diagnosed diabetes,0,1,underweight,0,0,81.87
80,female,Other Hispanic,former,diagnosed diabetes,0,1,overweight,0,0,56.53
80,female,Other Hispanic,former,diagnosed diabetes,0,1,obese,0,0,61.03
80,female,Other Hispanic,former,diagnosed diabetes,1,0,normal,0,0,53.22
80,female,Other Hispanic,former,diagnosed diabetes,1,0,underweight,0,0,73.09
80,female,Other Hispanic,former,diagnosed diabetes,1,0,overweight,0,0,47.29
80,female,Other Hispanic,former,diagnosed diabetes,1,0,obese,0,0,51.54
80,female,Other Hispanic,former,diagnosed diabetes,1,1,normal,0,0,70.79
80,female,Other Hispanic,former,diagnosed diabetes,1,1,underweight,0,0,88.07
80,female,Other Hispanic,former,diagnosed diabetes,1,1,overweight,0,0,64.56
80,female,Other Hispanic,former,diagnosed diabetes,1,1,obese,0,0,69.06
80,female,Other Hispanic,current,normal,0,0,normal,0,0,56.33
80,female,Other Hispanic,current,normal,0,0,underweight,0,0,76.1
80,female,Other Hispanic,current,normal,0,0,overweight,0,0,50.26
80,female,Other Hispanic,current,normal,0,0,obese,0,0,54.61
80,female,Other Hispanic,current,normal,0,1,normal,0,0,73.86
80,female,Other Hispanic,current,normal,0,1,underweight,0,0,90.16
80,female,Other Hispanic,current,normal,0,1,overweight,0,0,67.73
80,female,Other Hispanic,current,normal,0,1,obese,0,0,72.18
80,female,Other Hispanic,current,normal,1,0,normal,0,0,64.35
80,female,Other Hispanic,current,normal,1,0,underweight,0,0,83.17
80,female,Other Hispanic,current,normal,1,0,overweight,0,0,58.08
80,female,Other Hispanic,current,normal,1,0,obese,0,0,62.6
80,female,Other Hispanic,current,normal,1,1,normal,0,0,81.19
80,female,Other Hispanic,current,normal,1,1,underweight,0,0,94.42
80,female,Other Hispanic,current,normal,1,1,overweight,0,0,75.54
80,female,Other Hispanic,current,normal,1,1,obese,0,0,79.66
80,female,Other Hispanic,current,prediabetes,0,0,normal,0,0,56.35
80,female,Other Hispanic,current,prediabetes,0,0,underweight,0,0,76.13
80,female,Other Hispanic,current,prediabetes,0,0,overweight,0,0,50.28
80,female,Other Hispanic,current,prediabetes,0,0,obese,0,0,54.63
80,female,Other Hispanic,current,prediabetes,0,1,normal,0,0,73.89
80,female,Other Hispanic,current,prediabetes,0,1,underweight,0,0,90.17
80,female,Other Hispanic,current,prediabetes,0,1,overweight,0,0,67.76
80,female,Other Hispanic,current,prediabetes,0,1,obese,0,0,72.2
80,female,Other Hispanic,current,prediabetes,1,0,normal,0,0,64.38
80,female,Other Hispanic,current,prediabetes,1,0,underweight,0,0,83.19
80,female,Other Hispanic,current,prediabetes,1,0,overweight,0,0,58.11
80,female,Other Hispanic,current,prediabetes,1,0,obese,0,0,62.62
80,female,Other Hispanic,current,prediabetes,1,1,normal,0,0,81.21
80,female,Other Hispanic,current,prediabetes,1,1,underweight,0,0,94.43
80,female,Other Hispanic,current,prediabetes,1,1,overweight,0,0,75.57
80,female,Other Hispanic,current,prediabetes,1,1,obese,0,0,79.69
80,female,Other Hispanic,current,undiagnosed diabetes,0,0,normal,0,0,68.13
80,female,Other Hispanic,current,undiagnosed diabetes,0,0,underweight,0,0,86.13
80,female,Other Hispanic,current,undiagnosed diabetes,0,0,overweight,0,0,61.86
80,female,Other Hispanic,current,undiagnosed diabetes,0,0,obese,0,0,66.38
80,female,Other Hispanic,current,undiagnosed diabetes,0,1,normal,0,0,84.31
80,female,Other Hispanic,current,undiagnosed diabetes,0,1,underweight,0,0,95.92
80,female,Other Hispanic,current,undiagnosed diabetes,0,1,overweight,0,0,79.01
80,female,Other Hispanic,current,undiagnosed diabetes,0,1,obese,0,0,82.89
80,female,Other Hispanic,current,undiagnosed diabetes,1,0,normal,0,0,75.92
80,female,Other Hispanic,current,undiagnosed diabetes,1,0,underweight,0,0,91.45
80,female,Other Hispanic,current,undiagnosed diabetes,1,0,overweight,0,0,69.88
80,female,Other Hispanic,current,undiagnosed diabetes,1,0,obese,0,0,74.26
80,female,Other Hispanic,current,undiagnosed diabetes,1,1,normal,0,0,90.03
80,female,Other Hispanic,current,undiagnosed diabetes,1,1,underweight,0,0,98.14
80,female,Other Hispanic,current,undiagnosed diabetes,1,1,overweight,0,0,85.68
80,female,Other Hispanic,current,undiagnosed diabetes,1,1,obese,0,0,88.9
80,female,Other Hispanic,current,diagnosed diabetes,0,0,normal,0,0,72
80,female,Other Hispanic,current,diagnosed diabetes,0,0,underweight,0,0,88.91
80,female,Other Hispanic,current,diagnosed diabetes,0,0,overweight,0,0,65.8
80,female,Other Hispanic,current,diagnosed diabetes,0,0,obese,0,0,70.29
80,female,Other Hispanic,current,diagnosed diabetes,0,1,normal,0,0,87.28
80,female,Other Hispanic,current,diagnosed diabetes,0,1,underweight,0,0,97.16
80,female,Other Hispanic,current,diagnosed diabetes,0,1,overweight,0,0,82.41
80,female,Other Hispanic,current,diagnosed diabetes,0,1,obese,0,0,85.99
80,female,Other Hispanic,current,diagnosed diabetes,1,0,normal,0,0,79.5
80,female,Other Hispanic,current,diagnosed diabetes,1,0,underweight,0,0,93.53
80,female,Other Hispanic,current,diagnosed diabetes,1,0,overweight,0,0,73.71
80,female,Other Hispanic,current,diagnosed diabetes,1,0,obese,0,0,77.93
80,female,Other Hispanic,current,diagnosed diabetes,1,1,normal,0,0,92.32
80,female,Other Hispanic,current,diagnosed diabetes,1,1,underweight,0,0,98.81
80,female,Other Hispanic,current,diagnosed diabetes,1,1,overweight,0,0,88.51
80,female,Other Hispanic,current,diagnosed diabetes,1,1,obese,0,0,91.35
80,female,Other/Multiracial,never,normal,0,0,normal,0,0,26.01
80,female,Other/Multiracial,never,normal,0,0,underweight,0,0,40.57
80,female,Other/Multiracial,never,normal,0,0,overweight,0,0,22.42
80,female,Other/Multiracial,never,normal,0,0,obese,0,0,24.96
80,female,Other/Multiracial,never,normal,0,1,normal,0,0,38.61
80,female,Other/Multiracial,never,normal,0,1,underweight,0,0,56.96
80,female,Other/Multiracial,never,normal,0,1,overweight,0,0,33.72
80,female,Other/Multiracial,never,normal,0,1,obese,0,0,37.2
80,female,Other/Multiracial,never,normal,1,0,normal,0,0,31.27
80,female,Other/Multiracial,never,normal,1,0,underweight,0,0,47.69
80,female,Other/Multiracial,never,normal,1,0,overweight,0,0,27.1
80,female,Other/Multiracial,never,normal,1,0,obese,0,0,30.06
80,female,Other/Multiracial,never,normal,1,1,normal,0,0,45.53
80,female,Other/Multiracial,never,normal,1,1,underweight,0,0,64.99
80,female,Other/Multiracial,never,normal,1,1,overweight,0,0,40.07
80,female,Other/Multiracial,never,normal,1,1,obese,0,0,43.96
80,female,Other/Multiracial,never,prediabetes,0,0,normal,0,0,26.03
80,female,Other/Multiracial,never,prediabetes,0,0,underweight,0,0,40.6
80,female,Other/Multiracial,never,prediabetes,0,0,overweight,0,0,22.44
80,female,Other/Multiracial,never,prediabetes,0,0,obese,0,0,24.98
80,female,Other/Multiracial,never,prediabetes,0,1,normal,0,0,38.63
80,female,Other/Multiracial,never,prediabetes,0,1,underweight,0,0,56.98
80,female,Other/Multiracial,never,prediabetes,0,1,overweight,0,0,33.74
80,female,Other/Multiracial,never,prediabetes,0,1,obese,0,0,37.22
80,female,Other/Multiracial,never,prediabetes,1,0,normal,0,0,31.29
80,female,Other/Multiracial,never,prediabetes,1,0,underweight,0,0,47.71
80,female,Other/Multiracial,never,prediabetes,1,0,overweight,0,0,27.12
80,female,Other/Multiracial,never,prediabetes,1,0,obese,0,0,30.08
80,female,Other/Multiracial,never,prediabetes,1,1,normal,0,0,45.55
80,female,Other/Multiracial,never,prediabetes,1,1,underweight,0,0,65.02
80,female,Other/Multiracial,never,prediabetes,1,1,overweight,0,0,40.1
80,female,Other/Multiracial,never,prediabetes,1,1,obese,0,0,43.99
80,female,Other/Multiracial,never,undiagnosed diabetes,0,0,normal,0,0,34.02
80,female,Other/Multiracial,never,undiagnosed diabetes,0,0,underweight,0,0,51.24
80,female,Other/Multiracial,never,undiagnosed diabetes,0,0,overweight,0,0,29.56
80,female,Other/Multiracial,never,undiagnosed diabetes,0,0,obese,0,0,32.72
80,female,Other/Multiracial,never,undiagnosed diabetes,0,1,normal,0,0,49
80,female,Other/Multiracial,never,undiagnosed diabetes,0,1,underweight,0,0,68.76
80,female,Other/Multiracial,never,undiagnosed diabetes,0,1,overweight,0,0,43.31
80,female,Other/Multiracial,never,undiagnosed diabetes,0,1,obese,0,0,47.38
80,female,Other/Multiracial,never,undiagnosed diabetes,1,0,normal,0,0,40.41
80,female,Other/Multiracial,never,undiagnosed diabetes,1,0,underweight,0,0,59.11
80,female,Other/Multiracial,never,undiagnosed diabetes,1,0,overweight,0,0,35.36
80,female,Other/Multiracial,never,undiagnosed diabetes,1,0,obese,0,0,38.95
80,female,Other/Multiracial,never,undiagnosed diabetes,1,1,normal,0,0,56.76
80,female,Other/Multiracial,never,undiagnosed diabetes,1,1,underweight,0,0,76.51
80,female,Other/Multiracial,never,undiagnosed diabetes,1,1,overweight,0,0,50.67
80,female,Other/Multiracial,never,undiagnosed diabetes,1,1,obese,0,0,55.04
80,female,Other/Multiracial,never,diagnosed diabetes,0,0,normal,0,0,37.05
80,female,Other/Multiracial,never,diagnosed diabetes,0,0,underweight,0,0,55.05
80,female,Other/Multiracial,never,diagnosed diabetes,0,0,overweight,0,0,32.3
80,female,Other/Multiracial,never,diagnosed diabetes,0,0,obese,0,0,35.68
80,female,Other/Multiracial,never,diagnosed diabetes,0,1,normal,0,0,52.75
80,female,Other/Multiracial,never,diagnosed diabetes,0,1,underweight,0,0,72.62
80,female,Other/Multiracial,never,diagnosed diabetes,0,1,overweight,0,0,46.84
80,female,Other/Multiracial,never,diagnosed diabetes,0,1,obese,0,0,51.07
80,female,Other/Multiracial,never,diagnosed diabetes,1,0,normal,0,0,43.8
80,female,Other/Multiracial,never,diagnosed diabetes,1,0,underweight,0,0,63.05
80,female,Other/Multiracial,never,diagnosed diabetes,1,0,overweight,0,0,38.48
80,female,Other/Multiracial,never,diagnosed diabetes,1,0,obese,0,0,42.27
80,female,Other/Multiracial,never,diagnosed diabetes,1,1,normal,0,0,60.68
80,female,Other/Multiracial,never,diagnosed diabetes,1,1,underweight,0,0,80.06
80,female,Other/Multiracial,never,diagnosed diabetes,1,1,overweight,0,0,54.47
80,female,Other/Multiracial,never,diagnosed diabetes,1,1,obese,0,0,58.93
80,female,Other/Multiracial,former,normal,0,0,normal,0,0,30.94
80,female,Other/Multiracial,former,normal,0,0,underweight,0,0,47.25
80,female,Other/Multiracial,former,normal,0,0,overweight,0,0,26.81
80,female,Other/Multiracial,former,normal,0,0,obese,0,0,29.74
80,female,Other/Multiracial,former,normal,0,1,normal,0,0,45.1
80,female,Other/Multiracial,former,normal,0,1,underweight,0,0,64.51
80,female,Other/Multiracial,former,normal,0,1,overweight,0,0,39.68
80,female,Other/Multiracial,former,normal,0,1,obese,0,0,43.54
80,female,Other/Multiracial,former,normal,1,0,normal,0,0,36.93
80,female,Other/Multiracial,former,normal,1,0,underweight,0,0,54.91
80,female,Other/Multiracial,former,normal,1,0,overweight,0,0,32.2
80,female,Other/Multiracial,former,normal,1,0,obese,0,0,35.56
80,female,Other/Multiracial,former,normal,1,1,normal,0,0,52.6
80,female,Other/Multiracial,former,normal,1,1,underweight,0,0,72.47
80,female,Other/Multiracial,former,normal,1,1,overweight,0,0,46.71
80,female,Other/Multiracial,former,normal,1,1,obese,0,0,50.92
80,female,Other/Multiracial,former,prediabetes,0,0,normal,0,0,30.96
80,female,Other/Multiracial,former,prediabetes,0,0,underweight,0,0,47.28
80,female,Other/Multiracial,former,prediabetes,0,0,overweight,0,0,26.83
80,female,Other/Multiracial,former,prediabetes,0,0,obese,0,0,29.76
80,female,Other/Multiracial,former,prediabetes,0,1,normal,0,0,45.13
80,female,Other/Multiracial,former,prediabetes,0,1,underweight,0,0,64.54
80,female,Other/Multiracial,former,prediabetes,0,1,overweight,0,0,39.7
80,female,Other/Multiracial,former,prediabetes,0,1,obese,0,0,43.57
80,female,Other/Multiracial,former,prediabetes,1,0,normal,0,0,36.95
80,female,Other/Multiracial,former,prediabetes,1,0,underweight,0,0,54.93
80,female,Other/Multiracial,former,prediabetes,1,0,overweight,0,0,32.22
80,female,Other/Multiracial,former,prediabetes,1,0,obese,0,0,35.58
80,female,Other/Multiracial,former,prediabetes,1,1,normal,0,0,52.63
80,female,Other/Multiracial,former,prediabetes,1,1,underweight,0,0,72.5
80,female,Other/Multiracial,former,prediabetes,1,1,overweight,0,0,46.73
80,female,Other/Multiracial,former,prediabetes,1,1,obese,0,0,50.95
80,female,Other/Multiracial,former,undiagnosed diabetes,0,0,normal,0,0,40.01
80,female,Other/Multiracial,former,undiagnosed diabetes,0,0,underweight,0,0,58.64
80,female,Other/Multiracial,former,undiagnosed diabetes,0,0,overweight,0,0,35
80,female,Other/Multiracial,former,undiagnosed diabetes,0,0,obese,0,0,38.56
80,female,Other/Multiracial,former,undiagnosed diabetes,0,1,normal,0,0,56.29
80,female,Other/Multiracial,former,undiagnosed diabetes,0,1,underweight,0,0,76.07
80,female,Other/Multiracial,former,undiagnosed diabetes,0,1,overweight,0,0,50.23
80,female,Other/Multiracial,former,undiagnosed diabetes,0,1,obese,0,0,54.57
80,female,Other/Multiracial,former,undiagnosed diabetes,1,0,normal,0,0,47.07
80,female,Other/Multiracial,former,undiagnosed diabetes,1,0,underweight,0,0,66.69
80,female,Other/Multiracial,former,undiagnosed diabetes,1,0,overweight,0,0,41.51
80,female,Other/Multiracial,former,undiagnosed diabetes,1,0,obese,0,0,45.48
80,female,Other/Multiracial,former,undiagnosed diabetes,1,1,normal,0,0,64.32
80,female,Other/Multiracial,former,undiagnosed diabetes,1,1,underweight,0,0,83.14
80,female,Other/Multiracial,former,undiagnosed diabetes,1,1,overweight,0,0,58.05
80,female,Other/Multiracial,former,undiagnosed diabetes,1,1,obese,0,0,62.56
80,female,Other/Multiracial,former,diagnosed diabetes,0,0,normal,0,0,43.38
80,female,Other/Multiracial,former,diagnosed diabetes,0,0,underweight,0,0,62.58
80,female,Other/Multiracial,former,diagnosed diabetes,0,0,overweight,0,0,38.09
80,female,Other/Multiracial,former,diagnosed diabetes,0,0,obese,0,0,41.86
80,female,Other/Multiracial,former,diagnosed diabetes,0,1,normal,0,0,60.2
80,female,Other/Multiracial,former,diagnosed diabetes,0,1,underweight,0,0,79.65
80,female,Other/Multiracial,former,diagnosed diabetes,0,1,overweight,0,0,54.01
80,female,Other/Multiracial,former,diagnosed diabetes,0,1,obese,0,0,58.46
80,female,Other/Multiracial,former,diagnosed diabetes,1,0,normal,0,0,50.75
80,female,Other/Multiracial,former,diagnosed diabetes,1,0,underweight,0,0,70.59
80,female,Other/Multiracial,former,diagnosed diabetes,1,0,overweight,0,0,44.96
80,female,Other/Multiracial,former,diagnosed diabetes,1,0,obese,0,0,49.1
80,female,Other/Multiracial,former,diagnosed diabetes,1,1,normal,0,0,68.25
80,female,Other/Multiracial,former,diagnosed diabetes,1,1,underweight,0,0,86.22
80,female,Other/Multiracial,former,diagnosed diabetes,1,1,overweight,0,0,61.98
80,female,Other/Multiracial,former,diagnosed diabetes,1,1,obese,0,0,66.5
80,female,Other/Multiracial,current,normal,0,0,normal,0,0,53.81
80,female,Other/Multiracial,current,normal,0,0,underweight,0,0,73.67
80,female,Other/Multiracial,current,normal,0,0,overweight,0,0,47.85
80,female,Other/Multiracial,current,normal,0,0,obese,0,0,52.11
80,female,Other/Multiracial,current,normal,0,1,normal,0,0,71.38
80,female,Other/Multiracial,current,normal,0,1,underweight,0,0,88.48
80,female,Other/Multiracial,current,normal,0,1,overweight,0,0,65.16
80,female,Other/Multiracial,current,normal,0,1,obese,0,0,69.66
80,female,Other/Multiracial,current,normal,1,0,normal,0,0,61.77
80,female,Other/Multiracial,current,normal,1,0,underweight,0,0,81.01
80,female,Other/Multiracial,current,normal,1,0,overweight,0,0,55.54
80,female,Other/Multiracial,current,normal,1,0,obese,0,0,60.02
80,female,Other/Multiracial,current,normal,1,1,normal,0,0,78.93
80,female,Other/Multiracial,current,normal,1,1,underweight,0,0,93.22
80,female,Other/Multiracial,current,normal,1,1,overweight,0,0,73.09
80,female,Other/Multiracial,current,normal,1,1,obese,0,0,77.35
80,female,Other/Multiracial,current,prediabetes,0,0,normal,0,0,53.83
80,female,Other/Multiracial,current,prediabetes,0,0,underweight,0,0,73.69
80,female,Other/Multiracial,current,prediabetes,0,0,overweight,0,0,47.87
80,female,Other/Multiracial,current,prediabetes,0,0,obese,0,0,52.14
80,female,Other/Multiracial,current,prediabetes,0,1,normal,0,0,71.4
80,female,Other/Multiracial,current,prediabetes,0,1,underweight,0,0,88.5
80,female,Other/Multiracial,current,prediabetes,0,1,overweight,0,0,65.19
80,female,Other/Multiracial,current,prediabetes,0,1,obese,0,0,69.68
80,female,Other/Multiracial,current,prediabetes,1,0,normal,0,0,61.8
80,female,Other/Multiracial,current,prediabetes,1,0,underweight,0,0,81.04
80,female,Other/Multiracial,current,prediabetes,1,0,overweight,0,0,55.57
80,female,Other/Multiracial,current,prediabetes,1,0,obese,0,0,60.05
80,female,Other/Multiracial,current,prediabetes,1,1,normal,0,0,78.96
80,female,Other/Multiracial,current,prediabetes,1,1,underweight,0,0,93.23
80,female,Other/Multiracial,current,prediabetes,1,1,overweight,0,0,73.12
80,female,Other/Multiracial,current,prediabetes,1,1,obese,0,0,77.37
80,female,Other/Multiracial,current,undiagnosed diabetes,0,0,normal,0,0,65.56
80,female,Other/Multiracial,current,undiagnosed diabetes,0,0,underweight,0,0,84.15
80,female,Other/Multiracial,current,undiagnosed diabetes,0,0,overweight,0,0,59.28
80,female,Other/Multiracial,current,undiagnosed diabetes,0,0,obese,0,0,63.81
80,female,Other/Multiracial,current,undiagnosed diabetes,0,1,normal,0,0,82.21
80,female,Other/Multiracial,current,undiagnosed diabetes,0,1,underweight,0,0,94.94
80,female,Other/Multiracial,current,undiagnosed diabetes,0,1,overweight,0,0,76.67
80,female,Other/Multiracial,current,undiagnosed diabetes,0,1,obese,0,0,80.72
80,female,Other/Multiracial,current,undiagnosed diabetes,1,0,normal,0,0,73.48
80,female,Other/Multiracial,current,undiagnosed diabetes,1,0,underweight,0,0,89.9
80,female,Other/Multiracial,current,undiagnosed diabetes,1,0,overweight,0,0,67.33
80,female,Other/Multiracial,current,undiagnosed diabetes,1,0,obese,0,0,71.79
80,female,Other/Multiracial,current,undiagnosed diabetes,1,1,normal,0,0,88.35
80,female,Other/Multiracial,current,undiagnosed diabetes,1,1,underweight,0,0,97.56
80,female,Other/Multiracial,current,undiagnosed diabetes,1,1,overweight,0,0,83.67
80,female,Other/Multiracial,current,undiagnosed diabetes,1,1,obese,0,0,87.12
80,female,Other/Multiracial,current,diagnosed diabetes,0,0,normal,0,0,69.48
80,female,Other/Multiracial,current,diagnosed diabetes,0,0,underweight,0,0,87.13
80,female,Other/Multiracial,current,diagnosed diabetes,0,0,overweight,0,0,63.22
80,female,Other/Multiracial,current,diagnosed diabetes,0,0,obese,0,0,67.74
80,female,Other/Multiracial,current,diagnosed diabetes,0,1,normal,0,0,85.37
80,female,Other/Multiracial,current,diagnosed diabetes,0,1,underweight,0,0,96.39
80,female,Other/Multiracial,current,diagnosed diabetes,0,1,overweight,0,0,80.21
80,female,Other/Multiracial,current,diagnosed diabetes,0,1,obese,0,0,84
80,female,Other/Multiracial,current,diagnosed diabetes,1,0,normal,0,0,77.18
80,female,Other/Multiracial,current,diagnosed diabetes,1,0,underweight,0,0,92.21
80,female,Other/Multiracial,current,diagnosed diabetes,1,0,overweight,0,0,71.22
80,female,Other/Multiracial,current,diagnosed diabetes,1,0,obese,0,0,75.55
80,female,Other/Multiracial,current,diagnosed diabetes,1,1,normal,0,0,90.87
80,female,Other/Multiracial,current,diagnosed diabetes,1,1,underweight,0,0,98.4
80,female,Other/Multiracial,current,diagnosed diabetes,1,1,overweight,0,0,86.7
80,female,Other/Multiracial,current,diagnosed diabetes,1,1,obese,0,0,89.79
