level,time,cause,cif,naive,group,group_key,level_key
diagnosed diabetes,0,CVD,1.1579873634955664e-4,1.1579873634962046e-4,Glycemic status,glycemic,glycemic|diagnosed diabetes
diagnosed diabetes,0,Cancer,0,0,Glycemic status,glycemic,glycemic|diagnosed diabetes
diagnosed diabetes,0,Other causes,2.5370599714391224e-5,2.5370599714430452e-5,Glycemic status,glycemic,glycemic|diagnosed diabetes
diagnosed diabetes,0.25,CVD,8.438262980981855e-4,8.444607521216008e-4,Glycemic status,glycemic,glycemic|diagnosed diabetes
diagnosed diabetes,0.25,Cancer,0.00109390707885421,0.00109475308822595,Glycemic status,glycemic,glycemic|diagnosed diabetes
diagnosed diabetes,0.25,Other causes,0.00261715327291739,0.0026189010705063,Glycemic status,glycemic,glycemic|diagnosed diabetes
diagnosed diabetes,0.5,CVD,0.00322810973618871,0.00323972593699884,Glycemic status,glycemic,glycemic|diagnosed diabetes
diagnosed diabetes,0.5,Cancer,0.00121124246832197,0.00121275551851927,Glycemic status,glycemic,glycemic|diagnosed diabetes
diagnosed diabetes,0.5,Other causes,0.005160413345858,0.00516945919612368,Glycemic status,glycemic,glycemic|diagnosed diabetes
diagnosed diabetes,0.75,CVD,0.00619231310333532,0.00622731246983656,Glycemic status,glycemic,glycemic|diagnosed diabetes
diagnosed diabetes,0.75,Cancer,0.00255990080287354,0.00257544464831994,Glycemic status,glycemic,glycemic|diagnosed diabetes
diagnosed diabetes,0.75,Other causes,0.0078921250615533,0.00791670662735754,Glycemic status,glycemic,glycemic|diagnosed diabetes
diagnosed diabetes,1,CVD,0.00799362590555689,0.00805085293554638,Glycemic status,glycemic,glycemic|diagnosed diabetes
diagnosed diabetes,1,Cancer,0.00412143011949835,0.00416055600825465,Glycemic status,glycemic,glycemic|diagnosed diabetes
diagnosed diabetes,1,Other causes,0.01005841061288002,0.01010406758354666,Glycemic status,glycemic,glycemic|diagnosed diabetes
diagnosed diabetes,1.25,CVD,0.00945948407511758,0.00953897318329334,Glycemic status,glycemic,glycemic|diagnosed diabetes
diagnosed diabetes,1.25,Cancer,0.00503393497708494,0.00509052887711253,Glycemic status,glycemic,glycemic|diagnosed diabetes
diagnosed diabetes,1.25,Other causes,0.01206002951467188,0.01213303913526396,Glycemic status,glycemic,glycemic|diagnosed diabetes
diagnosed diabetes,1.5,CVD,0.01202885369474776,0.01215588355504593,Glycemic status,glycemic,glycemic|diagnosed diabetes
diagnosed diabetes,1.5,Cancer,0.00575835960966175,0.0058318430970758,Glycemic status,glycemic,glycemic|diagnosed diabetes
diagnosed diabetes,1.5,Other causes,0.01396780849337572,0.01407069902908985,Glycemic status,glycemic,glycemic|diagnosed diabetes
diagnosed diabetes,1.75,CVD,0.01326224480444361,0.01341682498913712,Glycemic status,glycemic,glycemic|diagnosed diabetes
diagnosed diabetes,1.75,Cancer,0.00675122764246031,0.00685395644916135,Glycemic status,glycemic,glycemic|diagnosed diabetes
diagnosed diabetes,1.75,Other causes,0.01757607446773719,0.01774646584094656,Glycemic status,glycemic,glycemic|diagnosed diabetes
diagnosed diabetes,2,CVD,0.0153619579646957,0.01557273394190707,Glycemic status,glycemic,glycemic|diagnosed diabetes
diagnosed diabetes,2,Cancer,0.00763673133376251,0.00776911957275353,Glycemic status,glycemic,glycemic|diagnosed diabetes
diagnosed diabetes,2,Other causes,0.020524407081886,0.02075842407805309,Glycemic status,glycemic,glycemic|diagnosed diabetes
diagnosed diabetes,2.25,CVD,0.01887687831307525,0.0191984872926627,Glycemic status,glycemic,glycemic|diagnosed diabetes
diagnosed diabetes,2.25,Cancer,0.00846334328182095,0.00863029070324183,Glycemic status,glycemic,glycemic|diagnosed diabetes
diagnosed diabetes,2.25,Other causes,0.02525997880260809,0.0256121585444874,Glycemic status,glycemic,glycemic|diagnosed diabetes
diagnosed diabetes,2.5,CVD,0.02123129878061256,0.02164229103618563,Glycemic status,glycemic,glycemic|diagnosed diabetes
diagnosed diabetes,2.5,Cancer,0.00982973036998984,0.01006281749833892,Glycemic status,glycemic,glycemic|diagnosed diabetes
diagnosed diabetes,2.5,Other causes,0.02829859786526862,0.02873908198179235,Glycemic status,glycemic,glycemic|diagnosed diabetes
diagnosed diabetes,2.75,CVD,0.02321494160060883,0.02370738838264532,Glycemic status,glycemic,glycemic|diagnosed diabetes
diagnosed diabetes,2.75,Cancer,0.0111531709681897,0.01145942974003383,Glycemic status,glycemic,glycemic|diagnosed diabetes
diagnosed diabetes,2.75,Other causes,0.03287201957912536,0.03346923907298169,Glycemic status,glycemic,glycemic|diagnosed diabetes
diagnosed diabetes,3,CVD,0.02494940587908719,0.0255261920176706,Glycemic status,glycemic,glycemic|diagnosed diabetes
diagnosed diabetes,3,Cancer,0.01305481680216525,0.01347880873900727,Glycemic status,glycemic,glycemic|diagnosed diabetes
diagnosed diabetes,3,Other causes,0.03624815352560329,0.03697165443057449,Glycemic status,glycemic,glycemic|diagnosed diabetes
diagnosed diabetes,3.25,CVD,0.02722445958175303,0.0279224308130696,Glycemic status,glycemic,glycemic|diagnosed diabetes
diagnosed diabetes,3.25,Cancer,0.0141373347260285,0.01463673303838264,Glycemic status,glycemic,glycemic|diagnosed diabetes
diagnosed diabetes,3.25,Other causes,0.03917467157080418,0.04001974177485717,Glycemic status,glycemic,glycemic|diagnosed diabetes
diagnosed diabetes,3.5,CVD,0.02960783830862344,0.03044742260881181,Glycemic status,glycemic,glycemic|diagnosed diabetes
diagnosed diabetes,3.5,Cancer,0.0160394766253336,0.0166846132353802,Glycemic status,glycemic,glycemic|diagnosed diabetes
diagnosed diabetes,3.5,Other causes,0.04386530741757152,0.04492216400506356,Glycemic status,glycemic,glycemic|diagnosed diabetes
diagnosed diabetes,3.75,CVD,0.03274985400849923,0.03379577412383632,Glycemic status,glycemic,glycemic|diagnosed diabetes
diagnosed diabetes,3.75,Cancer,0.01685703318338617,0.01757086212284863,Glycemic status,glycemic,glycemic|diagnosed diabetes
diagnosed diabetes,3.75,Other causes,0.04578253844334926,0.04693562042169476,Glycemic status,glycemic,glycemic|diagnosed diabetes
diagnosed diabetes,4,CVD,0.03536686353816463,0.036597348194438,Glycemic status,glycemic,glycemic|diagnosed diabetes
diagnosed diabetes,4,Cancer,0.01772374638826933,0.01851610483525045,Glycemic status,glycemic,glycemic|diagnosed diabetes
diagnosed diabetes,4,Other causes,0.05055626854660866,0.05196960331876198,Glycemic status,glycemic,glycemic|diagnosed diabetes
diagnosed diabetes,4.25,CVD,0.03737202113054187,0.03875439148294519,Glycemic status,glycemic,glycemic|diagnosed diabetes
diagnosed diabetes,4.25,Cancer,0.01967932994764827,0.02066269041614064,Glycemic status,glycemic,glycemic|diagnosed diabetes
diagnosed diabetes,4.25,Other causes,0.05383849474707723,0.05544669747522524,Glycemic status,glycemic,glycemic|diagnosed diabetes
diagnosed diabetes,4.5,CVD,0.04064584496583078,0.0423006333763528,Glycemic status,glycemic,glycemic|diagnosed diabetes
diagnosed diabetes,4.5,Cancer,0.02016055341009714,0.02119399483998837,Glycemic status,glycemic,glycemic|diagnosed diabetes
diagnosed diabetes,4.5,Other causes,0.05798351368205166,0.05985569281482615,Glycemic status,glycemic,glycemic|diagnosed diabetes
diagnosed diabetes,4.75,CVD,0.04307112466199869,0.04493783412428197,Glycemic status,glycemic,glycemic|diagnosed diabetes
diagnosed diabetes,4.75,Cancer,0.02122050735471916,0.02237211369769388,Glycemic status,glycemic,glycemic|diagnosed diabetes
diagnosed diabetes,4.75,Other causes,0.05938801232624525,0.06135825553051599,Glycemic status,glycemic,glycemic|diagnosed diabetes
diagnosed diabetes,5,CVD,0.04726789012872531,0.04952543989296107,Glycemic status,glycemic,glycemic|diagnosed diabetes
diagnosed diabetes,5,Cancer,0.02328468465371322,0.02468709473909897,Glycemic status,glycemic,glycemic|diagnosed diabetes
diagnosed diabetes,5,Other causes,0.06430624572258621,0.0666342298825133,Glycemic status,glycemic,glycemic|diagnosed diabetes
diagnosed diabetes,5.25,CVD,0.05133949247044853,0.05401051537958928,Glycemic status,glycemic,glycemic|diagnosed diabetes
diagnosed diabetes,5.25,Cancer,0.0250465751059048,0.02667677731756051,Glycemic status,glycemic,glycemic|diagnosed diabetes
diagnosed diabetes,5.25,Other causes,0.06788940245257073,0.07050790332829185,Glycemic status,glycemic,glycemic|diagnosed diabetes
diagnosed diabetes,5.5,CVD,0.05395456511409113,0.05690600890945639,Glycemic status,glycemic,glycemic|diagnosed diabetes
diagnosed diabetes,5.5,Cancer,0.02624268723275304,0.02803927006006123,Glycemic status,glycemic,glycemic|diagnosed diabetes
diagnosed diabetes,5.5,Other causes,0.07114489389011304,0.074050501659378,Glycemic status,glycemic,glycemic|diagnosed diabetes
diagnosed diabetes,5.75,CVD,0.0560780792665853,0.05927156873329041,Glycemic status,glycemic,glycemic|diagnosed diabetes
diagnosed diabetes,5.75,Cancer,0.0285482262743218,0.03068270653121279,Glycemic status,glycemic,glycemic|diagnosed diabetes
diagnosed diabetes,5.75,Other causes,0.07475920664276381,0.07800436601221872,Glycemic status,glycemic,glycemic|diagnosed diabetes
diagnosed diabetes,6,CVD,0.06015035036853545,0.0638415694704752,Glycemic status,glycemic,glycemic|diagnosed diabetes
diagnosed diabetes,6,Cancer,0.02977902534877306,0.03210543361324781,Glycemic status,glycemic,glycemic|diagnosed diabetes
diagnosed diabetes,6,Other causes,0.07817250724641278,0.0817526369834253,Glycemic status,glycemic,glycemic|diagnosed diabetes
diagnosed diabetes,6.25,CVD,0.0633638252020108,0.06746230351150585,Glycemic status,glycemic,glycemic|diagnosed diabetes
diagnosed diabetes,6.25,Cancer,0.03084032050995824,0.03334602394556194,Glycemic status,glycemic,glycemic|diagnosed diabetes
diagnosed diabetes,6.25,Other causes,0.08168574406323119,0.0856359415039565,Glycemic status,glycemic,glycemic|diagnosed diabetes
diagnosed diabetes,6.5,CVD,0.06732321294597464,0.07194791624114301,Glycemic status,glycemic,glycemic|diagnosed diabetes
diagnosed diabetes,6.5,Cancer,0.03240875693100885,0.03519073551541245,Glycemic status,glycemic,glycemic|diagnosed diabetes
diagnosed diabetes,6.5,Other causes,0.08394547713545752,0.08815051516598993,Glycemic status,glycemic,glycemic|diagnosed diabetes
diagnosed diabetes,6.75,CVD,0.0697086376335332,0.0746634802848675,Glycemic status,glycemic,glycemic|diagnosed diabetes
diagnosed diabetes,6.75,Cancer,0.03357501426654179,0.03657137538154319,Glycemic status,glycemic,glycemic|diagnosed diabetes
diagnosed diabetes,6.75,Other causes,0.08859600162466597,0.09335814873738764,Glycemic status,glycemic,glycemic|diagnosed diabetes
diagnosed diabetes,7,CVD,0.07233285072329226,0.0776766025570217,Glycemic status,glycemic,glycemic|diagnosed diabetes
diagnosed diabetes,7,Cancer,0.03515783830881101,0.03846251186208958,Glycemic status,glycemic,glycemic|diagnosed diabetes
diagnosed diabetes,7,Other causes,0.09284595413234129,0.09813535470523396,Glycemic status,glycemic,glycemic|diagnosed diabetes
diagnosed diabetes,7.25,CVD,0.07417641018829221,0.0798045971555682,Glycemic status,glycemic,glycemic|diagnosed diabetes
diagnosed diabetes,7.25,Cancer,0.03557613282956532,0.038965929548178443,Glycemic status,glycemic,glycemic|diagnosed diabetes
diagnosed diabetes,7.25,Other causes,0.0944822355702519,0.09998221312708452,Glycemic status,glycemic,glycemic|diagnosed diabetes
diagnosed diabetes,7.5,CVD,0.07572926463946338,0.08160557545315184,Glycemic status,glycemic,glycemic|diagnosed diabetes
diagnosed diabetes,7.5,Cancer,0.03710856764976579,0.04081903969408402,Glycemic status,glycemic,glycemic|diagnosed diabetes
diagnosed diabetes,7.5,Other causes,0.09903671485698226,0.10514144426157516,Glycemic status,glycemic,glycemic|diagnosed diabetes
diagnosed diabetes,7.75,CVD,0.07942204896683965,0.08591832013402952,Glycemic status,glycemic,glycemic|diagnosed diabetes
diagnosed diabetes,7.75,Cancer,0.03862246876773603,0.04266880396898901,Glycemic status,glycemic,glycemic|diagnosed diabetes
diagnosed diabetes,7.75,Other causes,0.10288145299867368,0.10951542588865754,Glycemic status,glycemic,glycemic|diagnosed diabetes
diagnosed diabetes,8,CVD,0.08274444438278591,0.08982465061946257,Glycemic status,glycemic,glycemic|diagnosed diabetes
diagnosed diabetes,8,Cancer,0.03986913819521769,0.04420117779935996,Glycemic status,glycemic,glycemic|diagnosed diabetes
diagnosed diabetes,8,Other causes,0.10484010410638794,0.11175821924050446,Glycemic status,glycemic,glycemic|diagnosed diabetes
diagnosed diabetes,8.25,CVD,0.08420942913514524,0.0915550279621396,Glycemic status,glycemic,glycemic|diagnosed diabetes
diagnosed diabetes,8.25,Cancer,0.04019893434061347,0.04460937809277689,Glycemic status,glycemic,glycemic|diagnosed diabetes
diagnosed diabetes,8.25,Other causes,0.11087708638916864,0.1187062640267805,Glycemic status,glycemic,glycemic|diagnosed diabetes
diagnosed diabetes,8.5,CVD,0.08585690525860462,0.09351798621236136,Glycemic status,glycemic,glycemic|diagnosed diabetes
diagnosed diabetes,8.5,Cancer,0.0409455645104568,0.0455445916920781,Glycemic status,glycemic,glycemic|diagnosed diabetes
diagnosed diabetes,8.5,Other causes,0.1170845997656176,0.12586868567423956,Glycemic status,glycemic,glycemic|diagnosed diabetes
diagnosed diabetes,8.75,CVD,0.08951633319273329,0.09791373432750886,Glycemic status,glycemic,glycemic|diagnosed diabetes
diagnosed diabetes,8.75,Cancer,0.04228346976430522,0.04724398644297892,Glycemic status,glycemic,glycemic|diagnosed diabetes
diagnosed diabetes,8.75,Other causes,0.1222825672409168,0.13189242039888402,Glycemic status,glycemic,glycemic|diagnosed diabetes
diagnosed diabetes,9,CVD,0.09011973227293198,0.09864543871863246,Glycemic status,glycemic,glycemic|diagnosed diabetes
diagnosed diabetes,9,Cancer,0.04290837609418939,0.04804485041235878,Glycemic status,glycemic,glycemic|diagnosed diabetes
diagnosed diabetes,9,Other causes,0.12593093425589338,0.1361393757535403,Glycemic status,glycemic,glycemic|diagnosed diabetes
diagnosed diabetes,9.25,CVD,0.09278465352222598,0.10188928286711438,Glycemic status,glycemic,glycemic|diagnosed diabetes
diagnosed diabetes,9.25,Cancer,0.04351456645648456,0.04882656781412294,Glycemic status,glycemic,glycemic|diagnosed diabetes
diagnosed diabetes,9.25,Other causes,0.12945261422696858,0.14025368189715706,Glycemic status,glycemic,glycemic|diagnosed diabetes
diagnosed diabetes,9.5,CVD,0.09507372318616077,0.10469319685183222,Glycemic status,glycemic,glycemic|diagnosed diabetes
diagnosed diabetes,9.5,Cancer,0.04356458073451124,0.04889143646053764,Glycemic status,glycemic,glycemic|diagnosed diabetes
diagnosed diabetes,9.5,Other causes,0.13353273493664786,0.1450367063187535,Glycemic status,glycemic,glycemic|diagnosed diabetes
diagnosed diabetes,9.75,CVD,0.09736139010839286,0.10751339906538472,Glycemic status,glycemic,glycemic|diagnosed diabetes
diagnosed diabetes,9.75,Cancer,0.04395058624349179,0.04939756931709183,Glycemic status,glycemic,glycemic|diagnosed diabetes
diagnosed diabetes,9.75,Other causes,0.13741902311663293,0.14960677125484598,Glycemic status,glycemic,glycemic|diagnosed diabetes
diagnosed diabetes,10,CVD,0.099405997073864,0.11004574389330492,Glycemic status,glycemic,glycemic|diagnosed diabetes
diagnosed diabetes,10,Cancer,0.044230299739463,0.04976622006657116,Glycemic status,glycemic,glycemic|diagnosed diabetes
diagnosed diabetes,10,Other causes,0.1400180749477331,0.15267540915244712,Glycemic status,glycemic,glycemic|diagnosed diabetes
diagnosed diabetes,10.25,CVD,0.10159055461996098,0.11276224795588002,Glycemic status,glycemic,glycemic|diagnosed diabetes
diagnosed diabetes,10.25,Cancer,0.04540942957792598,0.05133467722438716,Glycemic status,glycemic,glycemic|diagnosed diabetes
diagnosed diabetes,10.25,Other causes,0.1411996295011225,0.15407501772809273,Glycemic status,glycemic,glycemic|diagnosed diabetes
diagnosed diabetes,10.5,CVD,0.10618402053595018,0.11849909823195166,Glycemic status,glycemic,glycemic|diagnosed diabetes
diagnosed diabetes,10.5,Cancer,0.0467029229527748,0.05306825249404611,Glycemic status,glycemic,glycemic|diagnosed diabetes
diagnosed diabetes,10.5,Other causes,0.14471623288046728,0.15826248918958688,Glycemic status,glycemic,glycemic|diagnosed diabetes
diagnosed diabetes,10.75,CVD,0.1093835275983501,0.12252796385122142,Glycemic status,glycemic,glycemic|diagnosed diabetes
diagnosed diabetes,10.75,Cancer,0.04863270340910008,0.05568461831226728,Glycemic status,glycemic,glycemic|diagnosed diabetes
diagnosed diabetes,10.75,Other causes,0.14892792167090071,0.16331739996272937,Glycemic status,glycemic,glycemic|diagnosed diabetes
diagnosed diabetes,11,CVD,0.1108012153226828,0.12432454200618204,Glycemic status,glycemic,glycemic|diagnosed diabetes
diagnosed diabetes,11,Cancer,0.04934722236634352,0.05665952237572676,Glycemic status,glycemic,glycemic|diagnosed diabetes
diagnosed diabetes,11,Other causes,0.1507430298708533,0.1655112331881366,Glycemic status,glycemic,glycemic|diagnosed diabetes
diagnosed diabetes,11.25,CVD,0.11336252514914162,0.12758376118848125,Glycemic status,glycemic,glycemic|diagnosed diabetes
diagnosed diabetes,11.25,Cancer,0.05070991070463503,0.0585358069223114,Glycemic status,glycemic,glycemic|diagnosed diabetes
diagnosed diabetes,11.25,Other causes,0.15398489467653984,0.16944188029093282,Glycemic status,glycemic,glycemic|diagnosed diabetes
diagnosed diabetes,11.5,CVD,0.11656123756934164,0.13168229076671467,Glycemic status,glycemic,glycemic|diagnosed diabetes
diagnosed diabetes,11.5,Cancer,0.05097135594113463,0.05889900169718277,Glycemic status,glycemic,glycemic|diagnosed diabetes
diagnosed diabetes,11.5,Other causes,0.1565612346790114,0.1725851465747317,Glycemic status,glycemic,glycemic|diagnosed diabetes
diagnosed diabetes,11.75,CVD,0.11956891332217272,0.1355519264439876,Glycemic status,glycemic,glycemic|diagnosed diabetes
diagnosed diabetes,11.75,Cancer,0.05181172282344307,0.0600718074512008,Glycemic status,glycemic,glycemic|diagnosed diabetes
diagnosed diabetes,11.75,Other causes,0.16064150404909971,0.17759136282106075,Glycemic status,glycemic,glycemic|diagnosed diabetes
diagnosed diabetes,12,CVD,0.12439117825574247,0.14181889814943874,Glycemic status,glycemic,glycemic|diagnosed diabetes
diagnosed diabetes,12,Cancer,0.05251764760311349,0.06106960723410493,Glycemic status,glycemic,glycemic|diagnosed diabetes
diagnosed diabetes,12,Other causes,0.16705237141360432,0.18549516679776185,Glycemic status,glycemic,glycemic|diagnosed diabetes
diagnosed diabetes,12.25,CVD,0.1259509442172481,0.14386009051519064,Glycemic status,glycemic,glycemic|diagnosed diabetes
diagnosed diabetes,12.25,Cancer,0.05251764760311349,0.06106960723410493,Glycemic status,glycemic,glycemic|diagnosed diabetes
diagnosed diabetes,12.25,Other causes,0.1697092827828261,0.1887988042942423,Glycemic status,glycemic,glycemic|diagnosed diabetes
diagnosed diabetes,12.5,CVD,0.1295607743786334,0.1486194813882046,Glycemic status,glycemic,glycemic|diagnosed diabetes
diagnosed diabetes,12.5,Cancer,0.05376633370048717,0.06288279554567862,Glycemic status,glycemic,glycemic|diagnosed diabetes
diagnosed diabetes,12.5,Other causes,0.17524120855623776,0.1956943921358864,Glycemic status,glycemic,glycemic|diagnosed diabetes
diagnosed diabetes,12.75,CVD,0.13271860122321072,0.15282301662534414,Glycemic status,glycemic,glycemic|diagnosed diabetes
diagnosed diabetes,12.75,Cancer,0.05488370010430878,0.06452063943058324,Glycemic status,glycemic,glycemic|diagnosed diabetes
diagnosed diabetes,12.75,Other causes,0.17723934323160312,0.1982014108535175,Glycemic status,glycemic,glycemic|diagnosed diabetes
diagnosed diabetes,13,CVD,0.1370926494177026,0.15867857063657556,Glycemic status,glycemic,glycemic|diagnosed diabetes
diagnosed diabetes,13,Cancer,0.05629039047124718,0.06659245331895014,Glycemic status,glycemic,glycemic|diagnosed diabetes
diagnosed diabetes,13,Other causes,0.17911409494610173,0.2005759658339256,Glycemic status,glycemic,glycemic|diagnosed diabetes
diagnosed diabetes,13.25,CVD,0.13717593592235647,0.15879111616368366,Glycemic status,glycemic,glycemic|diagnosed diabetes
diagnosed diabetes,13.25,Cancer,0.05636595527233145,0.06670488403291262,Glycemic status,glycemic,glycemic|diagnosed diabetes
diagnosed diabetes,13.25,Other causes,0.1858459941727477,0.2091525430232797,Glycemic status,glycemic,glycemic|diagnosed diabetes
diagnosed diabetes,13.5,CVD,0.1392342197539285,0.16159136804438023,Glycemic status,glycemic,glycemic|diagnosed diabetes
diagnosed diabetes,13.5,Cancer,0.05762067629545301,0.06859852082895673,Glycemic status,glycemic,glycemic|diagnosed diabetes
diagnosed diabetes,13.5,Other causes,0.1917976927095056,0.2167528485652543,Glycemic status,glycemic,glycemic|diagnosed diabetes
diagnosed diabetes,13.75,CVD,0.1406284657584179,0.1635117163761709,Glycemic status,glycemic,glycemic|diagnosed diabetes
diagnosed diabetes,13.75,Cancer,0.05815962676849113,0.06942376538684396,Glycemic status,glycemic,glycemic|diagnosed diabetes
diagnosed diabetes,13.75,Other causes,0.1974189921907825,0.2239607876520237,Glycemic status,glycemic,glycemic|diagnosed diabetes
diagnosed diabetes,14,CVD,0.1447952621744233,0.1693228032568712,Glycemic status,glycemic,glycemic|diagnosed diabetes
diagnosed diabetes,14,Cancer,0.06045731390440689,0.07297644142367929,Glycemic status,glycemic,glycemic|diagnosed diabetes
diagnosed diabetes,14,Other causes,0.20449314009121303,0.23308441229235263,Glycemic status,glycemic,glycemic|diagnosed diabetes
diagnosed diabetes,14.25,CVD,0.1479147452761615,0.1737203742227891,Glycemic status,glycemic,glycemic|diagnosed diabetes
diagnosed diabetes,14.25,Cancer,0.06045731390440689,0.07297644142367929,Glycemic status,glycemic,glycemic|diagnosed diabetes
diagnosed diabetes,14.25,Other causes,0.20721477094082116,0.2366245239677687,Glycemic status,glycemic,glycemic|diagnosed diabetes
diagnosed diabetes,14.5,CVD,0.15268540182632867,0.1804837952569728,Glycemic status,glycemic,glycemic|diagnosed diabetes
diagnosed diabetes,14.5,Cancer,0.06142978802679622,0.07452024620001989,Glycemic status,glycemic,glycemic|diagnosed diabetes
diagnosed diabetes,14.5,Other causes,0.20953329885291183,0.2396593760605058,Glycemic status,glycemic,glycemic|diagnosed diabetes
diagnosed diabetes,14.75,CVD,0.15701720831772892,0.1866589513699516,Glycemic status,glycemic,glycemic|diagnosed diabetes
diagnosed diabetes,14.75,Cancer,0.0616232056710622,0.07483210410812292,Glycemic status,glycemic,glycemic|diagnosed diabetes
diagnosed diabetes,14.75,Other causes,0.21100282694864267,0.24159802270644576,Glycemic status,glycemic,glycemic|diagnosed diabetes
diagnosed diabetes,15,CVD,0.1596374091576958,0.1904130164778081,Glycemic status,glycemic,glycemic|diagnosed diabetes
diagnosed diabetes,15,Cancer,0.0616232056710622,0.07483210410812292,Glycemic status,glycemic,glycemic|diagnosed diabetes
diagnosed diabetes,15,Other causes,0.21886207366757995,0.25206655399463085,Glycemic status,glycemic,glycemic|diagnosed diabetes
diagnosed diabetes,15.25,CVD,0.15972256046108882,0.19053695418086708,Glycemic status,glycemic,glycemic|diagnosed diabetes
diagnosed diabetes,15.25,Cancer,0.06255974426647681,0.07638984374905904,Glycemic status,glycemic,glycemic|diagnosed diabetes
diagnosed diabetes,15.25,Other causes,0.2267614224254011,0.26261920031233393,Glycemic status,glycemic,glycemic|diagnosed diabetes
diagnosed diabetes,15.5,CVD,0.16425073983044006,0.19720205039701083,Glycemic status,glycemic,glycemic|diagnosed diabetes
diagnosed diabetes,15.5,Cancer,0.06426984284628925,0.07925661332057368,Glycemic status,glycemic,glycemic|diagnosed diabetes
diagnosed diabetes,15.5,Other causes,0.23186196212756008,0.2694742702677534,Glycemic status,glycemic,glycemic|diagnosed diabetes
diagnosed diabetes,15.75,CVD,0.1685104186133312,0.2035733414732074,Glycemic status,glycemic,glycemic|diagnosed diabetes
diagnosed diabetes,15.75,Cancer,0.0659557010914344,0.08217711211238204,Glycemic status,glycemic,glycemic|diagnosed diabetes
diagnosed diabetes,15.75,Other causes,0.23924417449553737,0.27950912753283524,Glycemic status,glycemic,glycemic|diagnosed diabetes
diagnosed diabetes,16,CVD,0.1693257969965242,0.2048072420831957,Glycemic status,glycemic,glycemic|diagnosed diabetes
diagnosed diabetes,16,Cancer,0.06717438653222092,0.08430243891245898,Glycemic status,glycemic,glycemic|diagnosed diabetes
diagnosed diabetes,16,Other causes,0.2419013784313664,0.283159612120021,Glycemic status,glycemic,glycemic|diagnosed diabetes
diagnosed diabetes,16.25,CVD,0.1696942980031711,0.20536903322848768,Glycemic status,glycemic,glycemic|diagnosed diabetes
diagnosed diabetes,16.25,Cancer,0.06863010278150271,0.08685803725893526,Glycemic status,glycemic,glycemic|diagnosed diabetes
diagnosed diabetes,16.25,Other causes,0.2442492767530053,0.28639768807278887,Glycemic status,glycemic,glycemic|diagnosed diabetes
diagnosed diabetes,16.5,CVD,0.17326423928850995,0.2108569440515992,Glycemic status,glycemic,glycemic|diagnosed diabetes
diagnosed diabetes,16.5,Cancer,0.070718264194258,0.09054681824453346,Glycemic status,glycemic,glycemic|diagnosed diabetes
diagnosed diabetes,16.5,Other causes,0.24863780804713945,0.2924816555661977,Glycemic status,glycemic,glycemic|diagnosed diabetes
diagnosed diabetes,16.75,CVD,0.1751512789717952,0.21379420203746877,Glycemic status,glycemic,glycemic|diagnosed diabetes
diagnosed diabetes,16.75,Cancer,0.07185314122280263,0.09258185375921696,Glycemic status,glycemic,glycemic|diagnosed diabetes
diagnosed diabetes,16.75,Other causes,0.2500892362313565,0.2945171796062822,Glycemic status,glycemic,glycemic|diagnosed diabetes
diagnosed diabetes,17,CVD,0.17568552821187178,0.21463375467585089,Glycemic status,glycemic,glycemic|diagnosed diabetes
diagnosed diabetes,17,Cancer,0.07185314122280263,0.09258185375921696,Glycemic status,glycemic,glycemic|diagnosed diabetes
diagnosed diabetes,17,Other causes,0.2585681472964227,0.30641716679365794,Glycemic status,glycemic,glycemic|diagnosed diabetes
diagnosed diabetes,17.25,CVD,0.18367377735913848,0.22733989205206143,Glycemic status,glycemic,glycemic|diagnosed diabetes
diagnosed diabetes,17.25,Cancer,0.07185314122280263,0.09258185375921696,Glycemic status,glycemic,glycemic|diagnosed diabetes
diagnosed diabetes,17.25,Other causes,0.2587177118832895,0.30662720297155294,Glycemic status,glycemic,glycemic|diagnosed diabetes
diagnosed diabetes,17.5,CVD,0.18510785500909696,0.22962252575992723,Glycemic status,glycemic,glycemic|diagnosed diabetes
diagnosed diabetes,17.5,Cancer,0.07185314122280263,0.09258185375921696,Glycemic status,glycemic,glycemic|diagnosed diabetes
diagnosed diabetes,17.5,Other causes,0.26299874529158285,0.3127379997921206,Glycemic status,glycemic,glycemic|diagnosed diabetes
diagnosed diabetes,17.75,CVD,0.18510785500909696,0.22962252575992723,Glycemic status,glycemic,glycemic|diagnosed diabetes
diagnosed diabetes,17.75,Cancer,0.07185314122280263,0.09258185375921696,Glycemic status,glycemic,glycemic|diagnosed diabetes
diagnosed diabetes,17.75,Other causes,0.26657066688121206,0.31785183381874904,Glycemic status,glycemic,glycemic|diagnosed diabetes
diagnosed diabetes,18,CVD,0.18633759520539336,0.23161083104140165,Glycemic status,glycemic,glycemic|diagnosed diabetes
diagnosed diabetes,18,Cancer,0.07452424185618005,0.09766887876663498,Glycemic status,glycemic,glycemic|diagnosed diabetes
diagnosed diabetes,18,Other causes,0.2693844008063392,0.3218979897314577,Glycemic status,glycemic,glycemic|diagnosed diabetes
normal,0,CVD,2.487338617456929e-5,2.4873386174600887e-5,Glycemic status,glycemic,glycemic|normal
normal,0,Cancer,0,0,Glycemic status,glycemic,glycemic|normal
normal,0,Other causes,1.5761980362717175e-5,1.5761980362749562e-5,Glycemic status,glycemic,glycemic|normal
normal,0.25,CVD,3.231622362038946e-4,3.232238807794496e-4,Glycemic status,glycemic,glycemic|normal
normal,0.25,Cancer,3.287747082804902e-4,3.2884330628643046e-4,Glycemic status,glycemic,glycemic|normal
normal,0.25,Other causes,3.0173878680276846e-4,3.018147594067322e-4,Glycemic status,glycemic,glycemic|normal
normal,0.5,CVD,6.129229221763486e-4,6.132673474963657e-4,Glycemic status,glycemic,glycemic|normal
normal,0.5,Cancer,7.267159326776024e-4,7.271181441543539e-4,Glycemic status,glycemic,glycemic|normal
normal,0.5,Other causes,6.72814549687831e-4,6.731979988955084e-4,Glycemic status,glycemic,glycemic|normal
normal,0.75,CVD,8.740901076382829e-4,8.748946442745931e-4,Glycemic status,glycemic,glycemic|normal
normal,0.75,Cancer,0.00107002749175923,0.00107108479327145,Glycemic status,glycemic,glycemic|normal
normal,0.75,Other causes,0.00145696591170798,0.00145848847609943,Glycemic status,glycemic,glycemic|normal
normal,1,CVD,0.00135343832476165,0.00135564133189298,Glycemic status,glycemic,glycemic|normal
normal,1,Cancer,0.00126440410148311,0.00126605945750497,Glycemic status,glycemic,glycemic|normal
normal,1,Other causes,0.00213686737318766,0.00213978165689978,Glycemic status,glycemic,glycemic|normal
normal,1.25,CVD,0.00163776962821763,0.00164110020778679,Glycemic status,glycemic,glycemic|normal
normal,1.25,Cancer,0.0015920937093615,0.00159502281025618,Glycemic status,glycemic,glycemic|normal
normal,1.25,Other causes,0.00279867846191183,0.00280339024755399,Glycemic status,glycemic,glycemic|normal
normal,1.5,CVD,0.00202790414353548,0.00203306418028592,Glycemic status,glycemic,glycemic|normal
normal,1.5,Cancer,0.00189771365211758,0.00190203394430199,Glycemic status,glycemic,glycemic|normal
normal,1.5,Other causes,0.00328323868056782,0.00328970611490475,Glycemic status,glycemic,glycemic|normal
normal,1.75,CVD,0.00232774388431114,0.00233454527901553,Glycemic status,glycemic,glycemic|normal
normal,1.75,Cancer,0.00220434043092416,0.00221046310485525,Glycemic status,glycemic,glycemic|normal
normal,1.75,Other causes,0.0039501687767488,0.00395937533558183,Glycemic status,glycemic,glycemic|normal
normal,2,CVD,0.00267859242973857,0.00268772442570334,Glycemic status,glycemic,glycemic|normal
normal,2,Cancer,0.00293073801203925,0.00294165575239904,Glycemic status,glycemic,glycemic|normal
normal,2,Other causes,0.00470732259521623,0.00472038267061709,Glycemic status,glycemic,glycemic|normal
normal,2.25,CVD,0.00297814291761501,0.00298973728859889,Glycemic status,glycemic,glycemic|normal
normal,2.25,Cancer,0.00328471448245525,0.00329831944931052,Glycemic status,glycemic,glycemic|normal
normal,2.25,Other causes,0.00531461733081277,0.00533125646130397,Glycemic status,glycemic,glycemic|normal
normal,2.5,CVD,0.00332020739826468,0.00333485489912128,Glycemic status,glycemic,glycemic|normal
normal,2.5,Cancer,0.00345756726243647,0.00347270049804375,Glycemic status,glycemic,glycemic|normal
normal,2.5,Other causes,0.00587300865049865,0.00589325281818045,Glycemic status,glycemic,glycemic|normal
normal,2.75,CVD,0.00377858477774534,0.00379774724191009,Glycemic status,glycemic,glycemic|normal
normal,2.75,Cancer,0.00396754206625609,0.00398758567912672,Glycemic status,glycemic,glycemic|normal
normal,2.75,Other causes,0.00636279504357451,0.00638652952589588,Glycemic status,glycemic,glycemic|normal
normal,3,CVD,0.00434992536872968,0.00437528916317221,Glycemic status,glycemic,glycemic|normal
normal,3,Cancer,0.00424148433052728,0.00426448101011321,Glycemic status,glycemic,glycemic|normal
normal,3,Other causes,0.00705881909568909,0.00708815490654305,Glycemic status,glycemic,glycemic|normal
normal,3.25,CVD,0.0047055398468033504,0.00473508937299668,Glycemic status,glycemic,glycemic|normal
normal,3.25,Cancer,0.00482625611820891,0.00485615548979079,Glycemic status,glycemic,glycemic|normal
normal,3.25,Other causes,0.00746219841619773,0.00749518757475048,Glycemic status,glycemic,glycemic|normal
normal,3.5,CVD,0.00508080926078805,0.00511525121043935,Glycemic status,glycemic,glycemic|normal
normal,3.5,Cancer,0.00513266276382961,0.00516645147177146,Glycemic status,glycemic,glycemic|normal
normal,3.5,Other causes,0.00839865816444418,0.00844088347956261,Glycemic status,glycemic,glycemic|normal
normal,3.75,CVD,0.00573177291778553,0.00577540606685172,Glycemic status,glycemic,glycemic|normal
normal,3.75,Cancer,0.00536163135516313,0.00539862392514899,Glycemic status,glycemic,glycemic|normal
normal,3.75,Other causes,0.00921400452407579,0.00926497528115359,Glycemic status,glycemic,glycemic|normal
normal,4,CVD,0.00609301811566088,0.00614210133345371,Glycemic status,glycemic,glycemic|normal
normal,4,Cancer,0.00555635930892119,0.00559642096763473,Glycemic status,glycemic,glycemic|normal
normal,4,Other causes,0.00982570130583718,0.00988365168976665,Glycemic status,glycemic,glycemic|normal
normal,4.25,CVD,0.00641030729844871,0.00646453609956092,Glycemic status,glycemic,glycemic|normal
normal,4.25,Cancer,0.006000894107531,0.00604830436075947,Glycemic status,glycemic,glycemic|normal
normal,4.25,Other causes,0.01087554004760391,0.01094627510412491,Glycemic status,glycemic,glycemic|normal
normal,4.5,CVD,0.00692684927692855,0.00699016286860169,Glycemic status,glycemic,glycemic|normal
normal,4.5,Cancer,0.00637988406189308,0.00643420450432055,Glycemic status,glycemic,glycemic|normal
normal,4.5,Other causes,0.01180639538996088,0.01188918196652678,Glycemic status,glycemic,glycemic|normal
normal,4.75,CVD,0.00764827237999971,0.00772526028169115,Glycemic status,glycemic,glycemic|normal
normal,4.75,Cancer,0.00675937471370016,0.00682105600717183,Glycemic status,glycemic,glycemic|normal
normal,4.75,Other causes,0.01277039256086374,0.01286688274215744,Glycemic status,glycemic,glycemic|normal
normal,5,CVD,0.00827656949278619,0.00836671178505068,Glycemic status,glycemic,glycemic|normal
normal,5,Cancer,0.00734366933914874,0.00741774524964887,Glycemic status,glycemic,glycemic|normal
normal,5,Other causes,0.01394304766608008,0.01405731103330973,Glycemic status,glycemic,glycemic|normal
normal,5.25,CVD,0.0086122625735588,0.0087099843338838,Glycemic status,glycemic,glycemic|normal
normal,5.25,Cancer,0.0077987624242232,0.00788340107294567,Glycemic status,glycemic,glycemic|normal
normal,5.25,Other causes,0.01474394080429236,0.01487113894888983,Glycemic status,glycemic,glycemic|normal
normal,5.5,CVD,0.00912442379996183,0.00923429605303729,Glycemic status,glycemic,glycemic|normal
normal,5.5,Cancer,0.0081517432541473,0.00824499936662125,Glycemic status,glycemic,glycemic|normal
normal,5.5,Other causes,0.0155932541493856,0.0157349534364363,Glycemic status,glycemic,glycemic|normal
normal,5.75,CVD,0.00976205767107856,0.00988786942184323,Glycemic status,glycemic,glycemic|normal
normal,5.75,Cancer,0.00833412743338812,0.00843215494438762,Glycemic status,glycemic,glycemic|normal
normal,5.75,Other causes,0.01679414184977203,0.01695740545794852,Glycemic status,glycemic,glycemic|normal
normal,6,CVD,0.01015491667868014,0.01029105085279843,Glycemic status,glycemic,glycemic|normal
normal,6,Cancer,0.00907162352835586,0.00919026161853839,Glycemic status,glycemic,glycemic|normal
normal,6,Other causes,0.01752455590924367,0.01770164977476792,Glycemic status,glycemic,glycemic|normal
normal,6.25,CVD,0.01042688061904945,0.01057056674874346,Glycemic status,glycemic,glycemic|normal
normal,6.25,Cancer,0.00978267098448743,0.00992181081678629,Glycemic status,glycemic,glycemic|normal
normal,6.25,Other causes,0.01802096459458448,0.01820812420882909,Glycemic status,glycemic,glycemic|normal
normal,6.5,CVD,0.01127018866958148,0.01143874239710598,Glycemic status,glycemic,glycemic|normal
normal,6.5,Cancer,0.01044882062899635,0.01060800023441102,Glycemic status,glycemic,glycemic|normal
normal,6.5,Other causes,0.01917247925105266,0.01938422501107794,Glycemic status,glycemic,glycemic|normal
normal,6.75,CVD,0.01178268936528766,0.011967167445036061,Glycemic status,glycemic,glycemic|normal
normal,6.75,Cancer,0.01089740387327416,0.0110709699460058,Glycemic status,glycemic,glycemic|normal
normal,6.75,Other causes,0.02006449015840754,0.02029663129118874,Glycemic status,glycemic,glycemic|normal
normal,7,CVD,0.012228884435321,0.01242815672278701,Glycemic status,glycemic,glycemic|normal
normal,7,Cancer,0.01150833056472299,0.01170228095058877,Glycemic status,glycemic,glycemic|normal
normal,7,Other causes,0.02069745119795983,0.02094454932667323,Glycemic status,glycemic,glycemic|normal
normal,7.25,CVD,0.01270368879640026,0.01291907430549857,Glycemic status,glycemic,glycemic|normal
normal,7.25,Cancer,0.01205123874881594,0.01226417470697908,Glycemic status,glycemic,glycemic|normal
normal,7.25,Other causes,0.02157902173635671,0.02184804436585066,Glycemic status,glycemic,glycemic|normal
normal,7.5,CVD,0.01306567662774713,0.01329390667648442,Glycemic status,glycemic,glycemic|normal
normal,7.5,Cancer,0.01240447415416835,0.0126301300862055,Glycemic status,glycemic,glycemic|normal
normal,7.5,Other causes,0.02269037117763106,0.02298835293800747,Glycemic status,glycemic,glycemic|normal
normal,7.75,CVD,0.01370040844470729,0.01395225106632437,Glycemic status,glycemic,glycemic|normal
normal,7.75,Cancer,0.01270330345246435,0.01294025066731383,Glycemic status,glycemic,glycemic|normal
normal,7.75,Other causes,0.02390571631612411,0.024236311941171,Glycemic status,glycemic,glycemic|normal
normal,8,CVD,0.01412384560742609,0.01439207262699207,Glycemic status,glycemic,glycemic|normal
normal,8,Cancer,0.01311680448372644,0.01337018412107642,Glycemic status,glycemic,glycemic|normal
normal,8,Other causes,0.02503956658781121,0.02540179759677659,Glycemic status,glycemic,glycemic|normal
normal,8.25,CVD,0.01460526997343124,0.01489292837747474,Glycemic status,glycemic,glycemic|normal
normal,8.25,Cancer,0.01376767517367852,0.01404830255645236,Glycemic status,glycemic,glycemic|normal
normal,8.25,Other causes,0.02572527497030064,0.02610708811206091,Glycemic status,glycemic,glycemic|normal
normal,8.5,CVD,0.01498913163499699,0.0152928194570233,Glycemic status,glycemic,glycemic|normal
normal,8.5,Cancer,0.01409190884446958,0.01438645201092058,Glycemic status,glycemic,glycemic|normal
normal,8.5,Other causes,0.02675885393560757,0.02717156270576518,Glycemic status,glycemic,glycemic|normal
normal,8.75,CVD,0.01515657026618366,0.0154674724158912,Glycemic status,glycemic,glycemic|normal
normal,8.75,Cancer,0.01428615742654086,0.01458929962182002,Glycemic status,glycemic,glycemic|normal
normal,8.75,Other causes,0.02748530432814438,0.02792019809670423,Glycemic status,glycemic,glycemic|normal
normal,9,CVD,0.01580501707415011,0.01614488097550274,Glycemic status,glycemic,glycemic|normal
normal,9,Cancer,0.01467095682153107,0.01499160240481991,Glycemic status,glycemic,glycemic|normal
normal,9,Other causes,0.02847121535547283,0.02893670557842821,Glycemic status,glycemic,glycemic|normal
normal,9.25,CVD,0.01660542629431782,0.01698197196533979,Glycemic status,glycemic,glycemic|normal
normal,9.25,Cancer,0.01529623826606851,0.01564637404588072,Glycemic status,glycemic,glycemic|normal
normal,9.25,Other causes,0.02916290030502508,0.0296509886810681,Glycemic status,glycemic,glycemic|normal
normal,9.5,CVD,0.01720346553896536,0.01760829012346531,Glycemic status,glycemic,glycemic|normal
normal,9.5,Cancer,0.01597841421471004,0.01636213106172459,Glycemic status,glycemic,glycemic|normal
normal,9.5,Other causes,0.03031476715051653,0.03084201803948066,Glycemic status,glycemic,glycemic|normal
normal,9.75,CVD,0.01761012307548334,0.01803501697822207,Glycemic status,glycemic,glycemic|normal
normal,9.75,Cancer,0.01649777114192542,0.0169080299659959,Glycemic status,glycemic,glycemic|normal
normal,9.75,Other causes,0.0313084164922495,0.03187061069926639,Glycemic status,glycemic,glycemic|normal
normal,10,CVD,0.01825021732882624,0.0187079705920495,Glycemic status,glycemic,glycemic|normal
normal,10,Cancer,0.01728922465971299,0.01774086439713252,Glycemic status,glycemic,glycemic|normal
normal,10,Other causes,0.03209442646163719,0.03268534815590836,Glycemic status,glycemic,glycemic|normal
normal,10.25,CVD,0.01887159732265402,0.01936273656018004,Glycemic status,glycemic,glycemic|normal
normal,10.25,Cancer,0.01786412636783211,0.0183466829195184,Glycemic status,glycemic,glycemic|normal
normal,10.25,Other causes,0.03325976637000488,0.03389474310011968,Glycemic status,glycemic,glycemic|normal
normal,10.5,CVD,0.0192981936813886,0.01981287270523999,Glycemic status,glycemic,glycemic|normal
normal,10.5,Cancer,0.01843965818034905,0.01895436885626352,Glycemic status,glycemic,glycemic|normal
normal,10.5,Other causes,0.03453327453929099,0.03521828859015148,Glycemic status,glycemic,glycemic|normal
normal,10.75,CVD,0.01972918964246337,0.02026862501983486,Glycemic status,glycemic,glycemic|normal
normal,10.75,Cancer,0.01884662513559292,0.01938498953708718,Glycemic status,glycemic,glycemic|normal
normal,10.75,Other causes,0.03600303899168363,0.036747166697649,Glycemic status,glycemic,glycemic|normal
normal,11,CVD,0.02012953854762451,0.02069263366059517,Glycemic status,glycemic,glycemic|normal
normal,11,Cancer,0.01897599403579425,0.01952210319331048,Glycemic status,glycemic,glycemic|normal
normal,11,Other causes,0.03690872192815443,0.03769013278776898,Glycemic status,glycemic,glycemic|normal
normal,11.25,CVD,0.02053885413862664,0.02112665694852334,Glycemic status,glycemic,glycemic|normal
normal,11.25,Cancer,0.01946565761274979,0.02004205386484832,Glycemic status,glycemic,glycemic|normal
normal,11.25,Other causes,0.03765190856884213,0.03846427311430234,Glycemic status,glycemic,glycemic|normal
normal,11.5,CVD,0.02094286570602142,0.02155550950629847,Glycemic status,glycemic,glycemic|normal
normal,11.5,Cancer,0.01978873090533756,0.020385418776846,Glycemic status,glycemic,glycemic|normal
normal,11.5,Other causes,0.03831285790382201,0.03915360408020611,Glycemic status,glycemic,glycemic|normal
normal,11.75,CVD,0.02130769459101801,0.0219433149690817,Glycemic status,glycemic,glycemic|normal
normal,11.75,Cancer,0.02026342702990346,0.02089052444650744,Glycemic status,glycemic,glycemic|normal
normal,11.75,Other causes,0.03923275128924729,0.04011367727384504,Glycemic status,glycemic,glycemic|normal
normal,12,CVD,0.02182609104990678,0.02249538262389546,Glycemic status,glycemic,glycemic|normal
normal,12,Cancer,0.02070001393287071,0.02135588749750486,Glycemic status,glycemic,glycemic|normal
normal,12,Other causes,0.04030214522504227,0.04123061363951243,Glycemic status,glycemic,glycemic|normal
normal,12.25,CVD,0.02206861150002375,0.02275395872277779,Glycemic status,glycemic,glycemic|normal
normal,12.25,Cancer,0.02098857132181016,0.02166398108389942,Glycemic status,glycemic,glycemic|normal
normal,12.25,Other causes,0.04154569228193987,0.04253078615317667,Glycemic status,glycemic,glycemic|normal
normal,12.5,CVD,0.02248710382919312,0.02320083095608688,Glycemic status,glycemic,glycemic|normal
normal,12.5,Cancer,0.02136782559082821,0.02206950240416204,Glycemic status,glycemic,glycemic|normal
normal,12.5,Other causes,0.04206529157121738,0.0430743734239781,Glycemic status,glycemic,glycemic|normal
normal,12.75,CVD,0.02310239112931416,0.02385854089839996,Glycemic status,glycemic,glycemic|normal
normal,12.75,Cancer,0.02169932778897215,0.02242447643026472,Glycemic status,glycemic,glycemic|normal
normal,12.75,Other causes,0.04284484458364265,0.04389069997243501,Glycemic status,glycemic,glycemic|normal
normal,13,CVD,0.02374281919896071,0.02454441930917333,Glycemic status,glycemic,glycemic|normal
normal,13,Cancer,0.02236172683841112,0.02313446853806954,Glycemic status,glycemic,glycemic|normal
normal,13,Other causes,0.04383602448239568,0.04492984468582835,Glycemic status,glycemic,glycemic|normal
normal,13.25,CVD,0.02435020038393744,0.02519578791670196,Glycemic status,glycemic,glycemic|normal
normal,13.25,Cancer,0.02303230377132178,0.02385482681509187,Glycemic status,glycemic,glycemic|normal
normal,13.25,Other causes,0.04509598290272221,0.04625281308231077,Glycemic status,glycemic,glycemic|normal
normal,13.5,CVD,0.0246870212861416,0.02555785497041073,Glycemic status,glycemic,glycemic|normal
normal,13.5,Cancer,0.02360528862335217,0.02447140948915054,Glycemic status,glycemic,glycemic|normal
normal,13.5,Other causes,0.04618772390491928,0.04740054740334881,Glycemic status,glycemic,glycemic|normal
normal,13.75,CVD,0.02511787378436089,0.02602164079611362,Glycemic status,glycemic,glycemic|normal
normal,13.75,Cancer,0.02392915434661739,0.02482055427255903,Glycemic status,glycemic,glycemic|normal
normal,13.75,Other causes,0.0467592032055759,0.04800191740802852,Glycemic status,glycemic,glycemic|normal
normal,14,CVD,0.02586277967985148,0.02682453883743385,Glycemic status,glycemic,glycemic|normal
normal,14,Cancer,0.02472888039259078,0.02568325968705439,Glycemic status,glycemic,glycemic|normal
normal,14,Other causes,0.04778243680455014,0.04908040341370302,Glycemic status,glycemic,glycemic|normal
normal,14.25,CVD,0.02680448447555913,0.02784170413936488,Glycemic status,glycemic,glycemic|normal
normal,14.25,Cancer,0.02542737925700158,0.02643822275601481,Glycemic status,glycemic,glycemic|normal
normal,14.25,Other causes,0.04921797266577985,0.05059608115739335,Glycemic status,glycemic,glycemic|normal
normal,14.5,CVD,0.02734616728454365,0.02842862030628078,Glycemic status,glycemic,glycemic|normal
normal,14.5,Cancer,0.02577122032365916,0.02681113138190277,Glycemic status,glycemic,glycemic|normal
normal,14.5,Other causes,0.05120246970734869,0.05269312762078473,Glycemic status,glycemic,glycemic|normal
normal,14.75,CVD,0.02826323576067588,0.02942435634382078,Glycemic status,glycemic,glycemic|normal
normal,14.75,Cancer,0.02610880782589751,0.02717845018895064,Glycemic status,glycemic,glycemic|normal
normal,14.75,Other causes,0.05289119318762734,0.05447968032149142,Glycemic status,glycemic,glycemic|normal
normal,15,CVD,0.02849663423628381,0.02967838059189733,Glycemic status,glycemic,glycemic|normal
normal,15,Cancer,0.02673212923731654,0.02785797404248714,Glycemic status,glycemic,glycemic|normal
normal,15,Other causes,0.0536453900940276,0.05527856727338907,Glycemic status,glycemic,glycemic|normal
normal,15.25,CVD,0.02927401103799606,0.03052545293716986,Glycemic status,glycemic,glycemic|normal
normal,15.25,Cancer,0.0272320634797255,0.02840381548664774,Glycemic status,glycemic,glycemic|normal
normal,15.25,Other causes,0.05475633612978268,0.05645682220613196,Glycemic status,glycemic,glycemic|normal
normal,15.5,CVD,0.02967156593278054,0.03095916892129707,Glycemic status,glycemic,glycemic|normal
normal,15.5,Cancer,0.02738779333262382,0.02857407008663339,Glycemic status,glycemic,glycemic|normal
normal,15.5,Other causes,0.0557957463505167,0.05756074462594077,Glycemic status,glycemic,glycemic|normal
normal,15.75,CVD,0.03008378463665884,0.03140981382157928,Glycemic status,glycemic,glycemic|normal
normal,15.75,Cancer,0.027875462704083,0.02910871941352237,Glycemic status,glycemic,glycemic|normal
normal,15.75,Other causes,0.05735781667063312,0.05922048482962956,Glycemic status,glycemic,glycemic|normal
normal,16,CVD,0.03021532785082799,0.03155396558917998,Glycemic status,glycemic,glycemic|normal
normal,16,Cancer,0.02898775642341708,0.03032982510216472,Glycemic status,glycemic,glycemic|normal
normal,16,Other causes,0.05894541443413063,0.06090963831417848,Glycemic status,glycemic,glycemic|normal
normal,16.25,CVD,0.03059099620837405,0.0319667348069465,Glycemic status,glycemic,glycemic|normal
normal,16.25,Cancer,0.02925966966752479,0.03062881667891285,Glycemic status,glycemic,glycemic|normal
normal,16.25,Other causes,0.05982862416406296,0.06185050442987723,Glycemic status,glycemic,glycemic|normal
normal,16.5,CVD,0.03094684215578378,0.03235825681617765,Glycemic status,glycemic,glycemic|normal
normal,16.5,Cancer,0.02960663576510125,0.03101115851099186,Glycemic status,glycemic,glycemic|normal
normal,16.5,Other causes,0.06087287939237315,0.06296358601253255,Glycemic status,glycemic,glycemic|normal
normal,16.75,CVD,0.03226966627993367,0.03381756909632656,Glycemic status,glycemic,glycemic|normal
normal,16.75,Cancer,0.03058999250348952,0.0320966326371035,Glycemic status,glycemic,glycemic|normal
normal,16.75,Other causes,0.06222804722304795,0.06440955060346437,Glycemic status,glycemic,glycemic|normal
normal,17,CVD,0.03369633278452651,0.03539450757585475,Glycemic status,glycemic,glycemic|normal
normal,17,Cancer,0.03148270259465285,0.03308630134568353,Glycemic status,glycemic,glycemic|normal
normal,17,Other causes,0.06383584535495258,0.06612967943661649,Glycemic status,glycemic,glycemic|normal
normal,17.25,CVD,0.03463622442501821,0.0364355540906159,Glycemic status,glycemic,glycemic|normal
normal,17.25,Cancer,0.03170882602080427,0.03333768710809697,Glycemic status,glycemic,glycemic|normal
normal,17.25,Other causes,0.06442644280578362,0.06676326607129952,Glycemic status,glycemic,glycemic|normal
normal,17.5,CVD,0.03561845134371919,0.03752530832731681,Glycemic status,glycemic,glycemic|normal
normal,17.5,Cancer,0.03269661044663367,0.03443665878297071,Glycemic status,glycemic,glycemic|normal
normal,17.5,Other causes,0.06564826324463512,0.06807665162235696,Glycemic status,glycemic,glycemic|normal
normal,17.75,CVD,0.03677861717087697,0.03881466708036468,Glycemic status,glycemic,glycemic|normal
normal,17.75,Cancer,0.03269661044663367,0.03443665878297071,Glycemic status,glycemic,glycemic|normal
normal,17.75,Other causes,0.06619210998125762,0.06866236145236608,Glycemic status,glycemic,glycemic|normal
normal,18,CVD,0.03715196927510252,0.03923096361392388,Glycemic status,glycemic,glycemic|normal
normal,18,Cancer,0.03367450066046104,0.03552907958385108,Glycemic status,glycemic,glycemic|normal
normal,18,Other causes,0.0678412830402419,0.07044017432084146,Glycemic status,glycemic,glycemic|normal
prediabetes,0,CVD,1.1985672725701284e-5,1.1985672725722818e-5,Glycemic status,glycemic,glycemic|prediabetes
prediabetes,0,Cancer,0,0,Glycemic status,glycemic,glycemic|prediabetes
prediabetes,0,Other causes,6.108179833370762e-5,6.108179833376748e-5,Glycemic status,glycemic,glycemic|prediabetes
prediabetes,0.25,CVD,5.167575819752791e-4,5.170244771479593e-4,Glycemic status,glycemic,glycemic|prediabetes
prediabetes,0.25,Cancer,6.682134833771272e-4,6.686898328653379e-4,Glycemic status,glycemic,glycemic|prediabetes
prediabetes,0.25,Other causes,8.455544963140107e-4,8.456815491963254e-4,Glycemic status,glycemic,glycemic|prediabetes
prediabetes,0.5,CVD,0.00154525996154631,0.00154772352871304,Glycemic status,glycemic,glycemic|prediabetes
prediabetes,0.5,Cancer,0.00108332264755234,0.00108449426937969,Glycemic status,glycemic,glycemic|prediabetes
prediabetes,0.5,Other causes,0.00180271446078838,0.00180432938676267,Glycemic status,glycemic,glycemic|prediabetes
prediabetes,0.75,CVD,0.00223556108772368,0.00224056410426148,Glycemic status,glycemic,glycemic|prediabetes
prediabetes,0.75,Cancer,0.00156405843991041,0.0015672446713177,Glycemic status,glycemic,glycemic|prediabetes
prediabetes,0.75,Other causes,0.00314479255190117,0.00315034077829826,Glycemic status,glycemic,glycemic|prediabetes
prediabetes,1,CVD,0.00301103526232473,0.00301991775658939,Glycemic status,glycemic,glycemic|prediabetes
prediabetes,1,Cancer,0.00201475187292706,0.0020205485126843,Glycemic status,glycemic,glycemic|prediabetes
prediabetes,1,Other causes,0.00380420576879443,0.00381271466403348,Glycemic status,glycemic,glycemic|prediabetes
prediabetes,1.25,CVD,0.00347791863462659,0.00348963204323511,Glycemic status,glycemic,glycemic|prediabetes
prediabetes,1.25,Cancer,0.00288988757988212,0.00290217607037502,Glycemic status,glycemic,glycemic|prediabetes
prediabetes,1.25,Other causes,0.0047156615413759,0.00472932378109465,Glycemic status,glycemic,glycemic|prediabetes
prediabetes,1.5,CVD,0.00428861437530146,0.00430677126992491,Glycemic status,glycemic,glycemic|prediabetes
prediabetes,1.5,Cancer,0.00340760241504607,0.00342445349161184,Glycemic status,glycemic,glycemic|prediabetes
prediabetes,1.5,Other causes,0.00538458514081568,0.00540285461573409,Glycemic status,glycemic,glycemic|prediabetes
prediabetes,1.75,CVD,0.00501409786709222,0.00503919871378801,Glycemic status,glycemic,glycemic|prediabetes
prediabetes,1.75,Cancer,0.00417747893522044,0.00420211809589767,Glycemic status,glycemic,glycemic|prediabetes
prediabetes,1.75,Other causes,0.00624443818704188,0.0062698200956488,Glycemic status,glycemic,glycemic|prediabetes
prediabetes,2,CVD,0.00604125813581773,0.00607799085774406,Glycemic status,glycemic,glycemic|prediabetes
prediabetes,2,Cancer,0.00513909494812269,0.00517529166352426,Glycemic status,glycemic,glycemic|prediabetes
prediabetes,2,Other causes,0.00725205603574262,0.00728743069822773,Glycemic status,glycemic,glycemic|prediabetes
prediabetes,2.25,CVD,0.00691718442824458,0.00696555171144941,Glycemic status,glycemic,glycemic|prediabetes
prediabetes,2.25,Cancer,0.00584106469369828,0.00588712704518798,Glycemic status,glycemic,glycemic|prediabetes
prediabetes,2.25,Other causes,0.00834542694496893,0.00839381858489371,Glycemic status,glycemic,glycemic|prediabetes
prediabetes,2.5,CVD,0.00807741434920986,0.00814336274941838,Glycemic status,glycemic,glycemic|prediabetes
prediabetes,2.5,Cancer,0.00735854159547739,0.00742924878797226,Glycemic status,glycemic,glycemic|prediabetes
prediabetes,2.5,Other causes,0.00976831291285504,0.00983723144768185,Glycemic status,glycemic,glycemic|prediabetes
prediabetes,2.75,CVD,0.00875952760381593,0.00883775726104561,Glycemic status,glycemic,glycemic|prediabetes
prediabetes,2.75,Cancer,0.00821784647182879,0.00830495868715085,Glycemic status,glycemic,glycemic|prediabetes
prediabetes,2.75,Other causes,0.01134160216673797,0.01143598456178455,Glycemic status,glycemic,glycemic|prediabetes
prediabetes,3,CVD,0.00978662816633328,0.00988627301060172,Glycemic status,glycemic,glycemic|prediabetes
prediabetes,3,Cancer,0.00949277148363534,0.00960737157719019,Glycemic status,glycemic,glycemic|prediabetes
prediabetes,3,Other causes,0.01251718885980644,0.01263277250026432,Glycemic status,glycemic,glycemic|prediabetes
prediabetes,3.25,CVD,0.01068347833801696,0.01080407770919464,Glycemic status,glycemic,glycemic|prediabetes
prediabetes,3.25,Cancer,0.01034517756468244,0.01048011886240613,Glycemic status,glycemic,glycemic|prediabetes
prediabetes,3.25,Other causes,0.01374953574327668,0.01389010338077672,Glycemic status,glycemic,glycemic|prediabetes
prediabetes,3.5,CVD,0.01158811505147332,0.01173171639231294,Glycemic status,glycemic,glycemic|prediabetes
prediabetes,3.5,Cancer,0.01131326794332231,0.01147299439102736,Glycemic status,glycemic,glycemic|prediabetes
prediabetes,3.5,Other causes,0.01468422733095256,0.0148458481212986,Glycemic status,glycemic,glycemic|prediabetes
prediabetes,3.75,CVD,0.0128311647029663,0.01300874672300777,Glycemic status,glycemic,glycemic|prediabetes
prediabetes,3.75,Cancer,0.01180631403493949,0.01198008666483387,Glycemic status,glycemic,glycemic|prediabetes
prediabetes,3.75,Other causes,0.01565318138864098,0.01583809568161131,Glycemic status,glycemic,glycemic|prediabetes
prediabetes,4,CVD,0.01364881904122008,0.0138505669666449,Glycemic status,glycemic,glycemic|prediabetes
prediabetes,4,Cancer,0.01231936328779027,0.01250852687251577,Glycemic status,glycemic,glycemic|prediabetes
prediabetes,4,Other causes,0.01739237052832563,0.01762239648899289,Glycemic status,glycemic,glycemic|prediabetes
prediabetes,4.25,CVD,0.01456993807068136,0.01480076985791889,Glycemic status,glycemic,glycemic|prediabetes
prediabetes,4.25,Cancer,0.01347363391815392,0.01370073947953324,Glycemic status,glycemic,glycemic|prediabetes
prediabetes,4.25,Other causes,0.0181721094173882,0.0184236586933361,Glycemic status,glycemic,glycemic|prediabetes
prediabetes,4.5,CVD,0.01569551050080267,0.01596455150747883,Glycemic status,glycemic,glycemic|prediabetes
prediabetes,4.5,Cancer,0.01452955437068288,0.01479306633131405,Glycemic status,glycemic,glycemic|prediabetes
prediabetes,4.5,Other causes,0.01924587652101935,0.01952958294645435,Glycemic status,glycemic,glycemic|prediabetes
prediabetes,4.75,CVD,0.01659465135551892,0.01689628088516344,Glycemic status,glycemic,glycemic|prediabetes
prediabetes,4.75,Cancer,0.01535157138086408,0.01564622303917989,Glycemic status,glycemic,glycemic|prediabetes
prediabetes,4.75,Other causes,0.02097538745982808,0.02131430289902057,Glycemic status,glycemic,glycemic|prediabetes
prediabetes,5,CVD,0.01736715420651118,0.0176985707188635,Glycemic status,glycemic,glycemic|prediabetes
prediabetes,5,Cancer,0.01569987620659426,0.016008530597485,Glycemic status,glycemic,glycemic|prediabetes
prediabetes,5,Other causes,0.02260292588462142,0.02299699141964138,Glycemic status,glycemic,glycemic|prediabetes
prediabetes,5.25,CVD,0.01837555647262413,0.01874825967685863,Glycemic status,glycemic,glycemic|prediabetes
prediabetes,5.25,Cancer,0.01672215140990032,0.01707475127579966,Glycemic status,glycemic,glycemic|prediabetes
prediabetes,5.25,Other causes,0.02382880436520368,0.02426589069598387,Glycemic status,glycemic,glycemic|prediabetes
prediabetes,5.5,CVD,0.01914988960970911,0.0195562114229147,Glycemic status,glycemic,glycemic|prediabetes
prediabetes,5.5,Cancer,0.01778913768538766,0.018189796814133172,Glycemic status,glycemic,glycemic|prediabetes
prediabetes,5.5,Other causes,0.02533531985832743,0.02582943813712307,Glycemic status,glycemic,glycemic|prediabetes
prediabetes,5.75,CVD,0.02009857795378225,0.02054901658196089,Glycemic status,glycemic,glycemic|prediabetes
prediabetes,5.75,Cancer,0.01826327517419121,0.0186868432766239,Glycemic status,glycemic,glycemic|prediabetes
prediabetes,5.75,Other causes,0.02773229182698069,0.02832083015349697,Glycemic status,glycemic,glycemic|prediabetes
prediabetes,6,CVD,0.02087816790849839,0.02136760831332109,Glycemic status,glycemic,glycemic|prediabetes
prediabetes,6,Cancer,0.02033639915355712,0.02086732142273192,Glycemic status,glycemic,glycemic|prediabetes
prediabetes,6,Other causes,0.02938710940884942,0.0300444102500342,Glycemic status,glycemic,glycemic|prediabetes
prediabetes,6.25,CVD,0.02209181431615444,0.02264678871996985,Glycemic status,glycemic,glycemic|prediabetes
prediabetes,6.25,Cancer,0.02116775446787916,0.02174442850718356,Glycemic status,glycemic,glycemic|prediabetes
prediabetes,6.25,Other causes,0.03154070384400851,0.03229350566950595,Glycemic status,glycemic,glycemic|prediabetes
prediabetes,6.5,CVD,0.0230824846783996,0.02369419199571179,Glycemic status,glycemic,glycemic|prediabetes
prediabetes,6.5,Cancer,0.02200052256688523,0.02262600136309777,Glycemic status,glycemic,glycemic|prediabetes
prediabetes,6.5,Other causes,0.03289563779943889,0.03371127104818131,Glycemic status,glycemic,glycemic|prediabetes
prediabetes,6.75,CVD,0.02437322453381061,0.02506239053250789,Glycemic status,glycemic,glycemic|prediabetes
prediabetes,6.75,Cancer,0.02260443715003698,0.02326700412875478,Glycemic status,glycemic,glycemic|prediabetes
prediabetes,6.75,Other causes,0.0348974697615549,0.03581044390381206,Glycemic status,glycemic,glycemic|prediabetes
prediabetes,7,CVD,0.02539445522455699,0.0261478743577922,Glycemic status,glycemic,glycemic|prediabetes
prediabetes,7,Cancer,0.02370243178407375,0.02443575487508946,Glycemic status,glycemic,glycemic|prediabetes
prediabetes,7,Other causes,0.03632020879799985,0.03730595378372442,Glycemic status,glycemic,glycemic|prediabetes
prediabetes,7.25,CVD,0.0269172717037028,0.02777100924626493,Glycemic status,glycemic,glycemic|prediabetes
prediabetes,7.25,Cancer,0.02536355598575014,0.02621031618779553,Glycemic status,glycemic,glycemic|prediabetes
prediabetes,7.25,Other causes,0.03790788025574906,0.03897872125822042,Glycemic status,glycemic,glycemic|prediabetes
prediabetes,7.5,CVD,0.02833323563405104,0.02928678347685232,Glycemic status,glycemic,glycemic|prediabetes
prediabetes,7.5,Cancer,0.02679980766135959,0.02774939009982161,Glycemic status,glycemic,glycemic|prediabetes
prediabetes,7.5,Other causes,0.04013904358973862,0.04133743198371169,Glycemic status,glycemic,glycemic|prediabetes
prediabetes,7.75,CVD,0.02921328313849329,0.03023269532593133,Glycemic status,glycemic,glycemic|prediabetes
prediabetes,7.75,Cancer,0.02757445451086411,0.02858342366020787,Glycemic status,glycemic,glycemic|prediabetes
prediabetes,7.75,Other causes,0.0430948604094661,0.04447075732784802,Glycemic status,glycemic,glycemic|prediabetes
prediabetes,8,CVD,0.02980404982393329,0.03087021875038776,Glycemic status,glycemic,glycemic|prediabetes
prediabetes,8,Cancer,0.02878537081453236,0.02989083555633671,Glycemic status,glycemic,glycemic|prediabetes
prediabetes,8,Other causes,0.04460294880766585,0.04607286533701114,Glycemic status,glycemic,glycemic|prediabetes
prediabetes,8.25,CVD,0.03084813237011038,0.03199886645599345,Glycemic status,glycemic,glycemic|prediabetes
prediabetes,8.25,Cancer,0.02951595390947101,0.03068243743842736,Glycemic status,glycemic,glycemic|prediabetes
prediabetes,8.25,Other causes,0.0458443067803861,0.04739415660432291,Glycemic status,glycemic,glycemic|prediabetes
prediabetes,8.5,CVD,0.03122317903155126,0.03240578807782283,Glycemic status,glycemic,glycemic|prediabetes
prediabetes,8.5,Cancer,0.03091627242725338,0.03220199341675146,Glycemic status,glycemic,glycemic|prediabetes
prediabetes,8.5,Other causes,0.04734061458492982,0.04898987531469821,Glycemic status,glycemic,glycemic|prediabetes
prediabetes,8.75,CVD,0.03238400187552615,0.03366873775691348,Glycemic status,glycemic,glycemic|prediabetes
prediabetes,8.75,Cancer,0.03203684801991724,0.03342113011658272,Glycemic status,glycemic,glycemic|prediabetes
prediabetes,8.75,Other causes,0.04896459960430562,0.05072522578005868,Glycemic status,glycemic,glycemic|prediabetes
prediabetes,9,CVD,0.03325093809088308,0.03461465563991046,Glycemic status,glycemic,glycemic|prediabetes
prediabetes,9,Cancer,0.03353800402813018,0.03505905339719677,Glycemic status,glycemic,glycemic|prediabetes
prediabetes,9,Other causes,0.05085275195501199,0.05274886641694644,Glycemic status,glycemic,glycemic|prediabetes
prediabetes,9.25,CVD,0.03388399618370974,0.03530802711223545,Glycemic status,glycemic,glycemic|prediabetes
prediabetes,9.25,Cancer,0.03499085737620133,0.03664945598438726,Glycemic status,glycemic,glycemic|prediabetes
prediabetes,9.25,Other causes,0.05231509293618549,0.05431972058634132,Glycemic status,glycemic,glycemic|prediabetes
prediabetes,9.5,CVD,0.03504920165893741,0.03658830489923227,Glycemic status,glycemic,glycemic|prediabetes
prediabetes,9.5,Cancer,0.0354607870986335,0.03716487298543174,Glycemic status,glycemic,glycemic|prediabetes
prediabetes,9.5,Other causes,0.0538464841717689,0.05596863367089595,Glycemic status,glycemic,glycemic|prediabetes
prediabetes,9.75,CVD,0.03621108241810039,0.03786789907547734,Glycemic status,glycemic,glycemic|prediabetes
prediabetes,9.75,Cancer,0.03656325459622249,0.03837824027245347,Glycemic status,glycemic,glycemic|prediabetes
prediabetes,9.75,Other causes,0.05549252632704157,0.05774526474645342,Glycemic status,glycemic,glycemic|prediabetes
prediabetes,10,CVD,0.0372454071780838,0.03901035394918061,Glycemic status,glycemic,glycemic|prediabetes
prediabetes,10,Cancer,0.0380250115679662,0.03999137594270542,Glycemic status,glycemic,glycemic|prediabetes
prediabetes,10,Other causes,0.05645717352271124,0.05878966692498615,Glycemic status,glycemic,glycemic|prediabetes
prediabetes,10.25,CVD,0.03915762100335846,0.04112802591391761,Glycemic status,glycemic,glycemic|prediabetes
prediabetes,10.25,Cancer,0.03854985882862306,0.04057279105513373,Glycemic status,glycemic,glycemic|prediabetes
prediabetes,10.25,Other causes,0.05872324794134905,0.06124913114180352,Glycemic status,glycemic,glycemic|prediabetes
prediabetes,10.5,CVD,0.03980449215562279,0.04184705606811861,Glycemic status,glycemic,glycemic|prediabetes
prediabetes,10.5,Cancer,0.03946602356158742,0.04159188955055128,Glycemic status,glycemic,glycemic|prediabetes
prediabetes,10.5,Other causes,0.06011099606419654,0.0627580056470736,Glycemic status,glycemic,glycemic|prediabetes
prediabetes,10.75,CVD,0.04058355926136153,0.04271524690429908,Glycemic status,glycemic,glycemic|prediabetes
prediabetes,10.75,Cancer,0.04004395330398947,0.04223588962539092,Glycemic status,glycemic,glycemic|prediabetes
prediabetes,10.75,Other causes,0.06154536540655934,0.06432091324236335,Glycemic status,glycemic,glycemic|prediabetes
prediabetes,11,CVD,0.04202684263805843,0.0443284523556141,Glycemic status,glycemic,glycemic|prediabetes
prediabetes,11,Cancer,0.0415318118935917,0.04389938214323374,Glycemic status,glycemic,glycemic|prediabetes
prediabetes,11,Other causes,0.06351302734277169,0.06646917842304778,Glycemic status,glycemic,glycemic|prediabetes
prediabetes,11.25,CVD,0.04273244426764623,0.04512056819337477,Glycemic status,glycemic,glycemic|prediabetes
prediabetes,11.25,Cancer,0.04352609405115159,0.04613638988605449,Glycemic status,glycemic,glycemic|prediabetes
prediabetes,11.25,Other causes,0.06468251430940916,0.06775016398552043,Glycemic status,glycemic,glycemic|prediabetes
prediabetes,11.5,CVD,0.04386020289596288,0.0463903636855779,Glycemic status,glycemic,glycemic|prediabetes
prediabetes,11.5,Cancer,0.04466140984683223,0.04741401870002079,Glycemic status,glycemic,glycemic|prediabetes
prediabetes,11.5,Other causes,0.06741211340157195,0.07074968675590193,Glycemic status,glycemic,glycemic|prediabetes
prediabetes,11.75,CVD,0.04542300521932775,0.04815783642624562,Glycemic status,glycemic,glycemic|prediabetes
prediabetes,11.75,Cancer,0.04511293849915891,0.04792493168127114,Glycemic status,glycemic,glycemic|prediabetes
prediabetes,11.75,Other causes,0.07030055459937688,0.07393222969292752,Glycemic status,glycemic,glycemic|prediabetes
prediabetes,12,CVD,0.04663593304967005,0.04953655305037371,Glycemic status,glycemic,glycemic|prediabetes
prediabetes,12,Cancer,0.04619843109056833,0.04915718765036075,Glycemic status,glycemic,glycemic|prediabetes
prediabetes,12,Other causes,0.07212745482837071,0.0759497879790862,Glycemic status,glycemic,glycemic|prediabetes
prediabetes,12.25,CVD,0.04768229363338502,0.05073073747672103,Glycemic status,glycemic,glycemic|prediabetes
prediabetes,12.25,Cancer,0.04744043601306653,0.05057352267755657,Glycemic status,glycemic,glycemic|prediabetes
prediabetes,12.25,Other causes,0.07451710730656035,0.07859518879841278,Glycemic status,glycemic,glycemic|prediabetes
prediabetes,12.5,CVD,0.04976657932732027,0.05311535710467498,Glycemic status,glycemic,glycemic|prediabetes
prediabetes,12.5,Cancer,0.04823814210854233,0.05148632245822898,Glycemic status,glycemic,glycemic|prediabetes
prediabetes,12.5,Other causes,0.07622192843847997,0.08049031415174697,Glycemic status,glycemic,glycemic|prediabetes
prediabetes,12.75,CVD,0.05162122846082207,0.05524377320272797,Glycemic status,glycemic,glycemic|prediabetes
prediabetes,12.75,Cancer,0.04876584357442091,0.05209368852481118,Glycemic status,glycemic,glycemic|prediabetes
prediabetes,12.75,Other causes,0.07775268900669594,0.08219575852301668,Glycemic status,glycemic,glycemic|prediabetes
prediabetes,13,CVD,0.0538587321847668,0.05781873441439648,Glycemic status,glycemic,glycemic|prediabetes
prediabetes,13,Cancer,0.05056275385142193,0.05417291264857947,Glycemic status,glycemic,glycemic|prediabetes
prediabetes,13,Other causes,0.07983116344498986,0.08451958547387287,Glycemic status,glycemic,glycemic|prediabetes
prediabetes,13.25,CVD,0.05513004966392743,0.05928732160281443,Glycemic status,glycemic,glycemic|prediabetes
prediabetes,13.25,Cancer,0.05269655560670534,0.05665204797171654,Glycemic status,glycemic,glycemic|prediabetes
prediabetes,13.25,Other causes,0.0821317089049622,0.08710662974496955,Glycemic status,glycemic,glycemic|prediabetes
prediabetes,13.5,CVD,0.05727456118613221,0.06178077006137901,Glycemic status,glycemic,glycemic|prediabetes
prediabetes,13.5,Cancer,0.05282481948966516,0.05680143454371617,Glycemic status,glycemic,glycemic|prediabetes
prediabetes,13.5,Other causes,0.0841781445754147,0.08941431324214345,Glycemic status,glycemic,glycemic|prediabetes
prediabetes,13.75,CVD,0.05904518608572888,0.06384502339705161,Glycemic status,glycemic,glycemic|prediabetes
prediabetes,13.75,Cancer,0.05351814464778576,0.05761445036549591,Glycemic status,glycemic,glycemic|prediabetes
prediabetes,13.75,Other causes,0.08569746275228911,0.09113222656653854,Glycemic status,glycemic,glycemic|prediabetes
prediabetes,14,CVD,0.05955685960702511,0.06444363666729745,Glycemic status,glycemic,glycemic|prediabetes
prediabetes,14,Cancer,0.05486085894423601,0.05919427649401544,Glycemic status,glycemic,glycemic|prediabetes
prediabetes,14,Other causes,0.08869888963008639,0.09453799292480596,Glycemic status,glycemic,glycemic|prediabetes
prediabetes,14.25,CVD,0.06033422829723239,0.06535670679026596,Glycemic status,glycemic,glycemic|prediabetes
prediabetes,14.25,Cancer,0.0564568905640795,0.0610807147568771,Glycemic status,glycemic,glycemic|prediabetes
prediabetes,14.25,Other causes,0.09101727285219267,0.09717505131926749,Glycemic status,glycemic,glycemic|prediabetes
prediabetes,14.5,CVD,0.06129768551627074,0.0664948135114363,Glycemic status,glycemic,glycemic|prediabetes
prediabetes,14.5,Cancer,0.05685408049334153,0.06155227411832058,Glycemic status,glycemic,glycemic|prediabetes
prediabetes,14.5,Other causes,0.09324971936529572,0.09971955374935042,Glycemic status,glycemic,glycemic|prediabetes
prediabetes,14.75,CVD,0.06320898745159928,0.06875905673649564,Glycemic status,glycemic,glycemic|prediabetes
prediabetes,14.75,Cancer,0.05739727326954545,0.06219922101435123,Glycemic status,glycemic,glycemic|prediabetes
prediabetes,14.75,Other causes,0.09479462760699196,0.10148565425721896,Glycemic status,glycemic,glycemic|prediabetes
prediabetes,15,CVD,0.06364210968613344,0.06927529570912211,Glycemic status,glycemic,glycemic|prediabetes
prediabetes,15,Cancer,0.05919165697613422,0.06434815345457247,Glycemic status,glycemic,glycemic|prediabetes
prediabetes,15,Other causes,0.09908784176550953,0.10640549340204528,Glycemic status,glycemic,glycemic|prediabetes
prediabetes,15.25,CVD,0.06596630455579781,0.07205933186457959,Glycemic status,glycemic,glycemic|prediabetes
prediabetes,15.25,Cancer,0.06093188401826852,0.06644785731875316,Glycemic status,glycemic,glycemic|prediabetes
prediabetes,15.25,Other causes,0.1014680187062458,0.10914280615870786,Glycemic status,glycemic,glycemic|prediabetes
prediabetes,15.5,CVD,0.06656915170957098,0.07278464160465885,Glycemic status,glycemic,glycemic|prediabetes
prediabetes,15.5,Cancer,0.0628455455471445,0.06876642297555396,Glycemic status,glycemic,glycemic|prediabetes
prediabetes,15.5,Other causes,0.10408164610975036,0.1121656265785457,Glycemic status,glycemic,glycemic|prediabetes
prediabetes,15.75,CVD,0.06663585490491851,0.07286533906075006,Glycemic status,glycemic,glycemic|prediabetes
prediabetes,15.75,Cancer,0.06312563847553966,0.06910678038032332,Glycemic status,glycemic,glycemic|prediabetes
prediabetes,15.75,Other causes,0.10660086276137032,0.11508403563388418,Glycemic status,glycemic,glycemic|prediabetes
prediabetes,16,CVD,0.06798538748338938,0.07450723955500227,Glycemic status,glycemic,glycemic|prediabetes
prediabetes,16,Cancer,0.06455853116174796,0.07085738519736373,Glycemic status,glycemic,glycemic|prediabetes
prediabetes,16,Other causes,0.10883555057042583,0.11767469015128117,Glycemic status,glycemic,glycemic|prediabetes
prediabetes,16.25,CVD,0.06899743373830407,0.0757462243495971,Glycemic status,glycemic,glycemic|prediabetes
prediabetes,16.25,Cancer,0.066252892403987,0.07293532616883337,Glycemic status,glycemic,glycemic|prediabetes
prediabetes,16.25,Other causes,0.11107555081034784,0.12028127073072564,Glycemic status,glycemic,glycemic|prediabetes
prediabetes,16.5,CVD,0.0706516268087798,0.07777616911598195,Glycemic status,glycemic,glycemic|prediabetes
prediabetes,16.5,Cancer,0.06708989901534351,0.0739703110214796,Glycemic status,glycemic,glycemic|prediabetes
prediabetes,16.5,Other causes,0.11470090719692692,0.12451637308718667,Glycemic status,glycemic,glycemic|prediabetes
prediabetes,16.75,CVD,0.07186308755985121,0.07927075963346761,Glycemic status,glycemic,glycemic|prediabetes
prediabetes,16.75,Cancer,0.06823460625698394,0.07538903713865511,Glycemic status,glycemic,glycemic|prediabetes
prediabetes,16.75,Other causes,0.11491130675542743,0.12476290557685976,Glycemic status,glycemic,glycemic|prediabetes
prediabetes,17,CVD,0.07302046258322001,0.08070390627477833,Glycemic status,glycemic,glycemic|prediabetes
prediabetes,17,Cancer,0.06904720617414634,0.07639798390950664,Glycemic status,glycemic,glycemic|prediabetes
prediabetes,17,Other causes,0.11748895621446322,0.1277936016116391,Glycemic status,glycemic,glycemic|prediabetes
prediabetes,17.25,CVD,0.07505908754865985,0.08323496062370592,Glycemic status,glycemic,glycemic|prediabetes
prediabetes,17.25,Cancer,0.07162190540464142,0.07962026960800514,Glycemic status,glycemic,glycemic|prediabetes
prediabetes,17.25,Other causes,0.11977378274985746,0.1304941602425584,Glycemic status,glycemic,glycemic|prediabetes
prediabetes,17.5,CVD,0.07769235369359268,0.08652811946743476,Glycemic status,glycemic,glycemic|prediabetes
prediabetes,17.5,Cancer,0.07189608723852418,0.07996488072558641,Glycemic status,glycemic,glycemic|prediabetes
prediabetes,17.5,Other causes,0.12110921393588774,0.13207851036871035,Glycemic status,glycemic,glycemic|prediabetes
prediabetes,17.75,CVD,0.07986155769476272,0.08924773519985923,Glycemic status,glycemic,glycemic|prediabetes
prediabetes,17.75,Cancer,0.0725238518093414,0.08075684658805338,Glycemic status,glycemic,glycemic|prediabetes
prediabetes,17.75,Other causes,0.12132101690561917,0.13233072214597758,Glycemic status,glycemic,glycemic|prediabetes
prediabetes,18,CVD,0.08262570054128991,0.0927175607992578,Glycemic status,glycemic,glycemic|prediabetes
prediabetes,18,Cancer,0.07334845386573599,0.08180051647587464,Glycemic status,glycemic,glycemic|prediabetes
prediabetes,18,Other causes,0.12207603838159402,0.1332336111517042,Glycemic status,glycemic,glycemic|prediabetes
undiagnosed diabetes,0,CVD,2.0883016010669333e-4,2.0883016010675437e-4,Glycemic status,glycemic,glycemic|undiagnosed diabetes
undiagnosed diabetes,0,Cancer,2.6042022711039107e-4,2.604202271104361e-4,Glycemic status,glycemic,glycemic|undiagnosed diabetes
undiagnosed diabetes,0,Other causes,6.741967630913804e-4,6.741967630913504e-4,Glycemic status,glycemic,glycemic|undiagnosed diabetes
undiagnosed diabetes,0.25,CVD,7.877614653623728e-4,7.897241710973335e-4,Glycemic status,glycemic,glycemic|undiagnosed diabetes
undiagnosed diabetes,0.25,Cancer,0.00102331023518201,0.00102417442884794,Glycemic status,glycemic,glycemic|undiagnosed diabetes
undiagnosed diabetes,0.25,Other causes,0.00360089572523427,0.00360341655319937,Glycemic status,glycemic,glycemic|undiagnosed diabetes
undiagnosed diabetes,0.5,CVD,8.526271115586802e-4,8.549270696782352e-4,Glycemic status,glycemic,glycemic|undiagnosed diabetes
undiagnosed diabetes,0.5,Cancer,0.00166662725746337,0.00167040441715717,Glycemic status,glycemic,glycemic|undiagnosed diabetes
undiagnosed diabetes,0.5,Other causes,0.00597733878478527,0.00598537171879812,Glycemic status,glycemic,glycemic|undiagnosed diabetes
undiagnosed diabetes,0.75,CVD,0.00202665065568057,0.00203826587008738,Glycemic status,glycemic,glycemic|undiagnosed diabetes
undiagnosed diabetes,0.75,Cancer,0.00287952841663284,0.00289232840594431,Glycemic status,glycemic,glycemic|undiagnosed diabetes
undiagnosed diabetes,0.75,Other causes,0.00944020804965562,0.00946389106753347,Glycemic status,glycemic,glycemic|undiagnosed diabetes
undiagnosed diabetes,1,CVD,0.00222747183497977,0.00224186473068044,Glycemic status,glycemic,glycemic|undiagnosed diabetes
undiagnosed diabetes,1,Cancer,0.00383263296578279,0.00385726530652597,Glycemic status,glycemic,glycemic|undiagnosed diabetes
undiagnosed diabetes,1,Other causes,0.01126354816832517,0.01129695404539609,Glycemic status,glycemic,glycemic|undiagnosed diabetes
undiagnosed diabetes,1.25,CVD,0.00308611851253261,0.00311391628717774,Glycemic status,glycemic,glycemic|undiagnosed diabetes
undiagnosed diabetes,1.25,Cancer,0.00851650343920225,0.00861155180002819,Glycemic status,glycemic,glycemic|undiagnosed diabetes
undiagnosed diabetes,1.25,Other causes,0.01404281499085558,0.01410089782556914,Glycemic status,glycemic,glycemic|undiagnosed diabetes
undiagnosed diabetes,1.5,CVD,0.00421829168444456,0.0042731627892457,Glycemic status,glycemic,glycemic|undiagnosed diabetes
undiagnosed diabetes,1.5,Cancer,0.01083101766245511,0.01096831345521231,Glycemic status,glycemic,glycemic|undiagnosed diabetes
undiagnosed diabetes,1.5,Other causes,0.01877405077929977,0.0188999403259079,Glycemic status,glycemic,glycemic|undiagnosed diabetes
undiagnosed diabetes,1.75,CVD,0.00458097967209724,0.00464782044866596,Glycemic status,glycemic,glycemic|undiagnosed diabetes
undiagnosed diabetes,1.75,Cancer,0.01118828019618137,0.01133503745020411,Glycemic status,glycemic,glycemic|undiagnosed diabetes
undiagnosed diabetes,1.75,Other causes,0.02210110194205477,0.0222787012750376,Glycemic status,glycemic,glycemic|undiagnosed diabetes
undiagnosed diabetes,2,CVD,0.00568543287714788,0.00579127846478547,Glycemic status,glycemic,glycemic|undiagnosed diabetes
undiagnosed diabetes,2,Cancer,0.01428725564174486,0.01452524350039932,Glycemic status,glycemic,glycemic|undiagnosed diabetes
undiagnosed diabetes,2,Other causes,0.02438147697630954,0.02459910982475654,Glycemic status,glycemic,glycemic|undiagnosed diabetes
undiagnosed diabetes,2.25,CVD,0.00827177746443977,0.00848889669321277,Glycemic status,glycemic,glycemic|undiagnosed diabetes
undiagnosed diabetes,2.25,Cancer,0.01540581906638792,0.01568017193471911,Glycemic status,glycemic,glycemic|undiagnosed diabetes
undiagnosed diabetes,2.25,Other causes,0.02710605603487494,0.02738170796097518,Glycemic status,glycemic,glycemic|undiagnosed diabetes
undiagnosed diabetes,2.5,CVD,0.01005267183742259,0.01035029564726919,Glycemic status,glycemic,glycemic|undiagnosed diabetes
undiagnosed diabetes,2.5,Cancer,0.01691549710249115,0.01724718118603086,Glycemic status,glycemic,glycemic|undiagnosed diabetes
undiagnosed diabetes,2.5,Other causes,0.02841457894448269,0.02872510907231094,Glycemic status,glycemic,glycemic|undiagnosed diabetes
undiagnosed diabetes,2.75,CVD,0.01012987974245856,0.01043115321190398,Glycemic status,glycemic,glycemic|undiagnosed diabetes
undiagnosed diabetes,2.75,Cancer,0.01813802113415138,0.01852008553700669,Glycemic status,glycemic,glycemic|undiagnosed diabetes
undiagnosed diabetes,2.75,Other causes,0.0297521110203923,0.03010046347739079,Glycemic status,glycemic,glycemic|undiagnosed diabetes
undiagnosed diabetes,3,CVD,0.01044490525682244,0.01076243970063492,Glycemic status,glycemic,glycemic|undiagnosed diabetes
undiagnosed diabetes,3,Cancer,0.01888622210903237,0.01930010941581892,Glycemic status,glycemic,glycemic|undiagnosed diabetes
undiagnosed diabetes,3,Other causes,0.03088012854380996,0.03126194932175251,Glycemic status,glycemic,glycemic|undiagnosed diabetes
undiagnosed diabetes,3.25,CVD,0.01206489095667029,0.012467798859398,Glycemic status,glycemic,glycemic|undiagnosed diabetes
undiagnosed diabetes,3.25,Cancer,0.01888622210903237,0.01930010941581892,Glycemic status,glycemic,glycemic|undiagnosed diabetes
undiagnosed diabetes,3.25,Other causes,0.03088012854380996,0.03126194932175251,Glycemic status,glycemic,glycemic|undiagnosed diabetes
undiagnosed diabetes,3.5,CVD,0.01483057202951956,0.01538305608436673,Glycemic status,glycemic,glycemic|undiagnosed diabetes
undiagnosed diabetes,3.5,Cancer,0.02168141593292211,0.0222272394725981,Glycemic status,glycemic,glycemic|undiagnosed diabetes
undiagnosed diabetes,3.5,Other causes,0.03439962608725964,0.03490733539288759,Glycemic status,glycemic,glycemic|undiagnosed diabetes
undiagnosed diabetes,3.75,CVD,0.01618842614419856,0.01682219055288183,Glycemic status,glycemic,glycemic|undiagnosed diabetes
undiagnosed diabetes,3.75,Cancer,0.02359763089680768,0.0242470755659236,Glycemic status,glycemic,glycemic|undiagnosed diabetes
undiagnosed diabetes,3.75,Other causes,0.03560651733540405,0.03616409204191199,Glycemic status,glycemic,glycemic|undiagnosed diabetes
undiagnosed diabetes,4,CVD,0.01620945697126135,0.01684452257314211,Glycemic status,glycemic,glycemic|undiagnosed diabetes
undiagnosed diabetes,4,Cancer,0.02630987658763191,0.02711134074847566,Glycemic status,glycemic,glycemic|undiagnosed diabetes
undiagnosed diabetes,4,Other causes,0.03806809587971879,0.03873290253597183,Glycemic status,glycemic,glycemic|undiagnosed diabetes
undiagnosed diabetes,4.25,CVD,0.0181391131969196,0.01890899863719947,Glycemic status,glycemic,glycemic|undiagnosed diabetes
undiagnosed diabetes,4.25,Cancer,0.02767346179346556,0.02855625103693285,Glycemic status,glycemic,glycemic|undiagnosed diabetes
undiagnosed diabetes,4.25,Other causes,0.04033578618481105,0.04110939226084587,Glycemic status,glycemic,glycemic|undiagnosed diabetes
undiagnosed diabetes,4.5,CVD,0.01990209034738621,0.02080249210096788,Glycemic status,glycemic,glycemic|undiagnosed diabetes
undiagnosed diabetes,4.5,Cancer,0.02819316541707599,0.02910875934531522,Glycemic status,glycemic,glycemic|undiagnosed diabetes
undiagnosed diabetes,4.5,Other causes,0.04093163629766159,0.04173495538177584,Glycemic status,glycemic,glycemic|undiagnosed diabetes
undiagnosed diabetes,4.75,CVD,0.02026654044156082,0.02119523371504053,Glycemic status,glycemic,glycemic|undiagnosed diabetes
undiagnosed diabetes,4.75,Cancer,0.03030544291553336,0.03136328014528829,Glycemic status,glycemic,glycemic|undiagnosed diabetes
undiagnosed diabetes,4.75,Other causes,0.04502870799060508,0.04605030118004567,Glycemic status,glycemic,glycemic|undiagnosed diabetes
undiagnosed diabetes,5,CVD,0.02319112549347927,0.02436042250863569,Glycemic status,glycemic,glycemic|undiagnosed diabetes
undiagnosed diabetes,5,Cancer,0.03030544291553336,0.03136328014528829,Glycemic status,glycemic,glycemic|undiagnosed diabetes
undiagnosed diabetes,5,Other causes,0.04732898579647351,0.0484837183744887,Glycemic status,glycemic,glycemic|undiagnosed diabetes
undiagnosed diabetes,5.25,CVD,0.02455767294319508,0.02584527207783352,Glycemic status,glycemic,glycemic|undiagnosed diabetes
undiagnosed diabetes,5.25,Cancer,0.03229539996489057,0.03350823590840386,Glycemic status,glycemic,glycemic|undiagnosed diabetes
undiagnosed diabetes,5.25,Other causes,0.04849893609119928,0.04972309304556992,Glycemic status,glycemic,glycemic|undiagnosed diabetes
undiagnosed diabetes,5.5,CVD,0.02685110386219013,0.02834332202796533,Glycemic status,glycemic,glycemic|undiagnosed diabetes
undiagnosed diabetes,5.5,Cancer,0.03242466519692971,0.03364798634602575,Glycemic status,glycemic,glycemic|undiagnosed diabetes
undiagnosed diabetes,5.5,Other causes,0.05034633005699417,0.05168809895113801,Glycemic status,glycemic,glycemic|undiagnosed diabetes
undiagnosed diabetes,5.75,CVD,0.02824753479735392,0.02986878946131478,Glycemic status,glycemic,glycemic|undiagnosed diabetes
undiagnosed diabetes,5.75,Cancer,0.03411434851675882,0.03548346259767392,Glycemic status,glycemic,glycemic|undiagnosed diabetes
undiagnosed diabetes,5.75,Other causes,0.05149540191618208,0.05291377711518212,Glycemic status,glycemic,glycemic|undiagnosed diabetes
undiagnosed diabetes,6,CVD,0.03095668354810912,0.03284472356496185,Glycemic status,glycemic,glycemic|undiagnosed diabetes
undiagnosed diabetes,6,Cancer,0.03414386057276326,0.03551580256563894,Glycemic status,glycemic,glycemic|undiagnosed diabetes
undiagnosed diabetes,6,Other causes,0.05767089142081399,0.05951626866816576,Glycemic status,glycemic,glycemic|undiagnosed diabetes
undiagnosed diabetes,6.25,CVD,0.03139090945931821,0.03332511833697576,Glycemic status,glycemic,glycemic|undiagnosed diabetes
undiagnosed diabetes,6.25,Cancer,0.03673155413164152,0.03836088987323643,Glycemic status,glycemic,glycemic|undiagnosed diabetes
undiagnosed diabetes,6.25,Other causes,0.06214771877232114,0.06432943517881944,Glycemic status,glycemic,glycemic|undiagnosed diabetes
undiagnosed diabetes,6.5,CVD,0.033837855340699,0.03605226146274407,Glycemic status,glycemic,glycemic|undiagnosed diabetes
undiagnosed diabetes,6.5,Cancer,0.03910904570007081,0.04099353457917815,Glycemic status,glycemic,glycemic|undiagnosed diabetes
undiagnosed diabetes,6.5,Other causes,0.06529612208207822,0.06772464847863817,Glycemic status,glycemic,glycemic|undiagnosed diabetes
undiagnosed diabetes,6.75,CVD,0.03646220335811114,0.03898895534857265,Glycemic status,glycemic,glycemic|undiagnosed diabetes
undiagnosed diabetes,6.75,Cancer,0.03914204556099942,0.04103028977358865,Glycemic status,glycemic,glycemic|undiagnosed diabetes
undiagnosed diabetes,6.75,Other causes,0.0712886649691188,0.0742208742590837,Glycemic status,glycemic,glycemic|undiagnosed diabetes
undiagnosed diabetes,7,CVD,0.0400412130662918,0.04302341028087596,Glycemic status,glycemic,glycemic|undiagnosed diabetes
undiagnosed diabetes,7,Cancer,0.04000627524923358,0.04200351932705774,Glycemic status,glycemic,glycemic|undiagnosed diabetes
undiagnosed diabetes,7,Other causes,0.07291782971637072,0.07599513249650905,Glycemic status,glycemic,glycemic|undiagnosed diabetes
undiagnosed diabetes,7.25,CVD,0.04012153968776406,0.04311469776305448,Glycemic status,glycemic,glycemic|undiagnosed diabetes
undiagnosed diabetes,7.25,Cancer,0.04201016051619575,0.04426989235190797,Glycemic status,glycemic,glycemic|undiagnosed diabetes
undiagnosed diabetes,7.25,Other causes,0.08048469257529425,0.08426907118324836,Glycemic status,glycemic,glycemic|undiagnosed diabetes
undiagnosed diabetes,7.5,CVD,0.04110003606031006,0.0442356663391261,Glycemic status,glycemic,glycemic|undiagnosed diabetes
undiagnosed diabetes,7.5,Cancer,0.04242975259566892,0.04474890514117087,Glycemic status,glycemic,glycemic|undiagnosed diabetes
undiagnosed diabetes,7.5,Other causes,0.08287430658836571,0.08688293116389999,Glycemic status,glycemic,glycemic|undiagnosed diabetes
undiagnosed diabetes,7.75,CVD,0.04297423123455446,0.04638966374823743,Glycemic status,glycemic,glycemic|undiagnosed diabetes
undiagnosed diabetes,7.75,Cancer,0.04342404382345866,0.04588956455883667,Glycemic status,glycemic,glycemic|undiagnosed diabetes
undiagnosed diabetes,7.75,Other causes,0.08501025417841088,0.0892228096884892,Glycemic status,glycemic,glycemic|undiagnosed diabetes
undiagnosed diabetes,8,CVD,0.04297423123455446,0.04638966374823743,Glycemic status,glycemic,glycemic|undiagnosed diabetes
undiagnosed diabetes,8,Cancer,0.04358668225430111,0.04607684121153281,Glycemic status,glycemic,glycemic|undiagnosed diabetes
undiagnosed diabetes,8,Other causes,0.08575008613444986,0.09003612980304859,Glycemic status,glycemic,glycemic|undiagnosed diabetes
undiagnosed diabetes,8.25,CVD,0.04331521881904073,0.0467830229506198,Glycemic status,glycemic,glycemic|undiagnosed diabetes
undiagnosed diabetes,8.25,Cancer,0.04361722197224985,0.04611209069717782,Glycemic status,glycemic,glycemic|undiagnosed diabetes
undiagnosed diabetes,8.25,Other causes,0.08830756714164063,0.0928479518393879,Glycemic status,glycemic,glycemic|undiagnosed diabetes
undiagnosed diabetes,8.5,CVD,0.04598089298080188,0.04987584820676492,Glycemic status,glycemic,glycemic|undiagnosed diabetes
undiagnosed diabetes,8.5,Cancer,0.0444078589791678,0.04702990539336057,Glycemic status,glycemic,glycemic|undiagnosed diabetes
undiagnosed diabetes,8.5,Other causes,0.09347754782150548,0.09853826261555682,Glycemic status,glycemic,glycemic|undiagnosed diabetes
undiagnosed diabetes,8.75,CVD,0.04707413514083899,0.05115325987641466,Glycemic status,glycemic,glycemic|undiagnosed diabetes
undiagnosed diabetes,8.75,Cancer,0.04500555799613141,0.04773079499045987,Glycemic status,glycemic,glycemic|undiagnosed diabetes
undiagnosed diabetes,8.75,Other causes,0.09781508724809385,0.10332936149505952,Glycemic status,glycemic,glycemic|undiagnosed diabetes
undiagnosed diabetes,9,CVD,0.04973991784125157,0.05427562315254709,Glycemic status,glycemic,glycemic|undiagnosed diabetes
undiagnosed diabetes,9,Cancer,0.04621504840499679,0.04915772278309297,Glycemic status,glycemic,glycemic|undiagnosed diabetes
undiagnosed diabetes,9,Other causes,0.0993583139522652,0.10503824209151735,Glycemic status,glycemic,glycemic|undiagnosed diabetes
undiagnosed diabetes,9.25,CVD,0.05498202746402836,0.06044685877974527,Glycemic status,glycemic,glycemic|undiagnosed diabetes
undiagnosed diabetes,9.25,Cancer,0.04984482394070129,0.05347132786050378,Glycemic status,glycemic,glycemic|undiagnosed diabetes
undiagnosed diabetes,9.25,Other causes,0.10164955174097956,0.1075885550588902,Glycemic status,glycemic,glycemic|undiagnosed diabetes
undiagnosed diabetes,9.5,CVD,0.05723444220371276,0.06311735344995019,Glycemic status,glycemic,glycemic|undiagnosed diabetes
undiagnosed diabetes,9.5,Cancer,0.0509054199314112,0.05473643805857734,Glycemic status,glycemic,glycemic|undiagnosed diabetes
undiagnosed diabetes,9.5,Other causes,0.10250945360696297,0.10855967599429026,Glycemic status,glycemic,glycemic|undiagnosed diabetes
undiagnosed diabetes,9.75,CVD,0.06004772401112972,0.06645730216118809,Glycemic status,glycemic,glycemic|undiagnosed diabetes
undiagnosed diabetes,9.75,Cancer,0.05125088469885303,0.05515014350420835,Glycemic status,glycemic,glycemic|undiagnosed diabetes
undiagnosed diabetes,9.75,Other causes,0.10304044789849484,0.10916106037640412,Glycemic status,glycemic,glycemic|undiagnosed diabetes
undiagnosed diabetes,10,CVD,0.06535152652978514,0.07276339732007463,Glycemic status,glycemic,glycemic|undiagnosed diabetes
undiagnosed diabetes,10,Cancer,0.05254818940304223,0.05671706587021107,Glycemic status,glycemic,glycemic|undiagnosed diabetes
undiagnosed diabetes,10,Other causes,0.10470338811555437,0.1110571971485228,Glycemic status,glycemic,glycemic|undiagnosed diabetes
undiagnosed diabetes,10.25,CVD,0.06794341868990766,0.075860758329375,Glycemic status,glycemic,glycemic|undiagnosed diabetes
undiagnosed diabetes,10.25,Cancer,0.05476991083233059,0.05943417859680941,Glycemic status,glycemic,glycemic|undiagnosed diabetes
undiagnosed diabetes,10.25,Other causes,0.11110350172505348,0.118386709927124,Glycemic status,glycemic,glycemic|undiagnosed diabetes
undiagnosed diabetes,10.5,CVD,0.0709313162437906,0.07948370630011463,Glycemic status,glycemic,glycemic|undiagnosed diabetes
undiagnosed diabetes,10.5,Cancer,0.05599817183365939,0.06094314669115716,Glycemic status,glycemic,glycemic|undiagnosed diabetes
undiagnosed diabetes,10.5,Other causes,0.11615634425321308,0.12420824677942588,Glycemic status,glycemic,glycemic|undiagnosed diabetes
undiagnosed diabetes,10.75,CVD,0.07123202595141247,0.07984978210865423,Glycemic status,glycemic,glycemic|undiagnosed diabetes
undiagnosed diabetes,10.75,Cancer,0.0567920048831927,0.06192927909676965,Glycemic status,glycemic,glycemic|undiagnosed diabetes
undiagnosed diabetes,10.75,Other causes,0.12044173605848651,0.1291722465909565,Glycemic status,glycemic,glycemic|undiagnosed diabetes
undiagnosed diabetes,11,CVD,0.07589095378226875,0.08558269826499793,Glycemic status,glycemic,glycemic|undiagnosed diabetes
undiagnosed diabetes,11,Cancer,0.05685100015640719,0.06200326574107005,Glycemic status,glycemic,glycemic|undiagnosed diabetes
undiagnosed diabetes,11,Other causes,0.1252159953588027,0.13470727247692707,Glycemic status,glycemic,glycemic|undiagnosed diabetes
undiagnosed diabetes,11.25,CVD,0.07589095378226875,0.08558269826499793,Glycemic status,glycemic,glycemic|undiagnosed diabetes
undiagnosed diabetes,11.25,Cancer,0.05685100015640719,0.06200326574107005,Glycemic status,glycemic,glycemic|undiagnosed diabetes
undiagnosed diabetes,11.25,Other causes,0.12652705162891795,0.1362361062952748,Glycemic status,glycemic,glycemic|undiagnosed diabetes
undiagnosed diabetes,11.5,CVD,0.07692970940693768,0.08686671391024174,Glycemic status,glycemic,glycemic|undiagnosed diabetes
undiagnosed diabetes,11.5,Cancer,0.05685100015640719,0.06200326574107005,Glycemic status,glycemic,glycemic|undiagnosed diabetes
undiagnosed diabetes,11.5,Other causes,0.1317576644589811,0.1423364215508202,Glycemic status,glycemic,glycemic|undiagnosed diabetes
undiagnosed diabetes,11.75,CVD,0.07877168420213587,0.08915681790081728,Glycemic status,glycemic,glycemic|undiagnosed diabetes
undiagnosed diabetes,11.75,Cancer,0.056920219439681743,0.06209153550117554,Glycemic status,glycemic,glycemic|undiagnosed diabetes
undiagnosed diabetes,11.75,Other causes,0.13178285434907738,0.14236593541929254,Glycemic status,glycemic,glycemic|undiagnosed diabetes
undiagnosed diabetes,12,CVD,0.08128096399975285,0.0922769813552922,Glycemic status,glycemic,glycemic|undiagnosed diabetes
undiagnosed diabetes,12,Cancer,0.05693620535575176,0.06211201600552875,Glycemic status,glycemic,glycemic|undiagnosed diabetes
undiagnosed diabetes,12,Other causes,0.13637429074103366,0.14775333595125947,Glycemic status,glycemic,glycemic|undiagnosed diabetes
undiagnosed diabetes,12.25,CVD,0.08492418583283491,0.09683720334746124,Glycemic status,glycemic,glycemic|undiagnosed diabetes
undiagnosed diabetes,12.25,Cancer,0.05704402157038746,0.06225211128335761,Glycemic status,glycemic,glycemic|undiagnosed diabetes
undiagnosed diabetes,12.25,Other causes,0.1388130190261764,0.1506274304125387,Glycemic status,glycemic,glycemic|undiagnosed diabetes
undiagnosed diabetes,12.5,CVD,0.08683544785652282,0.09924477857572578,Glycemic status,glycemic,glycemic|undiagnosed diabetes
undiagnosed diabetes,12.5,Cancer,0.05809192549537662,0.06361844069846696,Glycemic status,glycemic,glycemic|undiagnosed diabetes
undiagnosed diabetes,12.5,Other causes,0.14314655850605706,0.1557510211590019,Glycemic status,glycemic,glycemic|undiagnosed diabetes
undiagnosed diabetes,12.75,CVD,0.08901527512378643,0.10200282998973668,Glycemic status,glycemic,glycemic|undiagnosed diabetes
undiagnosed diabetes,12.75,Cancer,0.0628835954210649,0.06994118015282808,Glycemic status,glycemic,glycemic|undiagnosed diabetes
undiagnosed diabetes,12.75,Other causes,0.14324307404713002,0.15586538131989214,Glycemic status,glycemic,glycemic|undiagnosed diabetes
undiagnosed diabetes,13,CVD,0.09178659175843268,0.10553480514113078,Glycemic status,glycemic,glycemic|undiagnosed diabetes
undiagnosed diabetes,13,Cancer,0.06376729554928927,0.07110779934384465,Glycemic status,glycemic,glycemic|undiagnosed diabetes
undiagnosed diabetes,13,Other causes,0.1450776456487448,0.1580645999348391,Glycemic status,glycemic,glycemic|undiagnosed diabetes
undiagnosed diabetes,13.25,CVD,0.0943068598354114,0.10876710199616828,Glycemic status,glycemic,glycemic|undiagnosed diabetes
undiagnosed diabetes,13.25,Cancer,0.06378739946617203,0.0711346094323624,Glycemic status,glycemic,glycemic|undiagnosed diabetes
undiagnosed diabetes,13.25,Other causes,0.1483951853202655,0.16206146146688638,Glycemic status,glycemic,glycemic|undiagnosed diabetes
undiagnosed diabetes,13.5,CVD,0.0943068598354114,0.10876710199616828,Glycemic status,glycemic,glycemic|undiagnosed diabetes
undiagnosed diabetes,13.5,Cancer,0.06727254047486296,0.07580674183841848,Glycemic status,glycemic,glycemic|undiagnosed diabetes
undiagnosed diabetes,13.5,Other causes,0.1532358047064399,0.16792682607286005,Glycemic status,glycemic,glycemic|undiagnosed diabetes
undiagnosed diabetes,13.75,CVD,0.09444197400036952,0.10894297038111538,Glycemic status,glycemic,glycemic|undiagnosed diabetes
undiagnosed diabetes,13.75,Cancer,0.06727254047486296,0.07580674183841848,Glycemic status,glycemic,glycemic|undiagnosed diabetes
undiagnosed diabetes,13.75,Other causes,0.15689093357054007,0.17236535986567783,Glycemic status,glycemic,glycemic|undiagnosed diabetes
undiagnosed diabetes,14,CVD,0.09444197400036952,0.10894297038111538,Glycemic status,glycemic,glycemic|undiagnosed diabetes
undiagnosed diabetes,14,Cancer,0.0718208464196732,0.08201114492707268,Glycemic status,glycemic,glycemic|undiagnosed diabetes
undiagnosed diabetes,14,Other causes,0.16079955110450408,0.17711191767188614,Glycemic status,glycemic,glycemic|undiagnosed diabetes
undiagnosed diabetes,14.25,CVD,0.09515112220473822,0.10988332932517993,Glycemic status,glycemic,glycemic|undiagnosed diabetes
undiagnosed diabetes,14.25,Cancer,0.0723358858569214,0.0827154896840947,Glycemic status,glycemic,glycemic|undiagnosed diabetes
undiagnosed diabetes,14.25,Other causes,0.16394820133043428,0.18096523192790587,Glycemic status,glycemic,glycemic|undiagnosed diabetes
undiagnosed diabetes,14.5,CVD,0.09824332684553164,0.11400036214046744,Glycemic status,glycemic,glycemic|undiagnosed diabetes
undiagnosed diabetes,14.5,Cancer,0.0723358858569214,0.0827154896840947,Glycemic status,glycemic,glycemic|undiagnosed diabetes
undiagnosed diabetes,14.5,Other causes,0.16604967382353902,0.183545404222499,Glycemic status,glycemic,glycemic|undiagnosed diabetes
undiagnosed diabetes,14.75,CVD,0.09958334400637062,0.115788501792237,Glycemic status,glycemic,glycemic|undiagnosed diabetes
undiagnosed diabetes,14.75,Cancer,0.0723358858569214,0.0827154896840947,Glycemic status,glycemic,glycemic|undiagnosed diabetes
undiagnosed diabetes,14.75,Other causes,0.17241767143313694,0.19138378204093304,Glycemic status,glycemic,glycemic|undiagnosed diabetes
undiagnosed diabetes,15,CVD,0.10205701966189028,0.11912454378021524,Glycemic status,glycemic,glycemic|undiagnosed diabetes
undiagnosed diabetes,15,Cancer,0.07259970490910417,0.08308458418343519,Glycemic status,glycemic,glycemic|undiagnosed diabetes
undiagnosed diabetes,15,Other causes,0.17243261399663942,0.19140232094862947,Glycemic status,glycemic,glycemic|undiagnosed diabetes
undiagnosed diabetes,15.25,CVD,0.11085907025688324,0.13100021554771743,Glycemic status,glycemic,glycemic|undiagnosed diabetes
undiagnosed diabetes,15.25,Cancer,0.07259970490910417,0.08308458418343519,Glycemic status,glycemic,glycemic|undiagnosed diabetes
undiagnosed diabetes,15.25,Other causes,0.1731251846698124,0.1922599524798446,Glycemic status,glycemic,glycemic|undiagnosed diabetes
undiagnosed diabetes,15.5,CVD,0.11085907025688324,0.13100021554771743,Glycemic status,glycemic,glycemic|undiagnosed diabetes
undiagnosed diabetes,15.5,Cancer,0.07259970490910417,0.08308458418343519,Glycemic status,glycemic,glycemic|undiagnosed diabetes
undiagnosed diabetes,15.5,Other causes,0.17349334200366545,0.1927222118287265,Glycemic status,glycemic,glycemic|undiagnosed diabetes
undiagnosed diabetes,15.75,CVD,0.114635876579751,0.13610424037481617,Glycemic status,glycemic,glycemic|undiagnosed diabetes
undiagnosed diabetes,15.75,Cancer,0.07342238253445373,0.08426458452335064,Glycemic status,glycemic,glycemic|undiagnosed diabetes
undiagnosed diabetes,15.75,Other causes,0.17360693017208156,0.19286583085930037,Glycemic status,glycemic,glycemic|undiagnosed diabetes
undiagnosed diabetes,16,CVD,0.12104760310638886,0.14478193986378018,Glycemic status,glycemic,glycemic|undiagnosed diabetes
undiagnosed diabetes,16,Cancer,0.0734506312982073,0.0843051022782498,Glycemic status,glycemic,glycemic|undiagnosed diabetes
undiagnosed diabetes,16,Other causes,0.17461557932286942,0.19415446965267816,Glycemic status,glycemic,glycemic|undiagnosed diabetes
undiagnosed diabetes,16.25,CVD,0.12381186197598212,0.1485424025623658,Glycemic status,glycemic,glycemic|undiagnosed diabetes
undiagnosed diabetes,16.25,Cancer,0.07377145122769826,0.08477240232904237,Glycemic status,glycemic,glycemic|undiagnosed diabetes
undiagnosed diabetes,16.25,Other causes,0.1772489749547836,0.19752092396044288,Glycemic status,glycemic,glycemic|undiagnosed diabetes
undiagnosed diabetes,16.5,CVD,0.12670123198102953,0.1524799020305087,Glycemic status,glycemic,glycemic|undiagnosed diabetes
undiagnosed diabetes,16.5,Cancer,0.07639441696907194,0.08863272274303213,Glycemic status,glycemic,glycemic|undiagnosed diabetes
undiagnosed diabetes,16.5,Other causes,0.17764635698822245,0.19803031913450195,Glycemic status,glycemic,glycemic|undiagnosed diabetes
undiagnosed diabetes,16.75,CVD,0.1271472410621539,0.15309521037954676,Glycemic status,glycemic,glycemic|undiagnosed diabetes
undiagnosed diabetes,16.75,Cancer,0.07749793341783806,0.09027008529728033,Glycemic status,glycemic,glycemic|undiagnosed diabetes
undiagnosed diabetes,16.75,Other causes,0.19765886700623145,0.22394824845372857,Glycemic status,glycemic,glycemic|undiagnosed diabetes
undiagnosed diabetes,17,CVD,0.1311276964462816,0.15873588335055144,Glycemic status,glycemic,glycemic|undiagnosed diabetes
undiagnosed diabetes,17,Cancer,0.07749793341783806,0.09027008529728033,Glycemic status,glycemic,glycemic|undiagnosed diabetes
undiagnosed diabetes,17,Other causes,0.1979023471681916,0.22426651581048743,Glycemic status,glycemic,glycemic|undiagnosed diabetes
undiagnosed diabetes,17.25,CVD,0.1311276964462816,0.15873588335055144,Glycemic status,glycemic,glycemic|undiagnosed diabetes
undiagnosed diabetes,17.25,Cancer,0.07749793341783806,0.09027008529728033,Glycemic status,glycemic,glycemic|undiagnosed diabetes
undiagnosed diabetes,17.25,Other causes,0.1979023471681916,0.22426651581048743,Glycemic status,glycemic,glycemic|undiagnosed diabetes
undiagnosed diabetes,17.5,CVD,0.1311276964462816,0.15873588335055144,Glycemic status,glycemic,glycemic|undiagnosed diabetes
undiagnosed diabetes,17.5,Cancer,0.07767765422826875,0.0905433731265898,Glycemic status,glycemic,glycemic|undiagnosed diabetes
undiagnosed diabetes,17.5,Other causes,0.20203156644046297,0.229665660331723,Glycemic status,glycemic,glycemic|undiagnosed diabetes
undiagnosed diabetes,17.75,CVD,0.13118398679572046,0.15881634228790767,Glycemic status,glycemic,glycemic|undiagnosed diabetes
undiagnosed diabetes,17.75,Cancer,0.07767765422826875,0.0905433731265898,Glycemic status,glycemic,glycemic|undiagnosed diabetes
undiagnosed diabetes,17.75,Other causes,0.20203156644046297,0.229665660331723,Glycemic status,glycemic,glycemic|undiagnosed diabetes
undiagnosed diabetes,18,CVD,0.13657553518405438,0.16668528139458555,Glycemic status,glycemic,glycemic|undiagnosed diabetes
undiagnosed diabetes,18,Cancer,0.07767765422826875,0.0905433731265898,Glycemic status,glycemic,glycemic|undiagnosed diabetes
undiagnosed diabetes,18,Other causes,0.22278906215466973,0.2568094164516447,Glycemic status,glycemic,glycemic|undiagnosed diabetes
hypertension,0,CVD,6.304687384436672e-5,6.304687384441898e-5,Hypertension,hypertension,hypertension|hypertension
hypertension,0,Cancer,0,0,Hypertension,hypertension,hypertension|hypertension
hypertension,0,Other causes,1.1511564211843424e-4,1.1511564211843516e-4,Hypertension,hypertension,hypertension|hypertension
hypertension,0.25,CVD,0.00102060861430914,0.00102141798576129,Hypertension,hypertension,hypertension|hypertension
hypertension,0.25,Cancer,7.536776528442089e-4,7.544830538679881e-4,Hypertension,hypertension,hypertension|hypertension
hypertension,0.25,Other causes,0.00168783986623695,0.00168859278278841,Hypertension,hypertension,hypertension|hypertension
hypertension,0.5,CVD,0.00266265458203581,0.00266899382811336,Hypertension,hypertension,hypertension|hypertension
hypertension,0.5,Cancer,0.00153406722407236,0.0015377111798393,Hypertension,hypertension,hypertension|hypertension
hypertension,0.5,Other causes,0.00354041812977655,0.00354584422304605,Hypertension,hypertension,hypertension|hypertension
hypertension,0.75,CVD,0.00423620334399141,0.00425220916234348,Hypertension,hypertension,hypertension|hypertension
hypertension,0.75,Cancer,0.00251482172525831,0.0025263515401013,Hypertension,hypertension,hypertension|hypertension
hypertension,0.75,Other causes,0.00600444899706579,0.00602218451528713,Hypertension,hypertension,hypertension|hypertension
hypertension,1,CVD,0.00586203899990053,0.00589333348570429,Hypertension,hypertension,hypertension|hypertension
hypertension,1,Cancer,0.00328532068467835,0.00330564638038821,Hypertension,hypertension,hypertension|hypertension
hypertension,1,Other causes,0.00749208711884564,0.00752111135110729,Hypertension,hypertension,hypertension|hypertension
hypertension,1.25,CVD,0.00704118180596859,0.00708624398680531,Hypertension,hypertension,hypertension|hypertension
hypertension,1.25,Cancer,0.00445597542387237,0.00449323201291893,Hypertension,hypertension,hypertension|hypertension
hypertension,1.25,Other causes,0.00911186017601548,0.00915755056491236,Hypertension,hypertension,hypertension|hypertension
hypertension,1.5,CVD,0.00880329125474595,0.00887395322357358,Hypertension,hypertension,hypertension|hypertension
hypertension,1.5,Cancer,0.0052911310672385,0.00534270315243671,Hypertension,hypertension,hypertension|hypertension
hypertension,1.5,Other causes,0.01077015713545954,0.01083739420392057,Hypertension,hypertension,hypertension|hypertension
hypertension,1.75,CVD,0.00990492459256246,0.0099949108907601,Hypertension,hypertension,hypertension|hypertension
hypertension,1.75,Cancer,0.00622992899978802,0.00630132176527284,Hypertension,hypertension,hypertension|hypertension
hypertension,1.75,Other causes,0.01267944631735622,0.01277528803676189,Hypertension,hypertension,hypertension|hypertension
hypertension,2,CVD,0.01172968047353266,0.01185752335486725,Hypertension,hypertension,hypertension|hypertension
hypertension,2,Cancer,0.00776539619798199,0.00787420693843038,Hypertension,hypertension,hypertension|hypertension
hypertension,2,Other causes,0.01495522425444337,0.01509169280025218,Hypertension,hypertension,hypertension|hypertension
hypertension,2.25,CVD,0.0135880248087526,0.01376221041611157,Hypertension,hypertension,hypertension|hypertension
hypertension,2.25,Cancer,0.00872671608591553,0.00886351378010666,Hypertension,hypertension,hypertension|hypertension
hypertension,2.25,Other causes,0.01751917631410309,0.01770917238639871,Hypertension,hypertension,hypertension|hypertension
hypertension,2.5,CVD,0.01551760612690803,0.01574685291474379,Hypertension,hypertension,hypertension|hypertension
hypertension,2.5,Cancer,0.00993426357148814,0.01011158228492363,Hypertension,hypertension,hypertension|hypertension
hypertension,2.5,Other causes,0.01988207845291,0.02012922663248501,Hypertension,hypertension,hypertension|hypertension
hypertension,2.75,CVD,0.01717915109147559,0.01746199361148477,Hypertension,hypertension,hypertension|hypertension
hypertension,2.75,Cancer,0.01118596065785661,0.01141103607685047,Hypertension,hypertension,hypertension|hypertension
hypertension,2.75,Other causes,0.02263422447794869,0.02295775578188923,Hypertension,hypertension,hypertension|hypertension
hypertension,3,CVD,0.01873507500804865,0.01907550843516508,Hypertension,hypertension,hypertension|hypertension
hypertension,3,Cancer,0.01278419650031352,0.0130787972683884,Hypertension,hypertension,hypertension|hypertension
hypertension,3,Other causes,0.02511073061554383,0.02550953780158957,Hypertension,hypertension,hypertension|hypertension
hypertension,3.25,CVD,0.02035080807248959,0.02075676100495193,Hypertension,hypertension,hypertension|hypertension
hypertension,3.25,Cancer,0.01397855834589361,0.01432994321406078,Hypertension,hypertension,hypertension|hypertension
hypertension,3.25,Other causes,0.02648968666233102,0.02693535785823921,Hypertension,hypertension,hypertension|hypertension
hypertension,3.5,CVD,0.02237913501270252,0.02287517814827229,Hypertension,hypertension,hypertension|hypertension
hypertension,3.5,Cancer,0.01514231977640655,0.01555348189894711,Hypertension,hypertension,hypertension|hypertension
hypertension,3.5,Other causes,0.02903208817307694,0.02957168449460608,Hypertension,hypertension,hypertension|hypertension
hypertension,3.75,CVD,0.02536478780537834,0.02600343545618984,Hypertension,hypertension,hypertension|hypertension
hypertension,3.75,Cancer,0.01593302191025413,0.01638911747576619,Hypertension,hypertension,hypertension|hypertension
hypertension,3.75,Other causes,0.03091493211756511,0.03153157628846843,Hypertension,hypertension,hypertension|hypertension
hypertension,4,CVD,0.02699459178168482,0.02771647467718662,Hypertension,hypertension,hypertension|hypertension
hypertension,4,Cancer,0.01680974365345723,0.01732007024761234,Hypertension,hypertension,hypertension|hypertension
hypertension,4,Other causes,0.03351723540286912,0.03425029970224423,Hypertension,hypertension,hypertension|hypertension
hypertension,4.25,CVD,0.02840860745624248,0.02920853266690145,Hypertension,hypertension,hypertension|hypertension
hypertension,4.25,Cancer,0.01880124344911858,0.01944435180904315,Hypertension,hypertension,hypertension|hypertension
hypertension,4.25,Other causes,0.03621867006258782,0.03708164828738061,Hypertension,hypertension,hypertension|hypertension
hypertension,4.5,CVD,0.0306184227583354,0.03155285599510524,Hypertension,hypertension,hypertension|hypertension
hypertension,4.5,Cancer,0.02001108829315046,0.02074024018443365,Hypertension,hypertension,hypertension|hypertension
hypertension,4.5,Other causes,0.03889252862108708,0.03989433348747338,Hypertension,hypertension,hypertension|hypertension
hypertension,4.75,CVD,0.03307096656939311,0.03416390945764171,Hypertension,hypertension,hypertension|hypertension
hypertension,4.75,Cancer,0.02095401341712223,0.02175597079241263,Hypertension,hypertension,hypertension|hypertension
hypertension,4.75,Other causes,0.04126656928368283,0.04240199360896566,Hypertension,hypertension,hypertension|hypertension
hypertension,5,CVD,0.03541725466098915,0.03667395633043088,Hypertension,hypertension,hypertension|hypertension
hypertension,5,Cancer,0.02211295831156927,0.0230116500275276,Hypertension,hypertension,hypertension|hypertension
hypertension,5,Other causes,0.0447800270532402,0.04612515409971653,Hypertension,hypertension,hypertension|hypertension
hypertension,5.25,CVD,0.03750296150338332,0.03891665320893801,Hypertension,hypertension,hypertension|hypertension
hypertension,5.25,Cancer,0.02373954629595608,0.02478469658436603,Hypertension,hypertension,hypertension|hypertension
hypertension,5.25,Other causes,0.04708996393785058,0.04858211046178359,Hypertension,hypertension,hypertension|hypertension
hypertension,5.5,CVD,0.03970444181336701,0.04129301854034556,Hypertension,hypertension,hypertension|hypertension
hypertension,5.5,Cancer,0.02504083276232896,0.02620976486087749,Hypertension,hypertension,hypertension|hypertension
hypertension,5.5,Other causes,0.05016486607972984,0.05186829993263249,Hypertension,hypertension,hypertension|hypertension
hypertension,5.75,CVD,0.0416830869942601,0.04343947788589888,Hypertension,hypertension,hypertension|hypertension
hypertension,5.75,Cancer,0.0257783475551143,0.02702261206968403,Hypertension,hypertension,hypertension|hypertension
hypertension,5.75,Other causes,0.05321580207558648,0.05513968118725195,Hypertension,hypertension,hypertension|hypertension
hypertension,6,CVD,0.04399017100480058,0.04595548350268118,Hypertension,hypertension,hypertension|hypertension
hypertension,6,Cancer,0.02831341566295077,0.02983426001263416,Hypertension,hypertension,hypertension|hypertension
hypertension,6,Other causes,0.056218578877242,0.0583709481352919,Hypertension,hypertension,hypertension|hypertension
hypertension,6.25,CVD,0.04585599648795263,0.04800148221835065,Hypertension,hypertension,hypertension|hypertension
hypertension,6.25,Cancer,0.02978552627419614,0.03147535147092166,Hypertension,hypertension,hypertension|hypertension
hypertension,6.25,Other causes,0.0596360785760302,0.06206981451670314,Hypertension,hypertension,hypertension|hypertension
hypertension,6.5,CVD,0.04846180530073652,0.05087471295803082,Hypertension,hypertension,hypertension|hypertension
hypertension,6.5,Cancer,0.0315302290918809,0.03343357997515932,Hypertension,hypertension,hypertension|hypertension
hypertension,6.5,Other causes,0.06233795925273856,0.06500607599452503,Hypertension,hypertension,hypertension|hypertension
hypertension,6.75,CVD,0.05079521893354571,0.05346049854153802,Hypertension,hypertension,hypertension|hypertension
hypertension,6.75,Cancer,0.03256239596866087,0.03459960002052602,Hypertension,hypertension,hypertension|hypertension
hypertension,6.75,Other causes,0.06611690348673713,0.06913224925316128,Hypertension,hypertension,hypertension|hypertension
hypertension,7,CVD,0.05287227927219899,0.05577706443212671,Hypertension,hypertension,hypertension|hypertension
hypertension,7,Cancer,0.03430496642643783,0.03658006851514718,Hypertension,hypertension,hypertension|hypertension
hypertension,7,Other causes,0.06867760336816295,0.07193922779826226,Hypertension,hypertension,hypertension|hypertension
hypertension,7.25,CVD,0.05482652031017252,0.05796619128022277,Hypertension,hypertension,hypertension|hypertension
hypertension,7.25,Cancer,0.03525391648544149,0.03766501086502746,Hypertension,hypertension,hypertension|hypertension
hypertension,7.25,Other causes,0.07122967078678394,0.07474797595232785,Hypertension,hypertension,hypertension|hypertension
hypertension,7.5,CVD,0.05662506618548042,0.05999101890841978,Hypertension,hypertension,hypertension|hypertension
hypertension,7.5,Cancer,0.036578654196511,0.03918738942810033,Hypertension,hypertension,hypertension|hypertension
hypertension,7.5,Other causes,0.07501984415493165,0.07893517343563704,Hypertension,hypertension,hypertension|hypertension
hypertension,7.75,CVD,0.05893392635379032,0.06260589494853648,Hypertension,hypertension,hypertension|hypertension
hypertension,7.75,Cancer,0.03786506040345656,0.04067685149389043,Hypertension,hypertension,hypertension|hypertension
hypertension,7.75,Other causes,0.07858678247331818,0.08289069723556555,Hypertension,hypertension,hypertension|hypertension
hypertension,8,CVD,0.06097058842029847,0.0649250385616325,Hypertension,hypertension,hypertension|hypertension
hypertension,8,Cancer,0.03915302225004889,0.04217686446215168,Hypertension,hypertension,hypertension|hypertension
hypertension,8,Other causes,0.08115696700495605,0.08575401084536392,Hypertension,hypertension,hypertension|hypertension
hypertension,8.25,CVD,0.06295954020194054,0.0671993709299919,Hypertension,hypertension,hypertension|hypertension
hypertension,8.25,Cancer,0.03984663458900641,0.04299091267204209,Hypertension,hypertension,hypertension|hypertension
hypertension,8.25,Other causes,0.0844419496153992,0.08942650762157685,Hypertension,hypertension,hypertension|hypertension
hypertension,8.5,CVD,0.06427362209841457,0.06871171064623206,Hypertension,hypertension,hypertension|hypertension
hypertension,8.5,Cancer,0.04108621780309392,0.0444540101667479,Hypertension,hypertension,hypertension|hypertension
hypertension,8.5,Other causes,0.08872895157874507,0.0942337421918818,Hypertension,hypertension,hypertension|hypertension
hypertension,8.75,CVD,0.0661404294346428,0.07087093082834992,Hypertension,hypertension,hypertension|hypertension
hypertension,8.75,Cancer,0.04198406988366704,0.0455213341015479,Hypertension,hypertension,hypertension|hypertension
hypertension,8.75,Other causes,0.0912196224154686,0.0970365068789998,Hypertension,hypertension,hypertension|hypertension
hypertension,9,CVD,0.06791072111864155,0.07292906765300908,Hypertension,hypertension,hypertension|hypertension
hypertension,9,Cancer,0.04294160368312073,0.04666488995732956,Hypertension,hypertension,hypertension|hypertension
hypertension,9,Other causes,0.09414358126274017,0.1003376296331259,Hypertension,hypertension,hypertension|hypertension
hypertension,9.25,CVD,0.07052191746407627,0.07597873606375474,Hypertension,hypertension,hypertension|hypertension
hypertension,9.25,Cancer,0.04481349933844184,0.04891460871389451,Hypertension,hypertension,hypertension|hypertension
hypertension,9.25,Other causes,0.09636771466303352,0.1028592523062911,Hypertension,hypertension,hypertension|hypertension
hypertension,9.5,CVD,0.072316198213651,0.07808416968125549,Hypertension,hypertension,hypertension|hypertension
hypertension,9.5,Cancer,0.0455814813683329,0.04984232367248838,Hypertension,hypertension,hypertension|hypertension
hypertension,9.5,Other causes,0.09905973428390696,0.10592774949948416,Hypertension,hypertension,hypertension|hypertension
hypertension,9.75,CVD,0.07446987824661357,0.08062291686089725,Hypertension,hypertension,hypertension|hypertension
hypertension,9.75,Cancer,0.04607188277550443,0.05043856879728361,Hypertension,hypertension,hypertension|hypertension
hypertension,9.75,Other causes,0.10184784636357053,0.10911521612828594,Hypertension,hypertension,hypertension|hypertension
hypertension,10,CVD,0.07652167252225126,0.08305179094895833,Hypertension,hypertension,hypertension|hypertension
hypertension,10,Cancer,0.04805133598947554,0.05285959369566197,Hypertension,hypertension,hypertension|hypertension
hypertension,10,Other causes,0.10357159479723232,0.11109455289193693,Hypertension,hypertension,hypertension|hypertension
hypertension,10.25,CVD,0.07887487712465543,0.0858510143215164,Hypertension,hypertension,hypertension|hypertension
hypertension,10.25,Cancer,0.04876515903670032,0.05373770072241922,Hypertension,hypertension,hypertension|hypertension
hypertension,10.25,Other causes,0.10665605678521044,0.11465208513389556,Hypertension,hypertension,hypertension|hypertension
hypertension,10.5,CVD,0.08022430957904716,0.08746560027967958,Hypertension,hypertension,hypertension|hypertension
hypertension,10.5,Cancer,0.04996723378466338,0.05522661724145471,Hypertension,hypertension,hypertension|hypertension
hypertension,10.5,Other causes,0.11032106044106468,0.11889415673587254,Hypertension,hypertension,hypertension|hypertension
hypertension,10.75,CVD,0.08198383030938587,0.08958456474131142,Hypertension,hypertension,hypertension|hypertension
hypertension,10.75,Cancer,0.05145566467540172,0.05708172620215618,Hypertension,hypertension,hypertension|hypertension
hypertension,10.75,Other causes,0.11296360345696028,0.12196330708939387,Hypertension,hypertension,hypertension|hypertension
hypertension,11,CVD,0.08400339992539142,0.0920286717037014,Hypertension,hypertension,hypertension|hypertension
hypertension,11,Cancer,0.05276840407144592,0.05872716905018318,Hypertension,hypertension,hypertension|hypertension
hypertension,11,Other causes,0.11565916253232422,0.12510921692868626,Hypertension,hypertension,hypertension|hypertension
hypertension,11.25,CVD,0.085710389473525,0.09410611607206262,Hypertension,hypertension,hypertension|hypertension
hypertension,11.25,Cancer,0.05458381644689127,0.06101811616741318,Hypertension,hypertension,hypertension|hypertension
hypertension,11.25,Other causes,0.11807611858502172,0.12794079156975316,Hypertension,hypertension,hypertension|hypertension
hypertension,11.5,CVD,0.08776216759948902,0.09661609733062944,Hypertension,hypertension,hypertension|hypertension
hypertension,11.5,Cancer,0.05542783210566267,0.0620893098217222,Hypertension,hypertension,hypertension|hypertension
hypertension,11.5,Other causes,0.12133073831995556,0.1317738427175343,Hypertension,hypertension,hypertension|hypertension
hypertension,11.75,CVD,0.08987127938563716,0.09920957326516563,Hypertension,hypertension,hypertension|hypertension
hypertension,11.75,Cancer,0.05617637048138896,0.06304724191163615,Hypertension,hypertension,hypertension|hypertension
hypertension,11.75,Other causes,0.123869361847323,0.13477420115438074,Hypertension,hypertension,hypertension|hypertension
hypertension,12,CVD,0.09265619989271964,0.10265690442014178,Hypertension,hypertension,hypertension|hypertension
hypertension,12,Cancer,0.05702536042893094,0.06413885247297829,Hypertension,hypertension,hypertension|hypertension
hypertension,12,Other causes,0.1275080255649394,0.13909090608724897,Hypertension,hypertension,hypertension|hypertension
hypertension,12.25,CVD,0.09399919407378517,0.1043282317569774,Hypertension,hypertension,hypertension|hypertension
hypertension,12.25,Cancer,0.05759458669650168,0.06487811535324833,Hypertension,hypertension,hypertension|hypertension
hypertension,12.25,Other causes,0.13065741013146426,0.14284372724781758,Hypertension,hypertension,hypertension|hypertension
hypertension,12.5,CVD,0.09591714664530245,0.10672626727412204,Hypertension,hypertension,hypertension|hypertension
hypertension,12.5,Cancer,0.05864086566803313,0.06624308858550174,Hypertension,hypertension,hypertension|hypertension
hypertension,12.5,Other causes,0.13332007082998104,0.14602828934003448,Hypertension,hypertension,hypertension|hypertension
hypertension,12.75,CVD,0.09864484321956088,0.11015072901276222,Hypertension,hypertension,hypertension|hypertension
hypertension,12.75,Cancer,0.05966046918768754,0.06758568396606489,Hypertension,hypertension,hypertension|hypertension
hypertension,12.75,Other causes,0.13532360789846068,0.14843451260249757,Hypertension,hypertension,hypertension|hypertension
hypertension,13,CVD,0.10138461601866404,0.11360795807265076,Hypertension,hypertension,hypertension|hypertension
hypertension,13,Cancer,0.06038682799303616,0.06854576793998308,Hypertension,hypertension,hypertension|hypertension
hypertension,13,Other causes,0.13798389888565368,0.15164721734611927,Hypertension,hypertension,hypertension|hypertension
hypertension,13.25,CVD,0.10255385343210265,0.11509017519959902,Hypertension,hypertension,hypertension|hypertension
hypertension,13.25,Cancer,0.06227609097617089,0.0710664919080223,Hypertension,hypertension,hypertension|hypertension
hypertension,13.25,Other causes,0.14165587968037446,0.1561020741072602,Hypertension,hypertension,hypertension|hypertension
hypertension,13.5,CVD,0.1039245269933662,0.11684307783424284,Hypertension,hypertension,hypertension|hypertension
hypertension,13.5,Cancer,0.06356440205656444,0.07279579692915031,Hypertension,hypertension,hypertension|hypertension
hypertension,13.5,Other causes,0.14542028222567388,0.16069015836971098,Hypertension,hypertension,hypertension|hypertension
hypertension,13.75,CVD,0.10586099098541304,0.11933639910557936,Hypertension,hypertension,hypertension|hypertension
hypertension,13.75,Cancer,0.06422189745325868,0.07368564242573611,Hypertension,hypertension,hypertension|hypertension
hypertension,13.75,Other causes,0.14813697177965476,0.16401220993100654,Hypertension,hypertension,hypertension|hypertension
hypertension,14,CVD,0.10801773083445416,0.12213327228259782,Hypertension,hypertension,hypertension|hypertension
hypertension,14,Cancer,0.06686376999013842,0.07728092618440885,Hypertension,hypertension,hypertension|hypertension
hypertension,14,Other causes,0.15231921453854952,0.16915512071536568,Hypertension,hypertension,hypertension|hypertension
hypertension,14.25,CVD,0.10974163250563848,0.1243852427472386,Hypertension,hypertension,hypertension|hypertension
hypertension,14.25,Cancer,0.06757162248096592,0.07825320957451257,Hypertension,hypertension,hypertension|hypertension
hypertension,14.25,Other causes,0.15561550242921943,0.17323263734485064,Hypertension,hypertension,hypertension|hypertension
hypertension,14.5,CVD,0.11126075429682866,0.12638771546414906,Hypertension,hypertension,hypertension|hypertension
hypertension,14.5,Cancer,0.06849005387127034,0.07952791688092624,Hypertension,hypertension,hypertension|hypertension
hypertension,14.5,Other causes,0.16066860031938857,0.17949932104026828,Hypertension,hypertension,hypertension|hypertension
hypertension,14.75,CVD,0.1150322462005286,0.13139434124915972,Hypertension,hypertension,hypertension|hypertension
hypertension,14.75,Cancer,0.06906495129419495,0.08033437039145845,Hypertension,hypertension,hypertension|hypertension
hypertension,14.75,Other causes,0.16414178302646792,0.18382581767247524,Hypertension,hypertension,hypertension|hypertension
hypertension,15,CVD,0.11564255944047148,0.13221081280261518,Hypertension,hypertension,hypertension|hypertension
hypertension,15,Cancer,0.06960690632504657,0.08110189290013224,Hypertension,hypertension,hypertension|hypertension
hypertension,15,Other causes,0.16820167540701564,0.188910899269993,Hypertension,hypertension,hypertension|hypertension
hypertension,15.25,CVD,0.1185236634354309,0.13608434816192388,Hypertension,hypertension,hypertension|hypertension
hypertension,15.25,Cancer,0.07050343258138722,0.08238345893727214,Hypertension,hypertension,hypertension|hypertension
hypertension,15.25,Other causes,0.17104510023564715,0.19248338499047352,Hypertension,hypertension,hypertension|hypertension
hypertension,15.5,CVD,0.11962783379057404,0.13757677523020123,Hypertension,hypertension,hypertension|hypertension
hypertension,15.5,Cancer,0.07161584083849275,0.08398253246650363,Hypertension,hypertension,hypertension|hypertension
hypertension,15.5,Other causes,0.17411263355019957,0.19635923641727548,Hypertension,hypertension,hypertension|hypertension
hypertension,15.75,CVD,0.12123218436732729,0.13975883909808204,Hypertension,hypertension,hypertension|hypertension
hypertension,15.75,Cancer,0.07282655702619187,0.08573887066403119,Hypertension,hypertension,hypertension|hypertension
hypertension,15.75,Other causes,0.17795153810636577,0.201229475871281,Hypertension,hypertension,hypertension|hypertension
hypertension,16,CVD,0.12273929422632893,0.14182828878938242,Hypertension,hypertension,hypertension|hypertension
hypertension,16,Cancer,0.07400921735338276,0.08746178500658815,Hypertension,hypertension,hypertension|hypertension
hypertension,16,Other causes,0.1811574658627539,0.20531424820827687,Hypertension,hypertension,hypertension|hypertension
hypertension,16.25,CVD,0.12334022641569996,0.1426583676366529,Hypertension,hypertension,hypertension|hypertension
hypertension,16.25,Cancer,0.07535442034125041,0.08943854206356032,Hypertension,hypertension,hypertension|hypertension
hypertension,16.25,Other causes,0.18367964389772132,0.20853962712226776,Hypertension,hypertension,hypertension|hypertension
hypertension,16.5,CVD,0.12583193122906852,0.14612188104811277,Hypertension,hypertension,hypertension|hypertension
hypertension,16.5,Cancer,0.0762752867363059,0.09079968326967872,Hypertension,hypertension,hypertension|hypertension
hypertension,16.5,Other causes,0.18682413288956484,0.21257513863151148,Hypertension,hypertension,hypertension|hypertension
hypertension,16.75,CVD,0.1284479189030034,0.14978527967314806,Hypertension,hypertension,hypertension|hypertension
hypertension,16.75,Cancer,0.07833821773534912,0.09387666970321952,Hypertension,hypertension,hypertension|hypertension
hypertension,16.75,Other causes,0.18965823316672056,0.21623666229742788,Hypertension,hypertension,hypertension|hypertension
hypertension,17,CVD,0.13187037268113938,0.15461584196627284,Hypertension,hypertension,hypertension|hypertension
hypertension,17,Cancer,0.07943396912769318,0.09552622226695212,Hypertension,hypertension,hypertension|hypertension
hypertension,17,Other causes,0.19276459885408917,0.2202825826801409,Hypertension,hypertension,hypertension|hypertension
hypertension,17.25,CVD,0.13446047563114782,0.1582960007260627,Hypertension,hypertension,hypertension|hypertension
hypertension,17.25,Cancer,0.08060300996192143,0.09730548837632312,Hypertension,hypertension,hypertension|hypertension
hypertension,17.25,Other causes,0.19504719932122755,0.22327436514701465,Hypertension,hypertension,hypertension|hypertension
hypertension,17.5,CVD,0.1377982083138761,0.16306741693427002,Hypertension,hypertension,hypertension|hypertension
hypertension,17.5,Cancer,0.08120564130524703,0.09822897718116,Hypertension,hypertension,hypertension|hypertension
hypertension,17.5,Other causes,0.1981736448282193,0.2274006760972338,Hypertension,hypertension,hypertension|hypertension
hypertension,17.75,CVD,0.13996952172883978,0.16619117806491632,Hypertension,hypertension,hypertension|hypertension
hypertension,17.75,Cancer,0.08147126963780824,0.09864024334478776,Hypertension,hypertension,hypertension|hypertension
hypertension,17.75,Other causes,0.1996971171984846,0.2294216750826708,Hypertension,hypertension,hypertension|hypertension
hypertension,18,CVD,0.14225801415422576,0.16950213993899566,Hypertension,hypertension,hypertension|hypertension
hypertension,18,Cancer,0.08261897059359877,0.10042735735508544,Hypertension,hypertension,hypertension|hypertension
hypertension,18,Other causes,0.20313509674343336,0.2340070456123955,Hypertension,hypertension,hypertension|hypertension
no hypertension,0,CVD,2.203337576697745e-5,2.203337576687781e-5,Hypertension,hypertension,hypertension|no hypertension
no hypertension,0,Cancer,1.112273371933181e-5,1.112273371925987e-5,Hypertension,hypertension,hypertension|no hypertension
no hypertension,0,Other causes,1.772801102494192e-5,1.772801102495336e-5,Hypertension,hypertension,hypertension|no hypertension
no hypertension,0.25,CVD,1.699393795492371e-4,1.6998144929027958e-4,Hypertension,hypertension,hypertension|no hypertension
no hypertension,0.25,Cancer,4.089440203865516e-4,4.090292526242767e-4,Hypertension,hypertension,hypertension|no hypertension
no hypertension,0.25,Other causes,3.4427985958616734e-4,3.443347012030695e-4,Hypertension,hypertension,hypertension|no hypertension
no hypertension,0.5,CVD,4.1908110147598806e-4,4.19379848516227e-4,Hypertension,hypertension,hypertension|no hypertension
no hypertension,0.5,Cancer,6.060261980663175e-4,6.062390802421602e-4,Hypertension,hypertension,hypertension|no hypertension
no hypertension,0.5,Other causes,6.557235289539879e-4,6.559964668446828e-4,Hypertension,hypertension,hypertension|no hypertension
no hypertension,0.75,CVD,6.610093717368232e-4,6.616938647847958e-4,Hypertension,hypertension,hypertension|no hypertension
no hypertension,0.75,Cancer,8.85371252255327e-4,8.859930777000535e-4,Hypertension,hypertension,hypertension|no hypertension
no hypertension,0.75,Other causes,0.00127271050218115,0.00127369293884124,Hypertension,hypertension,hypertension|no hypertension
no hypertension,1,CVD,8.994106865426189e-4,9.006930482666875e-4,Hypertension,hypertension,hypertension|no hypertension
no hypertension,1,Cancer,0.00114035405659408,0.00114154937938247,Hypertension,hypertension,hypertension|no hypertension
no hypertension,1,Other causes,0.00182067055032744,0.00182256637586596,Hypertension,hypertension,hypertension|no hypertension
no hypertension,1.25,CVD,0.00102961827874888,0.00103132712653039,Hypertension,hypertension,hypertension|no hypertension
no hypertension,1.25,Cancer,0.00157006339831531,0.00157260342595562,Hypertension,hypertension,hypertension|no hypertension
no hypertension,1.25,Other causes,0.00241391626244116,0.00241708841158421,Hypertension,hypertension,hypertension|no hypertension
no hypertension,1.5,CVD,0.00128692994708981,0.00128973043559618,Hypertension,hypertension,hypertension|no hypertension
no hypertension,1.5,Cancer,0.0018603796472224,0.00186396765186589,Hypertension,hypertension,hypertension|no hypertension
no hypertension,1.5,Other causes,0.00280542598078524,0.00280969831644196,Hypertension,hypertension,hypertension|no hypertension
no hypertension,1.75,CVD,0.0015215927741503,0.00152556443342907,Hypertension,hypertension,hypertension|no hypertension
no hypertension,1.75,Cancer,0.00216221035090942,0.00216716653297372,Hypertension,hypertension,hypertension|no hypertension
no hypertension,1.75,Other causes,0.00349025990117241,0.00349679014824519,Hypertension,hypertension,hypertension|no hypertension
no hypertension,2,CVD,0.00173906812647872,0.00174435784279237,Hypertension,hypertension,hypertension|no hypertension
no hypertension,2,Cancer,0.00273184333416523,0.00273978232025152,Hypertension,hypertension,hypertension|no hypertension
no hypertension,2,Other causes,0.00400988289191643,0.00401849860871213,Hypertension,hypertension,hypertension|no hypertension
no hypertension,2.25,CVD,0.00208722676451806,0.00209504098028625,Hypertension,hypertension,hypertension|no hypertension
no hypertension,2.25,Cancer,0.00304393630353871,0.00305372593072153,Hypertension,hypertension,hypertension|no hypertension
no hypertension,2.25,Other causes,0.00456093342223,0.00457215755670867,Hypertension,hypertension,hypertension|no hypertension
no hypertension,2.5,CVD,0.00236107845027108,0.00237105026768164,Hypertension,hypertension,hypertension|no hypertension
no hypertension,2.5,Cancer,0.00350566984171139,0.00351868894338219,Hypertension,hypertension,hypertension|no hypertension
no hypertension,2.5,Other causes,0.00500386266175746,0.00501747439741914,Hypertension,hypertension,hypertension|no hypertension
no hypertension,2.75,CVD,0.00254304262258817,0.00255459488832641,Hypertension,hypertension,hypertension|no hypertension
no hypertension,2.75,Cancer,0.00395310107468025,0.00396962648442597,Hypertension,hypertension,hypertension|no hypertension
no hypertension,2.75,Other causes,0.00547202136447397,0.00548847490346729,Hypertension,hypertension,hypertension|no hypertension
no hypertension,3,CVD,0.00298930804911064,0.00300521512787227,Hypertension,hypertension,hypertension|no hypertension
no hypertension,3,Cancer,0.00425906115229808,0.00427816306908721,Hypertension,hypertension,hypertension|no hypertension
no hypertension,3,Other causes,0.00591589616715855,0.00593536811364824,Hypertension,hypertension,hypertension|no hypertension
no hypertension,3.25,CVD,0.00328977275008596,0.00330887517849511,Hypertension,hypertension,hypertension|no hypertension
no hypertension,3.25,Cancer,0.00471164127497459,0.00473498893409987,Hypertension,hypertension,hypertension|no hypertension
no hypertension,3.25,Other causes,0.00652153073544957,0.00654556105298576,Hypertension,hypertension,hypertension|no hypertension
no hypertension,3.5,CVD,0.00348107481194391,0.00350241740103131,Hypertension,hypertension,hypertension|no hypertension
no hypertension,3.5,Cancer,0.00520224713984863,0.00523059909851415,Hypertension,hypertension,hypertension|no hypertension
no hypertension,3.5,Other causes,0.00731706031292566,0.00734775664912618,Hypertension,hypertension,hypertension|no hypertension
no hypertension,3.75,CVD,0.00364870959787326,0.00367218835504042,Hypertension,hypertension,hypertension|no hypertension
no hypertension,3.75,Cancer,0.00542579840697934,0.0054566579733755,Hypertension,hypertension,hypertension|no hypertension
no hypertension,3.75,Other causes,0.00786254822300626,0.00789814452641165,Hypertension,hypertension,hypertension|no hypertension
no hypertension,4,CVD,0.00388546872939721,0.00391223999597989,Hypertension,hypertension,hypertension|no hypertension
no hypertension,4,Cancer,0.00562549717944293,0.00565878813627802,Hypertension,hypertension,hypertension|no hypertension
no hypertension,4,Other causes,0.00862329135615868,0.00866594980336271,Hypertension,hypertension,hypertension|no hypertension
no hypertension,4.25,CVD,0.00422161666623265,0.00425333055122051,Hypertension,hypertension,hypertension|no hypertension
no hypertension,4.25,Cancer,0.00587226639999974,0.00590874216195926,Hypertension,hypertension,hypertension|no hypertension
no hypertension,4.25,Other causes,0.00914229089734373,0.00919008683068931,Hypertension,hypertension,hypertension|no hypertension
no hypertension,4.5,CVD,0.00460432003339134,0.00464201805170929,Hypertension,hypertension,hypertension|no hypertension
no hypertension,4.5,Cancer,0.00615706366326982,0.00619750297947081,Hypertension,hypertension,hypertension|no hypertension
no hypertension,4.5,Other causes,0.0097245834119055,0.00977845417063347,Hypertension,hypertension,hypertension|no hypertension
no hypertension,4.75,CVD,0.0048041102959505,0.00484511278072136,Hypertension,hypertension,hypertension|no hypertension
no hypertension,4.75,Cancer,0.00660991938435528,0.00665707188771407,Hypertension,hypertension,hypertension|no hypertension
no hypertension,4.75,Other causes,0.01053010016802282,0.01059302056690116,Hypertension,hypertension,hypertension|no hypertension
no hypertension,5,CVD,0.00524567199345682,0.0052945905226907,Hypertension,hypertension,hypertension|no hypertension
no hypertension,5,Cancer,0.00699998070135542,0.00705330476464252,Hypertension,hypertension,hypertension|no hypertension
no hypertension,5,Other causes,0.01132596183287822,0.01139840920373466,Hypertension,hypertension,hypertension|no hypertension
no hypertension,5.25,CVD,0.00555379879651628,0.00560859068799128,Hypertension,hypertension,hypertension|no hypertension
no hypertension,5.25,Cancer,0.00736737113371248,0.00742705061039368,Hypertension,hypertension,hypertension|no hypertension
no hypertension,5.25,Other causes,0.01196557832406057,0.01204612768035789,Hypertension,hypertension,hypertension|no hypertension
no hypertension,5.5,CVD,0.00573192349717878,0.00579028138819155,Hypertension,hypertension,hypertension|no hypertension
no hypertension,5.5,Cancer,0.00766121479512912,0.00772621003646179,Hypertension,hypertension,hypertension|no hypertension
no hypertension,5.5,Other causes,0.01239488465775812,0.01248116327741295,Hypertension,hypertension,hypertension|no hypertension
no hypertension,5.75,CVD,0.0060931243516665,0.00615908171457715,Hypertension,hypertension,hypertension|no hypertension
no hypertension,5.75,Cancer,0.0080309605407053,0.00810296664261295,Hypertension,hypertension,hypertension|no hypertension
no hypertension,5.75,Other causes,0.0135127708889178,0.01361464471394665,Hypertension,hypertension,hypertension|no hypertension
no hypertension,6,CVD,0.00631312896257891,0.00638401493924257,Hypertension,hypertension,hypertension|no hypertension
no hypertension,6,Cancer,0.00849741475106265,0.0085789579597386,Hypertension,hypertension,hypertension|no hypertension
no hypertension,6,Other causes,0.01412203563622254,0.0142328033914105,Hypertension,hypertension,hypertension|no hypertension
no hypertension,6.25,CVD,0.00659201880389826,0.00666945587929276,Hypertension,hypertension,hypertension|no hypertension
no hypertension,6.25,Cancer,0.00902745170968698,0.00912025087160575,Hypertension,hypertension,hypertension|no hypertension
no hypertension,6.25,Other causes,0.0144627615472252,0.01457875617241951,Hypertension,hypertension,hypertension|no hypertension
no hypertension,6.5,CVD,0.0071355774287685,0.00722643798494518,Hypertension,hypertension,hypertension|no hypertension
no hypertension,6.5,Cancer,0.00944502792147472,0.00954705849784572,Hypertension,hypertension,hypertension|no hypertension
no hypertension,6.5,Other causes,0.01520057652894387,0.01532854911164959,Hypertension,hypertension,hypertension|no hypertension
no hypertension,6.75,CVD,0.00743430056707225,0.00753284042079559,Hypertension,hypertension,hypertension|no hypertension
no hypertension,6.75,Cancer,0.00975782159033069,0.00986711208755928,Hypertension,hypertension,hypertension|no hypertension
no hypertension,6.75,Other causes,0.0158750181726417,0.01601463473990955,Hypertension,hypertension,hypertension|no hypertension
no hypertension,7,CVD,0.00775420377701603,0.00786139351415979,Hypertension,hypertension,hypertension|no hypertension
no hypertension,7,Cancer,0.0101697456604398,0.01028900260462887,Hypertension,hypertension,hypertension|no hypertension
no hypertension,7,Other causes,0.01641552763119682,0.01656477497700524,Hypertension,hypertension,hypertension|no hypertension
no hypertension,7.25,CVD,0.00810738556575218,0.00822436126822963,Hypertension,hypertension,hypertension|no hypertension
no hypertension,7.25,Cancer,0.01100297768421717,0.01114343255677179,Hypertension,hypertension,hypertension|no hypertension
no hypertension,7.25,Other causes,0.01717421988684942,0.01733771643124674,Hypertension,hypertension,hypertension|no hypertension
no hypertension,7.5,CVD,0.00838766073583589,0.00851294761582412,Hypertension,hypertension,hypertension|no hypertension
no hypertension,7.5,Cancer,0.01147424848036205,0.01162714403957729,Hypertension,hypertension,hypertension|no hypertension
no hypertension,7.5,Other causes,0.01796055443230056,0.01813973534556539,Hypertension,hypertension,hypertension|no hypertension
no hypertension,7.75,CVD,0.00877190342414591,0.00890916669279075,Hypertension,hypertension,hypertension|no hypertension
no hypertension,7.75,Cancer,0.0116801483700512,0.01183878701854917,Hypertension,hypertension,hypertension|no hypertension
no hypertension,7.75,Other causes,0.01912530063363429,0.01932845884989802,Hypertension,hypertension,hypertension|no hypertension
no hypertension,8,CVD,0.00885454630466237,0.0089944987065771,Hypertension,hypertension,hypertension|no hypertension
no hypertension,8,Cancer,0.01208832672648195,0.01225881190733633,Hypertension,hypertension,hypertension|no hypertension
no hypertension,8,Other causes,0.01983027687548797,0.02004847819985131,Hypertension,hypertension,hypertension|no hypertension
no hypertension,8.25,CVD,0.00897453910737541,0.00911848163067239,Hypertension,hypertension,hypertension|no hypertension
no hypertension,8.25,Cancer,0.01268446958609947,0.0128729401353666,Hypertension,hypertension,hypertension|no hypertension
no hypertension,8.25,Other causes,0.02025777852811781,0.02048524772791708,Hypertension,hypertension,hypertension|no hypertension
no hypertension,8.5,CVD,0.00917672572410075,0.00932761757358871,Hypertension,hypertension,hypertension|no hypertension
no hypertension,8.5,Cancer,0.01306533643014051,0.01326542629485943,Hypertension,hypertension,hypertension|no hypertension
no hypertension,8.5,Other causes,0.02077079617358735,0.02100993769088898,Hypertension,hypertension,hypertension|no hypertension
no hypertension,8.75,CVD,0.00939111444899333,0.00954970510291278,Hypertension,hypertension,hypertension|no hypertension
no hypertension,8.75,Cancer,0.01343583008742941,0.01364757528438001,Hypertension,hypertension,hypertension|no hypertension
no hypertension,8.75,Other causes,0.0217024327058568,0.02196315868598036,Hypertension,hypertension,hypertension|no hypertension
no hypertension,9,CVD,0.00969078284439217,0.00986049334764094,Hypertension,hypertension,hypertension|no hypertension
no hypertension,9,Cancer,0.01403512753087793,0.01426649779995319,Hypertension,hypertension,hypertension|no hypertension
no hypertension,9,Other causes,0.02247862225457008,0.02275787623646605,Hypertension,hypertension,hypertension|no hypertension
no hypertension,9.25,CVD,0.0100043981229737,0.01018610694022589,Hypertension,hypertension,hypertension|no hypertension
no hypertension,9.25,Cancer,0.01451769994372461,0.01476545097990217,Hypertension,hypertension,hypertension|no hypertension
no hypertension,9.25,Other causes,0.02315259787779218,0.02344868233577973,Hypertension,hypertension,hypertension|no hypertension
no hypertension,9.5,CVD,0.01052853038392163,0.01073109609164709,Hypertension,hypertension,hypertension|no hypertension
no hypertension,9.5,Cancer,0.0150240779217257,0.01528969649528805,Hypertension,hypertension,hypertension|no hypertension
no hypertension,9.5,Other causes,0.02407118055355455,0.0243909260494156,Hypertension,hypertension,hypertension|no hypertension
no hypertension,9.75,CVD,0.01073198797762166,0.01094296355440655,Hypertension,hypertension,hypertension|no hypertension
no hypertension,9.75,Cancer,0.01574524996497121,0.01603721181415315,Hypertension,hypertension,hypertension|no hypertension
no hypertension,9.75,Other causes,0.02480422156319451,0.02514367098142259,Hypertension,hypertension,hypertension|no hypertension
no hypertension,10,CVD,0.01121704331642457,0.01144883936237333,Hypertension,hypertension,hypertension|no hypertension
no hypertension,10,Cancer,0.01620057817327637,0.01650954382091444,Hypertension,hypertension,hypertension|no hypertension
no hypertension,10,Other causes,0.02546886654851855,0.02582696980744447,Hypertension,hypertension,hypertension|no hypertension
no hypertension,10.25,CVD,0.01177083068078056,0.01202731157710063,Hypertension,hypertension,hypertension|no hypertension
no hypertension,10.25,Cancer,0.01682360411501226,0.01715677742093086,Hypertension,hypertension,hypertension|no hypertension
no hypertension,10.25,Other causes,0.02635993972813275,0.02674381076464672,Hypertension,hypertension,hypertension|no hypertension
no hypertension,10.5,CVD,0.01242796263604906,0.01271456307780498,Hypertension,hypertension,hypertension|no hypertension
no hypertension,10.5,Cancer,0.01734054242473994,0.01769462782474303,Hypertension,hypertension,hypertension|no hypertension
no hypertension,10.5,Other causes,0.02698778635467181,0.02739068838697862,Hypertension,hypertension,hypertension|no hypertension
no hypertension,10.75,CVD,0.01268912937033547,0.01298808722577273,Hypertension,hypertension,hypertension|no hypertension
no hypertension,10.75,Cancer,0.0175055761508384,0.01786661017169937,Hypertension,hypertension,hypertension|no hypertension
no hypertension,10.75,Other causes,0.02832729349991486,0.0287720940532786,Hypertension,hypertension,hypertension|no hypertension
no hypertension,11,CVD,0.01300262462597978,0.01331691328210573,Hypertension,hypertension,hypertension|no hypertension
no hypertension,11,Cancer,0.01763965319022956,0.01800653116165273,Hypertension,hypertension,hypertension|no hypertension
no hypertension,11,Other causes,0.02904798385090627,0.02951561625304834,Hypertension,hypertension,hypertension|no hypertension
no hypertension,11.25,CVD,0.01315499106097892,0.0134768566466602,Hypertension,hypertension,hypertension|no hypertension
no hypertension,11.25,Cancer,0.0181291291403634,0.01851786552077287,Hypertension,hypertension,hypertension|no hypertension
no hypertension,11.25,Other causes,0.02948543916760958,0.02996715300415388,Hypertension,hypertension,hypertension|no hypertension
no hypertension,11.5,CVD,0.01339937913884671,0.01373360188587654,Hypertension,hypertension,hypertension|no hypertension
no hypertension,11.5,Cancer,0.01847394091562603,0.01887831526334376,Hypertension,hypertension,hypertension|no hypertension
no hypertension,11.5,Other causes,0.03007156063522569,0.0305726276990119,Hypertension,hypertension,hypertension|no hypertension
no hypertension,11.75,CVD,0.0137314415934123,0.01408294040454629,Hypertension,hypertension,hypertension|no hypertension
no hypertension,11.75,Cancer,0.01884081536731808,0.01926209731407125,Hypertension,hypertension,hypertension|no hypertension
no hypertension,11.75,Other causes,0.03123467126556344,0.03177510424734836,Hypertension,hypertension,hypertension|no hypertension
no hypertension,12,CVD,0.01401248239721695,0.01437909041238453,Hypertension,hypertension,hypertension|no hypertension
no hypertension,12,Cancer,0.01932145904833851,0.01976582443414378,Hypertension,hypertension,hypertension|no hypertension
no hypertension,12,Other causes,0.03211898005135735,0.03268987404301436,Hypertension,hypertension,hypertension|no hypertension
no hypertension,12.25,CVD,0.01429559353272158,0.01467775645701891,Hypertension,hypertension,hypertension|no hypertension
no hypertension,12.25,Cancer,0.01975975694687973,0.02022574909451263,Hypertension,hypertension,hypertension|no hypertension
no hypertension,12.25,Other causes,0.0330820036075961,0.03368699304737752,Hypertension,hypertension,hypertension|no hypertension
no hypertension,12.5,CVD,0.0149810551169554,0.01540192435156937,Hypertension,hypertension,hypertension|no hypertension
no hypertension,12.5,Cancer,0.02009528872985322,0.02057840196232237,Hypertension,hypertension,hypertension|no hypertension
no hypertension,12.5,Other causes,0.03370463911574579,0.03433222505835095,Hypertension,hypertension,hypertension|no hypertension
no hypertension,12.75,CVD,0.01537966469719603,0.01582359927030482,Hypertension,hypertension,hypertension|no hypertension
no hypertension,12.75,Cancer,0.0204232915074177,0.02092356313556746,Hypertension,hypertension,hypertension|no hypertension
no hypertension,12.75,Other causes,0.03428391190176855,0.03493298038247033,Hypertension,hypertension,hypertension|no hypertension
no hypertension,13,CVD,0.01605594162837925,0.01654015754481386,Hypertension,hypertension,hypertension|no hypertension
no hypertension,13,Cancer,0.02148852070077996,0.0220455863494728,Hypertension,hypertension,hypertension|no hypertension
no hypertension,13,Other causes,0.03499182646005063,0.03566796161551645,Hypertension,hypertension,hypertension|no hypertension
no hypertension,13.25,CVD,0.0166247557458734,0.01714345661295275,Hypertension,hypertension,hypertension|no hypertension
no hypertension,13.25,Cancer,0.02197923135072082,0.02256328297879017,Hypertension,hypertension,hypertension|no hypertension
no hypertension,13.25,Other causes,0.03614491004028612,0.03686758299177054,Hypertension,hypertension,hypertension|no hypertension
no hypertension,13.5,CVD,0.01722245908235579,0.01777888703221032,Hypertension,hypertension,hypertension|no hypertension
no hypertension,13.5,Cancer,0.02226927693589417,0.02286971451335583,Hypertension,hypertension,hypertension|no hypertension
no hypertension,13.5,Other causes,0.03698665126725547,0.03774402580709772,Hypertension,hypertension,hypertension|no hypertension
no hypertension,13.75,CVD,0.01749260387658457,0.01806632507120541,Hypertension,hypertension,hypertension|no hypertension
no hypertension,13.75,Cancer,0.02256839722412804,0.02318639051889839,Hypertension,hypertension,hypertension|no hypertension
no hypertension,13.75,Other causes,0.03754302054155625,0.03832376496313225,Hypertension,hypertension,hypertension|no hypertension
no hypertension,14,CVD,0.0178776035257269,0.01847626243980319,Hypertension,hypertension,hypertension|no hypertension
no hypertension,14,Cancer,0.02301483086197191,0.02365928735848123,Hypertension,hypertension,hypertension|no hypertension
no hypertension,14,Other causes,0.03851143039523589,0.03933395149181648,Hypertension,hypertension,hypertension|no hypertension
no hypertension,14.25,CVD,0.01863931147479372,0.01928904205639409,Hypertension,hypertension,hypertension|no hypertension
no hypertension,14.25,Cancer,0.02389314117673878,0.02459097532065243,Hypertension,hypertension,hypertension|no hypertension
no hypertension,14.25,Other causes,0.03959136772860022,0.04046185016887997,Hypertension,hypertension,hypertension|no hypertension
no hypertension,14.5,CVD,0.01939598735768536,0.02009792971793825,Hypertension,hypertension,hypertension|no hypertension
no hypertension,14.5,Cancer,0.02405303931125094,0.02476095620983753,Hypertension,hypertension,hypertension|no hypertension
no hypertension,14.5,Other causes,0.04034674611479087,0.04125163826251511,Hypertension,hypertension,hypertension|no hypertension
no hypertension,14.75,CVD,0.0197219398251243,0.02044669410651959,Hypertension,hypertension,hypertension|no hypertension
no hypertension,14.75,Cancer,0.02431858018696994,0.02504373850063667,Hypertension,hypertension,hypertension|no hypertension
no hypertension,14.75,Other causes,0.04134783928939466,0.04229944934143827,Hypertension,hypertension,hypertension|no hypertension
no hypertension,15,CVD,0.02016473498224074,0.02092123948993669,Hypertension,hypertension,hypertension|no hypertension
no hypertension,15,Cancer,0.02523978566432978,0.02602629665117269,Hypertension,hypertension,hypertension|no hypertension
no hypertension,15,Other causes,0.0423784358814303,0.04337908013042169,Hypertension,hypertension,hypertension|no hypertension
no hypertension,15.25,CVD,0.02069530069143772,0.02149102593177162,Hypertension,hypertension,hypertension|no hypertension
no hypertension,15.25,Cancer,0.02595347764947651,0.02678891869845097,Hypertension,hypertension,hypertension|no hypertension
no hypertension,15.25,Other causes,0.0437473533223544,0.0448152997595443,Hypertension,hypertension,hypertension|no hypertension
no hypertension,15.5,CVD,0.02122442924842504,0.02206027714586301,Hypertension,hypertension,hypertension|no hypertension
no hypertension,15.5,Cancer,0.02635522974711364,0.02721878921748939,Hypertension,hypertension,hypertension|no hypertension
no hypertension,15.5,Other causes,0.04472058866279312,0.04583817134223016,Hypertension,hypertension,hypertension|no hypertension
no hypertension,15.75,CVD,0.02149677505747767,0.02235408771423973,Hypertension,hypertension,hypertension|no hypertension
no hypertension,15.75,Cancer,0.02658339528964458,0.02746350067186897,Hypertension,hypertension,hypertension|no hypertension
no hypertension,15.75,Other causes,0.04605547088343302,0.04724145387686655,Hypertension,hypertension,hypertension|no hypertension
no hypertension,16,CVD,0.02167989857448788,0.02255176895087112,Hypertension,hypertension,hypertension|no hypertension
no hypertension,16,Cancer,0.02772006334362994,0.02868441691252878,Hypertension,hypertension,hypertension|no hypertension
no hypertension,16,Other causes,0.0471814500895683,0.04842638600566346,Hypertension,hypertension,hypertension|no hypertension
no hypertension,16.25,CVD,0.0222231140247526,0.0231398992835609,Hypertension,hypertension,hypertension|no hypertension
no hypertension,16.25,Cancer,0.02805640769257329,0.02904604378637804,Hypertension,hypertension,hypertension|no hypertension
no hypertension,16.25,Other causes,0.04794282292797897,0.04922861035685567,Hypertension,hypertension,hypertension|no hypertension
no hypertension,16.5,CVD,0.02243473932269812,0.02336930795623233,Hypertension,hypertension,hypertension|no hypertension
no hypertension,16.5,Cancer,0.02854250263242846,0.02956992960097694,Hypertension,hypertension,hypertension|no hypertension
no hypertension,16.5,Other causes,0.04913238673427318,0.05048300628927578,Hypertension,hypertension,hypertension|no hypertension
no hypertension,16.75,CVD,0.02318738032305096,0.02418712751011079,Hypertension,hypertension,hypertension|no hypertension
no hypertension,16.75,Cancer,0.02912123571984095,0.03019438251501998,Hypertension,hypertension,hypertension|no hypertension
no hypertension,16.75,Other causes,0.05014842978906866,0.05155529470881473,Hypertension,hypertension,hypertension|no hypertension
no hypertension,17,CVD,0.0236957960659187,0.02474026197601724,Hypertension,hypertension,hypertension|no hypertension
no hypertension,17,Cancer,0.02978389592921898,0.03091164720928557,Hypertension,hypertension,hypertension|no hypertension
no hypertension,17,Other causes,0.05199976507871935,0.05351212146703538,Hypertension,hypertension,hypertension|no hypertension
no hypertension,17.25,CVD,0.02487833300620919,0.02602969843909094,Hypertension,hypertension,hypertension|no hypertension
no hypertension,17.25,Cancer,0.03026228751609598,0.03143053925790048,Hypertension,hypertension,hypertension|no hypertension
no hypertension,17.25,Other causes,0.05231459283587506,0.05384556020756086,Hypertension,hypertension,hypertension|no hypertension
no hypertension,17.5,CVD,0.0253559671098899,0.02655090641131779,Hypertension,hypertension,hypertension|no hypertension
no hypertension,17.5,Cancer,0.03107809817712329,0.0323161292132587,Hypertension,hypertension,hypertension|no hypertension
no hypertension,17.5,Other causes,0.05315349743511129,0.05473575778809095,Hypertension,hypertension,hypertension|no hypertension
no hypertension,17.75,CVD,0.02620839101719792,0.02748288052036163,Hypertension,hypertension,hypertension|no hypertension
no hypertension,17.75,Cancer,0.03114564386520953,0.03238957398337656,Hypertension,hypertension,hypertension|no hypertension
no hypertension,17.75,Other causes,0.05344399340539604,0.05504431011004363,Hypertension,hypertension,hypertension|no hypertension
no hypertension,18,CVD,0.02670931333504731,0.02803152417349655,Hypertension,hypertension,hypertension|no hypertension
no hypertension,18,Cancer,0.03211669051877564,0.03344624603664848,Hypertension,hypertension,hypertension|no hypertension
no hypertension,18,Other causes,0.05487560874561761,0.05656612784396838,Hypertension,hypertension,hypertension|no hypertension
CKD,0,CVD,2.3727727336318456e-4,2.372772733631512e-4,Chronic kidney disease,ckd,ckd|CKD
CKD,0,Cancer,5.566479358773839e-5,5.566479358767862e-5,Chronic kidney disease,ckd,ckd|CKD
CKD,0,Other causes,1.0243168455442632e-4,1.0243168455442708e-4,Chronic kidney disease,ckd,ckd|CKD
CKD,0.25,CVD,0.00196038587946666,0.00196282585274482,Chronic kidney disease,ckd,ckd|CKD
CKD,0.25,Cancer,0.00126638040487452,0.00126910111551688,Chronic kidney disease,ckd,ckd|CKD
CKD,0.25,Other causes,0.0034180963466287,0.00342210571236108,Chronic kidney disease,ckd,ckd|CKD
CKD,0.5,CVD,0.00524048318323599,0.00526306261248938,Chronic kidney disease,ckd,ckd|CKD
CKD,0.5,Cancer,0.00227504411339301,0.0022852001903384,Chronic kidney disease,ckd,ckd|CKD
CKD,0.5,Other causes,0.00635437767244109,0.00637169799397271,Chronic kidney disease,ckd,ckd|CKD
CKD,0.75,CVD,0.00844614056209171,0.00850165820889813,Chronic kidney disease,ckd,ckd|CKD
CKD,0.75,Cancer,0.00389006328234158,0.00392405223943261,Chronic kidney disease,ckd,ckd|CKD
CKD,0.75,Other causes,0.0104729678811257,0.01052907127885147,Chronic kidney disease,ckd,ckd|CKD
CKD,1,CVD,0.01129671461139946,0.01139907562246909,Chronic kidney disease,ckd,ckd|CKD
CKD,1,Cancer,0.00610532260991955,0.00618738252962448,Chronic kidney disease,ckd,ckd|CKD
CKD,1,Other causes,0.01344497262951321,0.01354247101684297,Chronic kidney disease,ckd,ckd|CKD
CKD,1.25,CVD,0.01351216049063836,0.01366261653278679,Chronic kidney disease,ckd,ckd|CKD
CKD,1.25,Cancer,0.00784602148667113,0.00797485989345485,Chronic kidney disease,ckd,ckd|CKD
CKD,1.25,Other causes,0.01668799117511188,0.01684916850496753,Chronic kidney disease,ckd,ckd|CKD
CKD,1.5,CVD,0.01750279175789488,0.01776130498808372,Chronic kidney disease,ckd,ckd|CKD
CKD,1.5,Cancer,0.009737721048468,0.00992929851342647,Chronic kidney disease,ckd,ckd|CKD
CKD,1.5,Other causes,0.01974172758473972,0.01997720835278255,Chronic kidney disease,ckd,ckd|CKD
CKD,1.75,CVD,0.02007908109474179,0.02042130573998123,Chronic kidney disease,ckd,ckd|CKD
CKD,1.75,Cancer,0.01119638544044322,0.01144811052994599,Chronic kidney disease,ckd,ckd|CKD
CKD,1.75,Other causes,0.02307081698447066,0.02340459610580652,Chronic kidney disease,ckd,ckd|CKD
CKD,2,CVD,0.02333002253086167,0.02379949453827461,Chronic kidney disease,ckd,ckd|CKD
CKD,2,Cancer,0.01334418455020202,0.01369629110300943,Chronic kidney disease,ckd,ckd|CKD
CKD,2,Other causes,0.02716333895605183,0.02763908734089767,Chronic kidney disease,ckd,ckd|CKD
CKD,2.25,CVD,0.02787077373966333,0.02855075221147827,Chronic kidney disease,ckd,ckd|CKD
CKD,2.25,Cancer,0.01525888474236285,0.01571777368288319,Chronic kidney disease,ckd,ckd|CKD
CKD,2.25,Other causes,0.03250781994217665,0.03320232916702142,Chronic kidney disease,ckd,ckd|CKD
CKD,2.5,CVD,0.03133751627017507,0.03219982938889309,Chronic kidney disease,ckd,ckd|CKD
CKD,2.5,Cancer,0.01712167469834587,0.01770709637329094,Chronic kidney disease,ckd,ckd|CKD
CKD,2.5,Other causes,0.03628187316348877,0.03715813686944296,Chronic kidney disease,ckd,ckd|CKD
CKD,2.75,CVD,0.03441436685139227,0.03545947170165235,Chronic kidney disease,ckd,ckd|CKD
CKD,2.75,Cancer,0.01856836043684778,0.01926518060074186,Chronic kidney disease,ckd,ckd|CKD
CKD,2.75,Other causes,0.04089725310350983,0.04202140384589464,Chronic kidney disease,ckd,ckd|CKD
CKD,3,CVD,0.03639335363544305,0.03757116369355207,Chronic kidney disease,ckd,ckd|CKD
CKD,3,Cancer,0.0212971162805389,0.02222535491608411,Chronic kidney disease,ckd,ckd|CKD
CKD,3,Other causes,0.04456699966650721,0.04590713929093597,Chronic kidney disease,ckd,ckd|CKD
CKD,3.25,CVD,0.03861941855098974,0.03996157732854287,Chronic kidney disease,ckd,ckd|CKD
CKD,3.25,Cancer,0.02311451991355791,0.02420970954093875,Chronic kidney disease,ckd,ckd|CKD
CKD,3.25,Other causes,0.0474607265434859,0.04898568689578422,Chronic kidney disease,ckd,ckd|CKD
CKD,3.5,CVD,0.04291745100710998,0.04460493275241754,Chronic kidney disease,ckd,ckd|CKD
CKD,3.5,Cancer,0.02436549992194658,0.02558566144183978,Chronic kidney disease,ckd,ckd|CKD
CKD,3.5,Other causes,0.05272762259123598,0.05461956862385259,Chronic kidney disease,ckd,ckd|CKD
CKD,3.75,CVD,0.04788778068458588,0.05000883755657813,Chronic kidney disease,ckd,ckd|CKD
CKD,3.75,Cancer,0.02524402532718781,0.02656068353173858,Chronic kidney disease,ckd,ckd|CKD
CKD,3.75,Other causes,0.05576660141476206,0.05789302462914372,Chronic kidney disease,ckd,ckd|CKD
CKD,4,CVD,0.0510930456898791,0.05351191683310134,Chronic kidney disease,ckd,ckd|CKD
CKD,4,Cancer,0.02591857522109111,0.02731607793431974,Chronic kidney disease,ckd,ckd|CKD
CKD,4,Other causes,0.06041541411835623,0.06292856734351616,Chronic kidney disease,ckd,ckd|CKD
CKD,4.25,CVD,0.05366598088156608,0.05633882046153381,Chronic kidney disease,ckd,ckd|CKD
CKD,4.25,Cancer,0.02722085275321539,0.0287892728699511,Chronic kidney disease,ckd,ckd|CKD
CKD,4.25,Other causes,0.06473926404286598,0.06763395998167906,Chronic kidney disease,ckd,ckd|CKD
CKD,4.5,CVD,0.0574132952165571,0.06049141549487828,Chronic kidney disease,ckd,ckd|CKD
CKD,4.5,Cancer,0.02882709473936269,0.03062015450492562,Chronic kidney disease,ckd,ckd|CKD
CKD,4.5,Other causes,0.06917764179991465,0.07248501457317552,Chronic kidney disease,ckd,ckd|CKD
CKD,4.75,CVD,0.06050272289780049,0.0639331778278284,Chronic kidney disease,ckd,ckd|CKD
CKD,4.75,Cancer,0.03002995714719472,0.03200392325769689,Chronic kidney disease,ckd,ckd|CKD
CKD,4.75,Other causes,0.07284194229221512,0.0765184318584584,Chronic kidney disease,ckd,ckd|CKD
CKD,5,CVD,0.06416488527681076,0.06804219859944474,Chronic kidney disease,ckd,ckd|CKD
CKD,5,Cancer,0.03173791497921446,0.03398799945649689,Chronic kidney disease,ckd,ckd|CKD
CKD,5,Other causes,0.07812288012367785,0.08235971841752347,Chronic kidney disease,ckd,ckd|CKD
CKD,5.25,CVD,0.06732364613840773,0.07161833389275916,Chronic kidney disease,ckd,ckd|CKD
CKD,5.25,Cancer,0.03369424888862848,0.03628196491368361,Chronic kidney disease,ckd,ckd|CKD
CKD,5.25,Other causes,0.08244513462277596,0.0871693641501973,Chronic kidney disease,ckd,ckd|CKD
CKD,5.5,CVD,0.07084662693112863,0.0756319792869472,Chronic kidney disease,ckd,ckd|CKD
CKD,5.5,Cancer,0.0343517645018784,0.0370611032055536,Chronic kidney disease,ckd,ckd|CKD
CKD,5.5,Other causes,0.08729331187208848,0.092598454690529,Chronic kidney disease,ckd,ckd|CKD
CKD,5.75,CVD,0.07437590219937974,0.0796819665812136,Chronic kidney disease,ckd,ckd|CKD
CKD,5.75,Cancer,0.03549267925405079,0.03842620890140622,Chronic kidney disease,ckd,ckd|CKD
CKD,5.75,Other causes,0.09235317523742188,0.0982956685048177,Chronic kidney disease,ckd,ckd|CKD
CKD,6,CVD,0.07897668062835883,0.0850001544723325,Chronic kidney disease,ckd,ckd|CKD
CKD,6,Cancer,0.0368437136371294,0.04006398679227437,Chronic kidney disease,ckd,ckd|CKD
CKD,6,Other causes,0.0965248839768058,0.10302121565899423,Chronic kidney disease,ckd,ckd|CKD
CKD,6.25,CVD,0.08289067878660047,0.08955686078737116,Chronic kidney disease,ckd,ckd|CKD
CKD,6.25,Cancer,0.03910141435817795,0.04282341594926926,Chronic kidney disease,ckd,ckd|CKD
CKD,6.25,Other causes,0.100702938306564,0.10779343318675376,Chronic kidney disease,ckd,ckd|CKD
CKD,6.5,CVD,0.0875125011454819,0.0949825952046855,Chronic kidney disease,ckd,ckd|CKD
CKD,6.5,Cancer,0.0409160129099515,0.04506808961406285,Chronic kidney disease,ckd,ckd|CKD
CKD,6.5,Other causes,0.10508610500992936,0.11283884769194456,Chronic kidney disease,ckd,ckd|CKD
CKD,6.75,CVD,0.09005568705819914,0.09799301382176331,Chronic kidney disease,ckd,ckd|CKD
CKD,6.75,Cancer,0.04181744598417318,0.04619230684492563,Chronic kidney disease,ckd,ckd|CKD
CKD,6.75,Other causes,0.11135243633207348,0.12010801749386574,Chronic kidney disease,ckd,ckd|CKD
CKD,7,CVD,0.09368929316592024,0.1023392640688038,Chronic kidney disease,ckd,ckd|CKD
CKD,7,Cancer,0.04375848713719441,0.04864490175674255,Chronic kidney disease,ckd,ckd|CKD
CKD,7,Other causes,0.11585336036216132,0.1253540890402559,Chronic kidney disease,ckd,ckd|CKD
CKD,7.25,CVD,0.09588241548470314,0.10498463303140632,Chronic kidney disease,ckd,ckd|CKD
CKD,7.25,Cancer,0.04566696981615095,0.05108226998571386,Chronic kidney disease,ckd,ckd|CKD
CKD,7.25,Other causes,0.12011400028374182,0.13035415823771393,Chronic kidney disease,ckd,ckd|CKD
CKD,7.5,CVD,0.09904774287299307,0.10883646337239487,Chronic kidney disease,ckd,ckd|CKD
CKD,7.5,Cancer,0.04732302954726516,0.05321876658395229,Chronic kidney disease,ckd,ckd|CKD
CKD,7.5,Other causes,0.1253556622032449,0.13653879476250524,Chronic kidney disease,ckd,ckd|CKD
CKD,7.75,CVD,0.10224569900757637,0.1127631503123762,Chronic kidney disease,ckd,ckd|CKD
CKD,7.75,Cancer,0.04862280790175733,0.05491709557728636,Chronic kidney disease,ckd,ckd|CKD
CKD,7.75,Other causes,0.13057302737798362,0.14273457286710023,Chronic kidney disease,ckd,ckd|CKD
CKD,8,CVD,0.10524980645579891,0.11648344808235028,Chronic kidney disease,ckd,ckd|CKD
CKD,8,Cancer,0.05076716015022914,0.05774028400325606,Chronic kidney disease,ckd,ckd|CKD
CKD,8,Other causes,0.13398440962697974,0.14681900961347247,Chronic kidney disease,ckd,ckd|CKD
CKD,8.25,CVD,0.10768749847246507,0.11952219122755688,Chronic kidney disease,ckd,ckd|CKD
CKD,8.25,Cancer,0.05139797371660817,0.05858181604237052,Chronic kidney disease,ckd,ckd|CKD
CKD,8.25,Other causes,0.1388270751396954,0.15264808061229834,Chronic kidney disease,ckd,ckd|CKD
CKD,8.5,CVD,0.10983490195408656,0.12222130879424366,Chronic kidney disease,ckd,ckd|CKD
CKD,8.5,Cancer,0.05255521002562437,0.06013903423134092,Chronic kidney disease,ckd,ckd|CKD
CKD,8.5,Other causes,0.1425149074895905,0.15710524973308246,Chronic kidney disease,ckd,ckd|CKD
CKD,8.75,CVD,0.11243253163616895,0.12550885808563386,Chronic kidney disease,ckd,ckd|CKD
CKD,8.75,Cancer,0.05365713616623314,0.06163784529332921,Chronic kidney disease,ckd,ckd|CKD
CKD,8.75,Other causes,0.14742162040584045,0.16306530752701812,Chronic kidney disease,ckd,ckd|CKD
CKD,9,CVD,0.11469498305652998,0.12839913689438176,Chronic kidney disease,ckd,ckd|CKD
CKD,9,Cancer,0.05507046066822797,0.0635741586973076,Chronic kidney disease,ckd,ckd|CKD
CKD,9,Other causes,0.1518599502537585,0.16848791161785295,Chronic kidney disease,ckd,ckd|CKD
CKD,9.25,CVD,0.11855259326897193,0.1333609920858575,Chronic kidney disease,ckd,ckd|CKD
CKD,9.25,Cancer,0.05583889693617802,0.06463884789512336,Chronic kidney disease,ckd,ckd|CKD
CKD,9.25,Other causes,0.1546601867553659,0.1719303074882782,Chronic kidney disease,ckd,ckd|CKD
CKD,9.5,CVD,0.1209425182058196,0.1364543473569403,Chronic kidney disease,ckd,ckd|CKD
CKD,9.5,Cancer,0.05690765277212537,0.06613246950147646,Chronic kidney disease,ckd,ckd|CKD
CKD,9.5,Other causes,0.15901009289379414,0.17731161106493734,Chronic kidney disease,ckd,ckd|CKD
CKD,9.75,CVD,0.12447297541970148,0.1410674180588916,Chronic kidney disease,ckd,ckd|CKD
CKD,9.75,Cancer,0.0597261950676176,0.07011838240773097,Chronic kidney disease,ckd,ckd|CKD
CKD,9.75,Other causes,0.16318305377794956,0.18250566994032916,Chronic kidney disease,ckd,ckd|CKD
CKD,10,CVD,0.12873755708749385,0.14668977811608744,Chronic kidney disease,ckd,ckd|CKD
CKD,10,Cancer,0.06096470745142161,0.07188949003354378,Chronic kidney disease,ckd,ckd|CKD
CKD,10,Other causes,0.1658245189996065,0.18582538827879516,Chronic kidney disease,ckd,ckd|CKD
CKD,10.25,CVD,0.13265067901603195,0.1518839664753568,Chronic kidney disease,ckd,ckd|CKD
CKD,10.25,Cancer,0.06214296228627786,0.07359322821533197,Chronic kidney disease,ckd,ckd|CKD
CKD,10.25,Other causes,0.16977238490568786,0.19082718802801313,Chronic kidney disease,ckd,ckd|CKD
CKD,10.5,CVD,0.1366479362951365,0.15723696035515883,Chronic kidney disease,ckd,ckd|CKD
CKD,10.5,Cancer,0.06320586142293884,0.07514899786549402,Chronic kidney disease,ckd,ckd|CKD
CKD,10.5,Other causes,0.17416654541946827,0.1964360440681267,Chronic kidney disease,ckd,ckd|CKD
CKD,10.75,CVD,0.13944728428332268,0.1610168936433343,Chronic kidney disease,ckd,ckd|CKD
CKD,10.75,Cancer,0.06385619700039834,0.0761119826223897,Chronic kidney disease,ckd,ckd|CKD
CKD,10.75,Other causes,0.1782936263451934,0.2017424564531364,Chronic kidney disease,ckd,ckd|CKD
CKD,11,CVD,0.1417452341313214,0.16414202130445618,Chronic kidney disease,ckd,ckd|CKD
CKD,11,Cancer,0.06548061417168509,0.07854667158757028,Chronic kidney disease,ckd,ckd|CKD
CKD,11,Other causes,0.18192638083574947,0.2064421520926078,Chronic kidney disease,ckd,ckd|CKD
CKD,11.25,CVD,0.144416906939024,0.16781107445546734,Chronic kidney disease,ckd,ckd|CKD
CKD,11.25,Cancer,0.06704335586273537,0.08092082540430548,Chronic kidney disease,ckd,ckd|CKD
CKD,11.25,Other causes,0.18650759961244945,0.21239699200495588,Chronic kidney disease,ckd,ckd|CKD
CKD,11.5,CVD,0.14578974091065608,0.16971227713327364,Chronic kidney disease,ckd,ckd|CKD
CKD,11.5,Cancer,0.0675847363361352,0.08174915077256656,Chronic kidney disease,ckd,ckd|CKD
CKD,11.5,Other causes,0.1894379896994759,0.2162349732311618,Chronic kidney disease,ckd,ckd|CKD
CKD,11.75,CVD,0.1486881054747211,0.1737520073234037,Chronic kidney disease,ckd,ckd|CKD
CKD,11.75,Cancer,0.0688505385428416,0.08369708185963587,Chronic kidney disease,ckd,ckd|CKD
CKD,11.75,Other causes,0.1943533927789007,0.2227117653386348,Chronic kidney disease,ckd,ckd|CKD
CKD,12,CVD,0.1518845459342066,0.1782529527280922,Chronic kidney disease,ckd,ckd|CKD
CKD,12,Cancer,0.06931430603694387,0.08442042662711682,Chronic kidney disease,ckd,ckd|CKD
CKD,12,Other causes,0.1986310236996112,0.22838039656119016,Chronic kidney disease,ckd,ckd|CKD
CKD,12.25,CVD,0.15406413839997296,0.1813514894525096,Chronic kidney disease,ckd,ckd|CKD
CKD,12.25,Cancer,0.06983428213220348,0.08524154459580224,Chronic kidney disease,ckd,ckd|CKD
CKD,12.25,Other causes,0.2027234858459766,0.233830057087455,Chronic kidney disease,ckd,ckd|CKD
CKD,12.5,CVD,0.15664004266659756,0.1850376322643356,Chronic kidney disease,ckd,ckd|CKD
CKD,12.5,Cancer,0.07111747767702427,0.08729051220575322,Chronic kidney disease,ckd,ckd|CKD
CKD,12.5,Other causes,0.20578139755215677,0.2379314495898876,Chronic kidney disease,ckd,ckd|CKD
CKD,12.75,CVD,0.15996863006445391,0.18983535467898088,Chronic kidney disease,ckd,ckd|CKD
CKD,12.75,Cancer,0.07272372164224761,0.08989622362767934,Chronic kidney disease,ckd,ckd|CKD
CKD,12.75,Other causes,0.208061424544832,0.2410047599573454,Chronic kidney disease,ckd,ckd|CKD
CKD,13,CVD,0.16304916859474938,0.19431392515533943,Chronic kidney disease,ckd,ckd|CKD
CKD,13,Cancer,0.0739719409067936,0.09193135946704356,Chronic kidney disease,ckd,ckd|CKD
CKD,13,Other causes,0.20975282085819083,0.2433032827081747,Chronic kidney disease,ckd,ckd|CKD
CKD,13.25,CVD,0.164626703920406,0.19661468977896604,Chronic kidney disease,ckd,ckd|CKD
CKD,13.25,Cancer,0.07530490524813944,0.09412751536317109,Chronic kidney disease,ckd,ckd|CKD
CKD,13.25,Other causes,0.2120638890219067,0.2464657793771254,Chronic kidney disease,ckd,ckd|CKD
CKD,13.5,CVD,0.1657040955701345,0.1981993073214562,Chronic kidney disease,ckd,ckd|CKD
CKD,13.5,Cancer,0.07600044737443373,0.09527982193518528,Chronic kidney disease,ckd,ckd|CKD
CKD,13.5,Other causes,0.21549267604611977,0.25118512777013197,Chronic kidney disease,ckd,ckd|CKD
CKD,13.75,CVD,0.16825371597937588,0.20197869288887496,Chronic kidney disease,ckd,ckd|CKD
CKD,13.75,Cancer,0.07662160615543549,0.09631713556300674,Chronic kidney disease,ckd,ckd|CKD
CKD,13.75,Other causes,0.21878352760016032,0.25573139384371124,Chronic kidney disease,ckd,ckd|CKD
CKD,14,CVD,0.16985724840429023,0.20436702628361583,Chronic kidney disease,ckd,ckd|CKD
CKD,14,Cancer,0.07831874760448886,0.09918322930779476,Chronic kidney disease,ckd,ckd|CKD
CKD,14,Other causes,0.22300674016800104,0.26160449999751245,Chronic kidney disease,ckd,ckd|CKD
CKD,14.25,CVD,0.17210159183651727,0.20774982235343684,Chronic kidney disease,ckd,ckd|CKD
CKD,14.25,Cancer,0.07831874760448886,0.09918322930779476,Chronic kidney disease,ckd,ckd|CKD
CKD,14.25,Other causes,0.22618433413523376,0.2660462816784133,Chronic kidney disease,ckd,ckd|CKD
CKD,14.5,CVD,0.1738451358892065,0.210393373739058,Chronic kidney disease,ckd,ckd|CKD
CKD,14.5,Cancer,0.07968949806445648,0.10155167107070096,Chronic kidney disease,ckd,ckd|CKD
CKD,14.5,Other causes,0.22806850064100073,0.2686913086091153,Chronic kidney disease,ckd,ckd|CKD
CKD,14.75,CVD,0.17523610708654563,0.2125192281008718,Chronic kidney disease,ckd,ckd|CKD
CKD,14.75,Cancer,0.08057095977552647,0.10308800909693826,Chronic kidney disease,ckd,ckd|CKD
CKD,14.75,Other causes,0.23123692000646776,0.27316274900499127,Chronic kidney disease,ckd,ckd|CKD
CKD,15,CVD,0.17609494819001065,0.2138425486935705,Chronic kidney disease,ckd,ckd|CKD
CKD,15,Cancer,0.08145496737350869,0.10464374875893834,Chronic kidney disease,ckd,ckd|CKD
CKD,15,Other causes,0.23559306305393213,0.2793381908248123,Chronic kidney disease,ckd,ckd|CKD
CKD,15.25,CVD,0.17833169883192018,0.21732302135136589,Chronic kidney disease,ckd,ckd|CKD
CKD,15.25,Cancer,0.08164934430974852,0.10498923038774668,Chronic kidney disease,ckd,ckd|CKD
CKD,15.25,Other causes,0.238883371011011,0.28402069146963965,Chronic kidney disease,ckd,ckd|CKD
CKD,15.5,CVD,0.1794965604579961,0.21914383373510432,Chronic kidney disease,ckd,ckd|CKD
CKD,15.5,Cancer,0.0823861472933049,0.10630513656290153,Chronic kidney disease,ckd,ckd|CKD
CKD,15.5,Other causes,0.2420954160560461,0.288618385289864,Chronic kidney disease,ckd,ckd|CKD
CKD,15.75,CVD,0.1800851403427668,0.22007374629596127,Chronic kidney disease,ckd,ckd|CKD
CKD,15.75,Cancer,0.0823861472933049,0.10630513656290153,Chronic kidney disease,ckd,ckd|CKD
CKD,15.75,Other causes,0.24450675359974056,0.29207673155468955,Chronic kidney disease,ckd,ckd|CKD
CKD,16,CVD,0.18074149761427089,0.22111205933822933,Chronic kidney disease,ckd,ckd|CKD
CKD,16,Cancer,0.08400416735262854,0.10924158353870332,Chronic kidney disease,ckd,ckd|CKD
CKD,16,Other causes,0.24599198510134648,0.2942144489429963,Chronic kidney disease,ckd,ckd|CKD
CKD,16.25,CVD,0.1818339135943892,0.22285510163080532,Chronic kidney disease,ckd,ckd|CKD
CKD,16.25,Cancer,0.08449543713805613,0.11013599828298294,Chronic kidney disease,ckd,ckd|CKD
CKD,16.25,Other causes,0.24726573765802956,0.296053938096963,Chronic kidney disease,ckd,ckd|CKD
CKD,16.5,CVD,0.18329636935504948,0.22519476249238837,Chronic kidney disease,ckd,ckd|CKD
CKD,16.5,Cancer,0.08468936458070671,0.11049392715923743,Chronic kidney disease,ckd,ckd|CKD
CKD,16.5,Other causes,0.25007476162245,0.3001220165315344,Chronic kidney disease,ckd,ckd|CKD
CKD,16.75,CVD,0.1851690239639694,0.2282071241820509,Chronic kidney disease,ckd,ckd|CKD
CKD,16.75,Cancer,0.08528267994916776,0.11159002130762195,Chronic kidney disease,ckd,ckd|CKD
CKD,16.75,Other causes,0.25237649831981934,0.3034737991321966,Chronic kidney disease,ckd,ckd|CKD
CKD,17,CVD,0.1875334419310424,0.23203741937542963,Chronic kidney disease,ckd,ckd|CKD
CKD,17,Cancer,0.08646174087446312,0.11378855925762243,Chronic kidney disease,ckd,ckd|CKD
CKD,17,Other causes,0.2537201116462105,0.3054466057639667,Chronic kidney disease,ckd,ckd|CKD
CKD,17.25,CVD,0.18874141456519064,0.23400527611678737,Chronic kidney disease,ckd,ckd|CKD
CKD,17.25,Cancer,0.08656437668706785,0.11398178971086788,Chronic kidney disease,ckd,ckd|CKD
CKD,17.25,Other causes,0.2561745385846821,0.30905990173809794,Chronic kidney disease,ckd,ckd|CKD
CKD,17.5,CVD,0.192632759615179,0.24037724237598135,Chronic kidney disease,ckd,ckd|CKD
CKD,17.5,Cancer,0.08656437668706785,0.11398178971086788,Chronic kidney disease,ckd,ckd|CKD
CKD,17.5,Other causes,0.25854438204919095,0.3125585300227882,Chronic kidney disease,ckd,ckd|CKD
CKD,17.75,CVD,0.192632759615179,0.24037724237598135,Chronic kidney disease,ckd,ckd|CKD
CKD,17.75,Cancer,0.08656437668706785,0.11398178971086788,Chronic kidney disease,ckd,ckd|CKD
CKD,17.75,Other causes,0.25874330126747835,0.31285435020170405,Chronic kidney disease,ckd,ckd|CKD
CKD,18,CVD,0.19328117010654924,0.2414464786757149,Chronic kidney disease,ckd,ckd|CKD
CKD,18,Cancer,0.08656437668706785,0.11398178971086788,Chronic kidney disease,ckd,ckd|CKD
CKD,18,Other causes,0.26014924277114915,0.3149451782315205,Chronic kidney disease,ckd,ckd|CKD
no CKD,0,CVD,3.3227124906220887e-6,3.322712490627655e-6,Chronic kidney disease,ckd,ckd|no CKD
no CKD,0,Cancer,0,0,Chronic kidney disease,ckd,ckd|no CKD
no CKD,0,Other causes,4.040018323520847e-5,4.040018323522854e-5,Chronic kidney disease,ckd,ckd|no CKD
no CKD,0.25,CVD,2.0262030479172935e-4,2.0268917663133769e-4,Chronic kidney disease,ckd,ckd|no CKD
no CKD,0.25,Cancer,4.0143739091259145e-4,4.015207369226448e-4,Chronic kidney disease,ckd,ckd|no CKD
no CKD,0.25,Other causes,3.571889124104845e-4,3.572261966589829e-4,Chronic kidney disease,ckd,ckd|no CKD
no CKD,0.5,CVD,4.896629980805804e-4,4.900520779785756e-4,Chronic kidney disease,ckd,ckd|no CKD
no CKD,0.5,Cancer,6.864363941436872e-4,6.867220675683183e-4,Chronic kidney disease,ckd,ckd|no CKD
no CKD,0.5,Other causes,8.252470830126303e-4,8.25642949112948e-4,Chronic kidney disease,ckd,ckd|no CKD
no CKD,0.75,CVD,7.574076092668703e-4,7.583167088507203e-4,Chronic kidney disease,ckd,ckd|no CKD
no CKD,0.75,Cancer,0.00101485616038255,0.00101573805157436,Chronic kidney disease,ckd,ckd|no CKD
no CKD,0.75,Other causes,0.00157394652379662,0.00157531969605335,Chronic kidney disease,ckd,ckd|no CKD
no CKD,1,CVD,0.00109762097553965,0.00109950532153212,Chronic kidney disease,ckd,ckd|no CKD
no CKD,1,Cancer,0.00115188600339948,0.00115311532150669,Chronic kidney disease,ckd,ckd|no CKD
no CKD,1,Other causes,0.00208779038909403,0.00209015485395471,Chronic kidney disease,ckd,ckd|no CKD
no CKD,1.25,CVD,0.00128706314296033,0.00128960251352356,Chronic kidney disease,ckd,ckd|no CKD
no CKD,1.25,Cancer,0.0016490001936087,0.00165202250052974,Chronic kidney disease,ckd,ckd|no CKD
no CKD,1.25,Other causes,0.00264303482742947,0.00264673940941452,Chronic kidney disease,ckd,ckd|no CKD
no CKD,1.5,CVD,0.00151140700287027,0.0015149501145899,Chronic kidney disease,ckd,ckd|no CKD
no CKD,1.5,Cancer,0.00188821054006003,0.00189220257437272,Chronic kidney disease,ckd,ckd|no CKD
no CKD,1.5,Other causes,0.00308215715422174,0.00308727823242614,Chronic kidney disease,ckd,ckd|no CKD
no CKD,1.75,CVD,0.00169657282250487,0.00170112285165726,Chronic kidney disease,ckd,ckd|no CKD
no CKD,1.75,Cancer,0.00224228905057437,0.0022480491348357,Chronic kidney disease,ckd,ckd|no CKD
no CKD,1.75,Other causes,0.00380121707622294,0.00380889132509804,Chronic kidney disease,ckd,ckd|no CKD
no CKD,2,CVD,0.00202889672019716,0.00203554760839424,Chronic kidney disease,ckd,ckd|no CKD
no CKD,2,Cancer,0.00291912516733552,0.00292886036667205,Chronic kidney disease,ckd,ckd|no CKD
no CKD,2,Other causes,0.00440591222645024,0.00441625109650313,Chronic kidney disease,ckd,ckd|no CKD
no CKD,2.25,CVD,0.00227529538870046,0.00228386545318958,Chronic kidney disease,ckd,ckd|no CKD
no CKD,2.25,Cancer,0.00321864225728348,0.00323039518497185,Chronic kidney disease,ckd,ckd|no CKD
no CKD,2.25,Other causes,0.0049456836139141,0.00495879183935867,Chronic kidney disease,ckd,ckd|no CKD
no CKD,2.5,CVD,0.00265608085331922,0.00266797192901239,Chronic kidney disease,ckd,ckd|no CKD
no CKD,2.5,Cancer,0.00373422823456897,0.00374990345118506,Chronic kidney disease,ckd,ckd|no CKD
no CKD,2.5,Other causes,0.00557059241386101,0.00558732654897111,Chronic kidney disease,ckd,ckd|no CKD
no CKD,2.75,CVD,0.00292790427473774,0.00294242065984675,Chronic kidney disease,ckd,ckd|no CKD
no CKD,2.75,Cancer,0.00432040043155884,0.00434114006646717,Chronic kidney disease,ckd,ckd|no CKD
no CKD,2.75,Other causes,0.00622741528775139,0.00624861046348359,Chronic kidney disease,ckd,ckd|no CKD
no CKD,3,CVD,0.00354033954180916,0.00356164775449323,Chronic kidney disease,ckd,ckd|no CKD
no CKD,3,Cancer,0.00472038916692582,0.00474505162859609,Chronic kidney disease,ckd,ckd|no CKD
no CKD,3,Other causes,0.00691046368488912,0.00693682393696273,Chronic kidney disease,ckd,ckd|no CKD
no CKD,3.25,CVD,0.00401965349742403,0.00404673798839974,Chronic kidney disease,ckd,ckd|no CKD
no CKD,3.25,Cancer,0.00523009692401867,0.00526037479534713,Chronic kidney disease,ckd,ckd|no CKD
no CKD,3.25,Other causes,0.00744039956619703,0.00747138169849428,Chronic kidney disease,ckd,ckd|no CKD
no CKD,3.5,CVD,0.00423660938382941,0.00426662566242517,Chronic kidney disease,ckd,ckd|no CKD
no CKD,3.5,Cancer,0.00584668317293285,0.0058842895871939,Chronic kidney disease,ckd,ckd|no CKD
no CKD,3.5,Other causes,0.00817210729023595,0.00821015414955545,Chronic kidney disease,ckd,ckd|no CKD
no CKD,3.75,CVD,0.00467902024847215,0.00471546947950846,Chronic kidney disease,ckd,ckd|no CKD
no CKD,3.75,Cancer,0.00617427241561099,0.00621616902333862,Chronic kidney disease,ckd,ckd|no CKD
no CKD,3.75,Other causes,0.00881433368080088,0.00885910568693751,Chronic kidney disease,ckd,ckd|no CKD
no CKD,4,CVD,0.00495949526588915,0.0050003586843136,Chronic kidney disease,ckd,ckd|no CKD
no CKD,4,Cancer,0.00654645518251969,0.00659366063118231,Chronic kidney disease,ckd,ckd|no CKD
no CKD,4,Other causes,0.0096384750959155,0.00969245228472387,Chronic kidney disease,ckd,ckd|no CKD
no CKD,4.25,CVD,0.00533824481552068,0.00538555371166686,Chronic kidney disease,ckd,ckd|no CKD
no CKD,4.25,Cancer,0.00726313119709889,0.00732122160778999,Chronic kidney disease,ckd,ckd|no CKD
no CKD,4.25,Other causes,0.01035697178113246,0.01041965557293815,Chronic kidney disease,ckd,ckd|no CKD
no CKD,4.5,CVD,0.00585946960020923,0.00591635105148094,Chronic kidney disease,ckd,ckd|no CKD
no CKD,4.5,Cancer,0.00767770107718351,0.0077425573503465,Chronic kidney disease,ckd,ckd|no CKD
no CKD,4.5,Other causes,0.01109735098286328,0.0111698267456651,Chronic kidney disease,ckd,ckd|no CKD
no CKD,4.75,CVD,0.00642576988608278,0.00649375582769929,Chronic kidney disease,ckd,ckd|no CKD
no CKD,4.75,Cancer,0.00819132323879554,0.00826526955940436,Chronic kidney disease,ckd,ckd|no CKD
no CKD,4.75,Other causes,0.01202620143021643,0.01211197505578947,Chronic kidney disease,ckd,ckd|no CKD
no CKD,5,CVD,0.00705718402711676,0.00713868498269648,Chronic kidney disease,ckd,ckd|no CKD
no CKD,5,Cancer,0.00865522417089836,0.00873809384735785,Chronic kidney disease,ckd,ckd|no CKD
no CKD,5,Other causes,0.013109713451782041,0.01321210215382759,Chronic kidney disease,ckd,ckd|no CKD
no CKD,5.25,CVD,0.00756693925130236,0.00766008234456502,Chronic kidney disease,ckd,ckd|no CKD
no CKD,5.25,Cancer,0.00923248960865398,0.00932755392153128,Chronic kidney disease,ckd,ckd|no CKD
no CKD,5.25,Other causes,0.01378283261585893,0.01389623160817699,Chronic kidney disease,ckd,ckd|no CKD
no CKD,5.5,CVD,0.00795908415459382,0.00806168227247755,Chronic kidney disease,ckd,ckd|no CKD
no CKD,5.5,Cancer,0.00983540674292071,0.00994383850920411,Chronic kidney disease,ckd,ckd|no CKD
no CKD,5.5,Other causes,0.01448508342515663,0.01461089939049712,Chronic kidney disease,ckd,ckd|no CKD
no CKD,5.75,CVD,0.00841613461749514,0.00853043818911058,Chronic kidney disease,ckd,ckd|no CKD
no CKD,5.75,Cancer,0.0102190133897652,0.01033650278979936,Chronic kidney disease,ckd,ckd|no CKD
no CKD,5.75,Other causes,0.01569340827697118,0.01584165451106196,Chronic kidney disease,ckd,ckd|no CKD
no CKD,6,CVD,0.00871727167588619,0.00883990904064748,Chronic kidney disease,ckd,ckd|no CKD
no CKD,6,Cancer,0.01129858233611033,0.01144344141682393,Chronic kidney disease,ckd,ckd|no CKD
no CKD,6,Other causes,0.01662065150548829,0.01678699521753995,Chronic kidney disease,ckd,ckd|no CKD
no CKD,6.25,CVD,0.00901146656725617,0.00914274760054958,Chronic kidney disease,ckd,ckd|no CKD
no CKD,6.25,Cancer,0.01190391791723379,0.01206482498135949,Chronic kidney disease,ckd,ckd|no CKD
no CKD,6.25,Other causes,0.01748599756844855,0.01767049328722593,Chronic kidney disease,ckd,ckd|no CKD
no CKD,6.5,CVD,0.00967451807463893,0.00982642161413381,Chronic kidney disease,ckd,ckd|no CKD
no CKD,6.5,Cancer,0.01258791216755593,0.01276790741850248,Chronic kidney disease,ckd,ckd|no CKD
no CKD,6.5,Other causes,0.01837466772373944,0.0185787155186005,Chronic kidney disease,ckd,ckd|no CKD
no CKD,6.75,CVD,0.01036388886964688,0.01053820628419204,Chronic kidney disease,ckd,ckd|no CKD
no CKD,6.75,Cancer,0.01307009596294623,0.01326442169566891,Chronic kidney disease,ckd,ckd|no CKD
no CKD,6.75,Other causes,0.01931173137618375,0.01953776995043179,Chronic kidney disease,ckd,ckd|no CKD
no CKD,7,CVD,0.01081011519409358,0.01099980360537206,Chronic kidney disease,ckd,ckd|no CKD
no CKD,7,Cancer,0.01372748583388404,0.01394223097714961,Chronic kidney disease,ckd,ckd|no CKD
no CKD,7,Other causes,0.01997451866942286,0.02021686046650236,Chronic kidney disease,ckd,ckd|no CKD
no CKD,7.25,CVD,0.01146009569602854,0.01167286643542111,Chronic kidney disease,ckd,ckd|no CKD
no CKD,7.25,Cancer,0.01443877172905256,0.01467679727233048,Chronic kidney disease,ckd,ckd|no CKD
no CKD,7.25,Other causes,0.02084601561144771,0.02111089347870424,Chronic kidney disease,ckd,ckd|no CKD
no CKD,7.5,CVD,0.01184822796539664,0.01207555014308641,Chronic kidney disease,ckd,ckd|no CKD
no CKD,7.5,Cancer,0.01503755834285925,0.01529594299355944,Chronic kidney disease,ckd,ckd|no CKD
no CKD,7.5,Other causes,0.02203747982995416,0.02233493758920206,Chronic kidney disease,ckd,ckd|no CKD
no CKD,7.75,CVD,0.01249542122583779,0.01274834327319114,Chronic kidney disease,ckd,ckd|no CKD
no CKD,7.75,Cancer,0.01546545954865244,0.01573927059702017,Chronic kidney disease,ckd,ckd|no CKD
no CKD,7.75,Other causes,0.0234475329281588,0.0237849044367979,Chronic kidney disease,ckd,ckd|no CKD
no CKD,8,CVD,0.01283146346665419,0.01309827175116062,Chronic kidney disease,ckd,ckd|no CKD
no CKD,8,Cancer,0.01592341251549617,0.01621459408945209,Chronic kidney disease,ckd,ckd|no CKD
no CKD,8,Other causes,0.02440677205024607,0.02477240111714589,Chronic kidney disease,ckd,ckd|no CKD
no CKD,8.25,CVD,0.01326623553293004,0.01355159302297715,Chronic kidney disease,ckd,ckd|no CKD
no CKD,8.25,Cancer,0.01654905712047835,0.01686514140266999,Chronic kidney disease,ckd,ckd|no CKD
no CKD,8.25,Other causes,0.02518055538435298,0.02556957119194301,Chronic kidney disease,ckd,ckd|no CKD
no CKD,8.5,CVD,0.01356773827955422,0.01386650457972298,Chronic kidney disease,ckd,ckd|no CKD
no CKD,8.5,Cancer,0.01711862815327516,0.01745797460608083,Chronic kidney disease,ckd,ckd|no CKD
no CKD,8.5,Other causes,0.02655966149067203,0.02699218946624177,Chronic kidney disease,ckd,ckd|no CKD
no CKD,8.75,CVD,0.01400732936708418,0.01432652606992949,Chronic kidney disease,ckd,ckd|no CKD
no CKD,8.75,Cancer,0.01756515825279957,0.01792355877943153,Chronic kidney disease,ckd,ckd|no CKD
no CKD,8.75,Other causes,0.02743764164984801,0.02789864570784502,Chronic kidney disease,ckd,ckd|no CKD
no CKD,9,CVD,0.01453264590744229,0.01487716380621281,Chronic kidney disease,ckd,ckd|no CKD
no CKD,9,Cancer,0.018167854692809,0.01855295892639832,Chronic kidney disease,ckd,ckd|no CKD
no CKD,9,Other causes,0.0284216384462391,0.0289154723015542,Chronic kidney disease,ckd,ckd|no CKD
no CKD,9.25,CVD,0.01512846406257052,0.01550265936157449,Chronic kidney disease,ckd,ckd|no CKD
no CKD,9.25,Cancer,0.01910449787122573,0.01953265675765542,Chronic kidney disease,ckd,ckd|no CKD
no CKD,9.25,Other causes,0.02932631280673111,0.0298517236448434,Chronic kidney disease,ckd,ckd|no CKD
no CKD,9.5,CVD,0.01582176944137852,0.01623184986777574,Chronic kidney disease,ckd,ckd|no CKD
no CKD,9.5,Cancer,0.01961838695066577,0.02007110808475093,Chronic kidney disease,ckd,ckd|no CKD
no CKD,9.5,Other causes,0.03035483258266139,0.03091773631727644,Chronic kidney disease,ckd,ckd|no CKD
no CKD,9.75,CVD,0.01621524169640244,0.01664631539983657,Chronic kidney disease,ckd,ckd|no CKD
no CKD,9.75,Cancer,0.01993670512887499,0.02040519236844327,Chronic kidney disease,ckd,ckd|no CKD
no CKD,9.75,Other causes,0.0312981241670717,0.03189651527804537,Chronic kidney disease,ckd,ckd|no CKD
no CKD,10,CVD,0.01668325406909866,0.01714007393146137,Chronic kidney disease,ckd,ckd|no CKD
no CKD,10,Cancer,0.02081955589213116,0.02133283269851242,Chronic kidney disease,ckd,ckd|no CKD
no CKD,10,Other causes,0.03204006340724098,0.03266731180022023,Chronic kidney disease,ckd,ckd|no CKD
no CKD,10.25,CVD,0.0173698339840025,0.01786582291471018,Chronic kidney disease,ckd,ckd|no CKD
no CKD,10.25,Cancer,0.02138990422655975,0.02193313405174192,Chronic kidney disease,ckd,ckd|no CKD
no CKD,10.25,Other causes,0.0332513343285983,0.03392711190049497,Chronic kidney disease,ckd,ckd|no CKD
no CKD,10.5,CVD,0.01776235298773923,0.01828148428302539,Chronic kidney disease,ckd,ckd|no CKD
no CKD,10.5,Cancer,0.02206889561883681,0.02264918523194862,Chronic kidney disease,ckd,ckd|no CKD
no CKD,10.5,Other causes,0.03439098480903348,0.03511398791370036,Chronic kidney disease,ckd,ckd|no CKD
no CKD,10.75,CVD,0.01816810692468272,0.01871213650492894,Chronic kidney disease,ckd,ckd|no CKD
no CKD,10.75,Cancer,0.02263270071931884,0.02324478407642234,Chronic kidney disease,ckd,ckd|no CKD
no CKD,10.75,Other causes,0.03576654920073476,0.03654806874520801,Chronic kidney disease,ckd,ckd|no CKD
no CKD,11,CVD,0.01878294069131485,0.01936589816330777,Chronic kidney disease,ckd,ckd|no CKD
no CKD,11,Cancer,0.02295632877582042,0.02358727000075847,Chronic kidney disease,ckd,ckd|no CKD
no CKD,11,Other causes,0.03673982917770745,0.0375637790306409,Chronic kidney disease,ckd,ckd|no CKD
no CKD,11.25,CVD,0.01909817753350837,0.01970151498351333,Chronic kidney disease,ckd,ckd|no CKD
no CKD,11.25,Cancer,0.02375019203451086,0.02442869912687455,Chronic kidney disease,ckd,ckd|no CKD
no CKD,11.25,Other causes,0.0372398997593104,0.0380862223007067,Chronic kidney disease,ckd,ckd|no CKD
no CKD,11.5,CVD,0.01980929509220174,0.02045962771085129,Chronic kidney disease,ckd,ckd|no CKD
no CKD,11.5,Cancer,0.02424139754504783,0.02495002035656303,Chronic kidney disease,ckd,ckd|no CKD
no CKD,11.5,Other causes,0.03840972759744545,0.03931011000625201,Chronic kidney disease,ckd,ckd|no CKD
no CKD,11.75,CVD,0.020372224072286,0.02106090268439266,Chronic kidney disease,ckd,ckd|no CKD
no CKD,11.75,Cancer,0.02460218243282175,0.02533374226621043,Chronic kidney disease,ckd,ckd|no CKD
no CKD,11.75,Other causes,0.03947501675231667,0.04042581326947728,Chronic kidney disease,ckd,ckd|no CKD
no CKD,12,CVD,0.02108711709058685,0.02182630759252348,Chronic kidney disease,ckd,ckd|no CKD
no CKD,12,Cancer,0.02521491322000363,0.02598653852004827,Chronic kidney disease,ckd,ckd|no CKD
no CKD,12,Other causes,0.04080664275571219,0.0418217601560132,Chronic kidney disease,ckd,ckd|no CKD
no CKD,12.25,CVD,0.02145131934682872,0.02221676306684393,Chronic kidney disease,ckd,ckd|no CKD
no CKD,12.25,Cancer,0.02568614038585584,0.02648973526812939,Chronic kidney disease,ckd,ckd|no CKD
no CKD,12.25,Other causes,0.04205872756508919,0.04313628398749734,Chronic kidney disease,ckd,ckd|no CKD
no CKD,12.5,CVD,0.02227697577470737,0.02310355944792383,Chronic kidney disease,ckd,ckd|no CKD
no CKD,12.5,Cancer,0.02612480083169965,0.02695902324303616,Chronic kidney disease,ckd,ckd|no CKD
no CKD,12.5,Other causes,0.04302183821318994,0.04414851876538567,Chronic kidney disease,ckd,ckd|no CKD
no CKD,12.75,CVD,0.02304331891307596,0.02392787116810461,Chronic kidney disease,ckd,ckd|no CKD
no CKD,12.75,Cancer,0.02650005811555465,0.02736128028863477,Chronic kidney disease,ckd,ckd|no CKD
no CKD,12.75,Other causes,0.04383960070134947,0.04500906812591961,Chronic kidney disease,ckd,ckd|no CKD
no CKD,13,CVD,0.02407690043913873,0.02504159847806562,Chronic kidney disease,ckd,ckd|no CKD
no CKD,13,Cancer,0.02741626589313749,0.0283449896654532,Chronic kidney disease,ckd,ckd|no CKD
no CKD,13,Other causes,0.0450841725398176,0.04632097624833233,Chronic kidney disease,ckd,ckd|no CKD
no CKD,13.25,CVD,0.02470248467759819,0.02571693055605461,Chronic kidney disease,ckd,ckd|no CKD
no CKD,13.25,Cancer,0.02827030446868988,0.02926444357877344,Chronic kidney disease,ckd,ckd|no CKD
no CKD,13.25,Other causes,0.0469457625778029,0.0482876582256798,Chronic kidney disease,ckd,ckd|no CKD
no CKD,13.5,CVD,0.02549827461165273,0.0265792399882118,Chronic kidney disease,ckd,ckd|no CKD
no CKD,13.5,Cancer,0.02884954190951752,0.02988944212475632,Chronic kidney disease,ckd,ckd|no CKD
no CKD,13.5,Other causes,0.04841600957883825,0.04984304180925505,Chronic kidney disease,ckd,ckd|no CKD
no CKD,13.75,CVD,0.02599985378203478,0.02712363385159849,Chronic kidney disease,ckd,ckd|no CKD
no CKD,13.75,Cancer,0.02922301730806916,0.03029368688379615,Chronic kidney disease,ckd,ckd|no CKD
no CKD,13.75,Other causes,0.04930427356308595,0.05078386577402516,Chronic kidney disease,ckd,ckd|no CKD
no CKD,14,CVD,0.02681424542566553,0.0280093371442927,Chronic kidney disease,ckd,ckd|no CKD
no CKD,14,Cancer,0.03024164449904212,0.03139731510749618,Chronic kidney disease,ckd,ckd|no CKD
no CKD,14,Other causes,0.05089424106825565,0.05247086578514075,Chronic kidney disease,ckd,ckd|no CKD
no CKD,14.25,CVD,0.02768207454731297,0.02895581106208931,Chronic kidney disease,ckd,ckd|no CKD
no CKD,14.25,Cancer,0.03119110685630015,0.03242852773435769,Chronic kidney disease,ckd,ckd|no CKD
no CKD,14.25,Other causes,0.05241953863656654,0.05409294280781249,Chronic kidney disease,ckd,ckd|no CKD
no CKD,14.5,CVD,0.02855009940826656,0.02990568338436011,Chronic kidney disease,ckd,ckd|no CKD
no CKD,14.5,Cancer,0.03142931275095567,0.03268807828375091,Chronic kidney disease,ckd,ckd|no CKD
no CKD,14.5,Other causes,0.05448721427118394,0.05629407292630076,Chronic kidney disease,ckd,ckd|no CKD
no CKD,14.75,CVD,0.02990864467276546,0.03139521478030242,Chronic kidney disease,ckd,ckd|no CKD
no CKD,14.75,Cancer,0.03170680040468406,0.03299144141094216,Chronic kidney disease,ckd,ckd|no CKD
no CKD,14.75,Other causes,0.05601269385396903,0.05792061008582217,Chronic kidney disease,ckd,ckd|no CKD
no CKD,15,CVD,0.03034492504456765,0.03187465115833774,Chronic kidney disease,ckd,ckd|no CKD
no CKD,15,Cancer,0.03249946456580004,0.03386079292837266,Chronic kidney disease,ckd,ckd|no CKD
no CKD,15,Other causes,0.05758510571415288,0.05960007566173798,Chronic kidney disease,ckd,ckd|no CKD
no CKD,15.25,CVD,0.03143512705964584,0.03307529650424538,Chronic kidney disease,ckd,ckd|no CKD
no CKD,15.25,Cancer,0.03335505693906496,0.03480209913571983,Chronic kidney disease,ckd,ckd|no CKD
no CKD,15.25,Other causes,0.05917233835096414,0.06129832812561774,Chronic kidney disease,ckd,ckd|no CKD
no CKD,15.5,CVD,0.03206898663852732,0.03377507920394326,Chronic kidney disease,ckd,ckd|no CKD
no CKD,15.5,Cancer,0.03395502659831682,0.03546347873440756,Chronic kidney disease,ckd,ckd|no CKD
no CKD,15.5,Other causes,0.06053948605574918,0.06276447990031496,Chronic kidney disease,ckd,ckd|no CKD
no CKD,15.75,CVD,0.03276190530453274,0.03454215737017776,Chronic kidney disease,ckd,ckd|no CKD
no CKD,15.75,Cancer,0.0345650728131252,0.03613829355015705,Chronic kidney disease,ckd,ckd|no CKD
no CKD,15.75,Other causes,0.06259260847945843,0.06496846161803399,Chronic kidney disease,ckd,ckd|no CKD
no CKD,16,CVD,0.03334093284857907,0.03518535611139491,Chronic kidney disease,ckd,ckd|no CKD
no CKD,16,Cancer,0.03564079934879338,0.03733078439493008,Chronic kidney disease,ckd,ckd|no CKD
no CKD,16,Other causes,0.06439992429871497,0.06691205262666662,Chronic kidney disease,ckd,ckd|no CKD
no CKD,16.25,CVD,0.03382099494054742,0.03572033706602738,Chronic kidney disease,ckd,ckd|no CKD
no CKD,16.25,Cancer,0.03631069035518091,0.03807530207867743,Chronic kidney disease,ckd,ckd|no CKD
no CKD,16.25,Other causes,0.06570708285320523,0.06832011545410764,Chronic kidney disease,ckd,ckd|no CKD
no CKD,16.5,CVD,0.03463881086577893,0.03663351823920192,Chronic kidney disease,ckd,ckd|no CKD
no CKD,16.5,Cancer,0.03699340219169404,0.03883636719685007,Chronic kidney disease,ckd,ckd|no CKD
no CKD,16.5,Other causes,0.06733085451183073,0.07007158589547662,Chronic kidney disease,ckd,ckd|no CKD
no CKD,16.75,CVD,0.03585819513904426,0.03799964979074807,Chronic kidney disease,ckd,ckd|no CKD
no CKD,16.75,Cancer,0.03807734174333054,0.04004733747409466,Chronic kidney disease,ckd,ckd|no CKD
no CKD,16.75,Other causes,0.06876835778754312,0.07162494373439747,Chronic kidney disease,ckd,ckd|no CKD
no CKD,17,CVD,0.03705566099720359,0.03934509202921144,Chronic kidney disease,ckd,ckd|no CKD
no CKD,17,Cancer,0.03880304849451844,0.04086165828068167,Chronic kidney disease,ckd,ckd|no CKD
no CKD,17,Other causes,0.07110407217442619,0.0741555328224501,Chronic kidney disease,ckd,ckd|no CKD
no CKD,17.25,CVD,0.03869284540568568,0.04118940215058959,Chronic kidney disease,ckd,ckd|no CKD
no CKD,17.25,Cancer,0.03956649020090955,0.04172121017031793,Chronic kidney disease,ckd,ckd|no CKD
no CKD,17.25,Other causes,0.07173422766790664,0.07484028026423908,Chronic kidney disease,ckd,ckd|no CKD
no CKD,17.5,CVD,0.03958113922916093,0.04219159186878377,Chronic kidney disease,ckd,ckd|no CKD
no CKD,17.5,Cancer,0.04043188494555799,0.04269749205878721,Chronic kidney disease,ckd,ckd|no CKD
no CKD,17.5,Other causes,0.07309080160504712,0.07631884347325961,Chronic kidney disease,ckd,ckd|no CKD
no CKD,17.75,CVD,0.04101801384893348,0.04381735344273169,Chronic kidney disease,ckd,ckd|no CKD
no CKD,17.75,Cancer,0.04057717667569979,0.04286181693562491,Chronic kidney disease,ckd,ckd|no CKD
no CKD,17.75,Other causes,0.07381492236414872,0.0771090157792807,Chronic kidney disease,ckd,ckd|no CKD
no CKD,18,CVD,0.04210258339651074,0.04504771532506937,Chronic kidney disease,ckd,ckd|no CKD
no CKD,18,Cancer,0.04175814381544833,0.04420015732339631,Chronic kidney disease,ckd,ckd|no CKD
no CKD,18,Other causes,0.07592830805294518,0.07942027259584601,Chronic kidney disease,ckd,ckd|no CKD
