level,time,cause,cif,naive,group
diagnosed diabetes,0,CVD,1.1579873634955664e-4,1.1579873634962046e-4,Glycemic status
diagnosed diabetes,0,Cancer,0,0,Glycemic status
diagnosed diabetes,0,Other causes,2.5370599714391224e-5,2.5370599714430452e-5,Glycemic status
diagnosed diabetes,0.25,CVD,8.438262980981855e-4,8.444607521216008e-4,Glycemic status
diagnosed diabetes,0.25,Cancer,0.0010939070788542156,0.0010947530882259582,Glycemic status
diagnosed diabetes,0.25,Other causes,0.0026171532729173936,0.0026189010705063077,Glycemic status
diagnosed diabetes,0.5,CVD,0.003228109736188716,0.0032397259369988498,Glycemic status
diagnosed diabetes,0.5,Cancer,0.0012112424683219792,0.0012127555185192762,Glycemic status
diagnosed diabetes,0.5,Other causes,0.005160413345858007,0.005169459196123683,Glycemic status
diagnosed diabetes,0.75,CVD,0.006192313103335321,0.006227312469836566,Glycemic status
diagnosed diabetes,0.75,Cancer,0.0025599008028735467,0.0025754446483199412,Glycemic status
diagnosed diabetes,0.75,Other causes,0.007892125061553304,0.007916706627357545,Glycemic status
diagnosed diabetes,1,CVD,0.007993625905556898,0.008050852935546388,Glycemic status
diagnosed diabetes,1,Cancer,0.004121430119498351,0.0041605560082546515,Glycemic status
diagnosed diabetes,1,Other causes,0.010058410612880025,0.01010406758354666,Glycemic status
diagnosed diabetes,1.25,CVD,0.009459484075117588,0.009538973183293348,Glycemic status
diagnosed diabetes,1.25,Cancer,0.005033934977084941,0.0050905288771125375,Glycemic status
diagnosed diabetes,1.25,Other causes,0.012060029514671881,0.012133039135263968,Glycemic status
diagnosed diabetes,1.5,CVD,0.012028853694747769,0.012155883555045932,Glycemic status
diagnosed diabetes,1.5,Cancer,0.005758359609661754,0.0058318430970758,Glycemic status
diagnosed diabetes,1.5,Other causes,0.013967808493375727,0.014070699029089851,Glycemic status
diagnosed diabetes,1.75,CVD,0.013262244804443614,0.013416824989137122,Glycemic status
diagnosed diabetes,1.75,Cancer,0.006751227642460317,0.006853956449161353,Glycemic status
diagnosed diabetes,1.75,Other causes,0.017576074467737197,0.01774646584094656,Glycemic status
diagnosed diabetes,2,CVD,0.015361957964695703,0.015572733941907075,Glycemic status
diagnosed diabetes,2,Cancer,0.007636731333762514,0.007769119572753535,Glycemic status
diagnosed diabetes,2,Other causes,0.020524407081886,0.020758424078053096,Glycemic status
diagnosed diabetes,2.25,CVD,0.018876878313075256,0.019198487292662703,Glycemic status
diagnosed diabetes,2.25,Cancer,0.008463343281820952,0.008630290703241833,Glycemic status
diagnosed diabetes,2.25,Other causes,0.025259978802608093,0.025612158544487403,Glycemic status
diagnosed diabetes,2.5,CVD,0.02123129878061256,0.021642291036185635,Glycemic status
diagnosed diabetes,2.5,Cancer,0.00982973036998984,0.010062817498338927,Glycemic status
diagnosed diabetes,2.5,Other causes,0.028298597865268626,0.028739081981792352,Glycemic status
diagnosed diabetes,2.75,CVD,0.02321494160060883,0.023707388382645328,Glycemic status
diagnosed diabetes,2.75,Cancer,0.011153170968189708,0.011459429740033838,Glycemic status
diagnosed diabetes,2.75,Other causes,0.03287201957912536,0.03346923907298169,Glycemic status
diagnosed diabetes,3,CVD,0.02494940587908719,0.0255261920176706,Glycemic status
diagnosed diabetes,3,Cancer,0.013054816802165255,0.013478808739007276,Glycemic status
diagnosed diabetes,3,Other causes,0.036248153525603295,0.03697165443057449,Glycemic status
diagnosed diabetes,3.25,CVD,0.02722445958175303,0.027922430813069603,Glycemic status
diagnosed diabetes,3.25,Cancer,0.014137334726028501,0.014636733038382643,Glycemic status
diagnosed diabetes,3.25,Other causes,0.03917467157080418,0.040019741774857176,Glycemic status
diagnosed diabetes,3.5,CVD,0.02960783830862344,0.030447422608811815,Glycemic status
diagnosed diabetes,3.5,Cancer,0.016039476625333605,0.016684613235380202,Glycemic status
diagnosed diabetes,3.5,Other causes,0.043865307417571525,0.04492216400506356,Glycemic status
diagnosed diabetes,3.75,CVD,0.03274985400849923,0.03379577412383632,Glycemic status
diagnosed diabetes,3.75,Cancer,0.016857033183386178,0.017570862122848634,Glycemic status
diagnosed diabetes,3.75,Other causes,0.045782538443349265,0.04693562042169476,Glycemic status
diagnosed diabetes,4,CVD,0.035366863538164636,0.036597348194438,Glycemic status
diagnosed diabetes,4,Cancer,0.017723746388269335,0.01851610483525045,Glycemic status
diagnosed diabetes,4,Other causes,0.05055626854660866,0.05196960331876198,Glycemic status
diagnosed diabetes,4.25,CVD,0.03737202113054187,0.03875439148294519,Glycemic status
diagnosed diabetes,4.25,Cancer,0.01967932994764827,0.020662690416140644,Glycemic status
diagnosed diabetes,4.25,Other causes,0.05383849474707723,0.05544669747522524,Glycemic status
diagnosed diabetes,4.5,CVD,0.04064584496583078,0.0423006333763528,Glycemic status
diagnosed diabetes,4.5,Cancer,0.02016055341009714,0.021193994839988378,Glycemic status
diagnosed diabetes,4.5,Other causes,0.057983513682051666,0.05985569281482615,Glycemic status
diagnosed diabetes,4.75,CVD,0.043071124661998694,0.044937834124281976,Glycemic status
diagnosed diabetes,4.75,Cancer,0.021220507354719167,0.02237211369769388,Glycemic status
diagnosed diabetes,4.75,Other causes,0.05938801232624525,0.06135825553051599,Glycemic status
diagnosed diabetes,5,CVD,0.04726789012872531,0.04952543989296107,Glycemic status
diagnosed diabetes,5,Cancer,0.023284684653713226,0.02468709473909897,Glycemic status
diagnosed diabetes,5,Other causes,0.06430624572258621,0.0666342298825133,Glycemic status
diagnosed diabetes,5.25,CVD,0.05133949247044853,0.05401051537958928,Glycemic status
diagnosed diabetes,5.25,Cancer,0.025046575105904804,0.02667677731756051,Glycemic status
diagnosed diabetes,5.25,Other causes,0.06788940245257073,0.07050790332829185,Glycemic status
diagnosed diabetes,5.5,CVD,0.053954565114091135,0.05690600890945639,Glycemic status
diagnosed diabetes,5.5,Cancer,0.026242687232753047,0.028039270060061232,Glycemic status
diagnosed diabetes,5.5,Other causes,0.07114489389011304,0.074050501659378,Glycemic status
diagnosed diabetes,5.75,CVD,0.0560780792665853,0.05927156873329041,Glycemic status
diagnosed diabetes,5.75,Cancer,0.028548226274321804,0.030682706531212793,Glycemic status
diagnosed diabetes,5.75,Other causes,0.07475920664276381,0.07800436601221872,Glycemic status
diagnosed diabetes,6,CVD,0.06015035036853545,0.0638415694704752,Glycemic status
diagnosed diabetes,6,Cancer,0.02977902534877306,0.03210543361324781,Glycemic status
diagnosed diabetes,6,Other causes,0.07817250724641278,0.0817526369834253,Glycemic status
diagnosed diabetes,6.25,CVD,0.0633638252020108,0.06746230351150585,Glycemic status
diagnosed diabetes,6.25,Cancer,0.030840320509958247,0.03334602394556194,Glycemic status
diagnosed diabetes,6.25,Other causes,0.08168574406323119,0.0856359415039565,Glycemic status
diagnosed diabetes,6.5,CVD,0.06732321294597464,0.07194791624114301,Glycemic status
diagnosed diabetes,6.5,Cancer,0.03240875693100885,0.035190735515412457,Glycemic status
diagnosed diabetes,6.5,Other causes,0.08394547713545752,0.08815051516598993,Glycemic status
diagnosed diabetes,6.75,CVD,0.0697086376335332,0.0746634802848675,Glycemic status
diagnosed diabetes,6.75,Cancer,0.03357501426654179,0.03657137538154319,Glycemic status
diagnosed diabetes,6.75,Other causes,0.08859600162466597,0.09335814873738765,Glycemic status
diagnosed diabetes,7,CVD,0.07233285072329226,0.0776766025570217,Glycemic status
diagnosed diabetes,7,Cancer,0.035157838308811015,0.03846251186208958,Glycemic status
diagnosed diabetes,7,Other causes,0.09284595413234127,0.09813535470523396,Glycemic status
diagnosed diabetes,7.25,CVD,0.07417641018829221,0.0798045971555682,Glycemic status
diagnosed diabetes,7.25,Cancer,0.03557613282956532,0.038965929548178443,Glycemic status
diagnosed diabetes,7.25,Other causes,0.0944822355702519,0.09998221312708451,Glycemic status
diagnosed diabetes,7.5,CVD,0.07572926463946338,0.08160557545315184,Glycemic status
diagnosed diabetes,7.5,Cancer,0.03710856764976579,0.04081903969408402,Glycemic status
diagnosed diabetes,7.5,Other causes,0.09903671485698226,0.10514144426157515,Glycemic status
diagnosed diabetes,7.75,CVD,0.07942204896683965,0.08591832013402952,Glycemic status
diagnosed diabetes,7.75,Cancer,0.038622468767736035,0.04266880396898901,Glycemic status
diagnosed diabetes,7.75,Other causes,0.10288145299867367,0.10951542588865754,Glycemic status
diagnosed diabetes,8,CVD,0.08274444438278591,0.08982465061946257,Glycemic status
diagnosed diabetes,8,Cancer,0.039869138195217695,0.04420117779935996,Glycemic status
diagnosed diabetes,8,Other causes,0.10484010410638794,0.11175821924050446,Glycemic status
diagnosed diabetes,8.25,CVD,0.08420942913514524,0.09155502796213959,Glycemic status
diagnosed diabetes,8.25,Cancer,0.040198934340613474,0.04460937809277689,Glycemic status
diagnosed diabetes,8.25,Other causes,0.11087708638916864,0.1187062640267805,Glycemic status
diagnosed diabetes,8.5,CVD,0.08585690525860462,0.09351798621236135,Glycemic status
diagnosed diabetes,8.5,Cancer,0.040945564510456806,0.045544591692078105,Glycemic status
diagnosed diabetes,8.5,Other causes,0.1170845997656176,0.12586868567423956,Glycemic status
diagnosed diabetes,8.75,CVD,0.08951633319273329,0.09791373432750886,Glycemic status
diagnosed diabetes,8.75,Cancer,0.04228346976430522,0.04724398644297892,Glycemic status
diagnosed diabetes,8.75,Other causes,0.12228256724091681,0.13189242039888402,Glycemic status
diagnosed diabetes,9,CVD,0.09011973227293198,0.09864543871863246,Glycemic status
diagnosed diabetes,9,Cancer,0.04290837609418939,0.04804485041235878,Glycemic status
diagnosed diabetes,9,Other causes,0.12593093425589338,0.1361393757535403,Glycemic status
diagnosed diabetes,9.25,CVD,0.09278465352222598,0.10188928286711438,Glycemic status
diagnosed diabetes,9.25,Cancer,0.04351456645648456,0.048826567814122944,Glycemic status
diagnosed diabetes,9.25,Other causes,0.12945261422696858,0.14025368189715706,Glycemic status
diagnosed diabetes,9.5,CVD,0.09507372318616075,0.10469319685183222,Glycemic status
diagnosed diabetes,9.5,Cancer,0.04356458073451124,0.04889143646053764,Glycemic status
diagnosed diabetes,9.5,Other causes,0.13353273493664786,0.1450367063187535,Glycemic status
diagnosed diabetes,9.75,CVD,0.09736139010839286,0.10751339906538472,Glycemic status
diagnosed diabetes,9.75,Cancer,0.04395058624349179,0.04939756931709183,Glycemic status
diagnosed diabetes,9.75,Other causes,0.13741902311663293,0.14960677125484598,Glycemic status
diagnosed diabetes,10,CVD,0.09940599707386401,0.11004574389330493,Glycemic status
diagnosed diabetes,10,Cancer,0.044230299739463005,0.04976622006657116,Glycemic status
diagnosed diabetes,10,Other causes,0.14001807494773313,0.15267540915244712,Glycemic status
diagnosed diabetes,10.25,CVD,0.10159055461996098,0.11276224795588002,Glycemic status
diagnosed diabetes,10.25,Cancer,0.04540942957792598,0.051334677224387164,Glycemic status
diagnosed diabetes,10.25,Other causes,0.1411996295011225,0.15407501772809273,Glycemic status
diagnosed diabetes,10.5,CVD,0.10618402053595018,0.11849909823195166,Glycemic status
diagnosed diabetes,10.5,Cancer,0.046702922952774804,0.05306825249404611,Glycemic status
diagnosed diabetes,10.5,Other causes,0.14471623288046728,0.15826248918958688,Glycemic status
diagnosed diabetes,10.75,CVD,0.1093835275983501,0.12252796385122142,Glycemic status
diagnosed diabetes,10.75,Cancer,0.048632703409100086,0.05568461831226728,Glycemic status
diagnosed diabetes,10.75,Other causes,0.14892792167090071,0.16331739996272937,Glycemic status
diagnosed diabetes,11,CVD,0.1108012153226828,0.12432454200618204,Glycemic status
diagnosed diabetes,11,Cancer,0.04934722236634352,0.05665952237572676,Glycemic status
diagnosed diabetes,11,Other causes,0.1507430298708533,0.1655112331881366,Glycemic status
diagnosed diabetes,11.25,CVD,0.11336252514914162,0.12758376118848125,Glycemic status
diagnosed diabetes,11.25,Cancer,0.05070991070463503,0.0585358069223114,Glycemic status
diagnosed diabetes,11.25,Other causes,0.15398489467653984,0.16944188029093282,Glycemic status
diagnosed diabetes,11.5,CVD,0.11656123756934163,0.13168229076671467,Glycemic status
diagnosed diabetes,11.5,Cancer,0.05097135594113463,0.058899001697182776,Glycemic status
diagnosed diabetes,11.5,Other causes,0.1565612346790114,0.1725851465747317,Glycemic status
diagnosed diabetes,11.75,CVD,0.11956891332217272,0.1355519264439876,Glycemic status
diagnosed diabetes,11.75,Cancer,0.051811722823443075,0.0600718074512008,Glycemic status
diagnosed diabetes,11.75,Other causes,0.16064150404909971,0.17759136282106075,Glycemic status
diagnosed diabetes,12,CVD,0.12439117825574247,0.14181889814943874,Glycemic status
diagnosed diabetes,12,Cancer,0.05251764760311349,0.061069607234104935,Glycemic status
diagnosed diabetes,12,Other causes,0.16705237141360432,0.18549516679776185,Glycemic status
diagnosed diabetes,12.25,CVD,0.1259509442172481,0.14386009051519064,Glycemic status
diagnosed diabetes,12.25,Cancer,0.05251764760311349,0.061069607234104935,Glycemic status
diagnosed diabetes,12.25,Other causes,0.1697092827828261,0.18879880429424234,Glycemic status
diagnosed diabetes,12.5,CVD,0.1295607743786334,0.1486194813882046,Glycemic status
diagnosed diabetes,12.5,Cancer,0.053766333700487175,0.06288279554567862,Glycemic status
diagnosed diabetes,12.5,Other causes,0.17524120855623776,0.19569439213588638,Glycemic status
diagnosed diabetes,12.75,CVD,0.13271860122321072,0.15282301662534414,Glycemic status
diagnosed diabetes,12.75,Cancer,0.05488370010430878,0.06452063943058324,Glycemic status
diagnosed diabetes,12.75,Other causes,0.17723934323160312,0.1982014108535175,Glycemic status
diagnosed diabetes,13,CVD,0.1370926494177026,0.15867857063657556,Glycemic status
diagnosed diabetes,13,Cancer,0.05629039047124718,0.06659245331895014,Glycemic status
diagnosed diabetes,13,Other causes,0.17911409494610173,0.2005759658339256,Glycemic status
diagnosed diabetes,13.25,CVD,0.13717593592235647,0.15879111616368366,Glycemic status
diagnosed diabetes,13.25,Cancer,0.05636595527233145,0.06670488403291262,Glycemic status
diagnosed diabetes,13.25,Other causes,0.18584599417274766,0.2091525430232797,Glycemic status
diagnosed diabetes,13.5,CVD,0.1392342197539285,0.16159136804438023,Glycemic status
diagnosed diabetes,13.5,Cancer,0.05762067629545301,0.06859852082895673,Glycemic status
diagnosed diabetes,13.5,Other causes,0.1917976927095056,0.2167528485652543,Glycemic status
diagnosed diabetes,13.75,CVD,0.1406284657584179,0.1635117163761709,Glycemic status
diagnosed diabetes,13.75,Cancer,0.05815962676849113,0.06942376538684396,Glycemic status
diagnosed diabetes,13.75,Other causes,0.1974189921907825,0.2239607876520237,Glycemic status
diagnosed diabetes,14,CVD,0.1447952621744233,0.1693228032568712,Glycemic status
diagnosed diabetes,14,Cancer,0.060457313904406895,0.07297644142367929,Glycemic status
diagnosed diabetes,14,Other causes,0.20449314009121305,0.23308441229235266,Glycemic status
diagnosed diabetes,14.25,CVD,0.1479147452761615,0.1737203742227891,Glycemic status
diagnosed diabetes,14.25,Cancer,0.060457313904406895,0.07297644142367929,Glycemic status
diagnosed diabetes,14.25,Other causes,0.20721477094082116,0.2366245239677687,Glycemic status
diagnosed diabetes,14.5,CVD,0.15268540182632867,0.1804837952569728,Glycemic status
diagnosed diabetes,14.5,Cancer,0.06142978802679622,0.07452024620001989,Glycemic status
diagnosed diabetes,14.5,Other causes,0.20953329885291186,0.2396593760605058,Glycemic status
diagnosed diabetes,14.75,CVD,0.15701720831772892,0.1866589513699516,Glycemic status
diagnosed diabetes,14.75,Cancer,0.061623205671062206,0.07483210410812292,Glycemic status
diagnosed diabetes,14.75,Other causes,0.21100282694864267,0.24159802270644576,Glycemic status
diagnosed diabetes,15,CVD,0.1596374091576958,0.19041301647780806,Glycemic status
diagnosed diabetes,15,Cancer,0.061623205671062206,0.07483210410812292,Glycemic status
diagnosed diabetes,15,Other causes,0.21886207366757995,0.25206655399463085,Glycemic status
diagnosed diabetes,15.25,CVD,0.15972256046108882,0.19053695418086708,Glycemic status
diagnosed diabetes,15.25,Cancer,0.06255974426647681,0.07638984374905904,Glycemic status
diagnosed diabetes,15.25,Other causes,0.22676142242540107,0.26261920031233393,Glycemic status
diagnosed diabetes,15.5,CVD,0.16425073983044006,0.19720205039701083,Glycemic status
diagnosed diabetes,15.5,Cancer,0.06426984284628925,0.07925661332057368,Glycemic status
diagnosed diabetes,15.5,Other causes,0.23186196212756008,0.2694742702677534,Glycemic status
diagnosed diabetes,15.75,CVD,0.1685104186133312,0.2035733414732074,Glycemic status
diagnosed diabetes,15.75,Cancer,0.0659557010914344,0.08217711211238204,Glycemic status
diagnosed diabetes,15.75,Other causes,0.23924417449553734,0.27950912753283524,Glycemic status
diagnosed diabetes,16,CVD,0.1693257969965242,0.2048072420831957,Glycemic status
diagnosed diabetes,16,Cancer,0.06717438653222092,0.08430243891245898,Glycemic status
diagnosed diabetes,16,Other causes,0.24190137843136642,0.283159612120021,Glycemic status
diagnosed diabetes,16.25,CVD,0.1696942980031711,0.20536903322848768,Glycemic status
diagnosed diabetes,16.25,Cancer,0.06863010278150271,0.08685803725893526,Glycemic status
diagnosed diabetes,16.25,Other causes,0.2442492767530053,0.28639768807278887,Glycemic status
diagnosed diabetes,16.5,CVD,0.17326423928850995,0.2108569440515992,Glycemic status
diagnosed diabetes,16.5,Cancer,0.070718264194258,0.09054681824453346,Glycemic status
diagnosed diabetes,16.5,Other causes,0.24863780804713942,0.2924816555661977,Glycemic status
diagnosed diabetes,16.75,CVD,0.1751512789717952,0.21379420203746877,Glycemic status
diagnosed diabetes,16.75,Cancer,0.07185314122280263,0.09258185375921697,Glycemic status
diagnosed diabetes,16.75,Other causes,0.2500892362313565,0.2945171796062822,Glycemic status
diagnosed diabetes,17,CVD,0.17568552821187178,0.21463375467585086,Glycemic status
diagnosed diabetes,17,Cancer,0.07185314122280263,0.09258185375921697,Glycemic status
diagnosed diabetes,17,Other causes,0.2585681472964227,0.30641716679365794,Glycemic status
diagnosed diabetes,17.25,CVD,0.18367377735913848,0.22733989205206143,Glycemic status
diagnosed diabetes,17.25,Cancer,0.07185314122280263,0.09258185375921697,Glycemic status
diagnosed diabetes,17.25,Other causes,0.2587177118832895,0.30662720297155294,Glycemic status
diagnosed diabetes,17.5,CVD,0.18510785500909696,0.22962252575992725,Glycemic status
diagnosed diabetes,17.5,Cancer,0.07185314122280263,0.09258185375921697,Glycemic status
diagnosed diabetes,17.5,Other causes,0.26299874529158285,0.3127379997921206,Glycemic status
diagnosed diabetes,17.75,CVD,0.18510785500909696,0.22962252575992725,Glycemic status
diagnosed diabetes,17.75,Cancer,0.07185314122280263,0.09258185375921697,Glycemic status
diagnosed diabetes,17.75,Other causes,0.26657066688121206,0.31785183381874904,Glycemic status
diagnosed diabetes,18,CVD,0.18633759520539336,0.23161083104140165,Glycemic status
diagnosed diabetes,18,Cancer,0.07452424185618005,0.09766887876663498,Glycemic status
diagnosed diabetes,18,Other causes,0.2693844008063392,0.3218979897314577,Glycemic status
normal,0,CVD,2.4873386174569286e-5,2.4873386174600887e-5,Glycemic status
normal,0,Cancer,0,0,Glycemic status
normal,0,Other causes,1.5761980362717175e-5,1.5761980362749562e-5,Glycemic status
normal,0.25,CVD,3.231622362038946e-4,3.232238807794496e-4,Glycemic status
normal,0.25,Cancer,3.287747082804902e-4,3.2884330628643046e-4,Glycemic status
normal,0.25,Other causes,3.0173878680276846e-4,3.018147594067322e-4,Glycemic status
normal,0.5,CVD,6.129229221763486e-4,6.132673474963657e-4,Glycemic status
normal,0.5,Cancer,7.267159326776024e-4,7.271181441543539e-4,Glycemic status
normal,0.5,Other causes,6.72814549687831e-4,6.731979988955084e-4,Glycemic status
normal,0.75,CVD,8.740901076382829e-4,8.748946442745931e-4,Glycemic status
normal,0.75,Cancer,0.0010700274917592324,0.0010710847932714595,Glycemic status
normal,0.75,Other causes,0.0014569659117079805,0.0014584884760994398,Glycemic status
normal,1,CVD,0.0013534383247616503,0.0013556413318929871,Glycemic status
normal,1,Cancer,0.001264404101483118,0.00126605945750497,Glycemic status
normal,1,Other causes,0.0021368673731876637,0.002139781656899786,Glycemic status
normal,1.25,CVD,0.0016377696282176308,0.0016411002077867999,Glycemic status
normal,1.25,Cancer,0.0015920937093615037,0.0015950228102561803,Glycemic status
normal,1.25,Other causes,0.0027986784619118315,0.002803390247553994,Glycemic status
normal,1.5,CVD,0.002027904143535481,0.002033064180285926,Glycemic status
normal,1.5,Cancer,0.001897713652117584,0.0019020339443019951,Glycemic status
normal,1.5,Other causes,0.0032832386805678247,0.0032897061149047557,Glycemic status
normal,1.75,CVD,0.0023277438843111414,0.0023345452790155376,Glycemic status
normal,1.75,Cancer,0.0022043404309241626,0.0022104631048552536,Glycemic status
normal,1.75,Other causes,0.003950168776748803,0.0039593753355818325,Glycemic status
normal,2,CVD,0.0026785924297385738,0.0026877244257033418,Glycemic status
normal,2,Cancer,0.002930738012039254,0.002941655752399047,Glycemic status
normal,2,Other causes,0.004707322595216234,0.00472038267061709,Glycemic status
normal,2.25,CVD,0.002978142917615014,0.0029897372885988927,Glycemic status
normal,2.25,Cancer,0.0032847144824552565,0.0032983194493105216,Glycemic status
normal,2.25,Other causes,0.005314617330812772,0.005331256461303974,Glycemic status
normal,2.5,CVD,0.0033202073982646877,0.003334854899121287,Glycemic status
normal,2.5,Cancer,0.003457567262436473,0.0034727004980437516,Glycemic status
normal,2.5,Other causes,0.005873008650498656,0.00589325281818045,Glycemic status
normal,2.75,CVD,0.003778584777745349,0.003797747241910099,Glycemic status
normal,2.75,Cancer,0.003967542066256094,0.003987585679126726,Glycemic status
normal,2.75,Other causes,0.0063627950435745165,0.006386529525895884,Glycemic status
normal,3,CVD,0.004349925368729684,0.004375289163172214,Glycemic status
normal,3,Cancer,0.0042414843305272855,0.004264481010113219,Glycemic status
normal,3,Other causes,0.007058819095689093,0.0070881549065430595,Glycemic status
normal,3.25,CVD,0.004705539846803359,0.004735089372996682,Glycemic status
normal,3.25,Cancer,0.004826256118208918,0.004856155489790792,Glycemic status
normal,3.25,Other causes,0.007462198416197735,0.007495187574750484,Glycemic status
normal,3.5,CVD,0.005080809260788054,0.005115251210439359,Glycemic status
normal,3.5,Cancer,0.005132662763829616,0.005166451471771466,Glycemic status
normal,3.5,Other causes,0.008398658164444189,0.008440883479562612,Glycemic status
normal,3.75,CVD,0.005731772917785537,0.005775406066851729,Glycemic status
normal,3.75,Cancer,0.005361631355163131,0.005398623925148999,Glycemic status
normal,3.75,Other causes,0.009214004524075791,0.009264975281153599,Glycemic status
normal,4,CVD,0.006093018115660886,0.006142101333453715,Glycemic status
normal,4,Cancer,0.005556359308921194,0.005596420967634736,Glycemic status
normal,4,Other causes,0.009825701305837186,0.009883651689766654,Glycemic status
normal,4.25,CVD,0.0064103072984487116,0.0064645360995609245,Glycemic status
normal,4.25,Cancer,0.006000894107531004,0.006048304360759471,Glycemic status
normal,4.25,Other causes,0.010875540047603913,0.010946275104124919,Glycemic status
normal,4.5,CVD,0.006926849276928557,0.006990162868601696,Glycemic status
normal,4.5,Cancer,0.006379884061893083,0.006434204504320551,Glycemic status
normal,4.5,Other causes,0.011806395389960887,0.011889181966526784,Glycemic status
normal,4.75,CVD,0.0076482723799997186,0.007725260281691159,Glycemic status
normal,4.75,Cancer,0.006759374713700161,0.006821056007171833,Glycemic status
normal,4.75,Other causes,0.012770392560863748,0.012866882742157448,Glycemic status
normal,5,CVD,0.008276569492786191,0.00836671178505068,Glycemic status
normal,5,Cancer,0.007343669339148744,0.007417745249648877,Glycemic status
normal,5,Other causes,0.013943047666080085,0.014057311033309738,Glycemic status
normal,5.25,CVD,0.008612262573558807,0.008709984333883808,Glycemic status
normal,5.25,Cancer,0.0077987624242232,0.007883401072945672,Glycemic status
normal,5.25,Other causes,0.014743940804292362,0.014871138948889839,Glycemic status
normal,5.5,CVD,0.009124423799961834,0.009234296053037295,Glycemic status
normal,5.5,Cancer,0.008151743254147302,0.008244999366621254,Glycemic status
normal,5.5,Other causes,0.015593254149385609,0.015734953436436307,Glycemic status
normal,5.75,CVD,0.009762057671078565,0.009887869421843238,Glycemic status
normal,5.75,Cancer,0.00833412743338812,0.008432154944387626,Glycemic status
normal,5.75,Other causes,0.01679414184977203,0.016957405457948528,Glycemic status
normal,6,CVD,0.01015491667868014,0.010291050852798434,Glycemic status
normal,6,Cancer,0.009071623528355863,0.0091902616185383975,Glycemic status
normal,6,Other causes,0.01752455590924367,0.017701649774767923,Glycemic status
normal,6.25,CVD,0.010426880619049457,0.01057056674874346,Glycemic status
normal,6.25,Cancer,0.00978267098448743,0.009921810816786291,Glycemic status
normal,6.25,Other causes,0.018020964594584483,0.018208124208829092,Glycemic status
normal,6.5,CVD,0.011270188669581481,0.011438742397105984,Glycemic status
normal,6.5,Cancer,0.010448820628996353,0.01060800023441102,Glycemic status
normal,6.5,Other causes,0.019172479251052667,0.01938422501107794,Glycemic status
normal,6.75,CVD,0.011782689365287665,0.011967167445036064,Glycemic status
normal,6.75,Cancer,0.01089740387327416,0.011070969946005805,Glycemic status
normal,6.75,Other causes,0.02006449015840754,0.02029663129118874,Glycemic status
normal,7,CVD,0.012228884435321004,0.012428156722787015,Glycemic status
normal,7,Cancer,0.011508330564722998,0.011702280950588778,Glycemic status
normal,7,Other causes,0.02069745119795983,0.02094454932667323,Glycemic status
normal,7.25,CVD,0.012703688796400266,0.012919074305498579,Glycemic status
normal,7.25,Cancer,0.012051238748815949,0.012264174706979086,Glycemic status
normal,7.25,Other causes,0.021579021736356712,0.021848044365850666,Glycemic status
normal,7.5,CVD,0.013065676627747136,0.013293906676484423,Glycemic status
normal,7.5,Cancer,0.012404474154168352,0.012630130086205504,Glycemic status
normal,7.5,Other causes,0.022690371177631063,0.022988352938007474,Glycemic status
normal,7.75,CVD,0.013700408444707294,0.013952251066324372,Glycemic status
normal,7.75,Cancer,0.012703303452464353,0.012940250667313835,Glycemic status
normal,7.75,Other causes,0.02390571631612411,0.024236311941171002,Glycemic status
normal,8,CVD,0.01412384560742609,0.01439207262699207,Glycemic status
normal,8,Cancer,0.013116804483726442,0.013370184121076423,Glycemic status
normal,8,Other causes,0.025039566587811216,0.025401797596776597,Glycemic status
normal,8.25,CVD,0.014605269973431244,0.01489292837747474,Glycemic status
normal,8.25,Cancer,0.01376767517367852,0.014048302556452369,Glycemic status
normal,8.25,Other causes,0.02572527497030064,0.02610708811206091,Glycemic status
normal,8.5,CVD,0.014989131634996994,0.015292819457023304,Glycemic status
normal,8.5,Cancer,0.014091908844469583,0.014386452010920587,Glycemic status
normal,8.5,Other causes,0.02675885393560757,0.02717156270576518,Glycemic status
normal,8.75,CVD,0.015156570266183668,0.015467472415891203,Glycemic status
normal,8.75,Cancer,0.014286157426540862,0.014589299621820023,Glycemic status
normal,8.75,Other causes,0.027485304328144385,0.027920198096704235,Glycemic status
normal,9,CVD,0.015805017074150114,0.016144880975502745,Glycemic status
normal,9,Cancer,0.014670956821531075,0.01499160240481991,Glycemic status
normal,9,Other causes,0.02847121535547283,0.02893670557842821,Glycemic status
normal,9.25,CVD,0.016605426294317827,0.016981971965339793,Glycemic status
normal,9.25,Cancer,0.015296238266068518,0.015646374045880727,Glycemic status
normal,9.25,Other causes,0.029162900305025084,0.0296509886810681,Glycemic status
normal,9.5,CVD,0.017203465538965367,0.01760829012346531,Glycemic status
normal,9.5,Cancer,0.015978414214710048,0.01636213106172459,Glycemic status
normal,9.5,Other causes,0.03031476715051653,0.030842018039480668,Glycemic status
normal,9.75,CVD,0.017610123075483344,0.018035016978222074,Glycemic status
normal,9.75,Cancer,0.016497771141925428,0.016908029965995903,Glycemic status
normal,9.75,Other causes,0.031308416492249504,0.031870610699266395,Glycemic status
normal,10,CVD,0.018250217328826243,0.018707970592049504,Glycemic status
normal,10,Cancer,0.01728922465971299,0.017740864397132527,Glycemic status
normal,10,Other causes,0.032094426461637196,0.03268534815590836,Glycemic status
normal,10.25,CVD,0.018871597322654022,0.01936273656018004,Glycemic status
normal,10.25,Cancer,0.01786412636783211,0.0183466829195184,Glycemic status
normal,10.25,Other causes,0.033259766370004884,0.03389474310011968,Glycemic status
normal,10.5,CVD,0.019298193681388607,0.019812872705239994,Glycemic status
normal,10.5,Cancer,0.018439658180349053,0.01895436885626352,Glycemic status
normal,10.5,Other causes,0.03453327453929099,0.03521828859015148,Glycemic status
normal,10.75,CVD,0.019729189642463375,0.02026862501983486,Glycemic status
normal,10.75,Cancer,0.018846625135592928,0.01938498953708718,Glycemic status
normal,10.75,Other causes,0.03600303899168363,0.036747166697649006,Glycemic status
normal,11,CVD,0.02012953854762451,0.020692633660595178,Glycemic status
normal,11,Cancer,0.018975994035794252,0.01952210319331048,Glycemic status
normal,11,Other causes,0.036908721928154434,0.03769013278776898,Glycemic status
normal,11.25,CVD,0.02053885413862664,0.021126656948523347,Glycemic status
normal,11.25,Cancer,0.019465657612749793,0.020042053864848326,Glycemic status
normal,11.25,Other causes,0.03765190856884213,0.03846427311430234,Glycemic status
normal,11.5,CVD,0.020942865706021427,0.021555509506298476,Glycemic status
normal,11.5,Cancer,0.01978873090533756,0.020385418776846,Glycemic status
normal,11.5,Other causes,0.03831285790382201,0.039153604080206114,Glycemic status
normal,11.75,CVD,0.02130769459101801,0.021943314969081702,Glycemic status
normal,11.75,Cancer,0.02026342702990346,0.020890524446507443,Glycemic status
normal,11.75,Other causes,0.03923275128924729,0.040113677273845044,Glycemic status
normal,12,CVD,0.02182609104990678,0.022495382623895464,Glycemic status
normal,12,Cancer,0.020700013932870714,0.021355887497504868,Glycemic status
normal,12,Other causes,0.040302145225042274,0.04123061363951243,Glycemic status
normal,12.25,CVD,0.02206861150002375,0.02275395872277779,Glycemic status
normal,12.25,Cancer,0.020988571321810166,0.02166398108389942,Glycemic status
normal,12.25,Other causes,0.04154569228193987,0.04253078615317667,Glycemic status
normal,12.5,CVD,0.02248710382919312,0.023200830956086882,Glycemic status
normal,12.5,Cancer,0.021367825590828213,0.02206950240416204,Glycemic status
normal,12.5,Other causes,0.04206529157121738,0.0430743734239781,Glycemic status
normal,12.75,CVD,0.023102391129314163,0.02385854089839996,Glycemic status
normal,12.75,Cancer,0.021699327788972156,0.02242447643026472,Glycemic status
normal,12.75,Other causes,0.042844844583642655,0.04389069997243501,Glycemic status
normal,13,CVD,0.023742819198960718,0.024544419309173338,Glycemic status
normal,13,Cancer,0.02236172683841112,0.023134468538069546,Glycemic status
normal,13,Other causes,0.04383602448239568,0.044929844685828356,Glycemic status
normal,13.25,CVD,0.024350200383937447,0.02519578791670196,Glycemic status
normal,13.25,Cancer,0.023032303771321788,0.02385482681509187,Glycemic status
normal,13.25,Other causes,0.045095982902722216,0.04625281308231077,Glycemic status
normal,13.5,CVD,0.024687021286141603,0.025557854970410736,Glycemic status
normal,13.5,Cancer,0.02360528862335217,0.024471409489150546,Glycemic status
normal,13.5,Other causes,0.04618772390491928,0.04740054740334881,Glycemic status
normal,13.75,CVD,0.02511787378436089,0.026021640796113625,Glycemic status
normal,13.75,Cancer,0.02392915434661739,0.024820554272559033,Glycemic status
normal,13.75,Other causes,0.0467592032055759,0.04800191740802852,Glycemic status
normal,14,CVD,0.02586277967985148,0.026824538837433853,Glycemic status
normal,14,Cancer,0.024728880392590788,0.025683259687054392,Glycemic status
normal,14,Other causes,0.047782436804550146,0.049080403413703025,Glycemic status
normal,14.25,CVD,0.026804484475559137,0.027841704139364883,Glycemic status
normal,14.25,Cancer,0.025427379257001587,0.02643822275601481,Glycemic status
normal,14.25,Other causes,0.04921797266577985,0.05059608115739335,Glycemic status
normal,14.5,CVD,0.027346167284543657,0.028428620306280787,Glycemic status
normal,14.5,Cancer,0.025771220323659166,0.026811131381902775,Glycemic status
normal,14.5,Other causes,0.05120246970734869,0.05269312762078473,Glycemic status
normal,14.75,CVD,0.028263235760675888,0.029424356343820783,Glycemic status
normal,14.75,Cancer,0.026108807825897515,0.027178450188950643,Glycemic status
normal,14.75,Other causes,0.05289119318762734,0.05447968032149142,Glycemic status
normal,15,CVD,0.028496634236283812,0.02967838059189733,Glycemic status
normal,15,Cancer,0.02673212923731654,0.027857974042487143,Glycemic status
normal,15,Other causes,0.0536453900940276,0.055278567273389076,Glycemic status
normal,15.25,CVD,0.029274011037996064,0.030525452937169868,Glycemic status
normal,15.25,Cancer,0.0272320634797255,0.028403815486647742,Glycemic status
normal,15.25,Other causes,0.05475633612978268,0.05645682220613196,Glycemic status
normal,15.5,CVD,0.029671565932780544,0.030959168921297076,Glycemic status
normal,15.5,Cancer,0.02738779333262382,0.02857407008663339,Glycemic status
normal,15.5,Other causes,0.055795746350516706,0.05756074462594077,Glycemic status
normal,15.75,CVD,0.030083784636658843,0.03140981382157928,Glycemic status
normal,15.75,Cancer,0.027875462704083007,0.02910871941352237,Glycemic status
normal,15.75,Other causes,0.057357816670633124,0.05922048482962956,Glycemic status
normal,16,CVD,0.03021532785082799,0.031553965589179986,Glycemic status
normal,16,Cancer,0.02898775642341708,0.030329825102164726,Glycemic status
normal,16,Other causes,0.05894541443413063,0.060909638314178484,Glycemic status
normal,16.25,CVD,0.030590996208374053,0.0319667348069465,Glycemic status
normal,16.25,Cancer,0.029259669667524794,0.030628816678912853,Glycemic status
normal,16.25,Other causes,0.05982862416406296,0.06185050442987723,Glycemic status
normal,16.5,CVD,0.030946842155783787,0.032358256816177655,Glycemic status
normal,16.5,Cancer,0.029606635765101256,0.031011158510991864,Glycemic status
normal,16.5,Other causes,0.06087287939237315,0.06296358601253255,Glycemic status
normal,16.75,CVD,0.032269666279933676,0.033817569096326563,Glycemic status
normal,16.75,Cancer,0.030589992503489528,0.0320966326371035,Glycemic status
normal,16.75,Other causes,0.06222804722304795,0.06440955060346437,Glycemic status
normal,17,CVD,0.033696332784526516,0.03539450757585475,Glycemic status
normal,17,Cancer,0.03148270259465285,0.03308630134568353,Glycemic status
normal,17,Other causes,0.06383584535495258,0.06612967943661649,Glycemic status
normal,17.25,CVD,0.034636224425018215,0.0364355540906159,Glycemic status
normal,17.25,Cancer,0.03170882602080427,0.03333768710809697,Glycemic status
normal,17.25,Other causes,0.06442644280578362,0.06676326607129952,Glycemic status
normal,17.5,CVD,0.035618451343719194,0.03752530832731681,Glycemic status
normal,17.5,Cancer,0.03269661044663367,0.03443665878297071,Glycemic status
normal,17.5,Other causes,0.06564826324463512,0.06807665162235696,Glycemic status
normal,17.75,CVD,0.03677861717087697,0.038814667080364684,Glycemic status
normal,17.75,Cancer,0.03269661044663367,0.03443665878297071,Glycemic status
normal,17.75,Other causes,0.06619210998125762,0.06866236145236608,Glycemic status
normal,18,CVD,0.037151969275102524,0.03923096361392388,Glycemic status
normal,18,Cancer,0.03367450066046104,0.035529079583851084,Glycemic status
normal,18,Other causes,0.0678412830402419,0.07044017432084146,Glycemic status
prediabetes,0,CVD,1.1985672725701284e-5,1.1985672725722818e-5,Glycemic status
prediabetes,0,Cancer,0,0,Glycemic status
prediabetes,0,Other causes,6.108179833370762e-5,6.108179833376748e-5,Glycemic status
prediabetes,0.25,CVD,5.167575819752791e-4,5.170244771479593e-4,Glycemic status
prediabetes,0.25,Cancer,6.682134833771272e-4,6.686898328653379e-4,Glycemic status
prediabetes,0.25,Other causes,8.455544963140107e-4,8.456815491963254e-4,Glycemic status
prediabetes,0.5,CVD,0.0015452599615463102,0.0015477235287130464,Glycemic status
prediabetes,0.5,Cancer,0.0010833226475523406,0.0010844942693796988,Glycemic status
prediabetes,0.5,Other causes,0.0018027144607883894,0.0018043293867626709,Glycemic status
prediabetes,0.75,CVD,0.002235561087723681,0.002240564104261483,Glycemic status
prediabetes,0.75,Cancer,0.0015640584399104105,0.0015672446713177024,Glycemic status
prediabetes,0.75,Other causes,0.0031447925519011736,0.0031503407782982663,Glycemic status
prediabetes,1,CVD,0.0030110352623247353,0.003019917756589391,Glycemic status
prediabetes,1,Cancer,0.0020147518729270613,0.0020205485126843004,Glycemic status
prediabetes,1,Other causes,0.003804205768794432,0.003812714664033484,Glycemic status
prediabetes,1.25,CVD,0.0034779186346265973,0.0034896320432351137,Glycemic status
prediabetes,1.25,Cancer,0.002889887579882124,0.0029021760703750233,Glycemic status
prediabetes,1.25,Other causes,0.004715661541375908,0.004729323781094657,Glycemic status
prediabetes,1.5,CVD,0.004288614375301469,0.004306771269924914,Glycemic status
prediabetes,1.5,Cancer,0.0034076024150460757,0.003424453491611845,Glycemic status
prediabetes,1.5,Other causes,0.005384585140815687,0.005402854615734099,Glycemic status
prediabetes,1.75,CVD,0.005014097867092223,0.005039198713788018,Glycemic status
prediabetes,1.75,Cancer,0.004177478935220445,0.004202118095897672,Glycemic status
prediabetes,1.75,Other causes,0.006244438187041885,0.006269820095648809,Glycemic status
prediabetes,2,CVD,0.006041258135817734,0.006077990857744064,Glycemic status
prediabetes,2,Cancer,0.005139094948122693,0.005175291663524262,Glycemic status
prediabetes,2,Other causes,0.007252056035742627,0.007287430698227732,Glycemic status
prediabetes,2.25,CVD,0.006917184428244587,0.006965551711449419,Glycemic status
prediabetes,2.25,Cancer,0.005841064693698287,0.005887127045187984,Glycemic status
prediabetes,2.25,Other causes,0.008345426944968934,0.008393818584893714,Glycemic status
prediabetes,2.5,CVD,0.008077414349209866,0.008143362749418386,Glycemic status
prediabetes,2.5,Cancer,0.007358541595477398,0.007429248787972265,Glycemic status
prediabetes,2.5,Other causes,0.009768312912855048,0.009837231447681855,Glycemic status
prediabetes,2.75,CVD,0.008759527603815933,0.008837757261045614,Glycemic status
prediabetes,2.75,Cancer,0.008217846471828799,0.008304958687150855,Glycemic status
prediabetes,2.75,Other causes,0.01134160216673797,0.011435984561784556,Glycemic status
prediabetes,3,CVD,0.009786628166333284,0.009886273010601725,Glycemic status
prediabetes,3,Cancer,0.009492771483635346,0.009607371577190193,Glycemic status
prediabetes,3,Other causes,0.012517188859806443,0.012632772500264327,Glycemic status
prediabetes,3.25,CVD,0.010683478338016963,0.010804077709194648,Glycemic status
prediabetes,3.25,Cancer,0.010345177564682445,0.010480118862406134,Glycemic status
prediabetes,3.25,Other causes,0.013749535743276685,0.01389010338077672,Glycemic status
prediabetes,3.5,CVD,0.011588115051473323,0.011731716392312946,Glycemic status
prediabetes,3.5,Cancer,0.011313267943322311,0.011472994391027364,Glycemic status
prediabetes,3.5,Other causes,0.014684227330952567,0.014845848121298605,Glycemic status
prediabetes,3.75,CVD,0.012831164702966306,0.01300874672300777,Glycemic status
prediabetes,3.75,Cancer,0.011806314034939494,0.011980086664833873,Glycemic status
prediabetes,3.75,Other causes,0.01565318138864098,0.015838095681611312,Glycemic status
prediabetes,4,CVD,0.013648819041220082,0.013850566966644906,Glycemic status
prediabetes,4,Cancer,0.012319363287790276,0.012508526872515779,Glycemic status
prediabetes,4,Other causes,0.017392370528325637,0.017622396488992893,Glycemic status
prediabetes,4.25,CVD,0.014569938070681363,0.014800769857918894,Glycemic status
prediabetes,4.25,Cancer,0.01347363391815392,0.013700739479533246,Glycemic status
prediabetes,4.25,Other causes,0.0181721094173882,0.0184236586933361,Glycemic status
prediabetes,4.5,CVD,0.015695510500802676,0.01596455150747883,Glycemic status
prediabetes,4.5,Cancer,0.014529554370682882,0.014793066331314058,Glycemic status
prediabetes,4.5,Other causes,0.019245876521019358,0.019529582946454356,Glycemic status
prediabetes,4.75,CVD,0.016594651355518922,0.01689628088516344,Glycemic status
prediabetes,4.75,Cancer,0.015351571380864085,0.01564622303917989,Glycemic status
prediabetes,4.75,Other causes,0.020975387459828083,0.02131430289902057,Glycemic status
prediabetes,5,CVD,0.01736715420651118,0.017698570718863504,Glycemic status
prediabetes,5,Cancer,0.01569987620659426,0.016008530597485,Glycemic status
prediabetes,5,Other causes,0.022602925884621424,0.022996991419641382,Glycemic status
prediabetes,5.25,CVD,0.018375556472624132,0.01874825967685863,Glycemic status
prediabetes,5.25,Cancer,0.016722151409900327,0.017074751275799667,Glycemic status
prediabetes,5.25,Other causes,0.02382880436520368,0.024265890695983873,Glycemic status
prediabetes,5.5,CVD,0.019149889609709113,0.0195562114229147,Glycemic status
prediabetes,5.5,Cancer,0.01778913768538766,0.018189796814133175,Glycemic status
prediabetes,5.5,Other causes,0.02533531985832743,0.025829438137123073,Glycemic status
prediabetes,5.75,CVD,0.020098577953782254,0.02054901658196089,Glycemic status
prediabetes,5.75,Cancer,0.018263275174191216,0.018686843276623906,Glycemic status
prediabetes,5.75,Other causes,0.02773229182698069,0.028320830153496977,Glycemic status
prediabetes,6,CVD,0.020878167908498398,0.021367608313321095,Glycemic status
prediabetes,6,Cancer,0.020336399153557123,0.020867321422731927,Glycemic status
prediabetes,6,Other causes,0.029387109408849425,0.0300444102500342,Glycemic status
prediabetes,6.25,CVD,0.022091814316154444,0.022646788719969856,Glycemic status
prediabetes,6.25,Cancer,0.021167754467879166,0.021744428507183566,Glycemic status
prediabetes,6.25,Other causes,0.03154070384400851,0.03229350566950595,Glycemic status
prediabetes,6.5,CVD,0.023082484678399604,0.023694191995711794,Glycemic status
prediabetes,6.5,Cancer,0.022000522566885238,0.022626001363097774,Glycemic status
prediabetes,6.5,Other causes,0.032895637799438895,0.03371127104818131,Glycemic status
prediabetes,6.75,CVD,0.024373224533810613,0.025062390532507896,Glycemic status
prediabetes,6.75,Cancer,0.02260443715003698,0.023267004128754785,Glycemic status
prediabetes,6.75,Other causes,0.0348974697615549,0.03581044390381206,Glycemic status
prediabetes,7,CVD,0.025394455224556998,0.026147874357792207,Glycemic status
prediabetes,7,Cancer,0.02370243178407375,0.024435754875089467,Glycemic status
prediabetes,7,Other causes,0.03632020879799985,0.03730595378372442,Glycemic status
prediabetes,7.25,CVD,0.026917271703702804,0.02777100924626493,Glycemic status
prediabetes,7.25,Cancer,0.025363555985750148,0.02621031618779553,Glycemic status
prediabetes,7.25,Other causes,0.037907880255749066,0.03897872125822042,Glycemic status
prediabetes,7.5,CVD,0.02833323563405104,0.02928678347685232,Glycemic status
prediabetes,7.5,Cancer,0.02679980766135959,0.027749390099821615,Glycemic status
prediabetes,7.5,Other causes,0.04013904358973862,0.04133743198371169,Glycemic status
prediabetes,7.75,CVD,0.029213283138493296,0.03023269532593133,Glycemic status
prediabetes,7.75,Cancer,0.027574454510864113,0.028583423660207878,Glycemic status
prediabetes,7.75,Other causes,0.043094860409466106,0.04447075732784802,Glycemic status
prediabetes,8,CVD,0.029804049823933296,0.030870218750387764,Glycemic status
prediabetes,8,Cancer,0.02878537081453236,0.02989083555633671,Glycemic status
prediabetes,8,Other causes,0.04460294880766585,0.046072865337011146,Glycemic status
prediabetes,8.25,CVD,0.03084813237011038,0.03199886645599345,Glycemic status
prediabetes,8.25,Cancer,0.029515953909471017,0.030682437438427364,Glycemic status
prediabetes,8.25,Other causes,0.045844306780386104,0.04739415660432291,Glycemic status
prediabetes,8.5,CVD,0.03122317903155126,0.032405788077822836,Glycemic status
prediabetes,8.5,Cancer,0.030916272427253387,0.03220199341675146,Glycemic status
prediabetes,8.5,Other causes,0.04734061458492982,0.04898987531469821,Glycemic status
prediabetes,8.75,CVD,0.03238400187552615,0.03366873775691348,Glycemic status
prediabetes,8.75,Cancer,0.03203684801991724,0.03342113011658272,Glycemic status
prediabetes,8.75,Other causes,0.048964599604305624,0.05072522578005868,Glycemic status
prediabetes,9,CVD,0.03325093809088308,0.034614655639910466,Glycemic status
prediabetes,9,Cancer,0.03353800402813018,0.03505905339719677,Glycemic status
prediabetes,9,Other causes,0.05085275195501199,0.05274886641694644,Glycemic status
prediabetes,9.25,CVD,0.03388399618370974,0.03530802711223545,Glycemic status
prediabetes,9.25,Cancer,0.03499085737620133,0.036649455984387264,Glycemic status
prediabetes,9.25,Other causes,0.05231509293618549,0.05431972058634132,Glycemic status
prediabetes,9.5,CVD,0.03504920165893741,0.03658830489923227,Glycemic status
prediabetes,9.5,Cancer,0.035460787098633505,0.037164872985431745,Glycemic status
prediabetes,9.5,Other causes,0.053846484171768905,0.055968633670895954,Glycemic status
prediabetes,9.75,CVD,0.03621108241810039,0.03786789907547734,Glycemic status
prediabetes,9.75,Cancer,0.03656325459622249,0.03837824027245347,Glycemic status
prediabetes,9.75,Other causes,0.05549252632704157,0.05774526474645342,Glycemic status
prediabetes,10,CVD,0.0372454071780838,0.03901035394918061,Glycemic status
prediabetes,10,Cancer,0.0380250115679662,0.03999137594270542,Glycemic status
prediabetes,10,Other causes,0.05645717352271124,0.05878966692498615,Glycemic status
prediabetes,10.25,CVD,0.03915762100335846,0.041128025913917614,Glycemic status
prediabetes,10.25,Cancer,0.03854985882862306,0.040572791055133735,Glycemic status
prediabetes,10.25,Other causes,0.05872324794134905,0.06124913114180352,Glycemic status
prediabetes,10.5,CVD,0.03980449215562279,0.041847056068118615,Glycemic status
prediabetes,10.5,Cancer,0.03946602356158742,0.04159188955055128,Glycemic status
prediabetes,10.5,Other causes,0.06011099606419654,0.0627580056470736,Glycemic status
prediabetes,10.75,CVD,0.040583559261361535,0.04271524690429908,Glycemic status
prediabetes,10.75,Cancer,0.04004395330398947,0.042235889625390925,Glycemic status
prediabetes,10.75,Other causes,0.06154536540655934,0.06432091324236335,Glycemic status
prediabetes,11,CVD,0.04202684263805843,0.0443284523556141,Glycemic status
prediabetes,11,Cancer,0.0415318118935917,0.043899382143233745,Glycemic status
prediabetes,11,Other causes,0.06351302734277169,0.06646917842304778,Glycemic status
prediabetes,11.25,CVD,0.04273244426764623,0.04512056819337477,Glycemic status
prediabetes,11.25,Cancer,0.04352609405115159,0.046136389886054494,Glycemic status
prediabetes,11.25,Other causes,0.06468251430940916,0.06775016398552043,Glycemic status
prediabetes,11.5,CVD,0.04386020289596288,0.046390363685577904,Glycemic status
prediabetes,11.5,Cancer,0.04466140984683223,0.04741401870002079,Glycemic status
prediabetes,11.5,Other causes,0.06741211340157195,0.07074968675590193,Glycemic status
prediabetes,11.75,CVD,0.04542300521932775,0.048157836426245625,Glycemic status
prediabetes,11.75,Cancer,0.04511293849915891,0.04792493168127114,Glycemic status
prediabetes,11.75,Other causes,0.07030055459937688,0.07393222969292752,Glycemic status
prediabetes,12,CVD,0.04663593304967005,0.049536553050373716,Glycemic status
prediabetes,12,Cancer,0.046198431090568336,0.04915718765036075,Glycemic status
prediabetes,12,Other causes,0.07212745482837071,0.0759497879790862,Glycemic status
prediabetes,12.25,CVD,0.047682293633385026,0.050730737476721036,Glycemic status
prediabetes,12.25,Cancer,0.047440436013066536,0.05057352267755657,Glycemic status
prediabetes,12.25,Other causes,0.07451710730656035,0.07859518879841278,Glycemic status
prediabetes,12.5,CVD,0.04976657932732027,0.053115357104674986,Glycemic status
prediabetes,12.5,Cancer,0.04823814210854233,0.051486322458228984,Glycemic status
prediabetes,12.5,Other causes,0.07622192843847997,0.08049031415174697,Glycemic status
prediabetes,12.75,CVD,0.05162122846082207,0.055243773202727976,Glycemic status
prediabetes,12.75,Cancer,0.04876584357442091,0.05209368852481118,Glycemic status
prediabetes,12.75,Other causes,0.07775268900669594,0.08219575852301668,Glycemic status
prediabetes,13,CVD,0.0538587321847668,0.057818734414396486,Glycemic status
prediabetes,13,Cancer,0.050562753851421935,0.05417291264857947,Glycemic status
prediabetes,13,Other causes,0.07983116344498986,0.08451958547387287,Glycemic status
prediabetes,13.25,CVD,0.05513004966392743,0.05928732160281443,Glycemic status
prediabetes,13.25,Cancer,0.05269655560670534,0.05665204797171654,Glycemic status
prediabetes,13.25,Other causes,0.0821317089049622,0.08710662974496955,Glycemic status
prediabetes,13.5,CVD,0.057274561186132215,0.06178077006137901,Glycemic status
prediabetes,13.5,Cancer,0.052824819489665165,0.056801434543716174,Glycemic status
prediabetes,13.5,Other causes,0.0841781445754147,0.08941431324214345,Glycemic status
prediabetes,13.75,CVD,0.05904518608572888,0.06384502339705161,Glycemic status
prediabetes,13.75,Cancer,0.053518144647785766,0.05761445036549591,Glycemic status
prediabetes,13.75,Other causes,0.08569746275228911,0.09113222656653854,Glycemic status
prediabetes,14,CVD,0.05955685960702511,0.06444363666729745,Glycemic status
prediabetes,14,Cancer,0.054860858944236014,0.05919427649401544,Glycemic status
prediabetes,14,Other causes,0.08869888963008639,0.09453799292480597,Glycemic status
prediabetes,14.25,CVD,0.06033422829723239,0.06535670679026596,Glycemic status
prediabetes,14.25,Cancer,0.0564568905640795,0.0610807147568771,Glycemic status
prediabetes,14.25,Other causes,0.09101727285219267,0.09717505131926747,Glycemic status
prediabetes,14.5,CVD,0.06129768551627074,0.0664948135114363,Glycemic status
prediabetes,14.5,Cancer,0.05685408049334153,0.06155227411832058,Glycemic status
prediabetes,14.5,Other causes,0.09324971936529573,0.09971955374935042,Glycemic status
prediabetes,14.75,CVD,0.06320898745159928,0.06875905673649564,Glycemic status
prediabetes,14.75,Cancer,0.05739727326954545,0.062199221014351234,Glycemic status
prediabetes,14.75,Other causes,0.09479462760699196,0.10148565425721895,Glycemic status
prediabetes,15,CVD,0.06364210968613344,0.06927529570912211,Glycemic status
prediabetes,15,Cancer,0.059191656976134224,0.06434815345457247,Glycemic status
prediabetes,15,Other causes,0.09908784176550951,0.10640549340204529,Glycemic status
prediabetes,15.25,CVD,0.06596630455579781,0.07205933186457959,Glycemic status
prediabetes,15.25,Cancer,0.060931884018268524,0.06644785731875316,Glycemic status
prediabetes,15.25,Other causes,0.10146801870624579,0.10914280615870786,Glycemic status
prediabetes,15.5,CVD,0.06656915170957098,0.07278464160465885,Glycemic status
prediabetes,15.5,Cancer,0.0628455455471445,0.06876642297555396,Glycemic status
prediabetes,15.5,Other causes,0.10408164610975035,0.1121656265785457,Glycemic status
prediabetes,15.75,CVD,0.06663585490491851,0.07286533906075006,Glycemic status
prediabetes,15.75,Cancer,0.06312563847553966,0.06910678038032332,Glycemic status
prediabetes,15.75,Other causes,0.10660086276137033,0.11508403563388418,Glycemic status
prediabetes,16,CVD,0.06798538748338938,0.07450723955500227,Glycemic status
prediabetes,16,Cancer,0.06455853116174796,0.07085738519736373,Glycemic status
prediabetes,16,Other causes,0.10883555057042583,0.11767469015128115,Glycemic status
prediabetes,16.25,CVD,0.06899743373830407,0.0757462243495971,Glycemic status
prediabetes,16.25,Cancer,0.066252892403987,0.07293532616883337,Glycemic status
prediabetes,16.25,Other causes,0.11107555081034785,0.12028127073072564,Glycemic status
prediabetes,16.5,CVD,0.0706516268087798,0.07777616911598195,Glycemic status
prediabetes,16.5,Cancer,0.06708989901534351,0.0739703110214796,Glycemic status
prediabetes,16.5,Other causes,0.11470090719692692,0.12451637308718669,Glycemic status
prediabetes,16.75,CVD,0.07186308755985121,0.07927075963346761,Glycemic status
prediabetes,16.75,Cancer,0.06823460625698394,0.07538903713865511,Glycemic status
prediabetes,16.75,Other causes,0.11491130675542743,0.12476290557685975,Glycemic status
prediabetes,17,CVD,0.07302046258322001,0.08070390627477833,Glycemic status
prediabetes,17,Cancer,0.06904720617414634,0.07639798390950664,Glycemic status
prediabetes,17,Other causes,0.11748895621446322,0.1277936016116391,Glycemic status
prediabetes,17.25,CVD,0.07505908754865985,0.08323496062370592,Glycemic status
prediabetes,17.25,Cancer,0.07162190540464142,0.07962026960800514,Glycemic status
prediabetes,17.25,Other causes,0.11977378274985746,0.1304941602425584,Glycemic status
prediabetes,17.5,CVD,0.07769235369359268,0.08652811946743476,Glycemic status
prediabetes,17.5,Cancer,0.07189608723852418,0.07996488072558641,Glycemic status
prediabetes,17.5,Other causes,0.12110921393588774,0.13207851036871035,Glycemic status
prediabetes,17.75,CVD,0.07986155769476272,0.08924773519985923,Glycemic status
prediabetes,17.75,Cancer,0.0725238518093414,0.08075684658805338,Glycemic status
prediabetes,17.75,Other causes,0.12132101690561915,0.13233072214597758,Glycemic status
prediabetes,18,CVD,0.08262570054128991,0.0927175607992578,Glycemic status
prediabetes,18,Cancer,0.07334845386573599,0.08180051647587464,Glycemic status
prediabetes,18,Other causes,0.12207603838159402,0.1332336111517042,Glycemic status
undiagnosed diabetes,0,CVD,2.0883016010669333e-4,2.0883016010675437e-4,Glycemic status
undiagnosed diabetes,0,Cancer,2.6042022711039107e-4,2.604202271104361e-4,Glycemic status
undiagnosed diabetes,0,Other causes,6.741967630913804e-4,6.741967630913504e-4,Glycemic status
undiagnosed diabetes,0.25,CVD,7.877614653623728e-4,7.897241710973335e-4,Glycemic status
undiagnosed diabetes,0.25,Cancer,0.0010233102351820183,0.001024174428847946,Glycemic status
undiagnosed diabetes,0.25,Other causes,0.0036008957252342774,0.003603416553199379,Glycemic status
undiagnosed diabetes,0.5,CVD,8.526271115586802e-4,8.549270696782352e-4,Glycemic status
undiagnosed diabetes,0.5,Cancer,0.00166662725746337,0.0016704044171571785,Glycemic status
undiagnosed diabetes,0.5,Other causes,0.0059773387847852745,0.0059853717187981215,Glycemic status
undiagnosed diabetes,0.75,CVD,0.00202665065568057,0.002038265870087386,Glycemic status
undiagnosed diabetes,0.75,Cancer,0.0028795284166328403,0.002892328405944311,Glycemic status
undiagnosed diabetes,0.75,Other causes,0.009440208049655622,0.00946389106753347,Glycemic status
undiagnosed diabetes,1,CVD,0.002227471834979777,0.002241864730680443,Glycemic status
undiagnosed diabetes,1,Cancer,0.0038326329657827965,0.00385726530652597,Glycemic status
undiagnosed diabetes,1,Other causes,0.011263548168325178,0.011296954045396091,Glycemic status
undiagnosed diabetes,1.25,CVD,0.003086118512532611,0.0031139162871777425,Glycemic status
undiagnosed diabetes,1.25,Cancer,0.008516503439202258,0.008611551800028195,Glycemic status
undiagnosed diabetes,1.25,Other causes,0.014042814990855582,0.014100897825569147,Glycemic status
undiagnosed diabetes,1.5,CVD,0.0042182916844445625,0.004273162789245705,Glycemic status
undiagnosed diabetes,1.5,Cancer,0.010831017662455112,0.010968313455212314,Glycemic status
undiagnosed diabetes,1.5,Other causes,0.018774050779299778,0.0188999403259079,Glycemic status
undiagnosed diabetes,1.75,CVD,0.004580979672097246,0.004647820448665968,Glycemic status
undiagnosed diabetes,1.75,Cancer,0.011188280196181377,0.011335037450204111,Glycemic status
undiagnosed diabetes,1.75,Other causes,0.02210110194205477,0.0222787012750376,Glycemic status
undiagnosed diabetes,2,CVD,0.005685432877147885,0.005791278464785476,Glycemic status
undiagnosed diabetes,2,Cancer,0.01428725564174486,0.014525243500399326,Glycemic status
undiagnosed diabetes,2,Other causes,0.02438147697630954,0.02459910982475654,Glycemic status
undiagnosed diabetes,2.25,CVD,0.008271777464439772,0.008488896693212771,Glycemic status
undiagnosed diabetes,2.25,Cancer,0.015405819066387924,0.01568017193471911,Glycemic status
undiagnosed diabetes,2.25,Other causes,0.027106056034874947,0.027381707960975186,Glycemic status
undiagnosed diabetes,2.5,CVD,0.010052671837422592,0.010350295647269192,Glycemic status
undiagnosed diabetes,2.5,Cancer,0.016915497102491153,0.017247181186030868,Glycemic status
undiagnosed diabetes,2.5,Other causes,0.02841457894448269,0.028725109072310944,Glycemic status
undiagnosed diabetes,2.75,CVD,0.010129879742458566,0.010431153211903988,Glycemic status
undiagnosed diabetes,2.75,Cancer,0.01813802113415138,0.01852008553700669,Glycemic status
undiagnosed diabetes,2.75,Other causes,0.029752111020392307,0.030100463477390798,Glycemic status
undiagnosed diabetes,3,CVD,0.010444905256822444,0.010762439700634924,Glycemic status
undiagnosed diabetes,3,Cancer,0.018886222109032375,0.019300109415818927,Glycemic status
undiagnosed diabetes,3,Other causes,0.030880128543809966,0.03126194932175251,Glycemic status
undiagnosed diabetes,3.25,CVD,0.012064890956670297,0.012467798859398,Glycemic status
undiagnosed diabetes,3.25,Cancer,0.018886222109032375,0.019300109415818927,Glycemic status
undiagnosed diabetes,3.25,Other causes,0.030880128543809966,0.03126194932175251,Glycemic status
undiagnosed diabetes,3.5,CVD,0.014830572029519568,0.015383056084366737,Glycemic status
undiagnosed diabetes,3.5,Cancer,0.021681415932922117,0.022227239472598102,Glycemic status
undiagnosed diabetes,3.5,Other causes,0.03439962608725964,0.03490733539288759,Glycemic status
undiagnosed diabetes,3.75,CVD,0.01618842614419856,0.01682219055288183,Glycemic status
undiagnosed diabetes,3.75,Cancer,0.023597630896807685,0.0242470755659236,Glycemic status
undiagnosed diabetes,3.75,Other causes,0.03560651733540405,0.03616409204191199,Glycemic status
undiagnosed diabetes,4,CVD,0.016209456971261357,0.01684452257314211,Glycemic status
undiagnosed diabetes,4,Cancer,0.026309876587631915,0.027111340748475665,Glycemic status
undiagnosed diabetes,4,Other causes,0.038068095879718794,0.038732902535971836,Glycemic status
undiagnosed diabetes,4.25,CVD,0.018139113196919607,0.018908998637199477,Glycemic status
undiagnosed diabetes,4.25,Cancer,0.02767346179346556,0.02855625103693285,Glycemic status
undiagnosed diabetes,4.25,Other causes,0.040335786184811054,0.041109392260845874,Glycemic status
undiagnosed diabetes,4.5,CVD,0.019902090347386218,0.020802492100967886,Glycemic status
undiagnosed diabetes,4.5,Cancer,0.028193165417075998,0.029108759345315222,Glycemic status
undiagnosed diabetes,4.5,Other causes,0.04093163629766159,0.04173495538177584,Glycemic status
undiagnosed diabetes,4.75,CVD,0.02026654044156082,0.021195233715040535,Glycemic status
undiagnosed diabetes,4.75,Cancer,0.030305442915533366,0.03136328014528829,Glycemic status
undiagnosed diabetes,4.75,Other causes,0.045028707990605085,0.046050301180045675,Glycemic status
undiagnosed diabetes,5,CVD,0.02319112549347927,0.024360422508635692,Glycemic status
undiagnosed diabetes,5,Cancer,0.030305442915533366,0.03136328014528829,Glycemic status
undiagnosed diabetes,5,Other causes,0.04732898579647351,0.0484837183744887,Glycemic status
undiagnosed diabetes,5.25,CVD,0.024557672943195084,0.025845272077833527,Glycemic status
undiagnosed diabetes,5.25,Cancer,0.03229539996489057,0.03350823590840386,Glycemic status
undiagnosed diabetes,5.25,Other causes,0.048498936091199284,0.04972309304556992,Glycemic status
undiagnosed diabetes,5.5,CVD,0.026851103862190133,0.028343322027965336,Glycemic status
undiagnosed diabetes,5.5,Cancer,0.032424665196929714,0.03364798634602575,Glycemic status
undiagnosed diabetes,5.5,Other causes,0.05034633005699417,0.05168809895113801,Glycemic status
undiagnosed diabetes,5.75,CVD,0.02824753479735392,0.029868789461314788,Glycemic status
undiagnosed diabetes,5.75,Cancer,0.03411434851675882,0.035483462597673925,Glycemic status
undiagnosed diabetes,5.75,Other causes,0.05149540191618208,0.05291377711518212,Glycemic status
undiagnosed diabetes,6,CVD,0.030956683548109126,0.032844723564961854,Glycemic status
undiagnosed diabetes,6,Cancer,0.034143860572763265,0.035515802565638944,Glycemic status
undiagnosed diabetes,6,Other causes,0.05767089142081399,0.05951626866816576,Glycemic status
undiagnosed diabetes,6.25,CVD,0.03139090945931821,0.03332511833697576,Glycemic status
undiagnosed diabetes,6.25,Cancer,0.03673155413164152,0.03836088987323643,Glycemic status
undiagnosed diabetes,6.25,Other causes,0.06214771877232114,0.06432943517881944,Glycemic status
undiagnosed diabetes,6.5,CVD,0.033837855340699004,0.036052261462744074,Glycemic status
undiagnosed diabetes,6.5,Cancer,0.03910904570007081,0.040993534579178155,Glycemic status
undiagnosed diabetes,6.5,Other causes,0.06529612208207822,0.06772464847863817,Glycemic status
undiagnosed diabetes,6.75,CVD,0.03646220335811114,0.03898895534857265,Glycemic status
undiagnosed diabetes,6.75,Cancer,0.03914204556099942,0.04103028977358865,Glycemic status
undiagnosed diabetes,6.75,Other causes,0.0712886649691188,0.0742208742590837,Glycemic status
undiagnosed diabetes,7,CVD,0.040041213066291804,0.043023410280875966,Glycemic status
undiagnosed diabetes,7,Cancer,0.04000627524923358,0.042003519327057745,Glycemic status
undiagnosed diabetes,7,Other causes,0.07291782971637072,0.07599513249650905,Glycemic status
undiagnosed diabetes,7.25,CVD,0.04012153968776406,0.04311469776305448,Glycemic status
undiagnosed diabetes,7.25,Cancer,0.04201016051619575,0.04426989235190797,Glycemic status
undiagnosed diabetes,7.25,Other causes,0.08048469257529425,0.08426907118324836,Glycemic status
undiagnosed diabetes,7.5,CVD,0.04110003606031006,0.0442356663391261,Glycemic status
undiagnosed diabetes,7.5,Cancer,0.04242975259566892,0.04474890514117087,Glycemic status
undiagnosed diabetes,7.5,Other causes,0.08287430658836571,0.08688293116389999,Glycemic status
undiagnosed diabetes,7.75,CVD,0.04297423123455446,0.04638966374823743,Glycemic status
undiagnosed diabetes,7.75,Cancer,0.04342404382345866,0.04588956455883667,Glycemic status
undiagnosed diabetes,7.75,Other causes,0.08501025417841088,0.0892228096884892,Glycemic status
undiagnosed diabetes,8,CVD,0.04297423123455446,0.04638966374823743,Glycemic status
undiagnosed diabetes,8,Cancer,0.043586682254301116,0.04607684121153281,Glycemic status
undiagnosed diabetes,8,Other causes,0.08575008613444986,0.09003612980304859,Glycemic status
undiagnosed diabetes,8.25,CVD,0.043315218819040734,0.0467830229506198,Glycemic status
undiagnosed diabetes,8.25,Cancer,0.04361722197224985,0.04611209069717782,Glycemic status
undiagnosed diabetes,8.25,Other causes,0.08830756714164063,0.0928479518393879,Glycemic status
undiagnosed diabetes,8.5,CVD,0.045980892980801887,0.049875848206764925,Glycemic status
undiagnosed diabetes,8.5,Cancer,0.044407858979167804,0.04702990539336057,Glycemic status
undiagnosed diabetes,8.5,Other causes,0.09347754782150548,0.09853826261555682,Glycemic status
undiagnosed diabetes,8.75,CVD,0.047074135140838996,0.05115325987641466,Glycemic status
undiagnosed diabetes,8.75,Cancer,0.045005557996131415,0.047730794990459874,Glycemic status
undiagnosed diabetes,8.75,Other causes,0.09781508724809385,0.10332936149505952,Glycemic status
undiagnosed diabetes,9,CVD,0.04973991784125157,0.054275623152547095,Glycemic status
undiagnosed diabetes,9,Cancer,0.046215048404996795,0.04915772278309297,Glycemic status
undiagnosed diabetes,9,Other causes,0.09935831395226521,0.10503824209151737,Glycemic status
undiagnosed diabetes,9.25,CVD,0.05498202746402836,0.06044685877974527,Glycemic status
undiagnosed diabetes,9.25,Cancer,0.04984482394070129,0.05347132786050378,Glycemic status
undiagnosed diabetes,9.25,Other causes,0.10164955174097957,0.10758855505889021,Glycemic status
undiagnosed diabetes,9.5,CVD,0.057234442203712765,0.06311735344995019,Glycemic status
undiagnosed diabetes,9.5,Cancer,0.050905419931411205,0.05473643805857734,Glycemic status
undiagnosed diabetes,9.5,Other causes,0.10250945360696297,0.10855967599429026,Glycemic status
undiagnosed diabetes,9.75,CVD,0.06004772401112972,0.06645730216118809,Glycemic status
undiagnosed diabetes,9.75,Cancer,0.05125088469885303,0.05515014350420835,Glycemic status
undiagnosed diabetes,9.75,Other causes,0.10304044789849484,0.10916106037640412,Glycemic status
undiagnosed diabetes,10,CVD,0.06535152652978514,0.07276339732007463,Glycemic status
undiagnosed diabetes,10,Cancer,0.052548189403042234,0.05671706587021107,Glycemic status
undiagnosed diabetes,10,Other causes,0.10470338811555437,0.11105719714852279,Glycemic status
undiagnosed diabetes,10.25,CVD,0.06794341868990766,0.075860758329375,Glycemic status
undiagnosed diabetes,10.25,Cancer,0.05476991083233059,0.05943417859680941,Glycemic status
undiagnosed diabetes,10.25,Other causes,0.11110350172505347,0.11838670992712401,Glycemic status
undiagnosed diabetes,10.5,CVD,0.0709313162437906,0.07948370630011463,Glycemic status
undiagnosed diabetes,10.5,Cancer,0.05599817183365939,0.06094314669115716,Glycemic status
undiagnosed diabetes,10.5,Other causes,0.11615634425321308,0.12420824677942588,Glycemic status
undiagnosed diabetes,10.75,CVD,0.07123202595141247,0.07984978210865423,Glycemic status
undiagnosed diabetes,10.75,Cancer,0.0567920048831927,0.06192927909676965,Glycemic status
undiagnosed diabetes,10.75,Other causes,0.12044173605848651,0.1291722465909565,Glycemic status
undiagnosed diabetes,11,CVD,0.07589095378226875,0.08558269826499793,Glycemic status
undiagnosed diabetes,11,Cancer,0.05685100015640719,0.062003265741070054,Glycemic status
undiagnosed diabetes,11,Other causes,0.1252159953588027,0.13470727247692707,Glycemic status
undiagnosed diabetes,11.25,CVD,0.07589095378226875,0.08558269826499793,Glycemic status
undiagnosed diabetes,11.25,Cancer,0.05685100015640719,0.062003265741070054,Glycemic status
undiagnosed diabetes,11.25,Other causes,0.12652705162891797,0.1362361062952748,Glycemic status
undiagnosed diabetes,11.5,CVD,0.07692970940693768,0.08686671391024174,Glycemic status
undiagnosed diabetes,11.5,Cancer,0.05685100015640719,0.062003265741070054,Glycemic status
undiagnosed diabetes,11.5,Other causes,0.1317576644589811,0.1423364215508202,Glycemic status
undiagnosed diabetes,11.75,CVD,0.07877168420213587,0.08915681790081728,Glycemic status
undiagnosed diabetes,11.75,Cancer,0.056920219439681743,0.06209153550117554,Glycemic status
undiagnosed diabetes,11.75,Other causes,0.13178285434907738,0.14236593541929254,Glycemic status
undiagnosed diabetes,12,CVD,0.08128096399975285,0.0922769813552922,Glycemic status
undiagnosed diabetes,12,Cancer,0.056936205355751765,0.06211201600552875,Glycemic status
undiagnosed diabetes,12,Other causes,0.13637429074103366,0.14775333595125947,Glycemic status
undiagnosed diabetes,12.25,CVD,0.08492418583283491,0.09683720334746125,Glycemic status
undiagnosed diabetes,12.25,Cancer,0.05704402157038746,0.062252111283357614,Glycemic status
undiagnosed diabetes,12.25,Other causes,0.1388130190261764,0.1506274304125387,Glycemic status
undiagnosed diabetes,12.5,CVD,0.08683544785652282,0.09924477857572578,Glycemic status
undiagnosed diabetes,12.5,Cancer,0.058091925495376624,0.06361844069846696,Glycemic status
undiagnosed diabetes,12.5,Other causes,0.14314655850605706,0.1557510211590019,Glycemic status
undiagnosed diabetes,12.75,CVD,0.08901527512378643,0.10200282998973667,Glycemic status
undiagnosed diabetes,12.75,Cancer,0.0628835954210649,0.06994118015282808,Glycemic status
undiagnosed diabetes,12.75,Other causes,0.14324307404713002,0.15586538131989214,Glycemic status
undiagnosed diabetes,13,CVD,0.09178659175843268,0.10553480514113078,Glycemic status
undiagnosed diabetes,13,Cancer,0.06376729554928927,0.07110779934384465,Glycemic status
undiagnosed diabetes,13,Other causes,0.1450776456487448,0.1580645999348391,Glycemic status
undiagnosed diabetes,13.25,CVD,0.09430685983541139,0.10876710199616829,Glycemic status
undiagnosed diabetes,13.25,Cancer,0.06378739946617203,0.0711346094323624,Glycemic status
undiagnosed diabetes,13.25,Other causes,0.1483951853202655,0.16206146146688638,Glycemic status
undiagnosed diabetes,13.5,CVD,0.09430685983541139,0.10876710199616829,Glycemic status
undiagnosed diabetes,13.5,Cancer,0.06727254047486296,0.07580674183841848,Glycemic status
undiagnosed diabetes,13.5,Other causes,0.1532358047064399,0.16792682607286005,Glycemic status
undiagnosed diabetes,13.75,CVD,0.09444197400036951,0.10894297038111538,Glycemic status
undiagnosed diabetes,13.75,Cancer,0.06727254047486296,0.07580674183841848,Glycemic status
undiagnosed diabetes,13.75,Other causes,0.15689093357054007,0.17236535986567783,Glycemic status
undiagnosed diabetes,14,CVD,0.09444197400036951,0.10894297038111538,Glycemic status
undiagnosed diabetes,14,Cancer,0.0718208464196732,0.08201114492707268,Glycemic status
undiagnosed diabetes,14,Other causes,0.16079955110450408,0.17711191767188614,Glycemic status
undiagnosed diabetes,14.25,CVD,0.09515112220473822,0.10988332932517993,Glycemic status
undiagnosed diabetes,14.25,Cancer,0.0723358858569214,0.0827154896840947,Glycemic status
undiagnosed diabetes,14.25,Other causes,0.16394820133043428,0.18096523192790587,Glycemic status
undiagnosed diabetes,14.5,CVD,0.09824332684553164,0.11400036214046745,Glycemic status
undiagnosed diabetes,14.5,Cancer,0.0723358858569214,0.0827154896840947,Glycemic status
undiagnosed diabetes,14.5,Other causes,0.16604967382353902,0.183545404222499,Glycemic status
undiagnosed diabetes,14.75,CVD,0.09958334400637062,0.11578850179223699,Glycemic status
undiagnosed diabetes,14.75,Cancer,0.0723358858569214,0.0827154896840947,Glycemic status
undiagnosed diabetes,14.75,Other causes,0.17241767143313694,0.19138378204093306,Glycemic status
undiagnosed diabetes,15,CVD,0.10205701966189028,0.11912454378021523,Glycemic status
undiagnosed diabetes,15,Cancer,0.07259970490910417,0.08308458418343519,Glycemic status
undiagnosed diabetes,15,Other causes,0.17243261399663942,0.19140232094862947,Glycemic status
undiagnosed diabetes,15.25,CVD,0.11085907025688323,0.13100021554771743,Glycemic status
undiagnosed diabetes,15.25,Cancer,0.07259970490910417,0.08308458418343519,Glycemic status
undiagnosed diabetes,15.25,Other causes,0.1731251846698124,0.1922599524798446,Glycemic status
undiagnosed diabetes,15.5,CVD,0.11085907025688323,0.13100021554771743,Glycemic status
undiagnosed diabetes,15.5,Cancer,0.07259970490910417,0.08308458418343519,Glycemic status
undiagnosed diabetes,15.5,Other causes,0.17349334200366545,0.1927222118287265,Glycemic status
undiagnosed diabetes,15.75,CVD,0.11463587657975101,0.13610424037481617,Glycemic status
undiagnosed diabetes,15.75,Cancer,0.07342238253445373,0.08426458452335064,Glycemic status
undiagnosed diabetes,15.75,Other causes,0.17360693017208156,0.19286583085930037,Glycemic status
undiagnosed diabetes,16,CVD,0.12104760310638886,0.14478193986378018,Glycemic status
undiagnosed diabetes,16,Cancer,0.0734506312982073,0.0843051022782498,Glycemic status
undiagnosed diabetes,16,Other causes,0.17461557932286942,0.19415446965267816,Glycemic status
undiagnosed diabetes,16.25,CVD,0.12381186197598211,0.1485424025623658,Glycemic status
undiagnosed diabetes,16.25,Cancer,0.07377145122769826,0.08477240232904237,Glycemic status
undiagnosed diabetes,16.25,Other causes,0.1772489749547836,0.19752092396044288,Glycemic status
undiagnosed diabetes,16.5,CVD,0.12670123198102953,0.15247990203050873,Glycemic status
undiagnosed diabetes,16.5,Cancer,0.07639441696907194,0.08863272274303213,Glycemic status
undiagnosed diabetes,16.5,Other causes,0.17764635698822243,0.19803031913450195,Glycemic status
undiagnosed diabetes,16.75,CVD,0.1271472410621539,0.15309521037954676,Glycemic status
undiagnosed diabetes,16.75,Cancer,0.07749793341783806,0.09027008529728031,Glycemic status
undiagnosed diabetes,16.75,Other causes,0.19765886700623142,0.22394824845372854,Glycemic status
undiagnosed diabetes,17,CVD,0.1311276964462816,0.15873588335055144,Glycemic status
undiagnosed diabetes,17,Cancer,0.07749793341783806,0.09027008529728031,Glycemic status
undiagnosed diabetes,17,Other causes,0.1979023471681916,0.22426651581048745,Glycemic status
undiagnosed diabetes,17.25,CVD,0.1311276964462816,0.15873588335055144,Glycemic status
undiagnosed diabetes,17.25,Cancer,0.07749793341783806,0.09027008529728031,Glycemic status
undiagnosed diabetes,17.25,Other causes,0.1979023471681916,0.22426651581048745,Glycemic status
undiagnosed diabetes,17.5,CVD,0.1311276964462816,0.15873588335055144,Glycemic status
undiagnosed diabetes,17.5,Cancer,0.07767765422826875,0.09054337312658979,Glycemic status
undiagnosed diabetes,17.5,Other causes,0.20203156644046297,0.229665660331723,Glycemic status
undiagnosed diabetes,17.75,CVD,0.13118398679572046,0.15881634228790767,Glycemic status
undiagnosed diabetes,17.75,Cancer,0.07767765422826875,0.09054337312658979,Glycemic status
undiagnosed diabetes,17.75,Other causes,0.20203156644046297,0.229665660331723,Glycemic status
undiagnosed diabetes,18,CVD,0.13657553518405438,0.16668528139458555,Glycemic status
undiagnosed diabetes,18,Cancer,0.07767765422826875,0.09054337312658979,Glycemic status
undiagnosed diabetes,18,Other causes,0.22278906215466973,0.2568094164516447,Glycemic status
hypertension,0,CVD,6.304687384436672e-5,6.304687384441898e-5,Hypertension
hypertension,0,Cancer,0,0,Hypertension
hypertension,0,Other causes,1.1511564211843423e-4,1.1511564211843516e-4,Hypertension
hypertension,0.25,CVD,0.0010206086143091445,0.0010214179857612915,Hypertension
hypertension,0.25,Cancer,7.536776528442089e-4,7.544830538679881e-4,Hypertension
hypertension,0.25,Other causes,0.0016878398662369541,0.0016885927827884172,Hypertension
hypertension,0.5,CVD,0.0026626545820358114,0.002668993828113364,Hypertension
hypertension,0.5,Cancer,0.0015340672240723675,0.0015377111798393016,Hypertension
hypertension,0.5,Other causes,0.003540418129776557,0.003545844223046052,Hypertension
hypertension,0.75,CVD,0.004236203343991413,0.004252209162343484,Hypertension
hypertension,0.75,Cancer,0.002514821725258311,0.0025263515401013014,Hypertension
hypertension,0.75,Other causes,0.006004448997065798,0.006022184515287132,Hypertension
hypertension,1,CVD,0.005862038999900532,0.005893333485704299,Hypertension
hypertension,1,Cancer,0.0032853206846783518,0.0033056463803882163,Hypertension
hypertension,1,Other causes,0.007492087118845644,0.007521111351107296,Hypertension
hypertension,1.25,CVD,0.007041181805968593,0.007086243986805319,Hypertension
hypertension,1.25,Cancer,0.0044559754238723765,0.004493232012918935,Hypertension
hypertension,1.25,Other causes,0.009111860176015481,0.009157550564912364,Hypertension
hypertension,1.5,CVD,0.008803291254745955,0.008873953223573589,Hypertension
hypertension,1.5,Cancer,0.005291131067238504,0.0053427031524367116,Hypertension
hypertension,1.5,Other causes,0.010770157135459549,0.01083739420392057,Hypertension
hypertension,1.75,CVD,0.009904924592562465,0.009994910890760106,Hypertension
hypertension,1.75,Cancer,0.006229928999788024,0.006301321765272849,Hypertension
hypertension,1.75,Other causes,0.012679446317356223,0.012775288036761895,Hypertension
hypertension,2,CVD,0.011729680473532664,0.011857523354867255,Hypertension
hypertension,2,Cancer,0.0077653961979819944,0.007874206938430384,Hypertension
hypertension,2,Other causes,0.014955224254443374,0.015091692800252183,Hypertension
hypertension,2.25,CVD,0.013588024808752605,0.01376221041611157,Hypertension
hypertension,2.25,Cancer,0.008726716085915536,0.008863513780106663,Hypertension
hypertension,2.25,Other causes,0.01751917631410309,0.017709172386398714,Hypertension
hypertension,2.5,CVD,0.015517606126908036,0.015746852914743793,Hypertension
hypertension,2.5,Cancer,0.00993426357148814,0.01011158228492363,Hypertension
hypertension,2.5,Other causes,0.019882078452910002,0.020129226632485016,Hypertension
hypertension,2.75,CVD,0.017179151091475598,0.017461993611484778,Hypertension
hypertension,2.75,Cancer,0.011185960657856613,0.011411036076850479,Hypertension
hypertension,2.75,Other causes,0.022634224477948696,0.022957755781889237,Hypertension
hypertension,3,CVD,0.018735075008048656,0.019075508435165082,Hypertension
hypertension,3,Cancer,0.01278419650031352,0.013078797268388408,Hypertension
hypertension,3,Other causes,0.02511073061554383,0.02550953780158957,Hypertension
hypertension,3.25,CVD,0.02035080807248959,0.020756761004951933,Hypertension
hypertension,3.25,Cancer,0.013978558345893618,0.014329943214060786,Hypertension
hypertension,3.25,Other causes,0.026489686662331025,0.026935357858239216,Hypertension
hypertension,3.5,CVD,0.02237913501270252,0.02287517814827229,Hypertension
hypertension,3.5,Cancer,0.015142319776406557,0.015553481898947119,Hypertension
hypertension,3.5,Other causes,0.029032088173076943,0.029571684494606086,Hypertension
hypertension,3.75,CVD,0.025364787805378344,0.026003435456189845,Hypertension
hypertension,3.75,Cancer,0.015933021910254138,0.016389117475766192,Hypertension
hypertension,3.75,Other causes,0.030914932117565116,0.03153157628846843,Hypertension
hypertension,4,CVD,0.02699459178168482,0.02771647467718662,Hypertension
hypertension,4,Cancer,0.016809743653457238,0.01732007024761234,Hypertension
hypertension,4,Other causes,0.033517235402869126,0.03425029970224423,Hypertension
hypertension,4.25,CVD,0.028408607456242487,0.02920853266690145,Hypertension
hypertension,4.25,Cancer,0.01880124344911858,0.019444351809043157,Hypertension
hypertension,4.25,Other causes,0.03621867006258782,0.037081648287380614,Hypertension
hypertension,4.5,CVD,0.030618422758335404,0.031552855995105246,Hypertension
hypertension,4.5,Cancer,0.02001108829315046,0.02074024018443365,Hypertension
hypertension,4.5,Other causes,0.03889252862108708,0.039894333487473385,Hypertension
hypertension,4.75,CVD,0.03307096656939311,0.03416390945764171,Hypertension
hypertension,4.75,Cancer,0.02095401341712223,0.02175597079241263,Hypertension
hypertension,4.75,Other causes,0.04126656928368283,0.04240199360896566,Hypertension
hypertension,5,CVD,0.035417254660989154,0.036673956330430885,Hypertension
hypertension,5,Cancer,0.02211295831156927,0.023011650027527603,Hypertension
hypertension,5,Other causes,0.0447800270532402,0.04612515409971653,Hypertension
hypertension,5.25,CVD,0.03750296150338332,0.038916653208938015,Hypertension
hypertension,5.25,Cancer,0.02373954629595608,0.02478469658436603,Hypertension
hypertension,5.25,Other causes,0.04708996393785058,0.04858211046178359,Hypertension
hypertension,5.5,CVD,0.03970444181336701,0.04129301854034556,Hypertension
hypertension,5.5,Cancer,0.025040832762328966,0.026209764860877494,Hypertension
hypertension,5.5,Other causes,0.05016486607972984,0.05186829993263249,Hypertension
hypertension,5.75,CVD,0.041683086994260106,0.04343947788589888,Hypertension
hypertension,5.75,Cancer,0.025778347555114305,0.02702261206968403,Hypertension
hypertension,5.75,Other causes,0.05321580207558648,0.05513968118725195,Hypertension
hypertension,6,CVD,0.04399017100480058,0.04595548350268118,Hypertension
hypertension,6,Cancer,0.028313415662950776,0.029834260012634166,Hypertension
hypertension,6,Other causes,0.056218578877242006,0.0583709481352919,Hypertension
hypertension,6.25,CVD,0.04585599648795263,0.048001482218350655,Hypertension
hypertension,6.25,Cancer,0.029785526274196148,0.03147535147092166,Hypertension
hypertension,6.25,Other causes,0.0596360785760302,0.06206981451670314,Hypertension
hypertension,6.5,CVD,0.04846180530073652,0.050874712958030824,Hypertension
hypertension,6.5,Cancer,0.031530229091880906,0.03343357997515932,Hypertension
hypertension,6.5,Other causes,0.06233795925273856,0.06500607599452503,Hypertension
hypertension,6.75,CVD,0.05079521893354571,0.05346049854153802,Hypertension
hypertension,6.75,Cancer,0.03256239596866087,0.03459960002052602,Hypertension
hypertension,6.75,Other causes,0.06611690348673713,0.06913224925316128,Hypertension
hypertension,7,CVD,0.052872279272198994,0.05577706443212671,Hypertension
hypertension,7,Cancer,0.03430496642643783,0.03658006851514718,Hypertension
hypertension,7,Other causes,0.06867760336816295,0.07193922779826226,Hypertension
hypertension,7.25,CVD,0.05482652031017252,0.057966191280222776,Hypertension
hypertension,7.25,Cancer,0.03525391648544149,0.037665010865027465,Hypertension
hypertension,7.25,Other causes,0.07122967078678394,0.07474797595232785,Hypertension
hypertension,7.5,CVD,0.05662506618548042,0.059991018908419784,Hypertension
hypertension,7.5,Cancer,0.036578654196511004,0.03918738942810033,Hypertension
hypertension,7.5,Other causes,0.07501984415493165,0.07893517343563704,Hypertension
hypertension,7.75,CVD,0.05893392635379032,0.06260589494853648,Hypertension
hypertension,7.75,Cancer,0.03786506040345656,0.040676851493890435,Hypertension
hypertension,7.75,Other causes,0.07858678247331818,0.08289069723556555,Hypertension
hypertension,8,CVD,0.060970588420298476,0.0649250385616325,Hypertension
hypertension,8,Cancer,0.03915302225004889,0.04217686446215168,Hypertension
hypertension,8,Other causes,0.08115696700495605,0.08575401084536392,Hypertension
hypertension,8.25,CVD,0.06295954020194054,0.0671993709299919,Hypertension
hypertension,8.25,Cancer,0.03984663458900641,0.042990912672042095,Hypertension
hypertension,8.25,Other causes,0.0844419496153992,0.08942650762157685,Hypertension
hypertension,8.5,CVD,0.06427362209841457,0.06871171064623206,Hypertension
hypertension,8.5,Cancer,0.04108621780309392,0.0444540101667479,Hypertension
hypertension,8.5,Other causes,0.08872895157874507,0.09423374219188181,Hypertension
hypertension,8.75,CVD,0.0661404294346428,0.07087093082834992,Hypertension
hypertension,8.75,Cancer,0.04198406988366704,0.045521334101547906,Hypertension
hypertension,8.75,Other causes,0.09121962241546859,0.09703650687899981,Hypertension
hypertension,9,CVD,0.06791072111864155,0.07292906765300908,Hypertension
hypertension,9,Cancer,0.042941603683120735,0.046664889957329564,Hypertension
hypertension,9,Other causes,0.09414358126274017,0.1003376296331259,Hypertension
hypertension,9.25,CVD,0.07052191746407627,0.07597873606375474,Hypertension
hypertension,9.25,Cancer,0.04481349933844184,0.04891460871389451,Hypertension
hypertension,9.25,Other causes,0.09636771466303351,0.1028592523062911,Hypertension
hypertension,9.5,CVD,0.072316198213651,0.07808416968125549,Hypertension
hypertension,9.5,Cancer,0.0455814813683329,0.049842323672488385,Hypertension
hypertension,9.5,Other causes,0.09905973428390696,0.10592774949948416,Hypertension
hypertension,9.75,CVD,0.07446987824661357,0.08062291686089725,Hypertension
hypertension,9.75,Cancer,0.04607188277550443,0.05043856879728361,Hypertension
hypertension,9.75,Other causes,0.10184784636357051,0.10911521612828594,Hypertension
hypertension,10,CVD,0.07652167252225126,0.08305179094895833,Hypertension
hypertension,10,Cancer,0.04805133598947554,0.052859593695661976,Hypertension
hypertension,10,Other causes,0.10357159479723232,0.11109455289193693,Hypertension
hypertension,10.25,CVD,0.07887487712465543,0.0858510143215164,Hypertension
hypertension,10.25,Cancer,0.048765159036700326,0.05373770072241922,Hypertension
hypertension,10.25,Other causes,0.10665605678521045,0.11465208513389555,Hypertension
hypertension,10.5,CVD,0.08022430957904716,0.08746560027967958,Hypertension
hypertension,10.5,Cancer,0.04996723378466338,0.05522661724145471,Hypertension
hypertension,10.5,Other causes,0.11032106044106467,0.11889415673587254,Hypertension
hypertension,10.75,CVD,0.08198383030938587,0.08958456474131142,Hypertension
hypertension,10.75,Cancer,0.05145566467540172,0.05708172620215618,Hypertension
hypertension,10.75,Other causes,0.11296360345696027,0.12196330708939387,Hypertension
hypertension,11,CVD,0.08400339992539142,0.09202867170370141,Hypertension
hypertension,11,Cancer,0.052768404071445923,0.05872716905018318,Hypertension
hypertension,11,Other causes,0.11565916253232422,0.12510921692868626,Hypertension
hypertension,11.25,CVD,0.085710389473525,0.09410611607206262,Hypertension
hypertension,11.25,Cancer,0.05458381644689127,0.061018116167413185,Hypertension
hypertension,11.25,Other causes,0.11807611858502173,0.12794079156975316,Hypertension
hypertension,11.5,CVD,0.08776216759948902,0.09661609733062945,Hypertension
hypertension,11.5,Cancer,0.05542783210566267,0.062089309821722206,Hypertension
hypertension,11.5,Other causes,0.12133073831995556,0.1317738427175343,Hypertension
hypertension,11.75,CVD,0.08987127938563716,0.09920957326516565,Hypertension
hypertension,11.75,Cancer,0.05617637048138896,0.06304724191163615,Hypertension
hypertension,11.75,Other causes,0.12386936184732301,0.13477420115438074,Hypertension
hypertension,12,CVD,0.09265619989271963,0.10265690442014178,Hypertension
hypertension,12,Cancer,0.057025360428930943,0.06413885247297829,Hypertension
hypertension,12,Other causes,0.1275080255649394,0.13909090608724897,Hypertension
hypertension,12.25,CVD,0.09399919407378515,0.1043282317569774,Hypertension
hypertension,12.25,Cancer,0.05759458669650168,0.06487811535324833,Hypertension
hypertension,12.25,Other causes,0.13065741013146426,0.14284372724781758,Hypertension
hypertension,12.5,CVD,0.09591714664530243,0.10672626727412204,Hypertension
hypertension,12.5,Cancer,0.058640865668033136,0.06624308858550174,Hypertension
hypertension,12.5,Other causes,0.13332007082998104,0.14602828934003448,Hypertension
hypertension,12.75,CVD,0.09864484321956087,0.11015072901276222,Hypertension
hypertension,12.75,Cancer,0.05966046918768754,0.06758568396606489,Hypertension
hypertension,12.75,Other causes,0.13532360789846068,0.14843451260249757,Hypertension
hypertension,13,CVD,0.10138461601866403,0.11360795807265077,Hypertension
hypertension,13,Cancer,0.06038682799303616,0.06854576793998308,Hypertension
hypertension,13,Other causes,0.13798389888565368,0.15164721734611927,Hypertension
hypertension,13.25,CVD,0.10255385343210265,0.11509017519959902,Hypertension
hypertension,13.25,Cancer,0.06227609097617089,0.0710664919080223,Hypertension
hypertension,13.25,Other causes,0.14165587968037446,0.1561020741072602,Hypertension
hypertension,13.5,CVD,0.1039245269933662,0.11684307783424283,Hypertension
hypertension,13.5,Cancer,0.06356440205656444,0.07279579692915031,Hypertension
hypertension,13.5,Other causes,0.14542028222567388,0.16069015836971098,Hypertension
hypertension,13.75,CVD,0.10586099098541303,0.11933639910557936,Hypertension
hypertension,13.75,Cancer,0.06422189745325868,0.07368564242573611,Hypertension
hypertension,13.75,Other causes,0.14813697177965476,0.16401220993100654,Hypertension
hypertension,14,CVD,0.10801773083445415,0.12213327228259782,Hypertension
hypertension,14,Cancer,0.06686376999013842,0.07728092618440885,Hypertension
hypertension,14,Other causes,0.15231921453854952,0.16915512071536568,Hypertension
hypertension,14.25,CVD,0.10974163250563847,0.12438524274723861,Hypertension
hypertension,14.25,Cancer,0.06757162248096592,0.07825320957451257,Hypertension
hypertension,14.25,Other causes,0.15561550242921943,0.17323263734485064,Hypertension
hypertension,14.5,CVD,0.11126075429682866,0.12638771546414906,Hypertension
hypertension,14.5,Cancer,0.06849005387127034,0.07952791688092624,Hypertension
hypertension,14.5,Other causes,0.16066860031938857,0.17949932104026828,Hypertension
hypertension,14.75,CVD,0.11503224620052861,0.13139434124915972,Hypertension
hypertension,14.75,Cancer,0.06906495129419495,0.08033437039145845,Hypertension
hypertension,14.75,Other causes,0.16414178302646792,0.18382581767247524,Hypertension
hypertension,15,CVD,0.11564255944047148,0.13221081280261518,Hypertension
hypertension,15,Cancer,0.06960690632504657,0.08110189290013224,Hypertension
hypertension,15,Other causes,0.16820167540701564,0.188910899269993,Hypertension
hypertension,15.25,CVD,0.1185236634354309,0.13608434816192388,Hypertension
hypertension,15.25,Cancer,0.07050343258138722,0.08238345893727214,Hypertension
hypertension,15.25,Other causes,0.17104510023564715,0.19248338499047352,Hypertension
hypertension,15.5,CVD,0.11962783379057403,0.13757677523020123,Hypertension
hypertension,15.5,Cancer,0.07161584083849275,0.08398253246650363,Hypertension
hypertension,15.5,Other causes,0.17411263355019957,0.19635923641727548,Hypertension
hypertension,15.75,CVD,0.12123218436732729,0.13975883909808204,Hypertension
hypertension,15.75,Cancer,0.07282655702619187,0.08573887066403119,Hypertension
hypertension,15.75,Other causes,0.17795153810636577,0.201229475871281,Hypertension
hypertension,16,CVD,0.12273929422632893,0.14182828878938242,Hypertension
hypertension,16,Cancer,0.07400921735338276,0.08746178500658815,Hypertension
hypertension,16,Other causes,0.18115746586275394,0.20531424820827687,Hypertension
hypertension,16.25,CVD,0.12334022641569996,0.1426583676366529,Hypertension
hypertension,16.25,Cancer,0.07535442034125041,0.08943854206356032,Hypertension
hypertension,16.25,Other causes,0.18367964389772132,0.20853962712226776,Hypertension
hypertension,16.5,CVD,0.12583193122906852,0.14612188104811275,Hypertension
hypertension,16.5,Cancer,0.0762752867363059,0.09079968326967872,Hypertension
hypertension,16.5,Other causes,0.18682413288956484,0.21257513863151148,Hypertension
hypertension,16.75,CVD,0.1284479189030034,0.14978527967314806,Hypertension
hypertension,16.75,Cancer,0.07833821773534912,0.09387666970321952,Hypertension
hypertension,16.75,Other causes,0.18965823316672054,0.21623666229742788,Hypertension
hypertension,17,CVD,0.13187037268113938,0.15461584196627284,Hypertension
hypertension,17,Cancer,0.07943396912769318,0.09552622226695212,Hypertension
hypertension,17,Other causes,0.19276459885408917,0.2202825826801409,Hypertension
hypertension,17.25,CVD,0.13446047563114782,0.1582960007260627,Hypertension
hypertension,17.25,Cancer,0.08060300996192143,0.09730548837632313,Hypertension
hypertension,17.25,Other causes,0.19504719932122755,0.22327436514701463,Hypertension
hypertension,17.5,CVD,0.1377982083138761,0.16306741693427002,Hypertension
hypertension,17.5,Cancer,0.08120564130524703,0.09822897718116001,Hypertension
hypertension,17.5,Other causes,0.1981736448282193,0.2274006760972338,Hypertension
hypertension,17.75,CVD,0.13996952172883978,0.16619117806491632,Hypertension
hypertension,17.75,Cancer,0.08147126963780824,0.09864024334478776,Hypertension
hypertension,17.75,Other causes,0.1996971171984846,0.22942167508267078,Hypertension
hypertension,18,CVD,0.14225801415422576,0.16950213993899566,Hypertension
hypertension,18,Cancer,0.08261897059359877,0.10042735735508543,Hypertension
hypertension,18,Other causes,0.20313509674343336,0.2340070456123955,Hypertension
no hypertension,0,CVD,2.203337576697745e-5,2.2033375766877806e-5,Hypertension
no hypertension,0,Cancer,1.112273371933181e-5,1.112273371925987e-5,Hypertension
no hypertension,0,Other causes,1.772801102494192e-5,1.772801102495336e-5,Hypertension
no hypertension,0.25,CVD,1.699393795492371e-4,1.6998144929027958e-4,Hypertension
no hypertension,0.25,Cancer,4.089440203865516e-4,4.090292526242767e-4,Hypertension
no hypertension,0.25,Other causes,3.4427985958616734e-4,3.443347012030695e-4,Hypertension
no hypertension,0.5,CVD,4.1908110147598806e-4,4.19379848516227e-4,Hypertension
no hypertension,0.5,Cancer,6.060261980663175e-4,6.062390802421602e-4,Hypertension
no hypertension,0.5,Other causes,6.557235289539879e-4,6.559964668446828e-4,Hypertension
no hypertension,0.75,CVD,6.610093717368232e-4,6.616938647847958e-4,Hypertension
no hypertension,0.75,Cancer,8.85371252255327e-4,8.859930777000535e-4,Hypertension
no hypertension,0.75,Other causes,0.001272710502181155,0.001273692938841242,Hypertension
no hypertension,1,CVD,8.994106865426189e-4,9.006930482666875e-4,Hypertension
no hypertension,1,Cancer,0.001140354056594087,0.0011415493793824783,Hypertension
no hypertension,1,Other causes,0.0018206705503274424,0.0018225663758659693,Hypertension
no hypertension,1.25,CVD,0.0010296182787488855,0.0010313271265303902,Hypertension
no hypertension,1.25,Cancer,0.001570063398315317,0.001572603425955621,Hypertension
no hypertension,1.25,Other causes,0.002413916262441163,0.002417088411584217,Hypertension
no hypertension,1.5,CVD,0.001286929947089818,0.0012897304355961813,Hypertension
no hypertension,1.5,Cancer,0.001860379647222407,0.0018639676518658944,Hypertension
no hypertension,1.5,Other causes,0.0028054259807852497,0.002809698316441961,Hypertension
no hypertension,1.75,CVD,0.0015215927741503016,0.0015255644334290774,Hypertension
no hypertension,1.75,Cancer,0.0021622103509094234,0.0021671665329737245,Hypertension
no hypertension,1.75,Other causes,0.003490259901172413,0.0034967901482451935,Hypertension
no hypertension,2,CVD,0.0017390681264787236,0.0017443578427923712,Hypertension
no hypertension,2,Cancer,0.002731843334165235,0.0027397823202515216,Hypertension
no hypertension,2,Other causes,0.004009882891916433,0.004018498608712134,Hypertension
no hypertension,2.25,CVD,0.0020872267645180615,0.00209504098028625,Hypertension
no hypertension,2.25,Cancer,0.003043936303538713,0.0030537259307215348,Hypertension
no hypertension,2.25,Other causes,0.0045609334222300076,0.0045721575567086725,Hypertension
no hypertension,2.5,CVD,0.002361078450271083,0.002371050267681646,Hypertension
no hypertension,2.5,Cancer,0.003505669841711397,0.003518688943382192,Hypertension
no hypertension,2.5,Other causes,0.005003862661757465,0.005017474397419142,Hypertension
no hypertension,2.75,CVD,0.002543042622588179,0.002554594888326417,Hypertension
no hypertension,2.75,Cancer,0.00395310107468025,0.00396962648442597,Hypertension
no hypertension,2.75,Other causes,0.005472021364473971,0.005488474903467294,Hypertension
no hypertension,3,CVD,0.00298930804911064,0.0030052151278722795,Hypertension
no hypertension,3,Cancer,0.004259061152298088,0.004278163069087215,Hypertension
no hypertension,3,Other causes,0.005915896167158554,0.005935368113648243,Hypertension
no hypertension,3.25,CVD,0.0032897727500859654,0.0033088751784951186,Hypertension
no hypertension,3.25,Cancer,0.004711641274974598,0.004734988934099871,Hypertension
no hypertension,3.25,Other causes,0.00652153073544957,0.00654556105298576,Hypertension
no hypertension,3.5,CVD,0.003481074811943915,0.0035024174010313157,Hypertension
no hypertension,3.5,Cancer,0.005202247139848639,0.005230599098514155,Hypertension
no hypertension,3.5,Other causes,0.007317060312925661,0.0073477566491261855,Hypertension
no hypertension,3.75,CVD,0.003648709597873268,0.0036721883550404288,Hypertension
no hypertension,3.75,Cancer,0.005425798406979342,0.0054566579733755,Hypertension
no hypertension,3.75,Other causes,0.007862548223006265,0.007898144526411655,Hypertension
no hypertension,4,CVD,0.003885468729397216,0.003912239995979899,Hypertension
no hypertension,4,Cancer,0.005625497179442936,0.005658788136278026,Hypertension
no hypertension,4,Other causes,0.008623291356158682,0.008665949803362716,Hypertension
no hypertension,4.25,CVD,0.004221616666232655,0.0042533305512205185,Hypertension
no hypertension,4.25,Cancer,0.005872266399999749,0.005908742161959263,Hypertension
no hypertension,4.25,Other causes,0.00914229089734373,0.009190086830689314,Hypertension
no hypertension,4.5,CVD,0.004604320033391349,0.00464201805170929,Hypertension
no hypertension,4.5,Cancer,0.006157063663269822,0.006197502979470815,Hypertension
no hypertension,4.5,Other causes,0.009724583411905508,0.009778454170633477,Hypertension
no hypertension,4.75,CVD,0.004804110295950505,0.004845112780721366,Hypertension
no hypertension,4.75,Cancer,0.006609919384355286,0.006657071887714078,Hypertension
no hypertension,4.75,Other causes,0.010530100168022829,0.010593020566901168,Hypertension
no hypertension,5,CVD,0.005245671993456829,0.005294590522690701,Hypertension
no hypertension,5,Cancer,0.006999980701355421,0.007053304764642526,Hypertension
no hypertension,5,Other causes,0.011325961832878225,0.011398409203734666,Hypertension
no hypertension,5.25,CVD,0.005553798796516288,0.005608590687991288,Hypertension
no hypertension,5.25,Cancer,0.007367371133712482,0.007427050610393687,Hypertension
no hypertension,5.25,Other causes,0.011965578324060573,0.012046127680357899,Hypertension
no hypertension,5.5,CVD,0.005731923497178788,0.005790281388191559,Hypertension
no hypertension,5.5,Cancer,0.007661214795129128,0.007726210036461794,Hypertension
no hypertension,5.5,Other causes,0.012394884657758128,0.012481163277412954,Hypertension
no hypertension,5.75,CVD,0.006093124351666502,0.006159081714577153,Hypertension
no hypertension,5.75,Cancer,0.008030960540705305,0.008102966642612957,Hypertension
no hypertension,5.75,Other causes,0.0135127708889178,0.01361464471394665,Hypertension
no hypertension,6,CVD,0.006313128962578918,0.006384014939242571,Hypertension
no hypertension,6,Cancer,0.008497414751062655,0.008578957959738603,Hypertension
no hypertension,6,Other causes,0.014122035636222548,0.014232803391410509,Hypertension
no hypertension,6.25,CVD,0.006592018803898262,0.006669455879292768,Hypertension
no hypertension,6.25,Cancer,0.009027451709686985,0.009120250871605751,Hypertension
no hypertension,6.25,Other causes,0.0144627615472252,0.014578756172419516,Hypertension
no hypertension,6.5,CVD,0.0071355774287685065,0.007226437984945183,Hypertension
no hypertension,6.5,Cancer,0.009445027921474725,0.009547058497845729,Hypertension
no hypertension,6.5,Other causes,0.01520057652894387,0.015328549111649593,Hypertension
no hypertension,6.75,CVD,0.007434300567072259,0.007532840420795594,Hypertension
no hypertension,6.75,Cancer,0.009757821590330692,0.009867112087559287,Hypertension
no hypertension,6.75,Other causes,0.015875018172641708,0.01601463473990955,Hypertension
no hypertension,7,CVD,0.007754203777016031,0.007861393514159792,Hypertension
no hypertension,7,Cancer,0.010169745660439806,0.010289002604628871,Hypertension
no hypertension,7,Other causes,0.016415527631196827,0.01656477497700524,Hypertension
no hypertension,7.25,CVD,0.008107385565752185,0.008224361268229636,Hypertension
no hypertension,7.25,Cancer,0.011002977684217173,0.011143432556771794,Hypertension
no hypertension,7.25,Other causes,0.017174219886849428,0.017337716431246743,Hypertension
no hypertension,7.5,CVD,0.008387660735835892,0.008512947615824124,Hypertension
no hypertension,7.5,Cancer,0.011474248480362057,0.011627144039577292,Hypertension
no hypertension,7.5,Other causes,0.017960554432300564,0.018139735345565393,Hypertension
no hypertension,7.75,CVD,0.008771903424145917,0.008909166692790755,Hypertension
no hypertension,7.75,Cancer,0.011680148370051205,0.011838787018549174,Hypertension
no hypertension,7.75,Other causes,0.019125300633634292,0.019328458849898027,Hypertension
no hypertension,8,CVD,0.008854546304662373,0.008994498706577102,Hypertension
no hypertension,8,Cancer,0.012088326726481958,0.012258811907336336,Hypertension
no hypertension,8,Other causes,0.01983027687548797,0.020048478199851318,Hypertension
no hypertension,8.25,CVD,0.00897453910737541,0.009118481630672392,Hypertension
no hypertension,8.25,Cancer,0.012684469586099471,0.012872940135366606,Hypertension
no hypertension,8.25,Other causes,0.020257778528117817,0.020485247727917082,Hypertension
no hypertension,8.5,CVD,0.009176725724100755,0.00932761757358871,Hypertension
no hypertension,8.5,Cancer,0.013065336430140512,0.013265426294859434,Hypertension
no hypertension,8.5,Other causes,0.020770796173587354,0.021009937690888984,Hypertension
no hypertension,8.75,CVD,0.00939111444899333,0.009549705102912786,Hypertension
no hypertension,8.75,Cancer,0.013435830087429415,0.01364757528438001,Hypertension
no hypertension,8.75,Other causes,0.021702432705856808,0.02196315868598036,Hypertension
no hypertension,9,CVD,0.009690782844392173,0.009860493347640942,Hypertension
no hypertension,9,Cancer,0.01403512753087793,0.014266497799953199,Hypertension
no hypertension,9,Other causes,0.022478622254570087,0.02275787623646605,Hypertension
no hypertension,9.25,CVD,0.010004398122973702,0.010186106940225892,Hypertension
no hypertension,9.25,Cancer,0.014517699943724613,0.014765450979902173,Hypertension
no hypertension,9.25,Other causes,0.023152597877792183,0.023448682335779736,Hypertension
no hypertension,9.5,CVD,0.01052853038392163,0.010731096091647097,Hypertension
no hypertension,9.5,Cancer,0.015024077921725703,0.015289696495288052,Hypertension
no hypertension,9.5,Other causes,0.02407118055355455,0.024390926049415607,Hypertension
no hypertension,9.75,CVD,0.010731987977621663,0.010942963554406554,Hypertension
no hypertension,9.75,Cancer,0.015745249964971213,0.01603721181415315,Hypertension
no hypertension,9.75,Other causes,0.02480422156319451,0.025143670981422596,Hypertension
no hypertension,10,CVD,0.011217043316424577,0.011448839362373332,Hypertension
no hypertension,10,Cancer,0.016200578173276376,0.016509543820914446,Hypertension
no hypertension,10,Other causes,0.025468866548518553,0.02582696980744447,Hypertension
no hypertension,10.25,CVD,0.011770830680780567,0.012027311577100635,Hypertension
no hypertension,10.25,Cancer,0.016823604115012266,0.017156777420930865,Hypertension
no hypertension,10.25,Other causes,0.026359939728132758,0.026743810764646724,Hypertension
no hypertension,10.5,CVD,0.012427962636049061,0.01271456307780498,Hypertension
no hypertension,10.5,Cancer,0.017340542424739945,0.017694627824743035,Hypertension
no hypertension,10.5,Other causes,0.026987786354671816,0.02739068838697862,Hypertension
no hypertension,10.75,CVD,0.01268912937033547,0.012988087225772733,Hypertension
no hypertension,10.75,Cancer,0.017505576150838403,0.017866610171699375,Hypertension
no hypertension,10.75,Other causes,0.028327293499914863,0.028772094053278602,Hypertension
no hypertension,11,CVD,0.01300262462597978,0.013316913282105736,Hypertension
no hypertension,11,Cancer,0.017639653190229566,0.018006531161652732,Hypertension
no hypertension,11,Other causes,0.029047983850906272,0.029515616253048348,Hypertension
no hypertension,11.25,CVD,0.013154991060978926,0.013476856646660202,Hypertension
no hypertension,11.25,Cancer,0.018129129140363406,0.018517865520772874,Hypertension
no hypertension,11.25,Other causes,0.029485439167609588,0.029967153004153885,Hypertension
no hypertension,11.5,CVD,0.013399379138846713,0.013733601885876546,Hypertension
no hypertension,11.5,Cancer,0.01847394091562603,0.01887831526334376,Hypertension
no hypertension,11.5,Other causes,0.030071560635225696,0.030572627699011905,Hypertension
no hypertension,11.75,CVD,0.013731441593412308,0.014082940404546291,Hypertension
no hypertension,11.75,Cancer,0.01884081536731808,0.019262097314071254,Hypertension
no hypertension,11.75,Other causes,0.031234671265563445,0.03177510424734836,Hypertension
no hypertension,12,CVD,0.014012482397216952,0.014379090412384532,Hypertension
no hypertension,12,Cancer,0.019321459048338516,0.01976582443414378,Hypertension
no hypertension,12,Other causes,0.03211898005135735,0.03268987404301436,Hypertension
no hypertension,12.25,CVD,0.01429559353272158,0.014677756457018914,Hypertension
no hypertension,12.25,Cancer,0.01975975694687973,0.020225749094512635,Hypertension
no hypertension,12.25,Other causes,0.033082003607596104,0.033686993047377524,Hypertension
no hypertension,12.5,CVD,0.0149810551169554,0.015401924351569379,Hypertension
no hypertension,12.5,Cancer,0.02009528872985322,0.020578401962322374,Hypertension
no hypertension,12.5,Other causes,0.033704639115745796,0.03433222505835095,Hypertension
no hypertension,12.75,CVD,0.015379664697196031,0.015823599270304828,Hypertension
no hypertension,12.75,Cancer,0.020423291507417708,0.02092356313556746,Hypertension
no hypertension,12.75,Other causes,0.034283911901768556,0.034932980382470336,Hypertension
no hypertension,13,CVD,0.016055941628379256,0.01654015754481386,Hypertension
no hypertension,13,Cancer,0.021488520700779962,0.0220455863494728,Hypertension
no hypertension,13,Other causes,0.03499182646005063,0.035667961615516455,Hypertension
no hypertension,13.25,CVD,0.016624755745873406,0.017143456612952756,Hypertension
no hypertension,13.25,Cancer,0.02197923135072082,0.022563282978790178,Hypertension
no hypertension,13.25,Other causes,0.036144910040286124,0.036867582991770544,Hypertension
no hypertension,13.5,CVD,0.017222459082355795,0.01777888703221032,Hypertension
no hypertension,13.5,Cancer,0.02226927693589417,0.022869714513355836,Hypertension
no hypertension,13.5,Other causes,0.03698665126725547,0.03774402580709772,Hypertension
no hypertension,13.75,CVD,0.017492603876584578,0.018066325071205414,Hypertension
no hypertension,13.75,Cancer,0.022568397224128046,0.023186390518898398,Hypertension
no hypertension,13.75,Other causes,0.03754302054155625,0.03832376496313225,Hypertension
no hypertension,14,CVD,0.017877603525726905,0.018476262439803194,Hypertension
no hypertension,14,Cancer,0.023014830861971917,0.023659287358481235,Hypertension
no hypertension,14,Other causes,0.03851143039523589,0.03933395149181648,Hypertension
no hypertension,14.25,CVD,0.01863931147479372,0.01928904205639409,Hypertension
no hypertension,14.25,Cancer,0.023893141176738783,0.024590975320652436,Hypertension
no hypertension,14.25,Other causes,0.039591367728600224,0.04046185016887997,Hypertension
no hypertension,14.5,CVD,0.019395987357685367,0.02009792971793825,Hypertension
no hypertension,14.5,Cancer,0.02405303931125094,0.024760956209837537,Hypertension
no hypertension,14.5,Other causes,0.040346746114790874,0.04125163826251511,Hypertension
no hypertension,14.75,CVD,0.019721939825124303,0.020446694106519597,Hypertension
no hypertension,14.75,Cancer,0.024318580186969946,0.025043738500636674,Hypertension
no hypertension,14.75,Other causes,0.04134783928939466,0.04229944934143827,Hypertension
no hypertension,15,CVD,0.02016473498224074,0.020921239489936693,Hypertension
no hypertension,15,Cancer,0.02523978566432978,0.026026296651172693,Hypertension
no hypertension,15,Other causes,0.0423784358814303,0.043379080130421695,Hypertension
no hypertension,15.25,CVD,0.020695300691437723,0.02149102593177162,Hypertension
no hypertension,15.25,Cancer,0.025953477649476517,0.02678891869845097,Hypertension
no hypertension,15.25,Other causes,0.0437473533223544,0.044815299759544305,Hypertension
no hypertension,15.5,CVD,0.021224429248425044,0.022060277145863012,Hypertension
no hypertension,15.5,Cancer,0.026355229747113646,0.02721878921748939,Hypertension
no hypertension,15.5,Other causes,0.04472058866279312,0.04583817134223016,Hypertension
no hypertension,15.75,CVD,0.021496775057477675,0.022354087714239735,Hypertension
no hypertension,15.75,Cancer,0.026583395289644582,0.027463500671868972,Hypertension
no hypertension,15.75,Other causes,0.04605547088343302,0.047241453876866554,Hypertension
no hypertension,16,CVD,0.021679898574487884,0.022551768950871125,Hypertension
no hypertension,16,Cancer,0.02772006334362994,0.028684416912528786,Hypertension
no hypertension,16,Other causes,0.0471814500895683,0.048426386005663465,Hypertension
no hypertension,16.25,CVD,0.022223114024752605,0.023139899283560906,Hypertension
no hypertension,16.25,Cancer,0.028056407692573292,0.02904604378637804,Hypertension
no hypertension,16.25,Other causes,0.04794282292797897,0.049228610356855676,Hypertension
no hypertension,16.5,CVD,0.022434739322698127,0.023369307956232332,Hypertension
no hypertension,16.5,Cancer,0.02854250263242846,0.029569929600976947,Hypertension
no hypertension,16.5,Other causes,0.04913238673427318,0.05048300628927578,Hypertension
no hypertension,16.75,CVD,0.02318738032305096,0.024187127510110797,Hypertension
no hypertension,16.75,Cancer,0.029121235719840956,0.030194382515019984,Hypertension
no hypertension,16.75,Other causes,0.05014842978906866,0.05155529470881473,Hypertension
no hypertension,17,CVD,0.0236957960659187,0.024740261976017246,Hypertension
no hypertension,17,Cancer,0.029783895929218984,0.03091164720928557,Hypertension
no hypertension,17,Other causes,0.05199976507871935,0.05351212146703538,Hypertension
no hypertension,17.25,CVD,0.02487833300620919,0.026029698439090948,Hypertension
no hypertension,17.25,Cancer,0.03026228751609598,0.031430539257900486,Hypertension
no hypertension,17.25,Other causes,0.052314592835875064,0.05384556020756086,Hypertension
no hypertension,17.5,CVD,0.025355967109889903,0.02655090641131779,Hypertension
no hypertension,17.5,Cancer,0.03107809817712329,0.0323161292132587,Hypertension
no hypertension,17.5,Other causes,0.053153497435111295,0.05473575778809095,Hypertension
no hypertension,17.75,CVD,0.026208391017197925,0.02748288052036163,Hypertension
no hypertension,17.75,Cancer,0.031145643865209537,0.03238957398337656,Hypertension
no hypertension,17.75,Other causes,0.053443993405396045,0.05504431011004363,Hypertension
no hypertension,18,CVD,0.026709313335047318,0.028031524173496553,Hypertension
no hypertension,18,Cancer,0.03211669051877564,0.03344624603664848,Hypertension
no hypertension,18,Other causes,0.054875608745617616,0.05656612784396838,Hypertension
CKD,0,CVD,2.3727727336318456e-4,2.372772733631512e-4,Chronic kidney disease
CKD,0,Cancer,5.566479358773839e-5,5.566479358767862e-5,Chronic kidney disease
CKD,0,Other causes,1.0243168455442631e-4,1.0243168455442708e-4,Chronic kidney disease
CKD,0.25,CVD,0.0019603858794666608,0.001962825852744826,Chronic kidney disease
CKD,0.25,Cancer,0.0012663804048745242,0.0012691011155168852,Chronic kidney disease
CKD,0.25,Other causes,0.0034180963466287056,0.003422105712361084,Chronic kidney disease
CKD,0.5,CVD,0.005240483183235992,0.005263062612489389,Chronic kidney disease
CKD,0.5,Cancer,0.0022750441133930132,0.0022852001903384046,Chronic kidney disease
CKD,0.5,Other causes,0.006354377672441094,0.006371697993972714,Chronic kidney disease
CKD,0.75,CVD,0.008446140562091715,0.008501658208898139,Chronic kidney disease
CKD,0.75,Cancer,0.0038900632823415824,0.003924052239432619,Chronic kidney disease
CKD,0.75,Other causes,0.010472967881125709,0.010529071278851476,Chronic kidney disease
CKD,1,CVD,0.01129671461139946,0.01139907562246909,Chronic kidney disease
CKD,1,Cancer,0.006105322609919557,0.006187382529624486,Chronic kidney disease
CKD,1,Other causes,0.013444972629513219,0.013542471016842972,Chronic kidney disease
CKD,1.25,CVD,0.013512160490638362,0.013662616532786798,Chronic kidney disease
CKD,1.25,Cancer,0.007846021486671136,0.007974859893454856,Chronic kidney disease
CKD,1.25,Other causes,0.01668799117511188,0.016849168504967538,Chronic kidney disease
CKD,1.5,CVD,0.017502791757894886,0.017761304988083725,Chronic kidney disease
CKD,1.5,Cancer,0.009737721048468003,0.009929298513426471,Chronic kidney disease
CKD,1.5,Other causes,0.01974172758473972,0.01997720835278255,Chronic kidney disease
CKD,1.75,CVD,0.02007908109474179,0.020421305739981237,Chronic kidney disease
CKD,1.75,Cancer,0.011196385440443225,0.011448110529945998,Chronic kidney disease
CKD,1.75,Other causes,0.02307081698447066,0.02340459610580652,Chronic kidney disease
CKD,2,CVD,0.02333002253086167,0.023799494538274617,Chronic kidney disease
CKD,2,Cancer,0.013344184550202021,0.013696291103009434,Chronic kidney disease
CKD,2,Other causes,0.027163338956051834,0.02763908734089767,Chronic kidney disease
CKD,2.25,CVD,0.027870773739663332,0.028550752211478275,Chronic kidney disease
CKD,2.25,Cancer,0.015258884742362859,0.015717773682883195,Chronic kidney disease
CKD,2.25,Other causes,0.03250781994217665,0.03320232916702142,Chronic kidney disease
CKD,2.5,CVD,0.03133751627017507,0.03219982938889309,Chronic kidney disease
CKD,2.5,Cancer,0.017121674698345878,0.017707096373290942,Chronic kidney disease
CKD,2.5,Other causes,0.03628187316348877,0.03715813686944296,Chronic kidney disease
CKD,2.75,CVD,0.03441436685139227,0.035459471701652354,Chronic kidney disease
CKD,2.75,Cancer,0.01856836043684778,0.01926518060074186,Chronic kidney disease
CKD,2.75,Other causes,0.04089725310350983,0.04202140384589464,Chronic kidney disease
CKD,3,CVD,0.03639335363544305,0.03757116369355207,Chronic kidney disease
CKD,3,Cancer,0.021297116280538902,0.02222535491608411,Chronic kidney disease
CKD,3,Other causes,0.04456699966650721,0.04590713929093597,Chronic kidney disease
CKD,3.25,CVD,0.03861941855098974,0.03996157732854287,Chronic kidney disease
CKD,3.25,Cancer,0.02311451991355791,0.02420970954093875,Chronic kidney disease
CKD,3.25,Other causes,0.047460726543485904,0.048985686895784225,Chronic kidney disease
CKD,3.5,CVD,0.04291745100710998,0.04460493275241754,Chronic kidney disease
CKD,3.5,Cancer,0.024365499921946587,0.02558566144183978,Chronic kidney disease
CKD,3.5,Other causes,0.05272762259123598,0.05461956862385259,Chronic kidney disease
CKD,3.75,CVD,0.04788778068458588,0.05000883755657813,Chronic kidney disease
CKD,3.75,Cancer,0.025244025327187815,0.02656068353173858,Chronic kidney disease
CKD,3.75,Other causes,0.05576660141476206,0.057893024629143724,Chronic kidney disease
CKD,4,CVD,0.0510930456898791,0.05351191683310134,Chronic kidney disease
CKD,4,Cancer,0.025918575221091113,0.027316077934319748,Chronic kidney disease
CKD,4,Other causes,0.06041541411835623,0.06292856734351616,Chronic kidney disease
CKD,4.25,CVD,0.05366598088156608,0.056338820461533816,Chronic kidney disease
CKD,4.25,Cancer,0.027220852753215397,0.0287892728699511,Chronic kidney disease
CKD,4.25,Other causes,0.06473926404286598,0.06763395998167906,Chronic kidney disease
CKD,4.5,CVD,0.0574132952165571,0.060491415494878284,Chronic kidney disease
CKD,4.5,Cancer,0.028827094739362697,0.030620154504925622,Chronic kidney disease
CKD,4.5,Other causes,0.06917764179991465,0.07248501457317552,Chronic kidney disease
CKD,4.75,CVD,0.060502722897800496,0.0639331778278284,Chronic kidney disease
CKD,4.75,Cancer,0.03002995714719472,0.032003923257696895,Chronic kidney disease
CKD,4.75,Other causes,0.07284194229221512,0.0765184318584584,Chronic kidney disease
CKD,5,CVD,0.06416488527681076,0.06804219859944474,Chronic kidney disease
CKD,5,Cancer,0.031737914979214465,0.03398799945649689,Chronic kidney disease
CKD,5,Other causes,0.07812288012367785,0.08235971841752347,Chronic kidney disease
CKD,5.25,CVD,0.06732364613840773,0.07161833389275916,Chronic kidney disease
CKD,5.25,Cancer,0.03369424888862848,0.036281964913683615,Chronic kidney disease
CKD,5.25,Other causes,0.08244513462277596,0.0871693641501973,Chronic kidney disease
CKD,5.5,CVD,0.07084662693112863,0.0756319792869472,Chronic kidney disease
CKD,5.5,Cancer,0.0343517645018784,0.0370611032055536,Chronic kidney disease
CKD,5.5,Other causes,0.08729331187208848,0.09259845469052899,Chronic kidney disease
CKD,5.75,CVD,0.07437590219937974,0.0796819665812136,Chronic kidney disease
CKD,5.75,Cancer,0.035492679254050793,0.03842620890140622,Chronic kidney disease
CKD,5.75,Other causes,0.09235317523742188,0.0982956685048177,Chronic kidney disease
CKD,6,CVD,0.07897668062835883,0.0850001544723325,Chronic kidney disease
CKD,6,Cancer,0.0368437136371294,0.040063986792274374,Chronic kidney disease
CKD,6,Other causes,0.09652488397680581,0.10302121565899425,Chronic kidney disease
CKD,6.25,CVD,0.08289067878660047,0.08955686078737116,Chronic kidney disease
CKD,6.25,Cancer,0.03910141435817795,0.042823415949269264,Chronic kidney disease
CKD,6.25,Other causes,0.10070293830656399,0.10779343318675375,Chronic kidney disease
CKD,6.5,CVD,0.0875125011454819,0.0949825952046855,Chronic kidney disease
CKD,6.5,Cancer,0.040916012909951505,0.045068089614062855,Chronic kidney disease
CKD,6.5,Other causes,0.10508610500992936,0.11283884769194455,Chronic kidney disease
CKD,6.75,CVD,0.09005568705819914,0.09799301382176331,Chronic kidney disease
CKD,6.75,Cancer,0.04181744598417318,0.04619230684492563,Chronic kidney disease
CKD,6.75,Other causes,0.11135243633207347,0.12010801749386574,Chronic kidney disease
CKD,7,CVD,0.09368929316592024,0.10233926406880381,Chronic kidney disease
CKD,7,Cancer,0.04375848713719441,0.048644901756742555,Chronic kidney disease
CKD,7,Other causes,0.11585336036216133,0.1253540890402559,Chronic kidney disease
CKD,7.25,CVD,0.09588241548470314,0.10498463303140633,Chronic kidney disease
CKD,7.25,Cancer,0.045666969816150954,0.051082269985713864,Chronic kidney disease
CKD,7.25,Other causes,0.12011400028374182,0.13035415823771393,Chronic kidney disease
CKD,7.5,CVD,0.09904774287299307,0.10883646337239487,Chronic kidney disease
CKD,7.5,Cancer,0.04732302954726516,0.05321876658395229,Chronic kidney disease
CKD,7.5,Other causes,0.1253556622032449,0.13653879476250524,Chronic kidney disease
CKD,7.75,CVD,0.10224569900757635,0.11276315031237621,Chronic kidney disease
CKD,7.75,Cancer,0.04862280790175733,0.054917095577286364,Chronic kidney disease
CKD,7.75,Other causes,0.13057302737798362,0.14273457286710023,Chronic kidney disease
CKD,8,CVD,0.10524980645579893,0.11648344808235028,Chronic kidney disease
CKD,8,Cancer,0.05076716015022914,0.05774028400325606,Chronic kidney disease
CKD,8,Other causes,0.13398440962697974,0.14681900961347247,Chronic kidney disease
CKD,8.25,CVD,0.10768749847246507,0.11952219122755688,Chronic kidney disease
CKD,8.25,Cancer,0.05139797371660817,0.05858181604237052,Chronic kidney disease
CKD,8.25,Other causes,0.1388270751396954,0.15264808061229834,Chronic kidney disease
CKD,8.5,CVD,0.10983490195408656,0.12222130879424366,Chronic kidney disease
CKD,8.5,Cancer,0.05255521002562437,0.06013903423134092,Chronic kidney disease
CKD,8.5,Other causes,0.1425149074895905,0.15710524973308246,Chronic kidney disease
CKD,8.75,CVD,0.11243253163616895,0.12550885808563386,Chronic kidney disease
CKD,8.75,Cancer,0.05365713616623314,0.06163784529332921,Chronic kidney disease
CKD,8.75,Other causes,0.14742162040584045,0.16306530752701812,Chronic kidney disease
CKD,9,CVD,0.11469498305652998,0.12839913689438176,Chronic kidney disease
CKD,9,Cancer,0.055070460668227975,0.0635741586973076,Chronic kidney disease
CKD,9,Other causes,0.1518599502537585,0.16848791161785295,Chronic kidney disease
CKD,9.25,CVD,0.11855259326897191,0.1333609920858575,Chronic kidney disease
CKD,9.25,Cancer,0.05583889693617802,0.06463884789512336,Chronic kidney disease
CKD,9.25,Other causes,0.1546601867553659,0.1719303074882782,Chronic kidney disease
CKD,9.5,CVD,0.1209425182058196,0.1364543473569403,Chronic kidney disease
CKD,9.5,Cancer,0.05690765277212537,0.06613246950147646,Chronic kidney disease
CKD,9.5,Other causes,0.15901009289379414,0.17731161106493734,Chronic kidney disease
CKD,9.75,CVD,0.12447297541970148,0.14106741805889159,Chronic kidney disease
CKD,9.75,Cancer,0.0597261950676176,0.07011838240773097,Chronic kidney disease
CKD,9.75,Other causes,0.16318305377794956,0.18250566994032916,Chronic kidney disease
CKD,10,CVD,0.12873755708749385,0.14668977811608744,Chronic kidney disease
CKD,10,Cancer,0.06096470745142161,0.07188949003354378,Chronic kidney disease
CKD,10,Other causes,0.1658245189996065,0.18582538827879516,Chronic kidney disease
CKD,10.25,CVD,0.13265067901603197,0.1518839664753568,Chronic kidney disease
CKD,10.25,Cancer,0.062142962286277866,0.07359322821533197,Chronic kidney disease
CKD,10.25,Other causes,0.16977238490568786,0.19082718802801313,Chronic kidney disease
CKD,10.5,CVD,0.1366479362951365,0.15723696035515883,Chronic kidney disease
CKD,10.5,Cancer,0.06320586142293884,0.07514899786549402,Chronic kidney disease
CKD,10.5,Other causes,0.17416654541946827,0.1964360440681267,Chronic kidney disease
CKD,10.75,CVD,0.13944728428332268,0.1610168936433343,Chronic kidney disease
CKD,10.75,Cancer,0.06385619700039834,0.0761119826223897,Chronic kidney disease
CKD,10.75,Other causes,0.1782936263451934,0.20174245645313638,Chronic kidney disease
CKD,11,CVD,0.1417452341313214,0.16414202130445618,Chronic kidney disease
CKD,11,Cancer,0.06548061417168509,0.07854667158757028,Chronic kidney disease
CKD,11,Other causes,0.18192638083574947,0.2064421520926078,Chronic kidney disease
CKD,11.25,CVD,0.144416906939024,0.16781107445546734,Chronic kidney disease
CKD,11.25,Cancer,0.06704335586273537,0.08092082540430548,Chronic kidney disease
CKD,11.25,Other causes,0.18650759961244945,0.21239699200495588,Chronic kidney disease
CKD,11.5,CVD,0.14578974091065608,0.16971227713327364,Chronic kidney disease
CKD,11.5,Cancer,0.0675847363361352,0.08174915077256656,Chronic kidney disease
CKD,11.5,Other causes,0.1894379896994759,0.2162349732311618,Chronic kidney disease
CKD,11.75,CVD,0.1486881054747211,0.17375200732340373,Chronic kidney disease
CKD,11.75,Cancer,0.0688505385428416,0.08369708185963587,Chronic kidney disease
CKD,11.75,Other causes,0.19435339277890074,0.2227117653386348,Chronic kidney disease
CKD,12,CVD,0.1518845459342066,0.1782529527280922,Chronic kidney disease
CKD,12,Cancer,0.06931430603694387,0.08442042662711682,Chronic kidney disease
CKD,12,Other causes,0.19863102369961122,0.22838039656119014,Chronic kidney disease
CKD,12.25,CVD,0.15406413839997296,0.18135148945250962,Chronic kidney disease
CKD,12.25,Cancer,0.06983428213220348,0.08524154459580224,Chronic kidney disease
CKD,12.25,Other causes,0.2027234858459766,0.233830057087455,Chronic kidney disease
CKD,12.5,CVD,0.15664004266659756,0.1850376322643356,Chronic kidney disease
CKD,12.5,Cancer,0.07111747767702427,0.08729051220575322,Chronic kidney disease
CKD,12.5,Other causes,0.20578139755215677,0.2379314495898876,Chronic kidney disease
CKD,12.75,CVD,0.15996863006445391,0.18983535467898088,Chronic kidney disease
CKD,12.75,Cancer,0.07272372164224761,0.08989622362767934,Chronic kidney disease
CKD,12.75,Other causes,0.20806142454483198,0.2410047599573454,Chronic kidney disease
CKD,13,CVD,0.16304916859474938,0.19431392515533946,Chronic kidney disease
CKD,13,Cancer,0.0739719409067936,0.09193135946704356,Chronic kidney disease
CKD,13,Other causes,0.20975282085819083,0.2433032827081747,Chronic kidney disease
CKD,13.25,CVD,0.16462670392040601,0.19661468977896604,Chronic kidney disease
CKD,13.25,Cancer,0.07530490524813944,0.09412751536317109,Chronic kidney disease
CKD,13.25,Other causes,0.2120638890219067,0.2464657793771254,Chronic kidney disease
CKD,13.5,CVD,0.1657040955701345,0.1981993073214562,Chronic kidney disease
CKD,13.5,Cancer,0.07600044737443373,0.09527982193518528,Chronic kidney disease
CKD,13.5,Other causes,0.21549267604611977,0.25118512777013197,Chronic kidney disease
CKD,13.75,CVD,0.16825371597937588,0.20197869288887496,Chronic kidney disease
CKD,13.75,Cancer,0.07662160615543549,0.09631713556300674,Chronic kidney disease
CKD,13.75,Other causes,0.21878352760016032,0.25573139384371124,Chronic kidney disease
CKD,14,CVD,0.16985724840429023,0.20436702628361583,Chronic kidney disease
CKD,14,Cancer,0.07831874760448886,0.09918322930779477,Chronic kidney disease
CKD,14,Other causes,0.22300674016800104,0.26160449999751245,Chronic kidney disease
CKD,14.25,CVD,0.17210159183651727,0.20774982235343684,Chronic kidney disease
CKD,14.25,Cancer,0.07831874760448886,0.09918322930779477,Chronic kidney disease
CKD,14.25,Other causes,0.22618433413523376,0.2660462816784133,Chronic kidney disease
CKD,14.5,CVD,0.1738451358892065,0.21039337373905798,Chronic kidney disease
CKD,14.5,Cancer,0.07968949806445648,0.10155167107070096,Chronic kidney disease
CKD,14.5,Other causes,0.22806850064100073,0.2686913086091153,Chronic kidney disease
CKD,14.75,CVD,0.17523610708654563,0.2125192281008718,Chronic kidney disease
CKD,14.75,Cancer,0.08057095977552647,0.10308800909693826,Chronic kidney disease
CKD,14.75,Other causes,0.23123692000646778,0.27316274900499127,Chronic kidney disease
CKD,15,CVD,0.17609494819001065,0.2138425486935705,Chronic kidney disease
CKD,15,Cancer,0.08145496737350869,0.10464374875893834,Chronic kidney disease
CKD,15,Other causes,0.23559306305393213,0.2793381908248123,Chronic kidney disease
CKD,15.25,CVD,0.17833169883192018,0.21732302135136589,Chronic kidney disease
CKD,15.25,Cancer,0.08164934430974852,0.10498923038774667,Chronic kidney disease
CKD,15.25,Other causes,0.238883371011011,0.28402069146963965,Chronic kidney disease
CKD,15.5,CVD,0.1794965604579961,0.21914383373510432,Chronic kidney disease
CKD,15.5,Cancer,0.0823861472933049,0.10630513656290151,Chronic kidney disease
CKD,15.5,Other causes,0.2420954160560461,0.288618385289864,Chronic kidney disease
CKD,15.75,CVD,0.1800851403427668,0.22007374629596127,Chronic kidney disease
CKD,15.75,Cancer,0.0823861472933049,0.10630513656290151,Chronic kidney disease
CKD,15.75,Other causes,0.24450675359974056,0.29207673155468955,Chronic kidney disease
CKD,16,CVD,0.18074149761427089,0.22111205933822933,Chronic kidney disease
CKD,16,Cancer,0.08400416735262854,0.10924158353870331,Chronic kidney disease
CKD,16,Other causes,0.24599198510134646,0.2942144489429963,Chronic kidney disease
CKD,16.25,CVD,0.1818339135943892,0.22285510163080532,Chronic kidney disease
CKD,16.25,Cancer,0.08449543713805613,0.11013599828298294,Chronic kidney disease
CKD,16.25,Other causes,0.24726573765802956,0.296053938096963,Chronic kidney disease
CKD,16.5,CVD,0.18329636935504948,0.22519476249238835,Chronic kidney disease
CKD,16.5,Cancer,0.08468936458070671,0.11049392715923745,Chronic kidney disease
CKD,16.5,Other causes,0.25007476162245,0.3001220165315344,Chronic kidney disease
CKD,16.75,CVD,0.1851690239639694,0.2282071241820509,Chronic kidney disease
CKD,16.75,Cancer,0.08528267994916776,0.11159002130762195,Chronic kidney disease
CKD,16.75,Other causes,0.25237649831981934,0.3034737991321966,Chronic kidney disease
CKD,17,CVD,0.1875334419310424,0.23203741937542963,Chronic kidney disease
CKD,17,Cancer,0.08646174087446312,0.11378855925762245,Chronic kidney disease
CKD,17,Other causes,0.2537201116462105,0.3054466057639667,Chronic kidney disease
CKD,17.25,CVD,0.18874141456519064,0.23400527611678737,Chronic kidney disease
CKD,17.25,Cancer,0.08656437668706785,0.11398178971086788,Chronic kidney disease
CKD,17.25,Other causes,0.2561745385846821,0.30905990173809794,Chronic kidney disease
CKD,17.5,CVD,0.192632759615179,0.24037724237598138,Chronic kidney disease
CKD,17.5,Cancer,0.08656437668706785,0.11398178971086788,Chronic kidney disease
CKD,17.5,Other causes,0.25854438204919095,0.3125585300227882,Chronic kidney disease
CKD,17.75,CVD,0.192632759615179,0.24037724237598138,Chronic kidney disease
CKD,17.75,Cancer,0.08656437668706785,0.11398178971086788,Chronic kidney disease
CKD,17.75,Other causes,0.25874330126747835,0.31285435020170405,Chronic kidney disease
CKD,18,CVD,0.19328117010654924,0.2414464786757149,Chronic kidney disease
CKD,18,Cancer,0.08656437668706785,0.11398178971086788,Chronic kidney disease
CKD,18,Other causes,0.26014924277114915,0.3149451782315205,Chronic kidney disease
no CKD,0,CVD,3.3227124906220887e-6,3.322712490627655e-6,Chronic kidney disease
no CKD,0,Cancer,0,0,Chronic kidney disease
no CKD,0,Other causes,4.040018323520847e-5,4.040018323522854e-5,Chronic kidney disease
no CKD,0.25,CVD,2.0262030479172938e-4,2.0268917663133769e-4,Chronic kidney disease
no CKD,0.25,Cancer,4.0143739091259145e-4,4.015207369226448e-4,Chronic kidney disease
no CKD,0.25,Other causes,3.571889124104845e-4,3.572261966589829e-4,Chronic kidney disease
no CKD,0.5,CVD,4.896629980805804e-4,4.900520779785756e-4,Chronic kidney disease
no CKD,0.5,Cancer,6.864363941436872e-4,6.867220675683183e-4,Chronic kidney disease
no CKD,0.5,Other causes,8.252470830126303e-4,8.25642949112948e-4,Chronic kidney disease
no CKD,0.75,CVD,7.574076092668703e-4,7.583167088507203e-4,Chronic kidney disease
no CKD,0.75,Cancer,0.001014856160382554,0.0010157380515743663,Chronic kidney disease
no CKD,0.75,Other causes,0.0015739465237966294,0.0015753196960533566,Chronic kidney disease
no CKD,1,CVD,0.001097620975539654,0.0010995053215321238,Chronic kidney disease
no CKD,1,Cancer,0.0011518860033994816,0.0011531153215066925,Chronic kidney disease
no CKD,1,Other causes,0.002087790389094039,0.002090154853954712,Chronic kidney disease
no CKD,1.25,CVD,0.001287063142960338,0.0012896025135235689,Chronic kidney disease
no CKD,1.25,Cancer,0.001649000193608706,0.0016520225005297428,Chronic kidney disease
no CKD,1.25,Other causes,0.002643034827429479,0.0026467394094145226,Chronic kidney disease
no CKD,1.5,CVD,0.0015114070028702782,0.001514950114589908,Chronic kidney disease
no CKD,1.5,Cancer,0.001888210540060039,0.00189220257437272,Chronic kidney disease
no CKD,1.5,Other causes,0.0030821571542217407,0.003087278232426144,Chronic kidney disease
no CKD,1.75,CVD,0.0016965728225048784,0.0017011228516572662,Chronic kidney disease
no CKD,1.75,Cancer,0.0022422890505743786,0.0022480491348357058,Chronic kidney disease
no CKD,1.75,Other causes,0.0038012170762229463,0.0038088913250980405,Chronic kidney disease
no CKD,2,CVD,0.0020288967201971667,0.0020355476083942447,Chronic kidney disease
no CKD,2,Cancer,0.002919125167335529,0.002928860366672059,Chronic kidney disease
no CKD,2,Other causes,0.004405912226450246,0.004416251096503132,Chronic kidney disease
no CKD,2.25,CVD,0.0022752953887004617,0.0022838654531895874,Chronic kidney disease
no CKD,2.25,Cancer,0.003218642257283483,0.003230395184971857,Chronic kidney disease
no CKD,2.25,Other causes,0.0049456836139141055,0.0049587918393586726,Chronic kidney disease
no CKD,2.5,CVD,0.0026560808533192255,0.0026679719290123916,Chronic kidney disease
no CKD,2.5,Cancer,0.0037342282345689775,0.003749903451185066,Chronic kidney disease
no CKD,2.5,Other causes,0.00557059241386101,0.005587326548971111,Chronic kidney disease
no CKD,2.75,CVD,0.002927904274737748,0.002942420659846756,Chronic kidney disease
no CKD,2.75,Cancer,0.0043204004315588445,0.004341140066467175,Chronic kidney disease
no CKD,2.75,Other causes,0.006227415287751399,0.006248610463483595,Chronic kidney disease
no CKD,3,CVD,0.0035403395418091635,0.0035616477544932355,Chronic kidney disease
no CKD,3,Cancer,0.004720389166925826,0.004745051628596092,Chronic kidney disease
no CKD,3,Other causes,0.006910463684889129,0.006936823936962738,Chronic kidney disease
no CKD,3.25,CVD,0.004019653497424033,0.00404673798839974,Chronic kidney disease
no CKD,3.25,Cancer,0.005230096924018678,0.005260374795347139,Chronic kidney disease
no CKD,3.25,Other causes,0.0074403995661970375,0.007471381698494289,Chronic kidney disease
no CKD,3.5,CVD,0.00423660938382941,0.004266625662425178,Chronic kidney disease
no CKD,3.5,Cancer,0.005846683172932852,0.005884289587193908,Chronic kidney disease
no CKD,3.5,Other causes,0.008172107290235951,0.008210154149555459,Chronic kidney disease
no CKD,3.75,CVD,0.0046790202484721585,0.004715469479508461,Chronic kidney disease
no CKD,3.75,Cancer,0.0061742724156109915,0.006216169023338625,Chronic kidney disease
no CKD,3.75,Other causes,0.00881433368080088,0.008859105686937513,Chronic kidney disease
no CKD,4,CVD,0.0049594952658891505,0.0050003586843136,Chronic kidney disease
no CKD,4,Cancer,0.006546455182519696,0.006593660631182313,Chronic kidney disease
no CKD,4,Other causes,0.009638475095915507,0.009692452284723879,Chronic kidney disease
no CKD,4.25,CVD,0.005338244815520683,0.005385553711666863,Chronic kidney disease
no CKD,4.25,Cancer,0.007263131197098894,0.0073212216077899964,Chronic kidney disease
no CKD,4.25,Other causes,0.01035697178113246,0.010419655572938152,Chronic kidney disease
no CKD,4.5,CVD,0.00585946960020923,0.005916351051480945,Chronic kidney disease
no CKD,4.5,Cancer,0.007677701077183512,0.007742557350346508,Chronic kidney disease
no CKD,4.5,Other causes,0.011097350982863281,0.011169826745665102,Chronic kidney disease
no CKD,4.75,CVD,0.006425769886082781,0.006493755827699299,Chronic kidney disease
no CKD,4.75,Cancer,0.008191323238795544,0.008265269559404365,Chronic kidney disease
no CKD,4.75,Other causes,0.012026201430216436,0.012111975055789476,Chronic kidney disease
no CKD,5,CVD,0.007057184027116768,0.007138684982696486,Chronic kidney disease
no CKD,5,Cancer,0.008655224170898368,0.008738093847357853,Chronic kidney disease
no CKD,5,Other causes,0.013109713451782046,0.013212102153827593,Chronic kidney disease
no CKD,5.25,CVD,0.007566939251302368,0.007660082344565023,Chronic kidney disease
no CKD,5.25,Cancer,0.009232489608653981,0.009327553921531284,Chronic kidney disease
no CKD,5.25,Other causes,0.013782832615858933,0.013896231608176995,Chronic kidney disease
no CKD,5.5,CVD,0.007959084154593822,0.00806168227247755,Chronic kidney disease
no CKD,5.5,Cancer,0.00983540674292071,0.009943838509204116,Chronic kidney disease
no CKD,5.5,Other causes,0.014485083425156637,0.014610899390497123,Chronic kidney disease
no CKD,5.75,CVD,0.008416134617495146,0.008530438189110584,Chronic kidney disease
no CKD,5.75,Cancer,0.010219013389765207,0.010336502789799367,Chronic kidney disease
no CKD,5.75,Other causes,0.01569340827697118,0.01584165451106196,Chronic kidney disease
no CKD,6,CVD,0.008717271675886195,0.008839909040647487,Chronic kidney disease
no CKD,6,Cancer,0.011298582336110332,0.01144344141682393,Chronic kidney disease
no CKD,6,Other causes,0.01662065150548829,0.016786995217539957,Chronic kidney disease
no CKD,6.25,CVD,0.00901146656725617,0.009142747600549584,Chronic kidney disease
no CKD,6.25,Cancer,0.011903917917233796,0.012064824981359495,Chronic kidney disease
no CKD,6.25,Other causes,0.01748599756844855,0.017670493287225936,Chronic kidney disease
no CKD,6.5,CVD,0.00967451807463893,0.009826421614133819,Chronic kidney disease
no CKD,6.5,Cancer,0.012587912167555938,0.012767907418502483,Chronic kidney disease
no CKD,6.5,Other causes,0.018374667723739448,0.0185787155186005,Chronic kidney disease
no CKD,6.75,CVD,0.010363888869646884,0.010538206284192048,Chronic kidney disease
no CKD,6.75,Cancer,0.013070095962946235,0.01326442169566891,Chronic kidney disease
no CKD,6.75,Other causes,0.019311731376183756,0.01953776995043179,Chronic kidney disease
no CKD,7,CVD,0.010810115194093587,0.010999803605372066,Chronic kidney disease
no CKD,7,Cancer,0.01372748583388404,0.013942230977149616,Chronic kidney disease
no CKD,7,Other causes,0.019974518669422864,0.02021686046650236,Chronic kidney disease
no CKD,7.25,CVD,0.01146009569602854,0.011672866435421115,Chronic kidney disease
no CKD,7.25,Cancer,0.014438771729052564,0.014676797272330488,Chronic kidney disease
no CKD,7.25,Other causes,0.020846015611447718,0.021110893478704245,Chronic kidney disease
no CKD,7.5,CVD,0.011848227965396642,0.012075550143086417,Chronic kidney disease
no CKD,7.5,Cancer,0.015037558342859251,0.015295942993559446,Chronic kidney disease
no CKD,7.5,Other causes,0.022037479829954167,0.022334937589202065,Chronic kidney disease
no CKD,7.75,CVD,0.012495421225837793,0.012748343273191149,Chronic kidney disease
no CKD,7.75,Cancer,0.015465459548652444,0.015739270597020173,Chronic kidney disease
no CKD,7.75,Other causes,0.023447532928158807,0.0237849044367979,Chronic kidney disease
no CKD,8,CVD,0.012831463466654192,0.013098271751160628,Chronic kidney disease
no CKD,8,Cancer,0.015923412515496175,0.016214594089452094,Chronic kidney disease
no CKD,8,Other causes,0.024406772050246075,0.024772401117145893,Chronic kidney disease
no CKD,8.25,CVD,0.013266235532930045,0.013551593022977154,Chronic kidney disease
no CKD,8.25,Cancer,0.01654905712047835,0.016865141402669998,Chronic kidney disease
no CKD,8.25,Other causes,0.025180555384352984,0.02556957119194301,Chronic kidney disease
no CKD,8.5,CVD,0.013567738279554226,0.013866504579722983,Chronic kidney disease
no CKD,8.5,Cancer,0.01711862815327516,0.01745797460608083,Chronic kidney disease
no CKD,8.5,Other causes,0.02655966149067203,0.026992189466241774,Chronic kidney disease
no CKD,8.75,CVD,0.014007329367084181,0.014326526069929495,Chronic kidney disease
no CKD,8.75,Cancer,0.017565158252799577,0.017923558779431536,Chronic kidney disease
no CKD,8.75,Other causes,0.027437641649848018,0.027898645707845025,Chronic kidney disease
no CKD,9,CVD,0.01453264590744229,0.014877163806212812,Chronic kidney disease
no CKD,9,Cancer,0.018167854692809,0.01855295892639832,Chronic kidney disease
no CKD,9,Other causes,0.028421638446239104,0.028915472301554206,Chronic kidney disease
no CKD,9.25,CVD,0.015128464062570528,0.01550265936157449,Chronic kidney disease
no CKD,9.25,Cancer,0.019104497871225735,0.019532656757655427,Chronic kidney disease
no CKD,9.25,Other causes,0.029326312806731116,0.029851723644843405,Chronic kidney disease
no CKD,9.5,CVD,0.015821769441378527,0.016231849867775743,Chronic kidney disease
no CKD,9.5,Cancer,0.019618386950665777,0.020071108084750933,Chronic kidney disease
no CKD,9.5,Other causes,0.030354832582661393,0.03091773631727644,Chronic kidney disease
no CKD,9.75,CVD,0.016215241696402444,0.01664631539983657,Chronic kidney disease
no CKD,9.75,Cancer,0.019936705128874993,0.02040519236844327,Chronic kidney disease
no CKD,9.75,Other causes,0.0312981241670717,0.03189651527804537,Chronic kidney disease
no CKD,10,CVD,0.016683254069098662,0.017140073931461376,Chronic kidney disease
no CKD,10,Cancer,0.020819555892131164,0.02133283269851242,Chronic kidney disease
no CKD,10,Other causes,0.032040063407240985,0.03266731180022023,Chronic kidney disease
no CKD,10.25,CVD,0.017369833984002506,0.017865822914710183,Chronic kidney disease
no CKD,10.25,Cancer,0.02138990422655975,0.02193313405174192,Chronic kidney disease
no CKD,10.25,Other causes,0.0332513343285983,0.03392711190049497,Chronic kidney disease
no CKD,10.5,CVD,0.01776235298773923,0.018281484283025395,Chronic kidney disease
no CKD,10.5,Cancer,0.02206889561883681,0.022649185231948626,Chronic kidney disease
no CKD,10.5,Other causes,0.03439098480903348,0.035113987913700365,Chronic kidney disease
no CKD,10.75,CVD,0.01816810692468272,0.018712136504928943,Chronic kidney disease
no CKD,10.75,Cancer,0.022632700719318843,0.02324478407642234,Chronic kidney disease
no CKD,10.75,Other causes,0.035766549200734764,0.03654806874520801,Chronic kidney disease
no CKD,11,CVD,0.018782940691314854,0.01936589816330777,Chronic kidney disease
no CKD,11,Cancer,0.022956328775820423,0.02358727000075847,Chronic kidney disease
no CKD,11,Other causes,0.03673982917770745,0.037563779030640905,Chronic kidney disease
no CKD,11.25,CVD,0.019098177533508374,0.01970151498351333,Chronic kidney disease
no CKD,11.25,Cancer,0.023750192034510863,0.024428699126874554,Chronic kidney disease
no CKD,11.25,Other causes,0.0372398997593104,0.038086222300706706,Chronic kidney disease
no CKD,11.5,CVD,0.01980929509220174,0.020459627710851292,Chronic kidney disease
no CKD,11.5,Cancer,0.024241397545047835,0.024950020356563036,Chronic kidney disease
no CKD,11.5,Other causes,0.03840972759744545,0.039310110006252015,Chronic kidney disease
no CKD,11.75,CVD,0.020372224072286,0.021060902684392663,Chronic kidney disease
no CKD,11.75,Cancer,0.02460218243282175,0.025333742266210435,Chronic kidney disease
no CKD,11.75,Other causes,0.03947501675231667,0.040425813269477286,Chronic kidney disease
no CKD,12,CVD,0.02108711709058685,0.02182630759252348,Chronic kidney disease
no CKD,12,Cancer,0.02521491322000363,0.025986538520048275,Chronic kidney disease
no CKD,12,Other causes,0.04080664275571219,0.0418217601560132,Chronic kidney disease
no CKD,12.25,CVD,0.021451319346828725,0.02221676306684393,Chronic kidney disease
no CKD,12.25,Cancer,0.025686140385855843,0.026489735268129394,Chronic kidney disease
no CKD,12.25,Other causes,0.042058727565089195,0.043136283987497345,Chronic kidney disease
no CKD,12.5,CVD,0.02227697577470737,0.023103559447923833,Chronic kidney disease
no CKD,12.5,Cancer,0.02612480083169965,0.026959023243036166,Chronic kidney disease
no CKD,12.5,Other causes,0.04302183821318994,0.04414851876538567,Chronic kidney disease
no CKD,12.75,CVD,0.023043318913075966,0.02392787116810461,Chronic kidney disease
no CKD,12.75,Cancer,0.026500058115554653,0.02736128028863477,Chronic kidney disease
no CKD,12.75,Other causes,0.04383960070134947,0.04500906812591961,Chronic kidney disease
no CKD,13,CVD,0.024076900439138734,0.02504159847806562,Chronic kidney disease
no CKD,13,Cancer,0.02741626589313749,0.0283449896654532,Chronic kidney disease
no CKD,13,Other causes,0.045084172539817606,0.046320976248332334,Chronic kidney disease
no CKD,13.25,CVD,0.024702484677598193,0.02571693055605461,Chronic kidney disease
no CKD,13.25,Cancer,0.028270304468689885,0.02926444357877344,Chronic kidney disease
no CKD,13.25,Other causes,0.0469457625778029,0.0482876582256798,Chronic kidney disease
no CKD,13.5,CVD,0.025498274611652733,0.0265792399882118,Chronic kidney disease
no CKD,13.5,Cancer,0.028849541909517523,0.029889442124756322,Chronic kidney disease
no CKD,13.5,Other causes,0.04841600957883825,0.04984304180925505,Chronic kidney disease
no CKD,13.75,CVD,0.025999853782034784,0.027123633851598494,Chronic kidney disease
no CKD,13.75,Cancer,0.029223017308069164,0.030293686883796155,Chronic kidney disease
no CKD,13.75,Other causes,0.049304273563085955,0.05078386577402516,Chronic kidney disease
no CKD,14,CVD,0.026814245425665538,0.028009337144292705,Chronic kidney disease
no CKD,14,Cancer,0.03024164449904212,0.03139731510749618,Chronic kidney disease
no CKD,14,Other causes,0.05089424106825565,0.05247086578514075,Chronic kidney disease
no CKD,14.25,CVD,0.02768207454731297,0.02895581106208931,Chronic kidney disease
no CKD,14.25,Cancer,0.031191106856300152,0.03242852773435769,Chronic kidney disease
no CKD,14.25,Other causes,0.05241953863656654,0.05409294280781249,Chronic kidney disease
no CKD,14.5,CVD,0.028550099408266565,0.02990568338436011,Chronic kidney disease
no CKD,14.5,Cancer,0.03142931275095567,0.03268807828375091,Chronic kidney disease
no CKD,14.5,Other causes,0.05448721427118394,0.056294072926300766,Chronic kidney disease
no CKD,14.75,CVD,0.029908644672765463,0.031395214780302425,Chronic kidney disease
no CKD,14.75,Cancer,0.031706800404684064,0.032991441410942166,Chronic kidney disease
no CKD,14.75,Other causes,0.05601269385396903,0.05792061008582217,Chronic kidney disease
no CKD,15,CVD,0.030344925044567657,0.03187465115833774,Chronic kidney disease
no CKD,15,Cancer,0.032499464565800044,0.033860792928372664,Chronic kidney disease
no CKD,15,Other causes,0.05758510571415288,0.059600075661737986,Chronic kidney disease
no CKD,15.25,CVD,0.03143512705964584,0.03307529650424538,Chronic kidney disease
no CKD,15.25,Cancer,0.03335505693906496,0.034802099135719834,Chronic kidney disease
no CKD,15.25,Other causes,0.05917233835096414,0.06129832812561774,Chronic kidney disease
no CKD,15.5,CVD,0.03206898663852732,0.033775079203943265,Chronic kidney disease
no CKD,15.5,Cancer,0.033955026598316826,0.03546347873440756,Chronic kidney disease
no CKD,15.5,Other causes,0.06053948605574918,0.06276447990031496,Chronic kidney disease
no CKD,15.75,CVD,0.03276190530453274,0.03454215737017776,Chronic kidney disease
no CKD,15.75,Cancer,0.0345650728131252,0.036138293550157054,Chronic kidney disease
no CKD,15.75,Other causes,0.06259260847945843,0.06496846161803399,Chronic kidney disease
no CKD,16,CVD,0.03334093284857907,0.035185356111394915,Chronic kidney disease
no CKD,16,Cancer,0.03564079934879338,0.03733078439493008,Chronic kidney disease
no CKD,16,Other causes,0.06439992429871497,0.06691205262666662,Chronic kidney disease
no CKD,16.25,CVD,0.03382099494054742,0.03572033706602738,Chronic kidney disease
no CKD,16.25,Cancer,0.03631069035518091,0.03807530207867743,Chronic kidney disease
no CKD,16.25,Other causes,0.06570708285320523,0.06832011545410764,Chronic kidney disease
no CKD,16.5,CVD,0.034638810865778934,0.03663351823920192,Chronic kidney disease
no CKD,16.5,Cancer,0.03699340219169404,0.038836367196850075,Chronic kidney disease
no CKD,16.5,Other causes,0.06733085451183073,0.07007158589547662,Chronic kidney disease
no CKD,16.75,CVD,0.03585819513904426,0.03799964979074807,Chronic kidney disease
no CKD,16.75,Cancer,0.03807734174333054,0.04004733747409466,Chronic kidney disease
no CKD,16.75,Other causes,0.06876835778754312,0.07162494373439747,Chronic kidney disease
no CKD,17,CVD,0.03705566099720359,0.039345092029211444,Chronic kidney disease
no CKD,17,Cancer,0.03880304849451844,0.040861658280681674,Chronic kidney disease
no CKD,17,Other causes,0.07110407217442619,0.0741555328224501,Chronic kidney disease
no CKD,17.25,CVD,0.03869284540568568,0.04118940215058959,Chronic kidney disease
no CKD,17.25,Cancer,0.03956649020090955,0.041721210170317935,Chronic kidney disease
no CKD,17.25,Other causes,0.07173422766790664,0.07484028026423908,Chronic kidney disease
no CKD,17.5,CVD,0.039581139229160935,0.042191591868783775,Chronic kidney disease
no CKD,17.5,Cancer,0.040431884945557994,0.04269749205878721,Chronic kidney disease
no CKD,17.5,Other causes,0.07309080160504712,0.07631884347325961,Chronic kidney disease
no CKD,17.75,CVD,0.041018013848933485,0.04381735344273169,Chronic kidney disease
no CKD,17.75,Cancer,0.040577176675699794,0.04286181693562491,Chronic kidney disease
no CKD,17.75,Other causes,0.07381492236414872,0.0771090157792807,Chronic kidney disease
no CKD,18,CVD,0.04210258339651074,0.04504771532506937,Chronic kidney disease
no CKD,18,Cancer,0.04175814381544833,0.044200157323396314,Chronic kidney disease
no CKD,18,Other causes,0.07592830805294518,0.07942027259584601,Chronic kidney disease
